ISO-10303-21;
HEADER;
FILE_DESCRIPTION(('Open CASCADE Model'),'2;1');
FILE_NAME('Open CASCADE Shape Model','2026-07-30T19:29:13',('Author'),(
    'Open CASCADE'),'Open CASCADE STEP processor 7.8','Open CASCADE 7.8'
  ,'Unknown');
FILE_SCHEMA(('AUTOMOTIVE_DESIGN { 1 0 10303 214 1 1 1 1 }'));
ENDSEC;
DATA;
#1 = APPLICATION_PROTOCOL_DEFINITION('international standard',
  'automotive_design',2000,#2);
#2 = APPLICATION_CONTEXT(
  'core data for automotive mechanical design processes');
#3 = SHAPE_DEFINITION_REPRESENTATION(#4,#10);
#4 = PRODUCT_DEFINITION_SHAPE('','',#5);
#5 = PRODUCT_DEFINITION('design','',#6,#9);
#6 = PRODUCT_DEFINITION_FORMATION('','',#7);
#7 = PRODUCT('Open CASCADE STEP translator 7.8 27',
  'Open CASCADE STEP translator 7.8 27','',(#8));
#8 = PRODUCT_CONTEXT('',#2,'mechanical');
#9 = PRODUCT_DEFINITION_CONTEXT('part definition',#2,'design');
#10 = ADVANCED_BREP_SHAPE_REPRESENTATION('',(#11,#15),#14353);
#11 = AXIS2_PLACEMENT_3D('',#12,#13,#14);
#12 = CARTESIAN_POINT('',(0.,0.,0.));
#13 = DIRECTION('',(0.,0.,1.));
#14 = DIRECTION('',(1.,0.,-0.));
#15 = MANIFOLD_SOLID_BREP('',#16);
#16 = CLOSED_SHELL('',(#17,#137,#213,#4788,#4837,#4984,#4991,#5018,#5045
    ,#5121,#5170,#5219,#5268,#5317,#5366,#5415,#5464,#5513,#5562,#5611,
    #5660,#5709,#5758,#5807,#5856,#5905,#5954,#6003,#6052,#6101,#6128,
    #6204,#6253,#6302,#6351,#6400,#6449,#6498,#6525,#6601,#6650,#6699,
    #6748,#6797,#6846,#6895,#6944,#6993,#7042,#7091,#7140,#7189,#7238,
    #7287,#7336,#7385,#7434,#7483,#7532,#7581,#7630,#7679,#7728,#7777,
    #7826,#7875,#7902,#7978,#8027,#8076,#8125,#8174,#8223,#8272,#8321,
    #8370,#8419,#8446,#8522,#8571,#8620,#8669,#8718,#8767,#8816,#8865,
    #8914,#8963,#9012,#9039,#9115,#9164,#9213,#9262,#9311,#9360,#9409,
    #9436,#9463,#9539,#9588,#9637,#9686,#9735,#9784,#9833,#9882,#9931,
    #9980,#10029,#10078,#10127,#10176,#10225,#10274,#10323,#10350,#10426
    ,#10475,#10524,#10573,#10622,#10671,#10720,#10747,#10823,#10872,
    #10921,#10970,#11019,#11068,#11117,#11166,#11193,#11269,#11318,
    #11367,#11416,#11465,#11514,#11563,#11612,#11661,#11710,#11759,
    #11808,#11857,#11906,#11955,#11982,#12058,#12107,#12156,#12205,
    #12254,#12303,#12352,#12401,#12450,#12499,#12526,#12553,#12578,
    #12675,#12706,#12720,#12735,#12746,#12767,#12864,#13082,#13307,
    #13321,#13397,#13446,#13473,#13549,#13598,#13625,#13701,#13750,
    #13799,#13848,#13897,#13946,#13973,#14049,#14098,#14147,#14196,
    #14245,#14294,#14321,#14327,#14333,#14343));
#17 = ADVANCED_FACE('',(#18),#32,.F.);
#18 = FACE_BOUND('',#19,.F.);
#19 = EDGE_LOOP('',(#20,#55,#83,#111));
#20 = ORIENTED_EDGE('',*,*,#21,.F.);
#21 = EDGE_CURVE('',#22,#24,#26,.T.);
#22 = VERTEX_POINT('',#23);
#23 = CARTESIAN_POINT('',(-30.,-15.,0.));
#24 = VERTEX_POINT('',#25);
#25 = CARTESIAN_POINT('',(-30.,-15.,3.));
#26 = SURFACE_CURVE('',#27,(#31,#43),.PCURVE_S1.);
#27 = LINE('',#28,#29);
#28 = CARTESIAN_POINT('',(-30.,-15.,0.));
#29 = VECTOR('',#30,1.);
#30 = DIRECTION('',(0.,0.,1.));
#31 = PCURVE('',#32,#37);
#32 = PLANE('',#33);
#33 = AXIS2_PLACEMENT_3D('',#34,#35,#36);
#34 = CARTESIAN_POINT('',(-30.,-15.,0.));
#35 = DIRECTION('',(1.,0.,0.));
#36 = DIRECTION('',(0.,0.,1.));
#37 = DEFINITIONAL_REPRESENTATION('',(#38),#42);
#38 = LINE('',#39,#40);
#39 = CARTESIAN_POINT('',(0.,0.));
#40 = VECTOR('',#41,1.);
#41 = DIRECTION('',(1.,0.));
#42 = ( GEOMETRIC_REPRESENTATION_CONTEXT(2) 
PARAMETRIC_REPRESENTATION_CONTEXT() REPRESENTATION_CONTEXT('2D SPACE',''
  ) );
#43 = PCURVE('',#44,#49);
#44 = PLANE('',#45);
#45 = AXIS2_PLACEMENT_3D('',#46,#47,#48);
#46 = CARTESIAN_POINT('',(-30.,-15.,0.));
#47 = DIRECTION('',(0.,1.,0.));
#48 = DIRECTION('',(0.,0.,1.));
#49 = DEFINITIONAL_REPRESENTATION('',(#50),#54);
#50 = LINE('',#51,#52);
#51 = CARTESIAN_POINT('',(0.,0.));
#52 = VECTOR('',#53,1.);
#53 = DIRECTION('',(1.,0.));
#54 = ( GEOMETRIC_REPRESENTATION_CONTEXT(2) 
PARAMETRIC_REPRESENTATION_CONTEXT() REPRESENTATION_CONTEXT('2D SPACE',''
  ) );
#55 = ORIENTED_EDGE('',*,*,#56,.T.);
#56 = EDGE_CURVE('',#22,#57,#59,.T.);
#57 = VERTEX_POINT('',#58);
#58 = CARTESIAN_POINT('',(-30.,15.,0.));
#59 = SURFACE_CURVE('',#60,(#64,#71),.PCURVE_S1.);
#60 = LINE('',#61,#62);
#61 = CARTESIAN_POINT('',(-30.,-15.,0.));
#62 = VECTOR('',#63,1.);
#63 = DIRECTION('',(0.,1.,0.));
#64 = PCURVE('',#32,#65);
#65 = DEFINITIONAL_REPRESENTATION('',(#66),#70);
#66 = LINE('',#67,#68);
#67 = CARTESIAN_POINT('',(0.,0.));
#68 = VECTOR('',#69,1.);
#69 = DIRECTION('',(0.,-1.));
#70 = ( GEOMETRIC_REPRESENTATION_CONTEXT(2) 
PARAMETRIC_REPRESENTATION_CONTEXT() REPRESENTATION_CONTEXT('2D SPACE',''
  ) );
#71 = PCURVE('',#72,#77);
#72 = PLANE('',#73);
#73 = AXIS2_PLACEMENT_3D('',#74,#75,#76);
#74 = CARTESIAN_POINT('',(-30.,-15.,0.));
#75 = DIRECTION('',(0.,0.,1.));
#76 = DIRECTION('',(1.,0.,0.));
#77 = DEFINITIONAL_REPRESENTATION('',(#78),#82);
#78 = LINE('',#79,#80);
#79 = CARTESIAN_POINT('',(0.,0.));
#80 = VECTOR('',#81,1.);
#81 = DIRECTION('',(0.,1.));
#82 = ( GEOMETRIC_REPRESENTATION_CONTEXT(2) 
PARAMETRIC_REPRESENTATION_CONTEXT() REPRESENTATION_CONTEXT('2D SPACE',''
  ) );
#83 = ORIENTED_EDGE('',*,*,#84,.T.);
#84 = EDGE_CURVE('',#57,#85,#87,.T.);
#85 = VERTEX_POINT('',#86);
#86 = CARTESIAN_POINT('',(-30.,15.,3.));
#87 = SURFACE_CURVE('',#88,(#92,#99),.PCURVE_S1.);
#88 = LINE('',#89,#90);
#89 = CARTESIAN_POINT('',(-30.,15.,0.));
#90 = VECTOR('',#91,1.);
#91 = DIRECTION('',(0.,0.,1.));
#92 = PCURVE('',#32,#93);
#93 = DEFINITIONAL_REPRESENTATION('',(#94),#98);
#94 = LINE('',#95,#96);
#95 = CARTESIAN_POINT('',(0.,-30.));
#96 = VECTOR('',#97,1.);
#97 = DIRECTION('',(1.,0.));
#98 = ( GEOMETRIC_REPRESENTATION_CONTEXT(2) 
PARAMETRIC_REPRESENTATION_CONTEXT() REPRESENTATION_CONTEXT('2D SPACE',''
  ) );
#99 = PCURVE('',#100,#105);
#100 = PLANE('',#101);
#101 = AXIS2_PLACEMENT_3D('',#102,#103,#104);
#102 = CARTESIAN_POINT('',(-30.,15.,0.));
#103 = DIRECTION('',(0.,1.,0.));
#104 = DIRECTION('',(0.,0.,1.));
#105 = DEFINITIONAL_REPRESENTATION('',(#106),#110);
#106 = LINE('',#107,#108);
#107 = CARTESIAN_POINT('',(0.,0.));
#108 = VECTOR('',#109,1.);
#109 = DIRECTION('',(1.,0.));
#110 = ( GEOMETRIC_REPRESENTATION_CONTEXT(2) 
PARAMETRIC_REPRESENTATION_CONTEXT() REPRESENTATION_CONTEXT('2D SPACE',''
  ) );
#111 = ORIENTED_EDGE('',*,*,#112,.F.);
#112 = EDGE_CURVE('',#24,#85,#113,.T.);
#113 = SURFACE_CURVE('',#114,(#118,#125),.PCURVE_S1.);
#114 = LINE('',#115,#116);
#115 = CARTESIAN_POINT('',(-30.,-15.,3.));
#116 = VECTOR('',#117,1.);
#117 = DIRECTION('',(0.,1.,0.));
#118 = PCURVE('',#32,#119);
#119 = DEFINITIONAL_REPRESENTATION('',(#120),#124);
#120 = LINE('',#121,#122);
#121 = CARTESIAN_POINT('',(3.,0.));
#122 = VECTOR('',#123,1.);
#123 = DIRECTION('',(0.,-1.));
#124 = ( GEOMETRIC_REPRESENTATION_CONTEXT(2) 
PARAMETRIC_REPRESENTATION_CONTEXT() REPRESENTATION_CONTEXT('2D SPACE',''
  ) );
#125 = PCURVE('',#126,#131);
#126 = PLANE('',#127);
#127 = AXIS2_PLACEMENT_3D('',#128,#129,#130);
#128 = CARTESIAN_POINT('',(-30.,-15.,3.));
#129 = DIRECTION('',(0.,0.,1.));
#130 = DIRECTION('',(1.,0.,0.));
#131 = DEFINITIONAL_REPRESENTATION('',(#132),#136);
#132 = LINE('',#133,#134);
#133 = CARTESIAN_POINT('',(0.,0.));
#134 = VECTOR('',#135,1.);
#135 = DIRECTION('',(0.,1.));
#136 = ( GEOMETRIC_REPRESENTATION_CONTEXT(2) 
PARAMETRIC_REPRESENTATION_CONTEXT() REPRESENTATION_CONTEXT('2D SPACE',''
  ) );
#137 = ADVANCED_FACE('',(#138),#44,.F.);
#138 = FACE_BOUND('',#139,.F.);
#139 = EDGE_LOOP('',(#140,#163,#164,#187));
#140 = ORIENTED_EDGE('',*,*,#141,.F.);
#141 = EDGE_CURVE('',#22,#142,#144,.T.);
#142 = VERTEX_POINT('',#143);
#143 = CARTESIAN_POINT('',(30.,-15.,0.));
#144 = SURFACE_CURVE('',#145,(#149,#156),.PCURVE_S1.);
#145 = LINE('',#146,#147);
#146 = CARTESIAN_POINT('',(-30.,-15.,0.));
#147 = VECTOR('',#148,1.);
#148 = DIRECTION('',(1.,0.,0.));
#149 = PCURVE('',#44,#150);
#150 = DEFINITIONAL_REPRESENTATION('',(#151),#155);
#151 = LINE('',#152,#153);
#152 = CARTESIAN_POINT('',(0.,0.));
#153 = VECTOR('',#154,1.);
#154 = DIRECTION('',(0.,1.));
#155 = ( GEOMETRIC_REPRESENTATION_CONTEXT(2) 
PARAMETRIC_REPRESENTATION_CONTEXT() REPRESENTATION_CONTEXT('2D SPACE',''
  ) );
#156 = PCURVE('',#72,#157);
#157 = DEFINITIONAL_REPRESENTATION('',(#158),#162);
#158 = LINE('',#159,#160);
#159 = CARTESIAN_POINT('',(0.,0.));
#160 = VECTOR('',#161,1.);
#161 = DIRECTION('',(1.,0.));
#162 = ( GEOMETRIC_REPRESENTATION_CONTEXT(2) 
PARAMETRIC_REPRESENTATION_CONTEXT() REPRESENTATION_CONTEXT('2D SPACE',''
  ) );
#163 = ORIENTED_EDGE('',*,*,#21,.T.);
#164 = ORIENTED_EDGE('',*,*,#165,.T.);
#165 = EDGE_CURVE('',#24,#166,#168,.T.);
#166 = VERTEX_POINT('',#167);
#167 = CARTESIAN_POINT('',(30.,-15.,3.));
#168 = SURFACE_CURVE('',#169,(#173,#180),.PCURVE_S1.);
#169 = LINE('',#170,#171);
#170 = CARTESIAN_POINT('',(-30.,-15.,3.));
#171 = VECTOR('',#172,1.);
#172 = DIRECTION('',(1.,0.,0.));
#173 = PCURVE('',#44,#174);
#174 = DEFINITIONAL_REPRESENTATION('',(#175),#179);
#175 = LINE('',#176,#177);
#176 = CARTESIAN_POINT('',(3.,0.));
#177 = VECTOR('',#178,1.);
#178 = DIRECTION('',(0.,1.));
#179 = ( GEOMETRIC_REPRESENTATION_CONTEXT(2) 
PARAMETRIC_REPRESENTATION_CONTEXT() REPRESENTATION_CONTEXT('2D SPACE',''
  ) );
#180 = PCURVE('',#126,#181);
#181 = DEFINITIONAL_REPRESENTATION('',(#182),#186);
#182 = LINE('',#183,#184);
#183 = CARTESIAN_POINT('',(0.,0.));
#184 = VECTOR('',#185,1.);
#185 = DIRECTION('',(1.,0.));
#186 = ( GEOMETRIC_REPRESENTATION_CONTEXT(2) 
PARAMETRIC_REPRESENTATION_CONTEXT() REPRESENTATION_CONTEXT('2D SPACE',''
  ) );
#187 = ORIENTED_EDGE('',*,*,#188,.F.);
#188 = EDGE_CURVE('',#142,#166,#189,.T.);
#189 = SURFACE_CURVE('',#190,(#194,#201),.PCURVE_S1.);
#190 = LINE('',#191,#192);
#191 = CARTESIAN_POINT('',(30.,-15.,0.));
#192 = VECTOR('',#193,1.);
#193 = DIRECTION('',(0.,0.,1.));
#194 = PCURVE('',#44,#195);
#195 = DEFINITIONAL_REPRESENTATION('',(#196),#200);
#196 = LINE('',#197,#198);
#197 = CARTESIAN_POINT('',(0.,60.));
#198 = VECTOR('',#199,1.);
#199 = DIRECTION('',(1.,0.));
#200 = ( GEOMETRIC_REPRESENTATION_CONTEXT(2) 
PARAMETRIC_REPRESENTATION_CONTEXT() REPRESENTATION_CONTEXT('2D SPACE',''
  ) );
#201 = PCURVE('',#202,#207);
#202 = PLANE('',#203);
#203 = AXIS2_PLACEMENT_3D('',#204,#205,#206);
#204 = CARTESIAN_POINT('',(30.,-15.,0.));
#205 = DIRECTION('',(1.,0.,0.));
#206 = DIRECTION('',(0.,0.,1.));
#207 = DEFINITIONAL_REPRESENTATION('',(#208),#212);
#208 = LINE('',#209,#210);
#209 = CARTESIAN_POINT('',(0.,0.));
#210 = VECTOR('',#211,1.);
#211 = DIRECTION('',(1.,0.));
#212 = ( GEOMETRIC_REPRESENTATION_CONTEXT(2) 
PARAMETRIC_REPRESENTATION_CONTEXT() REPRESENTATION_CONTEXT('2D SPACE',''
  ) );
#213 = ADVANCED_FACE('',(#214,#262,#297,#332,#982,#1208,#2042,#2352,
    #2690,#2916,#2951,#3489,#3715,#3977,#4443,#4753),#126,.T.);
#214 = FACE_BOUND('',#215,.T.);
#215 = EDGE_LOOP('',(#216,#217,#218,#241));
#216 = ORIENTED_EDGE('',*,*,#112,.F.);
#217 = ORIENTED_EDGE('',*,*,#165,.T.);
#218 = ORIENTED_EDGE('',*,*,#219,.T.);
#219 = EDGE_CURVE('',#166,#220,#222,.T.);
#220 = VERTEX_POINT('',#221);
#221 = CARTESIAN_POINT('',(30.,15.,3.));
#222 = SURFACE_CURVE('',#223,(#227,#234),.PCURVE_S1.);
#223 = LINE('',#224,#225);
#224 = CARTESIAN_POINT('',(30.,-15.,3.));
#225 = VECTOR('',#226,1.);
#226 = DIRECTION('',(0.,1.,0.));
#227 = PCURVE('',#126,#228);
#228 = DEFINITIONAL_REPRESENTATION('',(#229),#233);
#229 = LINE('',#230,#231);
#230 = CARTESIAN_POINT('',(60.,0.));
#231 = VECTOR('',#232,1.);
#232 = DIRECTION('',(0.,1.));
#233 = ( GEOMETRIC_REPRESENTATION_CONTEXT(2) 
PARAMETRIC_REPRESENTATION_CONTEXT() REPRESENTATION_CONTEXT('2D SPACE',''
  ) );
#234 = PCURVE('',#202,#235);
#235 = DEFINITIONAL_REPRESENTATION('',(#236),#240);
#236 = LINE('',#237,#238);
#237 = CARTESIAN_POINT('',(3.,0.));
#238 = VECTOR('',#239,1.);
#239 = DIRECTION('',(0.,-1.));
#240 = ( GEOMETRIC_REPRESENTATION_CONTEXT(2) 
PARAMETRIC_REPRESENTATION_CONTEXT() REPRESENTATION_CONTEXT('2D SPACE',''
  ) );
#241 = ORIENTED_EDGE('',*,*,#242,.F.);
#242 = EDGE_CURVE('',#85,#220,#243,.T.);
#243 = SURFACE_CURVE('',#244,(#248,#255),.PCURVE_S1.);
#244 = LINE('',#245,#246);
#245 = CARTESIAN_POINT('',(-30.,15.,3.));
#246 = VECTOR('',#247,1.);
#247 = DIRECTION('',(1.,0.,0.));
#248 = PCURVE('',#126,#249);
#249 = DEFINITIONAL_REPRESENTATION('',(#250),#254);
#250 = LINE('',#251,#252);
#251 = CARTESIAN_POINT('',(0.,30.));
#252 = VECTOR('',#253,1.);
#253 = DIRECTION('',(1.,0.));
#254 = ( GEOMETRIC_REPRESENTATION_CONTEXT(2) 
PARAMETRIC_REPRESENTATION_CONTEXT() REPRESENTATION_CONTEXT('2D SPACE',''
  ) );
#255 = PCURVE('',#100,#256);
#256 = DEFINITIONAL_REPRESENTATION('',(#257),#261);
#257 = LINE('',#258,#259);
#258 = CARTESIAN_POINT('',(3.,0.));
#259 = VECTOR('',#260,1.);
#260 = DIRECTION('',(0.,1.));
#261 = ( GEOMETRIC_REPRESENTATION_CONTEXT(2) 
PARAMETRIC_REPRESENTATION_CONTEXT() REPRESENTATION_CONTEXT('2D SPACE',''
  ) );
#262 = FACE_BOUND('',#263,.T.);
#263 = EDGE_LOOP('',(#264));
#264 = ORIENTED_EDGE('',*,*,#265,.T.);
#265 = EDGE_CURVE('',#266,#266,#268,.T.);
#266 = VERTEX_POINT('',#267);
#267 = CARTESIAN_POINT('',(-25.7,-10.,3.));
#268 = SURFACE_CURVE('',#269,(#274,#285),.PCURVE_S1.);
#269 = CIRCLE('',#270,1.7);
#270 = AXIS2_PLACEMENT_3D('',#271,#272,#273);
#271 = CARTESIAN_POINT('',(-24.,-10.,3.));
#272 = DIRECTION('',(0.,0.,-1.));
#273 = DIRECTION('',(-1.,0.,0.));
#274 = PCURVE('',#126,#275);
#275 = DEFINITIONAL_REPRESENTATION('',(#276),#284);
#276 = ( BOUNDED_CURVE() B_SPLINE_CURVE(2,(#277,#278,#279,#280,#281,#282
,#283),.UNSPECIFIED.,.T.,.F.) B_SPLINE_CURVE_WITH_KNOTS((1,2,2,2,2,1),(
    -2.094395102393,0.,2.094395102393,4.188790204786,6.28318530718,
8.377580409573),.UNSPECIFIED.) CURVE() GEOMETRIC_REPRESENTATION_ITEM() 
RATIONAL_B_SPLINE_CURVE((1.,0.5,1.,0.5,1.,0.5,1.)) REPRESENTATION_ITEM(
  '') );
#277 = CARTESIAN_POINT('',(4.3,5.));
#278 = CARTESIAN_POINT('',(4.3,7.944486372867));
#279 = CARTESIAN_POINT('',(6.85,6.472243186434));
#280 = CARTESIAN_POINT('',(9.4,5.));
#281 = CARTESIAN_POINT('',(6.85,3.527756813566));
#282 = CARTESIAN_POINT('',(4.3,2.055513627133));
#283 = CARTESIAN_POINT('',(4.3,5.));
#284 = ( GEOMETRIC_REPRESENTATION_CONTEXT(2) 
PARAMETRIC_REPRESENTATION_CONTEXT() REPRESENTATION_CONTEXT('2D SPACE',''
  ) );
#285 = PCURVE('',#286,#291);
#286 = CYLINDRICAL_SURFACE('',#287,1.7);
#287 = AXIS2_PLACEMENT_3D('',#288,#289,#290);
#288 = CARTESIAN_POINT('',(-24.,-10.,3.));
#289 = DIRECTION('',(0.,0.,-1.));
#290 = DIRECTION('',(-1.,0.,0.));
#291 = DEFINITIONAL_REPRESENTATION('',(#292),#296);
#292 = LINE('',#293,#294);
#293 = CARTESIAN_POINT('',(0.,0.));
#294 = VECTOR('',#295,1.);
#295 = DIRECTION('',(1.,0.));
#296 = ( GEOMETRIC_REPRESENTATION_CONTEXT(2) 
PARAMETRIC_REPRESENTATION_CONTEXT() REPRESENTATION_CONTEXT('2D SPACE',''
  ) );
#297 = FACE_BOUND('',#298,.T.);
#298 = EDGE_LOOP('',(#299));
#299 = ORIENTED_EDGE('',*,*,#300,.T.);
#300 = EDGE_CURVE('',#301,#301,#303,.T.);
#301 = VERTEX_POINT('',#302);
#302 = CARTESIAN_POINT('',(22.3,-10.,3.));
#303 = SURFACE_CURVE('',#304,(#309,#320),.PCURVE_S1.);
#304 = CIRCLE('',#305,1.7);
#305 = AXIS2_PLACEMENT_3D('',#306,#307,#308);
#306 = CARTESIAN_POINT('',(24.,-10.,3.));
#307 = DIRECTION('',(0.,0.,-1.));
#308 = DIRECTION('',(-1.,0.,0.));
#309 = PCURVE('',#126,#310);
#310 = DEFINITIONAL_REPRESENTATION('',(#311),#319);
#311 = ( BOUNDED_CURVE() B_SPLINE_CURVE(2,(#312,#313,#314,#315,#316,#317
,#318),.UNSPECIFIED.,.T.,.F.) B_SPLINE_CURVE_WITH_KNOTS((1,2,2,2,2,1),(
    -2.094395102393,0.,2.094395102393,4.188790204786,6.28318530718,
8.377580409573),.UNSPECIFIED.) CURVE() GEOMETRIC_REPRESENTATION_ITEM() 
RATIONAL_B_SPLINE_CURVE((1.,0.5,1.,0.5,1.,0.5,1.)) REPRESENTATION_ITEM(
  '') );
#312 = CARTESIAN_POINT('',(52.3,5.));
#313 = CARTESIAN_POINT('',(52.3,7.944486372867));
#314 = CARTESIAN_POINT('',(54.85,6.472243186434));
#315 = CARTESIAN_POINT('',(57.4,5.));
#316 = CARTESIAN_POINT('',(54.85,3.527756813566));
#317 = CARTESIAN_POINT('',(52.3,2.055513627133));
#318 = CARTESIAN_POINT('',(52.3,5.));
#319 = ( GEOMETRIC_REPRESENTATION_CONTEXT(2) 
PARAMETRIC_REPRESENTATION_CONTEXT() REPRESENTATION_CONTEXT('2D SPACE',''
  ) );
#320 = PCURVE('',#321,#326);
#321 = CYLINDRICAL_SURFACE('',#322,1.7);
#322 = AXIS2_PLACEMENT_3D('',#323,#324,#325);
#323 = CARTESIAN_POINT('',(24.,-10.,3.));
#324 = DIRECTION('',(0.,0.,-1.));
#325 = DIRECTION('',(-1.,0.,0.));
#326 = DEFINITIONAL_REPRESENTATION('',(#327),#331);
#327 = LINE('',#328,#329);
#328 = CARTESIAN_POINT('',(0.,0.));
#329 = VECTOR('',#330,1.);
#330 = DIRECTION('',(1.,0.));
#331 = ( GEOMETRIC_REPRESENTATION_CONTEXT(2) 
PARAMETRIC_REPRESENTATION_CONTEXT() REPRESENTATION_CONTEXT('2D SPACE',''
  ) );
#332 = FACE_BOUND('',#333,.T.);
#333 = EDGE_LOOP('',(#334,#366,#394,#422,#450,#478,#506,#536,#566,#596,
    #626,#656,#686,#716,#746,#774,#804,#834,#864,#894,#924,#954));
#334 = ORIENTED_EDGE('',*,*,#335,.T.);
#335 = EDGE_CURVE('',#336,#338,#340,.T.);
#336 = VERTEX_POINT('',#337);
#337 = CARTESIAN_POINT('',(-13.802734375,-1.0810546875,3.));
#338 = VERTEX_POINT('',#339);
#339 = CARTESIAN_POINT('',(-13.5078125,-0.96875,3.));
#340 = SURFACE_CURVE('',#341,(#345,#352),.PCURVE_S1.);
#341 = B_SPLINE_CURVE_WITH_KNOTS('',2,(#342,#343,#344),.UNSPECIFIED.,.F.
  ,.F.,(3,3),(0.,1.),.PIECEWISE_BEZIER_KNOTS.);
#342 = CARTESIAN_POINT('',(-13.802734375,-1.0810546875,3.));
#343 = CARTESIAN_POINT('',(-13.638671875,-1.044921875,3.));
#344 = CARTESIAN_POINT('',(-13.5078125,-0.96875,3.));
#345 = PCURVE('',#126,#346);
#346 = DEFINITIONAL_REPRESENTATION('',(#347),#351);
#347 = B_SPLINE_CURVE_WITH_KNOTS('',2,(#348,#349,#350),.UNSPECIFIED.,.F.
  ,.F.,(3,3),(0.,1.),.PIECEWISE_BEZIER_KNOTS.);
#348 = CARTESIAN_POINT('',(16.197265625,13.9189453125));
#349 = CARTESIAN_POINT('',(16.361328125,13.955078125));
#350 = CARTESIAN_POINT('',(16.4921875,14.03125));
#351 = ( GEOMETRIC_REPRESENTATION_CONTEXT(2) 
PARAMETRIC_REPRESENTATION_CONTEXT() REPRESENTATION_CONTEXT('2D SPACE',''
  ) );
#352 = PCURVE('',#353,#360);
#353 = SURFACE_OF_LINEAR_EXTRUSION('',#354,#358);
#354 = B_SPLINE_CURVE_WITH_KNOTS('',2,(#355,#356,#357),.UNSPECIFIED.,.F.
  ,.F.,(3,3),(0.,1.),.PIECEWISE_BEZIER_KNOTS.);
#355 = CARTESIAN_POINT('',(-13.802734375,-1.0810546875,2.65));
#356 = CARTESIAN_POINT('',(-13.638671875,-1.044921875,2.65));
#357 = CARTESIAN_POINT('',(-13.5078125,-0.96875,2.65));
#358 = VECTOR('',#359,1.);
#359 = DIRECTION('',(-0.,-0.,-1.));
#360 = DEFINITIONAL_REPRESENTATION('',(#361),#365);
#361 = LINE('',#362,#363);
#362 = CARTESIAN_POINT('',(0.,-0.35));
#363 = VECTOR('',#364,1.);
#364 = DIRECTION('',(1.,0.));
#365 = ( GEOMETRIC_REPRESENTATION_CONTEXT(2) 
PARAMETRIC_REPRESENTATION_CONTEXT() REPRESENTATION_CONTEXT('2D SPACE',''
  ) );
#366 = ORIENTED_EDGE('',*,*,#367,.T.);
#367 = EDGE_CURVE('',#338,#368,#370,.T.);
#368 = VERTEX_POINT('',#369);
#369 = CARTESIAN_POINT('',(-13.5078125,-0.185546875,3.));
#370 = SURFACE_CURVE('',#371,(#375,#382),.PCURVE_S1.);
#371 = LINE('',#372,#373);
#372 = CARTESIAN_POINT('',(-13.5078125,-0.96875,3.));
#373 = VECTOR('',#374,1.);
#374 = DIRECTION('',(0.,1.,0.));
#375 = PCURVE('',#126,#376);
#376 = DEFINITIONAL_REPRESENTATION('',(#377),#381);
#377 = LINE('',#378,#379);
#378 = CARTESIAN_POINT('',(16.4921875,14.03125));
#379 = VECTOR('',#380,1.);
#380 = DIRECTION('',(0.,1.));
#381 = ( GEOMETRIC_REPRESENTATION_CONTEXT(2) 
PARAMETRIC_REPRESENTATION_CONTEXT() REPRESENTATION_CONTEXT('2D SPACE',''
  ) );
#382 = PCURVE('',#383,#388);
#383 = PLANE('',#384);
#384 = AXIS2_PLACEMENT_3D('',#385,#386,#387);
#385 = CARTESIAN_POINT('',(-13.5078125,-0.96875,2.65));
#386 = DIRECTION('',(-1.,0.,0.));
#387 = DIRECTION('',(0.,1.,0.));
#388 = DEFINITIONAL_REPRESENTATION('',(#389),#393);
#389 = LINE('',#390,#391);
#390 = CARTESIAN_POINT('',(0.,-0.35));
#391 = VECTOR('',#392,1.);
#392 = DIRECTION('',(1.,0.));
#393 = ( GEOMETRIC_REPRESENTATION_CONTEXT(2) 
PARAMETRIC_REPRESENTATION_CONTEXT() REPRESENTATION_CONTEXT('2D SPACE',''
  ) );
#394 = ORIENTED_EDGE('',*,*,#395,.T.);
#395 = EDGE_CURVE('',#368,#396,#398,.T.);
#396 = VERTEX_POINT('',#397);
#397 = CARTESIAN_POINT('',(-14.15234375,-0.185546875,3.));
#398 = SURFACE_CURVE('',#399,(#403,#410),.PCURVE_S1.);
#399 = LINE('',#400,#401);
#400 = CARTESIAN_POINT('',(-13.5078125,-0.185546875,3.));
#401 = VECTOR('',#402,1.);
#402 = DIRECTION('',(-1.,0.,0.));
#403 = PCURVE('',#126,#404);
#404 = DEFINITIONAL_REPRESENTATION('',(#405),#409);
#405 = LINE('',#406,#407);
#406 = CARTESIAN_POINT('',(16.4921875,14.814453125));
#407 = VECTOR('',#408,1.);
#408 = DIRECTION('',(-1.,0.));
#409 = ( GEOMETRIC_REPRESENTATION_CONTEXT(2) 
PARAMETRIC_REPRESENTATION_CONTEXT() REPRESENTATION_CONTEXT('2D SPACE',''
  ) );
#410 = PCURVE('',#411,#416);
#411 = PLANE('',#412);
#412 = AXIS2_PLACEMENT_3D('',#413,#414,#415);
#413 = CARTESIAN_POINT('',(-13.5078125,-0.185546875,2.65));
#414 = DIRECTION('',(0.,-1.,0.));
#415 = DIRECTION('',(-1.,0.,0.));
#416 = DEFINITIONAL_REPRESENTATION('',(#417),#421);
#417 = LINE('',#418,#419);
#418 = CARTESIAN_POINT('',(0.,-0.35));
#419 = VECTOR('',#420,1.);
#420 = DIRECTION('',(1.,0.));
#421 = ( GEOMETRIC_REPRESENTATION_CONTEXT(2) 
PARAMETRIC_REPRESENTATION_CONTEXT() REPRESENTATION_CONTEXT('2D SPACE',''
  ) );
#422 = ORIENTED_EDGE('',*,*,#423,.T.);
#423 = EDGE_CURVE('',#396,#424,#426,.T.);
#424 = VERTEX_POINT('',#425);
#425 = CARTESIAN_POINT('',(-14.15234375,0.138671875,3.));
#426 = SURFACE_CURVE('',#427,(#431,#438),.PCURVE_S1.);
#427 = LINE('',#428,#429);
#428 = CARTESIAN_POINT('',(-14.15234375,-0.185546875,3.));
#429 = VECTOR('',#430,1.);
#430 = DIRECTION('',(0.,1.,0.));
#431 = PCURVE('',#126,#432);
#432 = DEFINITIONAL_REPRESENTATION('',(#433),#437);
#433 = LINE('',#434,#435);
#434 = CARTESIAN_POINT('',(15.84765625,14.814453125));
#435 = VECTOR('',#436,1.);
#436 = DIRECTION('',(0.,1.));
#437 = ( GEOMETRIC_REPRESENTATION_CONTEXT(2) 
PARAMETRIC_REPRESENTATION_CONTEXT() REPRESENTATION_CONTEXT('2D SPACE',''
  ) );
#438 = PCURVE('',#439,#444);
#439 = PLANE('',#440);
#440 = AXIS2_PLACEMENT_3D('',#441,#442,#443);
#441 = CARTESIAN_POINT('',(-14.15234375,-0.185546875,2.65));
#442 = DIRECTION('',(-1.,0.,0.));
#443 = DIRECTION('',(0.,1.,0.));
#444 = DEFINITIONAL_REPRESENTATION('',(#445),#449);
#445 = LINE('',#446,#447);
#446 = CARTESIAN_POINT('',(0.,-0.35));
#447 = VECTOR('',#448,1.);
#448 = DIRECTION('',(1.,0.));
#449 = ( GEOMETRIC_REPRESENTATION_CONTEXT(2) 
PARAMETRIC_REPRESENTATION_CONTEXT() REPRESENTATION_CONTEXT('2D SPACE',''
  ) );
#450 = ORIENTED_EDGE('',*,*,#451,.T.);
#451 = EDGE_CURVE('',#424,#452,#454,.T.);
#452 = VERTEX_POINT('',#453);
#453 = CARTESIAN_POINT('',(-13.1171875,0.138671875,3.));
#454 = SURFACE_CURVE('',#455,(#459,#466),.PCURVE_S1.);
#455 = LINE('',#456,#457);
#456 = CARTESIAN_POINT('',(-14.15234375,0.138671875,3.));
#457 = VECTOR('',#458,1.);
#458 = DIRECTION('',(1.,0.,0.));
#459 = PCURVE('',#126,#460);
#460 = DEFINITIONAL_REPRESENTATION('',(#461),#465);
#461 = LINE('',#462,#463);
#462 = CARTESIAN_POINT('',(15.84765625,15.138671875));
#463 = VECTOR('',#464,1.);
#464 = DIRECTION('',(1.,0.));
#465 = ( GEOMETRIC_REPRESENTATION_CONTEXT(2) 
PARAMETRIC_REPRESENTATION_CONTEXT() REPRESENTATION_CONTEXT('2D SPACE',''
  ) );
#466 = PCURVE('',#467,#472);
#467 = PLANE('',#468);
#468 = AXIS2_PLACEMENT_3D('',#469,#470,#471);
#469 = CARTESIAN_POINT('',(-14.15234375,0.138671875,2.65));
#470 = DIRECTION('',(0.,1.,0.));
#471 = DIRECTION('',(1.,0.,0.));
#472 = DEFINITIONAL_REPRESENTATION('',(#473),#477);
#473 = LINE('',#474,#475);
#474 = CARTESIAN_POINT('',(0.,-0.35));
#475 = VECTOR('',#476,1.);
#476 = DIRECTION('',(1.,0.));
#477 = ( GEOMETRIC_REPRESENTATION_CONTEXT(2) 
PARAMETRIC_REPRESENTATION_CONTEXT() REPRESENTATION_CONTEXT('2D SPACE',''
  ) );
#478 = ORIENTED_EDGE('',*,*,#479,.T.);
#479 = EDGE_CURVE('',#452,#480,#482,.T.);
#480 = VERTEX_POINT('',#481);
#481 = CARTESIAN_POINT('',(-13.1171875,-1.11328125,3.));
#482 = SURFACE_CURVE('',#483,(#487,#494),.PCURVE_S1.);
#483 = LINE('',#484,#485);
#484 = CARTESIAN_POINT('',(-13.1171875,0.138671875,3.));
#485 = VECTOR('',#486,1.);
#486 = DIRECTION('',(0.,-1.,0.));
#487 = PCURVE('',#126,#488);
#488 = DEFINITIONAL_REPRESENTATION('',(#489),#493);
#489 = LINE('',#490,#491);
#490 = CARTESIAN_POINT('',(16.8828125,15.138671875));
#491 = VECTOR('',#492,1.);
#492 = DIRECTION('',(0.,-1.));
#493 = ( GEOMETRIC_REPRESENTATION_CONTEXT(2) 
PARAMETRIC_REPRESENTATION_CONTEXT() REPRESENTATION_CONTEXT('2D SPACE',''
  ) );
#494 = PCURVE('',#495,#500);
#495 = PLANE('',#496);
#496 = AXIS2_PLACEMENT_3D('',#497,#498,#499);
#497 = CARTESIAN_POINT('',(-13.1171875,0.138671875,2.65));
#498 = DIRECTION('',(1.,0.,0.));
#499 = DIRECTION('',(0.,-1.,0.));
#500 = DEFINITIONAL_REPRESENTATION('',(#501),#505);
#501 = LINE('',#502,#503);
#502 = CARTESIAN_POINT('',(0.,-0.35));
#503 = VECTOR('',#504,1.);
#504 = DIRECTION('',(1.,0.));
#505 = ( GEOMETRIC_REPRESENTATION_CONTEXT(2) 
PARAMETRIC_REPRESENTATION_CONTEXT() REPRESENTATION_CONTEXT('2D SPACE',''
  ) );
#506 = ORIENTED_EDGE('',*,*,#507,.T.);
#507 = EDGE_CURVE('',#480,#508,#510,.T.);
#508 = VERTEX_POINT('',#509);
#509 = CARTESIAN_POINT('',(-13.62109375,-1.3583984375,3.));
#510 = SURFACE_CURVE('',#511,(#515,#522),.PCURVE_S1.);
#511 = B_SPLINE_CURVE_WITH_KNOTS('',2,(#512,#513,#514),.UNSPECIFIED.,.F.
  ,.F.,(3,3),(0.,1.),.PIECEWISE_BEZIER_KNOTS.);
#512 = CARTESIAN_POINT('',(-13.1171875,-1.11328125,3.));
#513 = CARTESIAN_POINT('',(-13.345703125,-1.275390625,3.));
#514 = CARTESIAN_POINT('',(-13.62109375,-1.3583984375,3.));
#515 = PCURVE('',#126,#516);
#516 = DEFINITIONAL_REPRESENTATION('',(#517),#521);
#517 = B_SPLINE_CURVE_WITH_KNOTS('',2,(#518,#519,#520),.UNSPECIFIED.,.F.
  ,.F.,(3,3),(0.,1.),.PIECEWISE_BEZIER_KNOTS.);
#518 = CARTESIAN_POINT('',(16.8828125,13.88671875));
#519 = CARTESIAN_POINT('',(16.654296875,13.724609375));
#520 = CARTESIAN_POINT('',(16.37890625,13.6416015625));
#521 = ( GEOMETRIC_REPRESENTATION_CONTEXT(2) 
PARAMETRIC_REPRESENTATION_CONTEXT() REPRESENTATION_CONTEXT('2D SPACE',''
  ) );
#522 = PCURVE('',#523,#530);
#523 = SURFACE_OF_LINEAR_EXTRUSION('',#524,#528);
#524 = B_SPLINE_CURVE_WITH_KNOTS('',2,(#525,#526,#527),.UNSPECIFIED.,.F.
  ,.F.,(3,3),(0.,1.),.PIECEWISE_BEZIER_KNOTS.);
#525 = CARTESIAN_POINT('',(-13.1171875,-1.11328125,2.65));
#526 = CARTESIAN_POINT('',(-13.345703125,-1.275390625,2.65));
#527 = CARTESIAN_POINT('',(-13.62109375,-1.3583984375,2.65));
#528 = VECTOR('',#529,1.);
#529 = DIRECTION('',(-0.,-0.,-1.));
#530 = DEFINITIONAL_REPRESENTATION('',(#531),#535);
#531 = LINE('',#532,#533);
#532 = CARTESIAN_POINT('',(0.,-0.35));
#533 = VECTOR('',#534,1.);
#534 = DIRECTION('',(1.,0.));
#535 = ( GEOMETRIC_REPRESENTATION_CONTEXT(2) 
PARAMETRIC_REPRESENTATION_CONTEXT() REPRESENTATION_CONTEXT('2D SPACE',''
  ) );
#536 = ORIENTED_EDGE('',*,*,#537,.T.);
#537 = EDGE_CURVE('',#508,#538,#540,.T.);
#538 = VERTEX_POINT('',#539);
#539 = CARTESIAN_POINT('',(-14.208984375,-1.44140625,3.));
#540 = SURFACE_CURVE('',#541,(#545,#552),.PCURVE_S1.);
#541 = B_SPLINE_CURVE_WITH_KNOTS('',2,(#542,#543,#544),.UNSPECIFIED.,.F.
  ,.F.,(3,3),(0.,1.),.PIECEWISE_BEZIER_KNOTS.);
#542 = CARTESIAN_POINT('',(-13.62109375,-1.3583984375,3.));
#543 = CARTESIAN_POINT('',(-13.896484375,-1.44140625,3.));
#544 = CARTESIAN_POINT('',(-14.208984375,-1.44140625,3.));
#545 = PCURVE('',#126,#546);
#546 = DEFINITIONAL_REPRESENTATION('',(#547),#551);
#547 = B_SPLINE_CURVE_WITH_KNOTS('',2,(#548,#549,#550),.UNSPECIFIED.,.F.
  ,.F.,(3,3),(0.,1.),.PIECEWISE_BEZIER_KNOTS.);
#548 = CARTESIAN_POINT('',(16.37890625,13.6416015625));
#549 = CARTESIAN_POINT('',(16.103515625,13.55859375));
#550 = CARTESIAN_POINT('',(15.791015625,13.55859375));
#551 = ( GEOMETRIC_REPRESENTATION_CONTEXT(2) 
PARAMETRIC_REPRESENTATION_CONTEXT() REPRESENTATION_CONTEXT('2D SPACE',''
  ) );
#552 = PCURVE('',#553,#560);
#553 = SURFACE_OF_LINEAR_EXTRUSION('',#554,#558);
#554 = B_SPLINE_CURVE_WITH_KNOTS('',2,(#555,#556,#557),.UNSPECIFIED.,.F.
  ,.F.,(3,3),(0.,1.),.PIECEWISE_BEZIER_KNOTS.);
#555 = CARTESIAN_POINT('',(-13.62109375,-1.3583984375,2.65));
#556 = CARTESIAN_POINT('',(-13.896484375,-1.44140625,2.65));
#557 = CARTESIAN_POINT('',(-14.208984375,-1.44140625,2.65));
#558 = VECTOR('',#559,1.);
#559 = DIRECTION('',(-0.,-0.,-1.));
#560 = DEFINITIONAL_REPRESENTATION('',(#561),#565);
#561 = LINE('',#562,#563);
#562 = CARTESIAN_POINT('',(0.,-0.35));
#563 = VECTOR('',#564,1.);
#564 = DIRECTION('',(1.,0.));
#565 = ( GEOMETRIC_REPRESENTATION_CONTEXT(2) 
PARAMETRIC_REPRESENTATION_CONTEXT() REPRESENTATION_CONTEXT('2D SPACE',''
  ) );
#566 = ORIENTED_EDGE('',*,*,#567,.T.);
#567 = EDGE_CURVE('',#538,#568,#570,.T.);
#568 = VERTEX_POINT('',#569);
#569 = CARTESIAN_POINT('',(-15.2783203125,-1.0419921875,3.));
#570 = SURFACE_CURVE('',#571,(#575,#582),.PCURVE_S1.);
#571 = B_SPLINE_CURVE_WITH_KNOTS('',2,(#572,#573,#574),.UNSPECIFIED.,.F.
  ,.F.,(3,3),(0.,1.),.PIECEWISE_BEZIER_KNOTS.);
#572 = CARTESIAN_POINT('',(-14.208984375,-1.44140625,3.));
#573 = CARTESIAN_POINT('',(-14.892578125,-1.44140625,3.));
#574 = CARTESIAN_POINT('',(-15.2783203125,-1.0419921875,3.));
#575 = PCURVE('',#126,#576);
#576 = DEFINITIONAL_REPRESENTATION('',(#577),#581);
#577 = B_SPLINE_CURVE_WITH_KNOTS('',2,(#578,#579,#580),.UNSPECIFIED.,.F.
  ,.F.,(3,3),(0.,1.),.PIECEWISE_BEZIER_KNOTS.);
#578 = CARTESIAN_POINT('',(15.791015625,13.55859375));
#579 = CARTESIAN_POINT('',(15.107421875,13.55859375));
#580 = CARTESIAN_POINT('',(14.7216796875,13.9580078125));
#581 = ( GEOMETRIC_REPRESENTATION_CONTEXT(2) 
PARAMETRIC_REPRESENTATION_CONTEXT() REPRESENTATION_CONTEXT('2D SPACE',''
  ) );
#582 = PCURVE('',#583,#590);
#583 = SURFACE_OF_LINEAR_EXTRUSION('',#584,#588);
#584 = B_SPLINE_CURVE_WITH_KNOTS('',2,(#585,#586,#587),.UNSPECIFIED.,.F.
  ,.F.,(3,3),(0.,1.),.PIECEWISE_BEZIER_KNOTS.);
#585 = CARTESIAN_POINT('',(-14.208984375,-1.44140625,2.65));
#586 = CARTESIAN_POINT('',(-14.892578125,-1.44140625,2.65));
#587 = CARTESIAN_POINT('',(-15.2783203125,-1.0419921875,2.65));
#588 = VECTOR('',#589,1.);
#589 = DIRECTION('',(-0.,-0.,-1.));
#590 = DEFINITIONAL_REPRESENTATION('',(#591),#595);
#591 = LINE('',#592,#593);
#592 = CARTESIAN_POINT('',(0.,-0.35));
#593 = VECTOR('',#594,1.);
#594 = DIRECTION('',(1.,0.));
#595 = ( GEOMETRIC_REPRESENTATION_CONTEXT(2) 
PARAMETRIC_REPRESENTATION_CONTEXT() REPRESENTATION_CONTEXT('2D SPACE',''
  ) );
#596 = ORIENTED_EDGE('',*,*,#597,.T.);
#597 = EDGE_CURVE('',#568,#598,#600,.T.);
#598 = VERTEX_POINT('',#599);
#599 = CARTESIAN_POINT('',(-15.6640625,7.03125E-02,3.));
#600 = SURFACE_CURVE('',#601,(#605,#612),.PCURVE_S1.);
#601 = B_SPLINE_CURVE_WITH_KNOTS('',2,(#602,#603,#604),.UNSPECIFIED.,.F.
  ,.F.,(3,3),(0.,1.),.PIECEWISE_BEZIER_KNOTS.);
#602 = CARTESIAN_POINT('',(-15.2783203125,-1.0419921875,3.));
#603 = CARTESIAN_POINT('',(-15.6640625,-0.642578125,3.));
#604 = CARTESIAN_POINT('',(-15.6640625,7.03125E-02,3.));
#605 = PCURVE('',#126,#606);
#606 = DEFINITIONAL_REPRESENTATION('',(#607),#611);
#607 = B_SPLINE_CURVE_WITH_KNOTS('',2,(#608,#609,#610),.UNSPECIFIED.,.F.
  ,.F.,(3,3),(0.,1.),.PIECEWISE_BEZIER_KNOTS.);
#608 = CARTESIAN_POINT('',(14.7216796875,13.9580078125));
#609 = CARTESIAN_POINT('',(14.3359375,14.357421875));
#610 = CARTESIAN_POINT('',(14.3359375,15.0703125));
#611 = ( GEOMETRIC_REPRESENTATION_CONTEXT(2) 
PARAMETRIC_REPRESENTATION_CONTEXT() REPRESENTATION_CONTEXT('2D SPACE',''
  ) );
#612 = PCURVE('',#613,#620);
#613 = SURFACE_OF_LINEAR_EXTRUSION('',#614,#618);
#614 = B_SPLINE_CURVE_WITH_KNOTS('',2,(#615,#616,#617),.UNSPECIFIED.,.F.
  ,.F.,(3,3),(0.,1.),.PIECEWISE_BEZIER_KNOTS.);
#615 = CARTESIAN_POINT('',(-15.2783203125,-1.0419921875,2.65));
#616 = CARTESIAN_POINT('',(-15.6640625,-0.642578125,2.65));
#617 = CARTESIAN_POINT('',(-15.6640625,7.03125E-02,2.65));
#618 = VECTOR('',#619,1.);
#619 = DIRECTION('',(-0.,-0.,-1.));
#620 = DEFINITIONAL_REPRESENTATION('',(#621),#625);
#621 = LINE('',#622,#623);
#622 = CARTESIAN_POINT('',(0.,-0.35));
#623 = VECTOR('',#624,1.);
#624 = DIRECTION('',(1.,0.));
#625 = ( GEOMETRIC_REPRESENTATION_CONTEXT(2) 
PARAMETRIC_REPRESENTATION_CONTEXT() REPRESENTATION_CONTEXT('2D SPACE',''
  ) );
#626 = ORIENTED_EDGE('',*,*,#627,.T.);
#627 = EDGE_CURVE('',#598,#628,#630,.T.);
#628 = VERTEX_POINT('',#629);
#629 = CARTESIAN_POINT('',(-15.2783203125,1.1845703125,3.));
#630 = SURFACE_CURVE('',#631,(#635,#642),.PCURVE_S1.);
#631 = B_SPLINE_CURVE_WITH_KNOTS('',2,(#632,#633,#634),.UNSPECIFIED.,.F.
  ,.F.,(3,3),(0.,1.),.PIECEWISE_BEZIER_KNOTS.);
#632 = CARTESIAN_POINT('',(-15.6640625,7.03125E-02,3.));
#633 = CARTESIAN_POINT('',(-15.6640625,0.78515625,3.));
#634 = CARTESIAN_POINT('',(-15.2783203125,1.1845703125,3.));
#635 = PCURVE('',#126,#636);
#636 = DEFINITIONAL_REPRESENTATION('',(#637),#641);
#637 = B_SPLINE_CURVE_WITH_KNOTS('',2,(#638,#639,#640),.UNSPECIFIED.,.F.
  ,.F.,(3,3),(0.,1.),.PIECEWISE_BEZIER_KNOTS.);
#638 = CARTESIAN_POINT('',(14.3359375,15.0703125));
#639 = CARTESIAN_POINT('',(14.3359375,15.78515625));
#640 = CARTESIAN_POINT('',(14.7216796875,16.1845703125));
#641 = ( GEOMETRIC_REPRESENTATION_CONTEXT(2) 
PARAMETRIC_REPRESENTATION_CONTEXT() REPRESENTATION_CONTEXT('2D SPACE',''
  ) );
#642 = PCURVE('',#643,#650);
#643 = SURFACE_OF_LINEAR_EXTRUSION('',#644,#648);
#644 = B_SPLINE_CURVE_WITH_KNOTS('',2,(#645,#646,#647),.UNSPECIFIED.,.F.
  ,.F.,(3,3),(0.,1.),.PIECEWISE_BEZIER_KNOTS.);
#645 = CARTESIAN_POINT('',(-15.6640625,7.03125E-02,2.65));
#646 = CARTESIAN_POINT('',(-15.6640625,0.78515625,2.65));
#647 = CARTESIAN_POINT('',(-15.2783203125,1.1845703125,2.65));
#648 = VECTOR('',#649,1.);
#649 = DIRECTION('',(-0.,-0.,-1.));
#650 = DEFINITIONAL_REPRESENTATION('',(#651),#655);
#651 = LINE('',#652,#653);
#652 = CARTESIAN_POINT('',(0.,-0.35));
#653 = VECTOR('',#654,1.);
#654 = DIRECTION('',(1.,0.));
#655 = ( GEOMETRIC_REPRESENTATION_CONTEXT(2) 
PARAMETRIC_REPRESENTATION_CONTEXT() REPRESENTATION_CONTEXT('2D SPACE',''
  ) );
#656 = ORIENTED_EDGE('',*,*,#657,.T.);
#657 = EDGE_CURVE('',#628,#658,#660,.T.);
#658 = VERTEX_POINT('',#659);
#659 = CARTESIAN_POINT('',(-14.208984375,1.583984375,3.));
#660 = SURFACE_CURVE('',#661,(#665,#672),.PCURVE_S1.);
#661 = B_SPLINE_CURVE_WITH_KNOTS('',2,(#662,#663,#664),.UNSPECIFIED.,.F.
  ,.F.,(3,3),(0.,1.),.PIECEWISE_BEZIER_KNOTS.);
#662 = CARTESIAN_POINT('',(-15.2783203125,1.1845703125,3.));
#663 = CARTESIAN_POINT('',(-14.892578125,1.583984375,3.));
#664 = CARTESIAN_POINT('',(-14.208984375,1.583984375,3.));
#665 = PCURVE('',#126,#666);
#666 = DEFINITIONAL_REPRESENTATION('',(#667),#671);
#667 = B_SPLINE_CURVE_WITH_KNOTS('',2,(#668,#669,#670),.UNSPECIFIED.,.F.
  ,.F.,(3,3),(0.,1.),.PIECEWISE_BEZIER_KNOTS.);
#668 = CARTESIAN_POINT('',(14.7216796875,16.1845703125));
#669 = CARTESIAN_POINT('',(15.107421875,16.583984375));
#670 = CARTESIAN_POINT('',(15.791015625,16.583984375));
#671 = ( GEOMETRIC_REPRESENTATION_CONTEXT(2) 
PARAMETRIC_REPRESENTATION_CONTEXT() REPRESENTATION_CONTEXT('2D SPACE',''
  ) );
#672 = PCURVE('',#673,#680);
#673 = SURFACE_OF_LINEAR_EXTRUSION('',#674,#678);
#674 = B_SPLINE_CURVE_WITH_KNOTS('',2,(#675,#676,#677),.UNSPECIFIED.,.F.
  ,.F.,(3,3),(0.,1.),.PIECEWISE_BEZIER_KNOTS.);
#675 = CARTESIAN_POINT('',(-15.2783203125,1.1845703125,2.65));
#676 = CARTESIAN_POINT('',(-14.892578125,1.583984375,2.65));
#677 = CARTESIAN_POINT('',(-14.208984375,1.583984375,2.65));
#678 = VECTOR('',#679,1.);
#679 = DIRECTION('',(-0.,-0.,-1.));
#680 = DEFINITIONAL_REPRESENTATION('',(#681),#685);
#681 = LINE('',#682,#683);
#682 = CARTESIAN_POINT('',(0.,-0.35));
#683 = VECTOR('',#684,1.);
#684 = DIRECTION('',(1.,0.));
#685 = ( GEOMETRIC_REPRESENTATION_CONTEXT(2) 
PARAMETRIC_REPRESENTATION_CONTEXT() REPRESENTATION_CONTEXT('2D SPACE',''
  ) );
#686 = ORIENTED_EDGE('',*,*,#687,.T.);
#687 = EDGE_CURVE('',#658,#688,#690,.T.);
#688 = VERTEX_POINT('',#689);
#689 = CARTESIAN_POINT('',(-13.6669921875,1.513671875,3.));
#690 = SURFACE_CURVE('',#691,(#695,#702),.PCURVE_S1.);
#691 = B_SPLINE_CURVE_WITH_KNOTS('',2,(#692,#693,#694),.UNSPECIFIED.,.F.
  ,.F.,(3,3),(0.,1.),.PIECEWISE_BEZIER_KNOTS.);
#692 = CARTESIAN_POINT('',(-14.208984375,1.583984375,3.));
#693 = CARTESIAN_POINT('',(-13.923828125,1.583984375,3.));
#694 = CARTESIAN_POINT('',(-13.6669921875,1.513671875,3.));
#695 = PCURVE('',#126,#696);
#696 = DEFINITIONAL_REPRESENTATION('',(#697),#701);
#697 = B_SPLINE_CURVE_WITH_KNOTS('',2,(#698,#699,#700),.UNSPECIFIED.,.F.
  ,.F.,(3,3),(0.,1.),.PIECEWISE_BEZIER_KNOTS.);
#698 = CARTESIAN_POINT('',(15.791015625,16.583984375));
#699 = CARTESIAN_POINT('',(16.076171875,16.583984375));
#700 = CARTESIAN_POINT('',(16.3330078125,16.513671875));
#701 = ( GEOMETRIC_REPRESENTATION_CONTEXT(2) 
PARAMETRIC_REPRESENTATION_CONTEXT() REPRESENTATION_CONTEXT('2D SPACE',''
  ) );
#702 = PCURVE('',#703,#710);
#703 = SURFACE_OF_LINEAR_EXTRUSION('',#704,#708);
#704 = B_SPLINE_CURVE_WITH_KNOTS('',2,(#705,#706,#707),.UNSPECIFIED.,.F.
  ,.F.,(3,3),(0.,1.),.PIECEWISE_BEZIER_KNOTS.);
#705 = CARTESIAN_POINT('',(-14.208984375,1.583984375,2.65));
#706 = CARTESIAN_POINT('',(-13.923828125,1.583984375,2.65));
#707 = CARTESIAN_POINT('',(-13.6669921875,1.513671875,2.65));
#708 = VECTOR('',#709,1.);
#709 = DIRECTION('',(-0.,-0.,-1.));
#710 = DEFINITIONAL_REPRESENTATION('',(#711),#715);
#711 = LINE('',#712,#713);
#712 = CARTESIAN_POINT('',(0.,-0.35));
#713 = VECTOR('',#714,1.);
#714 = DIRECTION('',(1.,0.));
#715 = ( GEOMETRIC_REPRESENTATION_CONTEXT(2) 
PARAMETRIC_REPRESENTATION_CONTEXT() REPRESENTATION_CONTEXT('2D SPACE',''
  ) );
#716 = ORIENTED_EDGE('',*,*,#717,.T.);
#717 = EDGE_CURVE('',#688,#718,#720,.T.);
#718 = VERTEX_POINT('',#719);
#719 = CARTESIAN_POINT('',(-13.193359375,1.306640625,3.));
#720 = SURFACE_CURVE('',#721,(#725,#732),.PCURVE_S1.);
#721 = B_SPLINE_CURVE_WITH_KNOTS('',2,(#722,#723,#724),.UNSPECIFIED.,.F.
  ,.F.,(3,3),(0.,1.),.PIECEWISE_BEZIER_KNOTS.);
#722 = CARTESIAN_POINT('',(-13.6669921875,1.513671875,3.));
#723 = CARTESIAN_POINT('',(-13.41015625,1.443359375,3.));
#724 = CARTESIAN_POINT('',(-13.193359375,1.306640625,3.));
#725 = PCURVE('',#126,#726);
#726 = DEFINITIONAL_REPRESENTATION('',(#727),#731);
#727 = B_SPLINE_CURVE_WITH_KNOTS('',2,(#728,#729,#730),.UNSPECIFIED.,.F.
  ,.F.,(3,3),(0.,1.),.PIECEWISE_BEZIER_KNOTS.);
#728 = CARTESIAN_POINT('',(16.3330078125,16.513671875));
#729 = CARTESIAN_POINT('',(16.58984375,16.443359375));
#730 = CARTESIAN_POINT('',(16.806640625,16.306640625));
#731 = ( GEOMETRIC_REPRESENTATION_CONTEXT(2) 
PARAMETRIC_REPRESENTATION_CONTEXT() REPRESENTATION_CONTEXT('2D SPACE',''
  ) );
#732 = PCURVE('',#733,#740);
#733 = SURFACE_OF_LINEAR_EXTRUSION('',#734,#738);
#734 = B_SPLINE_CURVE_WITH_KNOTS('',2,(#735,#736,#737),.UNSPECIFIED.,.F.
  ,.F.,(3,3),(0.,1.),.PIECEWISE_BEZIER_KNOTS.);
#735 = CARTESIAN_POINT('',(-13.6669921875,1.513671875,2.65));
#736 = CARTESIAN_POINT('',(-13.41015625,1.443359375,2.65));
#737 = CARTESIAN_POINT('',(-13.193359375,1.306640625,2.65));
#738 = VECTOR('',#739,1.);
#739 = DIRECTION('',(-0.,-0.,-1.));
#740 = DEFINITIONAL_REPRESENTATION('',(#741),#745);
#741 = LINE('',#742,#743);
#742 = CARTESIAN_POINT('',(0.,-0.35));
#743 = VECTOR('',#744,1.);
#744 = DIRECTION('',(1.,0.));
#745 = ( GEOMETRIC_REPRESENTATION_CONTEXT(2) 
PARAMETRIC_REPRESENTATION_CONTEXT() REPRESENTATION_CONTEXT('2D SPACE',''
  ) );
#746 = ORIENTED_EDGE('',*,*,#747,.T.);
#747 = EDGE_CURVE('',#718,#748,#750,.T.);
#748 = VERTEX_POINT('',#749);
#749 = CARTESIAN_POINT('',(-13.193359375,0.88671875,3.));
#750 = SURFACE_CURVE('',#751,(#755,#762),.PCURVE_S1.);
#751 = LINE('',#752,#753);
#752 = CARTESIAN_POINT('',(-13.193359375,1.306640625,3.));
#753 = VECTOR('',#754,1.);
#754 = DIRECTION('',(0.,-1.,0.));
#755 = PCURVE('',#126,#756);
#756 = DEFINITIONAL_REPRESENTATION('',(#757),#761);
#757 = LINE('',#758,#759);
#758 = CARTESIAN_POINT('',(16.806640625,16.306640625));
#759 = VECTOR('',#760,1.);
#760 = DIRECTION('',(0.,-1.));
#761 = ( GEOMETRIC_REPRESENTATION_CONTEXT(2) 
PARAMETRIC_REPRESENTATION_CONTEXT() REPRESENTATION_CONTEXT('2D SPACE',''
  ) );
#762 = PCURVE('',#763,#768);
#763 = PLANE('',#764);
#764 = AXIS2_PLACEMENT_3D('',#765,#766,#767);
#765 = CARTESIAN_POINT('',(-13.193359375,1.306640625,2.65));
#766 = DIRECTION('',(1.,0.,0.));
#767 = DIRECTION('',(0.,-1.,0.));
#768 = DEFINITIONAL_REPRESENTATION('',(#769),#773);
#769 = LINE('',#770,#771);
#770 = CARTESIAN_POINT('',(0.,-0.35));
#771 = VECTOR('',#772,1.);
#772 = DIRECTION('',(1.,0.));
#773 = ( GEOMETRIC_REPRESENTATION_CONTEXT(2) 
PARAMETRIC_REPRESENTATION_CONTEXT() REPRESENTATION_CONTEXT('2D SPACE',''
  ) );
#774 = ORIENTED_EDGE('',*,*,#775,.T.);
#775 = EDGE_CURVE('',#748,#776,#778,.T.);
#776 = VERTEX_POINT('',#777);
#777 = CARTESIAN_POINT('',(-13.658203125,1.166015625,3.));
#778 = SURFACE_CURVE('',#779,(#783,#790),.PCURVE_S1.);
#779 = B_SPLINE_CURVE_WITH_KNOTS('',2,(#780,#781,#782),.UNSPECIFIED.,.F.
  ,.F.,(3,3),(0.,1.),.PIECEWISE_BEZIER_KNOTS.);
#780 = CARTESIAN_POINT('',(-13.193359375,0.88671875,3.));
#781 = CARTESIAN_POINT('',(-13.412109375,1.072265625,3.));
#782 = CARTESIAN_POINT('',(-13.658203125,1.166015625,3.));
#783 = PCURVE('',#126,#784);
#784 = DEFINITIONAL_REPRESENTATION('',(#785),#789);
#785 = B_SPLINE_CURVE_WITH_KNOTS('',2,(#786,#787,#788),.UNSPECIFIED.,.F.
  ,.F.,(3,3),(0.,1.),.PIECEWISE_BEZIER_KNOTS.);
#786 = CARTESIAN_POINT('',(16.806640625,15.88671875));
#787 = CARTESIAN_POINT('',(16.587890625,16.072265625));
#788 = CARTESIAN_POINT('',(16.341796875,16.166015625));
#789 = ( GEOMETRIC_REPRESENTATION_CONTEXT(2) 
PARAMETRIC_REPRESENTATION_CONTEXT() REPRESENTATION_CONTEXT('2D SPACE',''
  ) );
#790 = PCURVE('',#791,#798);
#791 = SURFACE_OF_LINEAR_EXTRUSION('',#792,#796);
#792 = B_SPLINE_CURVE_WITH_KNOTS('',2,(#793,#794,#795),.UNSPECIFIED.,.F.
  ,.F.,(3,3),(0.,1.),.PIECEWISE_BEZIER_KNOTS.);
#793 = CARTESIAN_POINT('',(-13.193359375,0.88671875,2.65));
#794 = CARTESIAN_POINT('',(-13.412109375,1.072265625,2.65));
#795 = CARTESIAN_POINT('',(-13.658203125,1.166015625,2.65));
#796 = VECTOR('',#797,1.);
#797 = DIRECTION('',(-0.,-0.,-1.));
#798 = DEFINITIONAL_REPRESENTATION('',(#799),#803);
#799 = LINE('',#800,#801);
#800 = CARTESIAN_POINT('',(0.,-0.35));
#801 = VECTOR('',#802,1.);
#802 = DIRECTION('',(1.,0.));
#803 = ( GEOMETRIC_REPRESENTATION_CONTEXT(2) 
PARAMETRIC_REPRESENTATION_CONTEXT() REPRESENTATION_CONTEXT('2D SPACE',''
  ) );
#804 = ORIENTED_EDGE('',*,*,#805,.T.);
#805 = EDGE_CURVE('',#776,#806,#808,.T.);
#806 = VERTEX_POINT('',#807);
#807 = CARTESIAN_POINT('',(-14.17578125,1.259765625,3.));
#808 = SURFACE_CURVE('',#809,(#813,#820),.PCURVE_S1.);
#809 = B_SPLINE_CURVE_WITH_KNOTS('',2,(#810,#811,#812),.UNSPECIFIED.,.F.
  ,.F.,(3,3),(0.,1.),.PIECEWISE_BEZIER_KNOTS.);
#810 = CARTESIAN_POINT('',(-13.658203125,1.166015625,3.));
#811 = CARTESIAN_POINT('',(-13.904296875,1.259765625,3.));
#812 = CARTESIAN_POINT('',(-14.17578125,1.259765625,3.));
#813 = PCURVE('',#126,#814);
#814 = DEFINITIONAL_REPRESENTATION('',(#815),#819);
#815 = B_SPLINE_CURVE_WITH_KNOTS('',2,(#816,#817,#818),.UNSPECIFIED.,.F.
  ,.F.,(3,3),(0.,1.),.PIECEWISE_BEZIER_KNOTS.);
#816 = CARTESIAN_POINT('',(16.341796875,16.166015625));
#817 = CARTESIAN_POINT('',(16.095703125,16.259765625));
#818 = CARTESIAN_POINT('',(15.82421875,16.259765625));
#819 = ( GEOMETRIC_REPRESENTATION_CONTEXT(2) 
PARAMETRIC_REPRESENTATION_CONTEXT() REPRESENTATION_CONTEXT('2D SPACE',''
  ) );
#820 = PCURVE('',#821,#828);
#821 = SURFACE_OF_LINEAR_EXTRUSION('',#822,#826);
#822 = B_SPLINE_CURVE_WITH_KNOTS('',2,(#823,#824,#825),.UNSPECIFIED.,.F.
  ,.F.,(3,3),(0.,1.),.PIECEWISE_BEZIER_KNOTS.);
#823 = CARTESIAN_POINT('',(-13.658203125,1.166015625,2.65));
#824 = CARTESIAN_POINT('',(-13.904296875,1.259765625,2.65));
#825 = CARTESIAN_POINT('',(-14.17578125,1.259765625,2.65));
#826 = VECTOR('',#827,1.);
#827 = DIRECTION('',(-0.,-0.,-1.));
#828 = DEFINITIONAL_REPRESENTATION('',(#829),#833);
#829 = LINE('',#830,#831);
#830 = CARTESIAN_POINT('',(0.,-0.35));
#831 = VECTOR('',#832,1.);
#832 = DIRECTION('',(1.,0.));
#833 = ( GEOMETRIC_REPRESENTATION_CONTEXT(2) 
PARAMETRIC_REPRESENTATION_CONTEXT() REPRESENTATION_CONTEXT('2D SPACE',''
  ) );
#834 = ORIENTED_EDGE('',*,*,#835,.T.);
#835 = EDGE_CURVE('',#806,#836,#838,.T.);
#836 = VERTEX_POINT('',#837);
#837 = CARTESIAN_POINT('',(-14.9794921875,0.9609375,3.));
#838 = SURFACE_CURVE('',#839,(#843,#850),.PCURVE_S1.);
#839 = B_SPLINE_CURVE_WITH_KNOTS('',2,(#840,#841,#842),.UNSPECIFIED.,.F.
  ,.F.,(3,3),(0.,1.),.PIECEWISE_BEZIER_KNOTS.);
#840 = CARTESIAN_POINT('',(-14.17578125,1.259765625,3.));
#841 = CARTESIAN_POINT('',(-14.7109375,1.259765625,3.));
#842 = CARTESIAN_POINT('',(-14.9794921875,0.9609375,3.));
#843 = PCURVE('',#126,#844);
#844 = DEFINITIONAL_REPRESENTATION('',(#845),#849);
#845 = B_SPLINE_CURVE_WITH_KNOTS('',2,(#846,#847,#848),.UNSPECIFIED.,.F.
  ,.F.,(3,3),(0.,1.),.PIECEWISE_BEZIER_KNOTS.);
#846 = CARTESIAN_POINT('',(15.82421875,16.259765625));
#847 = CARTESIAN_POINT('',(15.2890625,16.259765625));
#848 = CARTESIAN_POINT('',(15.0205078125,15.9609375));
#849 = ( GEOMETRIC_REPRESENTATION_CONTEXT(2) 
PARAMETRIC_REPRESENTATION_CONTEXT() REPRESENTATION_CONTEXT('2D SPACE',''
  ) );
#850 = PCURVE('',#851,#858);
#851 = SURFACE_OF_LINEAR_EXTRUSION('',#852,#856);
#852 = B_SPLINE_CURVE_WITH_KNOTS('',2,(#853,#854,#855),.UNSPECIFIED.,.F.
  ,.F.,(3,3),(0.,1.),.PIECEWISE_BEZIER_KNOTS.);
#853 = CARTESIAN_POINT('',(-14.17578125,1.259765625,2.65));
#854 = CARTESIAN_POINT('',(-14.7109375,1.259765625,2.65));
#855 = CARTESIAN_POINT('',(-14.9794921875,0.9609375,2.65));
#856 = VECTOR('',#857,1.);
#857 = DIRECTION('',(-0.,-0.,-1.));
#858 = DEFINITIONAL_REPRESENTATION('',(#859),#863);
#859 = LINE('',#860,#861);
#860 = CARTESIAN_POINT('',(0.,-0.35));
#861 = VECTOR('',#862,1.);
#862 = DIRECTION('',(1.,0.));
#863 = ( GEOMETRIC_REPRESENTATION_CONTEXT(2) 
PARAMETRIC_REPRESENTATION_CONTEXT() REPRESENTATION_CONTEXT('2D SPACE',''
  ) );
#864 = ORIENTED_EDGE('',*,*,#865,.T.);
#865 = EDGE_CURVE('',#836,#866,#868,.T.);
#866 = VERTEX_POINT('',#867);
#867 = CARTESIAN_POINT('',(-15.248046875,7.03125E-02,3.));
#868 = SURFACE_CURVE('',#869,(#873,#880),.PCURVE_S1.);
#869 = B_SPLINE_CURVE_WITH_KNOTS('',2,(#870,#871,#872),.UNSPECIFIED.,.F.
  ,.F.,(3,3),(0.,1.),.PIECEWISE_BEZIER_KNOTS.);
#870 = CARTESIAN_POINT('',(-14.9794921875,0.9609375,3.));
#871 = CARTESIAN_POINT('',(-15.248046875,0.662109375,3.));
#872 = CARTESIAN_POINT('',(-15.248046875,7.03125E-02,3.));
#873 = PCURVE('',#126,#874);
#874 = DEFINITIONAL_REPRESENTATION('',(#875),#879);
#875 = B_SPLINE_CURVE_WITH_KNOTS('',2,(#876,#877,#878),.UNSPECIFIED.,.F.
  ,.F.,(3,3),(0.,1.),.PIECEWISE_BEZIER_KNOTS.);
#876 = CARTESIAN_POINT('',(15.0205078125,15.9609375));
#877 = CARTESIAN_POINT('',(14.751953125,15.662109375));
#878 = CARTESIAN_POINT('',(14.751953125,15.0703125));
#879 = ( GEOMETRIC_REPRESENTATION_CONTEXT(2) 
PARAMETRIC_REPRESENTATION_CONTEXT() REPRESENTATION_CONTEXT('2D SPACE',''
  ) );
#880 = PCURVE('',#881,#888);
#881 = SURFACE_OF_LINEAR_EXTRUSION('',#882,#886);
#882 = B_SPLINE_CURVE_WITH_KNOTS('',2,(#883,#884,#885),.UNSPECIFIED.,.F.
  ,.F.,(3,3),(0.,1.),.PIECEWISE_BEZIER_KNOTS.);
#883 = CARTESIAN_POINT('',(-14.9794921875,0.9609375,2.65));
#884 = CARTESIAN_POINT('',(-15.248046875,0.662109375,2.65));
#885 = CARTESIAN_POINT('',(-15.248046875,7.03125E-02,2.65));
#886 = VECTOR('',#887,1.);
#887 = DIRECTION('',(-0.,-0.,-1.));
#888 = DEFINITIONAL_REPRESENTATION('',(#889),#893);
#889 = LINE('',#890,#891);
#890 = CARTESIAN_POINT('',(0.,-0.35));
#891 = VECTOR('',#892,1.);
#892 = DIRECTION('',(1.,0.));
#893 = ( GEOMETRIC_REPRESENTATION_CONTEXT(2) 
PARAMETRIC_REPRESENTATION_CONTEXT() REPRESENTATION_CONTEXT('2D SPACE',''
  ) );
#894 = ORIENTED_EDGE('',*,*,#895,.T.);
#895 = EDGE_CURVE('',#866,#896,#898,.T.);
#896 = VERTEX_POINT('',#897);
#897 = CARTESIAN_POINT('',(-14.9794921875,-0.818359375,3.));
#898 = SURFACE_CURVE('',#899,(#903,#910),.PCURVE_S1.);
#899 = B_SPLINE_CURVE_WITH_KNOTS('',2,(#900,#901,#902),.UNSPECIFIED.,.F.
  ,.F.,(3,3),(0.,1.),.PIECEWISE_BEZIER_KNOTS.);
#900 = CARTESIAN_POINT('',(-15.248046875,7.03125E-02,3.));
#901 = CARTESIAN_POINT('',(-15.248046875,-0.51953125,3.));
#902 = CARTESIAN_POINT('',(-14.9794921875,-0.818359375,3.));
#903 = PCURVE('',#126,#904);
#904 = DEFINITIONAL_REPRESENTATION('',(#905),#909);
#905 = B_SPLINE_CURVE_WITH_KNOTS('',2,(#906,#907,#908),.UNSPECIFIED.,.F.
  ,.F.,(3,3),(0.,1.),.PIECEWISE_BEZIER_KNOTS.);
#906 = CARTESIAN_POINT('',(14.751953125,15.0703125));
#907 = CARTESIAN_POINT('',(14.751953125,14.48046875));
#908 = CARTESIAN_POINT('',(15.0205078125,14.181640625));
#909 = ( GEOMETRIC_REPRESENTATION_CONTEXT(2) 
PARAMETRIC_REPRESENTATION_CONTEXT() REPRESENTATION_CONTEXT('2D SPACE',''
  ) );
#910 = PCURVE('',#911,#918);
#911 = SURFACE_OF_LINEAR_EXTRUSION('',#912,#916);
#912 = B_SPLINE_CURVE_WITH_KNOTS('',2,(#913,#914,#915),.UNSPECIFIED.,.F.
  ,.F.,(3,3),(0.,1.),.PIECEWISE_BEZIER_KNOTS.);
#913 = CARTESIAN_POINT('',(-15.248046875,7.03125E-02,2.65));
#914 = CARTESIAN_POINT('',(-15.248046875,-0.51953125,2.65));
#915 = CARTESIAN_POINT('',(-14.9794921875,-0.818359375,2.65));
#916 = VECTOR('',#917,1.);
#917 = DIRECTION('',(-0.,-0.,-1.));
#918 = DEFINITIONAL_REPRESENTATION('',(#919),#923);
#919 = LINE('',#920,#921);
#920 = CARTESIAN_POINT('',(0.,-0.35));
#921 = VECTOR('',#922,1.);
#922 = DIRECTION('',(1.,0.));
#923 = ( GEOMETRIC_REPRESENTATION_CONTEXT(2) 
PARAMETRIC_REPRESENTATION_CONTEXT() REPRESENTATION_CONTEXT('2D SPACE',''
  ) );
#924 = ORIENTED_EDGE('',*,*,#925,.T.);
#925 = EDGE_CURVE('',#896,#926,#928,.T.);
#926 = VERTEX_POINT('',#927);
#927 = CARTESIAN_POINT('',(-14.17578125,-1.1171875,3.));
#928 = SURFACE_CURVE('',#929,(#933,#940),.PCURVE_S1.);
#929 = B_SPLINE_CURVE_WITH_KNOTS('',2,(#930,#931,#932),.UNSPECIFIED.,.F.
  ,.F.,(3,3),(0.,1.),.PIECEWISE_BEZIER_KNOTS.);
#930 = CARTESIAN_POINT('',(-14.9794921875,-0.818359375,3.));
#931 = CARTESIAN_POINT('',(-14.7109375,-1.1171875,3.));
#932 = CARTESIAN_POINT('',(-14.17578125,-1.1171875,3.));
#933 = PCURVE('',#126,#934);
#934 = DEFINITIONAL_REPRESENTATION('',(#935),#939);
#935 = B_SPLINE_CURVE_WITH_KNOTS('',2,(#936,#937,#938),.UNSPECIFIED.,.F.
  ,.F.,(3,3),(0.,1.),.PIECEWISE_BEZIER_KNOTS.);
#936 = CARTESIAN_POINT('',(15.0205078125,14.181640625));
#937 = CARTESIAN_POINT('',(15.2890625,13.8828125));
#938 = CARTESIAN_POINT('',(15.82421875,13.8828125));
#939 = ( GEOMETRIC_REPRESENTATION_CONTEXT(2) 
PARAMETRIC_REPRESENTATION_CONTEXT() REPRESENTATION_CONTEXT('2D SPACE',''
  ) );
#940 = PCURVE('',#941,#948);
#941 = SURFACE_OF_LINEAR_EXTRUSION('',#942,#946);
#942 = B_SPLINE_CURVE_WITH_KNOTS('',2,(#943,#944,#945),.UNSPECIFIED.,.F.
  ,.F.,(3,3),(0.,1.),.PIECEWISE_BEZIER_KNOTS.);
#943 = CARTESIAN_POINT('',(-14.9794921875,-0.818359375,2.65));
#944 = CARTESIAN_POINT('',(-14.7109375,-1.1171875,2.65));
#945 = CARTESIAN_POINT('',(-14.17578125,-1.1171875,2.65));
#946 = VECTOR('',#947,1.);
#947 = DIRECTION('',(-0.,-0.,-1.));
#948 = DEFINITIONAL_REPRESENTATION('',(#949),#953);
#949 = LINE('',#950,#951);
#950 = CARTESIAN_POINT('',(0.,-0.35));
#951 = VECTOR('',#952,1.);
#952 = DIRECTION('',(1.,0.));
#953 = ( GEOMETRIC_REPRESENTATION_CONTEXT(2) 
PARAMETRIC_REPRESENTATION_CONTEXT() REPRESENTATION_CONTEXT('2D SPACE',''
  ) );
#954 = ORIENTED_EDGE('',*,*,#955,.T.);
#955 = EDGE_CURVE('',#926,#336,#956,.T.);
#956 = SURFACE_CURVE('',#957,(#961,#968),.PCURVE_S1.);
#957 = B_SPLINE_CURVE_WITH_KNOTS('',2,(#958,#959,#960),.UNSPECIFIED.,.F.
  ,.F.,(3,3),(0.,1.),.PIECEWISE_BEZIER_KNOTS.);
#958 = CARTESIAN_POINT('',(-14.17578125,-1.1171875,3.));
#959 = CARTESIAN_POINT('',(-13.966796875,-1.1171875,3.));
#960 = CARTESIAN_POINT('',(-13.802734375,-1.0810546875,3.));
#961 = PCURVE('',#126,#962);
#962 = DEFINITIONAL_REPRESENTATION('',(#963),#967);
#963 = B_SPLINE_CURVE_WITH_KNOTS('',2,(#964,#965,#966),.UNSPECIFIED.,.F.
  ,.F.,(3,3),(0.,1.),.PIECEWISE_BEZIER_KNOTS.);
#964 = CARTESIAN_POINT('',(15.82421875,13.8828125));
#965 = CARTESIAN_POINT('',(16.033203125,13.8828125));
#966 = CARTESIAN_POINT('',(16.197265625,13.9189453125));
#967 = ( GEOMETRIC_REPRESENTATION_CONTEXT(2) 
PARAMETRIC_REPRESENTATION_CONTEXT() REPRESENTATION_CONTEXT('2D SPACE',''
  ) );
#968 = PCURVE('',#969,#976);
#969 = SURFACE_OF_LINEAR_EXTRUSION('',#970,#974);
#970 = B_SPLINE_CURVE_WITH_KNOTS('',2,(#971,#972,#973),.UNSPECIFIED.,.F.
  ,.F.,(3,3),(0.,1.),.PIECEWISE_BEZIER_KNOTS.);
#971 = CARTESIAN_POINT('',(-14.17578125,-1.1171875,2.65));
#972 = CARTESIAN_POINT('',(-13.966796875,-1.1171875,2.65));
#973 = CARTESIAN_POINT('',(-13.802734375,-1.0810546875,2.65));
#974 = VECTOR('',#975,1.);
#975 = DIRECTION('',(-0.,-0.,-1.));
#976 = DEFINITIONAL_REPRESENTATION('',(#977),#981);
#977 = LINE('',#978,#979);
#978 = CARTESIAN_POINT('',(0.,-0.35));
#979 = VECTOR('',#980,1.);
#980 = DIRECTION('',(1.,0.));
#981 = ( GEOMETRIC_REPRESENTATION_CONTEXT(2) 
PARAMETRIC_REPRESENTATION_CONTEXT() REPRESENTATION_CONTEXT('2D SPACE',''
  ) );
#982 = FACE_BOUND('',#983,.T.);
#983 = EDGE_LOOP('',(#984,#1014,#1042,#1070,#1098,#1126,#1154,#1182));
#984 = ORIENTED_EDGE('',*,*,#985,.T.);
#985 = EDGE_CURVE('',#986,#988,#990,.T.);
#986 = VERTEX_POINT('',#987);
#987 = CARTESIAN_POINT('',(-12.341796875,-1.384765625,3.));
#988 = VERTEX_POINT('',#989);
#989 = CARTESIAN_POINT('',(-12.7578125,-1.384765625,3.));
#990 = SURFACE_CURVE('',#991,(#995,#1002),.PCURVE_S1.);
#991 = LINE('',#992,#993);
#992 = CARTESIAN_POINT('',(-12.341796875,-1.384765625,3.));
#993 = VECTOR('',#994,1.);
#994 = DIRECTION('',(-1.,0.,0.));
#995 = PCURVE('',#126,#996);
#996 = DEFINITIONAL_REPRESENTATION('',(#997),#1001);
#997 = LINE('',#998,#999);
#998 = CARTESIAN_POINT('',(17.658203125,13.615234375));
#999 = VECTOR('',#1000,1.);
#1000 = DIRECTION('',(-1.,0.));
#1001 = ( GEOMETRIC_REPRESENTATION_CONTEXT(2) 
PARAMETRIC_REPRESENTATION_CONTEXT() REPRESENTATION_CONTEXT('2D SPACE',''
  ) );
#1002 = PCURVE('',#1003,#1008);
#1003 = PLANE('',#1004);
#1004 = AXIS2_PLACEMENT_3D('',#1005,#1006,#1007);
#1005 = CARTESIAN_POINT('',(-12.341796875,-1.384765625,2.65));
#1006 = DIRECTION('',(0.,-1.,0.));
#1007 = DIRECTION('',(-1.,0.,0.));
#1008 = DEFINITIONAL_REPRESENTATION('',(#1009),#1013);
#1009 = LINE('',#1010,#1011);
#1010 = CARTESIAN_POINT('',(0.,-0.35));
#1011 = VECTOR('',#1012,1.);
#1012 = DIRECTION('',(1.,0.));
#1013 = ( GEOMETRIC_REPRESENTATION_CONTEXT(2) 
PARAMETRIC_REPRESENTATION_CONTEXT() REPRESENTATION_CONTEXT('2D SPACE',''
  ) );
#1014 = ORIENTED_EDGE('',*,*,#1015,.T.);
#1015 = EDGE_CURVE('',#988,#1016,#1018,.T.);
#1016 = VERTEX_POINT('',#1017);
#1017 = CARTESIAN_POINT('',(-11.64453125,1.53125,3.));
#1018 = SURFACE_CURVE('',#1019,(#1023,#1030),.PCURVE_S1.);
#1019 = LINE('',#1020,#1021);
#1020 = CARTESIAN_POINT('',(-12.7578125,-1.384765625,3.));
#1021 = VECTOR('',#1022,1.);
#1022 = DIRECTION('',(0.356671776907,0.934229759512,0.));
#1023 = PCURVE('',#126,#1024);
#1024 = DEFINITIONAL_REPRESENTATION('',(#1025),#1029);
#1025 = LINE('',#1026,#1027);
#1026 = CARTESIAN_POINT('',(17.2421875,13.615234375));
#1027 = VECTOR('',#1028,1.);
#1028 = DIRECTION('',(0.356671776907,0.934229759512));
#1029 = ( GEOMETRIC_REPRESENTATION_CONTEXT(2) 
PARAMETRIC_REPRESENTATION_CONTEXT() REPRESENTATION_CONTEXT('2D SPACE',''
  ) );
#1030 = PCURVE('',#1031,#1036);
#1031 = PLANE('',#1032);
#1032 = AXIS2_PLACEMENT_3D('',#1033,#1034,#1035);
#1033 = CARTESIAN_POINT('',(-12.7578125,-1.384765625,2.65));
#1034 = DIRECTION('',(-0.934229759512,0.356671776907,0.));
#1035 = DIRECTION('',(0.356671776907,0.934229759512,0.));
#1036 = DEFINITIONAL_REPRESENTATION('',(#1037),#1041);
#1037 = LINE('',#1038,#1039);
#1038 = CARTESIAN_POINT('',(0.,-0.35));
#1039 = VECTOR('',#1040,1.);
#1040 = DIRECTION('',(1.,0.));
#1041 = ( GEOMETRIC_REPRESENTATION_CONTEXT(2) 
PARAMETRIC_REPRESENTATION_CONTEXT() REPRESENTATION_CONTEXT('2D SPACE',''
  ) );
#1042 = ORIENTED_EDGE('',*,*,#1043,.T.);
#1043 = EDGE_CURVE('',#1016,#1044,#1046,.T.);
#1044 = VERTEX_POINT('',#1045);
#1045 = CARTESIAN_POINT('',(-11.197265625,1.53125,3.));
#1046 = SURFACE_CURVE('',#1047,(#1051,#1058),.PCURVE_S1.);
#1047 = LINE('',#1048,#1049);
#1048 = CARTESIAN_POINT('',(-11.64453125,1.53125,3.));
#1049 = VECTOR('',#1050,1.);
#1050 = DIRECTION('',(1.,0.,0.));
#1051 = PCURVE('',#126,#1052);
#1052 = DEFINITIONAL_REPRESENTATION('',(#1053),#1057);
#1053 = LINE('',#1054,#1055);
#1054 = CARTESIAN_POINT('',(18.35546875,16.53125));
#1055 = VECTOR('',#1056,1.);
#1056 = DIRECTION('',(1.,0.));
#1057 = ( GEOMETRIC_REPRESENTATION_CONTEXT(2) 
PARAMETRIC_REPRESENTATION_CONTEXT() REPRESENTATION_CONTEXT('2D SPACE',''
  ) );
#1058 = PCURVE('',#1059,#1064);
#1059 = PLANE('',#1060);
#1060 = AXIS2_PLACEMENT_3D('',#1061,#1062,#1063);
#1061 = CARTESIAN_POINT('',(-11.64453125,1.53125,2.65));
#1062 = DIRECTION('',(0.,1.,0.));
#1063 = DIRECTION('',(1.,0.,0.));
#1064 = DEFINITIONAL_REPRESENTATION('',(#1065),#1069);
#1065 = LINE('',#1066,#1067);
#1066 = CARTESIAN_POINT('',(0.,-0.35));
#1067 = VECTOR('',#1068,1.);
#1068 = DIRECTION('',(1.,0.));
#1069 = ( GEOMETRIC_REPRESENTATION_CONTEXT(2) 
PARAMETRIC_REPRESENTATION_CONTEXT() REPRESENTATION_CONTEXT('2D SPACE',''
  ) );
#1070 = ORIENTED_EDGE('',*,*,#1071,.T.);
#1071 = EDGE_CURVE('',#1044,#1072,#1074,.T.);
#1072 = VERTEX_POINT('',#1073);
#1073 = CARTESIAN_POINT('',(-10.0859375,-1.384765625,3.));
#1074 = SURFACE_CURVE('',#1075,(#1079,#1086),.PCURVE_S1.);
#1075 = LINE('',#1076,#1077);
#1076 = CARTESIAN_POINT('',(-11.197265625,1.53125,3.));
#1077 = VECTOR('',#1078,1.);
#1078 = DIRECTION('',(0.35612545751,-0.934438151251,0.));
#1079 = PCURVE('',#126,#1080);
#1080 = DEFINITIONAL_REPRESENTATION('',(#1081),#1085);
#1081 = LINE('',#1082,#1083);
#1082 = CARTESIAN_POINT('',(18.802734375,16.53125));
#1083 = VECTOR('',#1084,1.);
#1084 = DIRECTION('',(0.35612545751,-0.934438151251));
#1085 = ( GEOMETRIC_REPRESENTATION_CONTEXT(2) 
PARAMETRIC_REPRESENTATION_CONTEXT() REPRESENTATION_CONTEXT('2D SPACE',''
  ) );
#1086 = PCURVE('',#1087,#1092);
#1087 = PLANE('',#1088);
#1088 = AXIS2_PLACEMENT_3D('',#1089,#1090,#1091);
#1089 = CARTESIAN_POINT('',(-11.197265625,1.53125,2.65));
#1090 = DIRECTION('',(0.934438151251,0.35612545751,0.));
#1091 = DIRECTION('',(0.35612545751,-0.934438151251,0.));
#1092 = DEFINITIONAL_REPRESENTATION('',(#1093),#1097);
#1093 = LINE('',#1094,#1095);
#1094 = CARTESIAN_POINT('',(0.,-0.35));
#1095 = VECTOR('',#1096,1.);
#1096 = DIRECTION('',(1.,0.));
#1097 = ( GEOMETRIC_REPRESENTATION_CONTEXT(2) 
PARAMETRIC_REPRESENTATION_CONTEXT() REPRESENTATION_CONTEXT('2D SPACE',''
  ) );
#1098 = ORIENTED_EDGE('',*,*,#1099,.T.);
#1099 = EDGE_CURVE('',#1072,#1100,#1102,.T.);
#1100 = VERTEX_POINT('',#1101);
#1101 = CARTESIAN_POINT('',(-10.49609375,-1.384765625,3.));
#1102 = SURFACE_CURVE('',#1103,(#1107,#1114),.PCURVE_S1.);
#1103 = LINE('',#1104,#1105);
#1104 = CARTESIAN_POINT('',(-10.0859375,-1.384765625,3.));
#1105 = VECTOR('',#1106,1.);
#1106 = DIRECTION('',(-1.,0.,0.));
#1107 = PCURVE('',#126,#1108);
#1108 = DEFINITIONAL_REPRESENTATION('',(#1109),#1113);
#1109 = LINE('',#1110,#1111);
#1110 = CARTESIAN_POINT('',(19.9140625,13.615234375));
#1111 = VECTOR('',#1112,1.);
#1112 = DIRECTION('',(-1.,0.));
#1113 = ( GEOMETRIC_REPRESENTATION_CONTEXT(2) 
PARAMETRIC_REPRESENTATION_CONTEXT() REPRESENTATION_CONTEXT('2D SPACE',''
  ) );
#1114 = PCURVE('',#1115,#1120);
#1115 = PLANE('',#1116);
#1116 = AXIS2_PLACEMENT_3D('',#1117,#1118,#1119);
#1117 = CARTESIAN_POINT('',(-10.0859375,-1.384765625,2.65));
#1118 = DIRECTION('',(0.,-1.,0.));
#1119 = DIRECTION('',(-1.,0.,0.));
#1120 = DEFINITIONAL_REPRESENTATION('',(#1121),#1125);
#1121 = LINE('',#1122,#1123);
#1122 = CARTESIAN_POINT('',(0.,-0.35));
#1123 = VECTOR('',#1124,1.);
#1124 = DIRECTION('',(1.,0.));
#1125 = ( GEOMETRIC_REPRESENTATION_CONTEXT(2) 
PARAMETRIC_REPRESENTATION_CONTEXT() REPRESENTATION_CONTEXT('2D SPACE',''
  ) );
#1126 = ORIENTED_EDGE('',*,*,#1127,.T.);
#1127 = EDGE_CURVE('',#1100,#1128,#1130,.T.);
#1128 = VERTEX_POINT('',#1129);
#1129 = CARTESIAN_POINT('',(-10.76171875,-0.63671875,3.));
#1130 = SURFACE_CURVE('',#1131,(#1135,#1142),.PCURVE_S1.);
#1131 = LINE('',#1132,#1133);
#1132 = CARTESIAN_POINT('',(-10.49609375,-1.384765625,3.));
#1133 = VECTOR('',#1134,1.);
#1134 = DIRECTION('',(-0.334621317278,0.942352680276,0.));
#1135 = PCURVE('',#126,#1136);
#1136 = DEFINITIONAL_REPRESENTATION('',(#1137),#1141);
#1137 = LINE('',#1138,#1139);
#1138 = CARTESIAN_POINT('',(19.50390625,13.615234375));
#1139 = VECTOR('',#1140,1.);
#1140 = DIRECTION('',(-0.334621317278,0.942352680276));
#1141 = ( GEOMETRIC_REPRESENTATION_CONTEXT(2) 
PARAMETRIC_REPRESENTATION_CONTEXT() REPRESENTATION_CONTEXT('2D SPACE',''
  ) );
#1142 = PCURVE('',#1143,#1148);
#1143 = PLANE('',#1144);
#1144 = AXIS2_PLACEMENT_3D('',#1145,#1146,#1147);
#1145 = CARTESIAN_POINT('',(-10.49609375,-1.384765625,2.65));
#1146 = DIRECTION('',(-0.942352680276,-0.334621317278,0.));
#1147 = DIRECTION('',(-0.334621317278,0.942352680276,0.));
#1148 = DEFINITIONAL_REPRESENTATION('',(#1149),#1153);
#1149 = LINE('',#1150,#1151);
#1150 = CARTESIAN_POINT('',(0.,-0.35));
#1151 = VECTOR('',#1152,1.);
#1152 = DIRECTION('',(1.,0.));
#1153 = ( GEOMETRIC_REPRESENTATION_CONTEXT(2) 
PARAMETRIC_REPRESENTATION_CONTEXT() REPRESENTATION_CONTEXT('2D SPACE',''
  ) );
#1154 = ORIENTED_EDGE('',*,*,#1155,.T.);
#1155 = EDGE_CURVE('',#1128,#1156,#1158,.T.);
#1156 = VERTEX_POINT('',#1157);
#1157 = CARTESIAN_POINT('',(-12.076171875,-0.63671875,3.));
#1158 = SURFACE_CURVE('',#1159,(#1163,#1170),.PCURVE_S1.);
#1159 = LINE('',#1160,#1161);
#1160 = CARTESIAN_POINT('',(-10.76171875,-0.63671875,3.));
#1161 = VECTOR('',#1162,1.);
#1162 = DIRECTION('',(-1.,0.,0.));
#1163 = PCURVE('',#126,#1164);
#1164 = DEFINITIONAL_REPRESENTATION('',(#1165),#1169);
#1165 = LINE('',#1166,#1167);
#1166 = CARTESIAN_POINT('',(19.23828125,14.36328125));
#1167 = VECTOR('',#1168,1.);
#1168 = DIRECTION('',(-1.,0.));
#1169 = ( GEOMETRIC_REPRESENTATION_CONTEXT(2) 
PARAMETRIC_REPRESENTATION_CONTEXT() REPRESENTATION_CONTEXT('2D SPACE',''
  ) );
#1170 = PCURVE('',#1171,#1176);
#1171 = PLANE('',#1172);
#1172 = AXIS2_PLACEMENT_3D('',#1173,#1174,#1175);
#1173 = CARTESIAN_POINT('',(-10.76171875,-0.63671875,2.65));
#1174 = DIRECTION('',(0.,-1.,0.));
#1175 = DIRECTION('',(-1.,0.,0.));
#1176 = DEFINITIONAL_REPRESENTATION('',(#1177),#1181);
#1177 = LINE('',#1178,#1179);
#1178 = CARTESIAN_POINT('',(0.,-0.35));
#1179 = VECTOR('',#1180,1.);
#1180 = DIRECTION('',(1.,0.));
#1181 = ( GEOMETRIC_REPRESENTATION_CONTEXT(2) 
PARAMETRIC_REPRESENTATION_CONTEXT() REPRESENTATION_CONTEXT('2D SPACE',''
  ) );
#1182 = ORIENTED_EDGE('',*,*,#1183,.T.);
#1183 = EDGE_CURVE('',#1156,#986,#1184,.T.);
#1184 = SURFACE_CURVE('',#1185,(#1189,#1196),.PCURVE_S1.);
#1185 = LINE('',#1186,#1187);
#1186 = CARTESIAN_POINT('',(-12.076171875,-0.63671875,3.));
#1187 = VECTOR('',#1188,1.);
#1188 = DIRECTION('',(-0.334621317278,-0.942352680276,0.));
#1189 = PCURVE('',#126,#1190);
#1190 = DEFINITIONAL_REPRESENTATION('',(#1191),#1195);
#1191 = LINE('',#1192,#1193);
#1192 = CARTESIAN_POINT('',(17.923828125,14.36328125));
#1193 = VECTOR('',#1194,1.);
#1194 = DIRECTION('',(-0.334621317278,-0.942352680276));
#1195 = ( GEOMETRIC_REPRESENTATION_CONTEXT(2) 
PARAMETRIC_REPRESENTATION_CONTEXT() REPRESENTATION_CONTEXT('2D SPACE',''
  ) );
#1196 = PCURVE('',#1197,#1202);
#1197 = PLANE('',#1198);
#1198 = AXIS2_PLACEMENT_3D('',#1199,#1200,#1201);
#1199 = CARTESIAN_POINT('',(-12.076171875,-0.63671875,2.65));
#1200 = DIRECTION('',(0.942352680276,-0.334621317278,0.));
#1201 = DIRECTION('',(-0.334621317278,-0.942352680276,0.));
#1202 = DEFINITIONAL_REPRESENTATION('',(#1203),#1207);
#1203 = LINE('',#1204,#1205);
#1204 = CARTESIAN_POINT('',(0.,-0.35));
#1205 = VECTOR('',#1206,1.);
#1206 = DIRECTION('',(1.,0.));
#1207 = ( GEOMETRIC_REPRESENTATION_CONTEXT(2) 
PARAMETRIC_REPRESENTATION_CONTEXT() REPRESENTATION_CONTEXT('2D SPACE',''
  ) );
#1208 = FACE_BOUND('',#1209,.T.);
#1209 = EDGE_LOOP('',(#1210,#1242,#1270,#1300,#1330,#1360,#1390,#1420,
    #1450,#1478,#1508,#1538,#1568,#1598,#1628,#1658,#1686,#1716,#1746,
    #1776,#1806,#1836,#1866,#1894,#1924,#1954,#1984,#2014));
#1210 = ORIENTED_EDGE('',*,*,#1211,.T.);
#1211 = EDGE_CURVE('',#1212,#1214,#1216,.T.);
#1212 = VERTEX_POINT('',#1213);
#1213 = CARTESIAN_POINT('',(-8.34765625,1.546875,3.));
#1214 = VERTEX_POINT('',#1215);
#1215 = CARTESIAN_POINT('',(-7.912109375,1.435546875,3.));
#1216 = SURFACE_CURVE('',#1217,(#1221,#1228),.PCURVE_S1.);
#1217 = B_SPLINE_CURVE_WITH_KNOTS('',2,(#1218,#1219,#1220),
  .UNSPECIFIED.,.F.,.F.,(3,3),(0.,1.),.PIECEWISE_BEZIER_KNOTS.);
#1218 = CARTESIAN_POINT('',(-8.34765625,1.546875,3.));
#1219 = CARTESIAN_POINT('',(-8.134765625,1.509765625,3.));
#1220 = CARTESIAN_POINT('',(-7.912109375,1.435546875,3.));
#1221 = PCURVE('',#126,#1222);
#1222 = DEFINITIONAL_REPRESENTATION('',(#1223),#1227);
#1223 = B_SPLINE_CURVE_WITH_KNOTS('',2,(#1224,#1225,#1226),
  .UNSPECIFIED.,.F.,.F.,(3,3),(0.,1.),.PIECEWISE_BEZIER_KNOTS.);
#1224 = CARTESIAN_POINT('',(21.65234375,16.546875));
#1225 = CARTESIAN_POINT('',(21.865234375,16.509765625));
#1226 = CARTESIAN_POINT('',(22.087890625,16.435546875));
#1227 = ( GEOMETRIC_REPRESENTATION_CONTEXT(2) 
PARAMETRIC_REPRESENTATION_CONTEXT() REPRESENTATION_CONTEXT('2D SPACE',''
  ) );
#1228 = PCURVE('',#1229,#1236);
#1229 = SURFACE_OF_LINEAR_EXTRUSION('',#1230,#1234);
#1230 = B_SPLINE_CURVE_WITH_KNOTS('',2,(#1231,#1232,#1233),
  .UNSPECIFIED.,.F.,.F.,(3,3),(0.,1.),.PIECEWISE_BEZIER_KNOTS.);
#1231 = CARTESIAN_POINT('',(-8.34765625,1.546875,2.65));
#1232 = CARTESIAN_POINT('',(-8.134765625,1.509765625,2.65));
#1233 = CARTESIAN_POINT('',(-7.912109375,1.435546875,2.65));
#1234 = VECTOR('',#1235,1.);
#1235 = DIRECTION('',(-0.,-0.,-1.));
#1236 = DEFINITIONAL_REPRESENTATION('',(#1237),#1241);
#1237 = LINE('',#1238,#1239);
#1238 = CARTESIAN_POINT('',(0.,-0.35));
#1239 = VECTOR('',#1240,1.);
#1240 = DIRECTION('',(1.,0.));
#1241 = ( GEOMETRIC_REPRESENTATION_CONTEXT(2) 
PARAMETRIC_REPRESENTATION_CONTEXT() REPRESENTATION_CONTEXT('2D SPACE',''
  ) );
#1242 = ORIENTED_EDGE('',*,*,#1243,.T.);
#1243 = EDGE_CURVE('',#1214,#1244,#1246,.T.);
#1244 = VERTEX_POINT('',#1245);
#1245 = CARTESIAN_POINT('',(-7.912109375,1.05078125,3.));
#1246 = SURFACE_CURVE('',#1247,(#1251,#1258),.PCURVE_S1.);
#1247 = LINE('',#1248,#1249);
#1248 = CARTESIAN_POINT('',(-7.912109375,1.435546875,3.));
#1249 = VECTOR('',#1250,1.);
#1250 = DIRECTION('',(0.,-1.,0.));
#1251 = PCURVE('',#126,#1252);
#1252 = DEFINITIONAL_REPRESENTATION('',(#1253),#1257);
#1253 = LINE('',#1254,#1255);
#1254 = CARTESIAN_POINT('',(22.087890625,16.435546875));
#1255 = VECTOR('',#1256,1.);
#1256 = DIRECTION('',(0.,-1.));
#1257 = ( GEOMETRIC_REPRESENTATION_CONTEXT(2) 
PARAMETRIC_REPRESENTATION_CONTEXT() REPRESENTATION_CONTEXT('2D SPACE',''
  ) );
#1258 = PCURVE('',#1259,#1264);
#1259 = PLANE('',#1260);
#1260 = AXIS2_PLACEMENT_3D('',#1261,#1262,#1263);
#1261 = CARTESIAN_POINT('',(-7.912109375,1.435546875,2.65));
#1262 = DIRECTION('',(1.,0.,0.));
#1263 = DIRECTION('',(0.,-1.,0.));
#1264 = DEFINITIONAL_REPRESENTATION('',(#1265),#1269);
#1265 = LINE('',#1266,#1267);
#1266 = CARTESIAN_POINT('',(0.,-0.35));
#1267 = VECTOR('',#1268,1.);
#1268 = DIRECTION('',(1.,0.));
#1269 = ( GEOMETRIC_REPRESENTATION_CONTEXT(2) 
PARAMETRIC_REPRESENTATION_CONTEXT() REPRESENTATION_CONTEXT('2D SPACE',''
  ) );
#1270 = ORIENTED_EDGE('',*,*,#1271,.T.);
#1271 = EDGE_CURVE('',#1244,#1272,#1274,.T.);
#1272 = VERTEX_POINT('',#1273);
#1273 = CARTESIAN_POINT('',(-8.3359375,1.2109375,3.));
#1274 = SURFACE_CURVE('',#1275,(#1279,#1286),.PCURVE_S1.);
#1275 = B_SPLINE_CURVE_WITH_KNOTS('',2,(#1276,#1277,#1278),
  .UNSPECIFIED.,.F.,.F.,(3,3),(0.,1.),.PIECEWISE_BEZIER_KNOTS.);
#1276 = CARTESIAN_POINT('',(-7.912109375,1.05078125,3.));
#1277 = CARTESIAN_POINT('',(-8.13671875,1.158203125,3.));
#1278 = CARTESIAN_POINT('',(-8.3359375,1.2109375,3.));
#1279 = PCURVE('',#126,#1280);
#1280 = DEFINITIONAL_REPRESENTATION('',(#1281),#1285);
#1281 = B_SPLINE_CURVE_WITH_KNOTS('',2,(#1282,#1283,#1284),
  .UNSPECIFIED.,.F.,.F.,(3,3),(0.,1.),.PIECEWISE_BEZIER_KNOTS.);
#1282 = CARTESIAN_POINT('',(22.087890625,16.05078125));
#1283 = CARTESIAN_POINT('',(21.86328125,16.158203125));
#1284 = CARTESIAN_POINT('',(21.6640625,16.2109375));
#1285 = ( GEOMETRIC_REPRESENTATION_CONTEXT(2) 
PARAMETRIC_REPRESENTATION_CONTEXT() REPRESENTATION_CONTEXT('2D SPACE',''
  ) );
#1286 = PCURVE('',#1287,#1294);
#1287 = SURFACE_OF_LINEAR_EXTRUSION('',#1288,#1292);
#1288 = B_SPLINE_CURVE_WITH_KNOTS('',2,(#1289,#1290,#1291),
  .UNSPECIFIED.,.F.,.F.,(3,3),(0.,1.),.PIECEWISE_BEZIER_KNOTS.);
#1289 = CARTESIAN_POINT('',(-7.912109375,1.05078125,2.65));
#1290 = CARTESIAN_POINT('',(-8.13671875,1.158203125,2.65));
#1291 = CARTESIAN_POINT('',(-8.3359375,1.2109375,2.65));
#1292 = VECTOR('',#1293,1.);
#1293 = DIRECTION('',(-0.,-0.,-1.));
#1294 = DEFINITIONAL_REPRESENTATION('',(#1295),#1299);
#1295 = LINE('',#1296,#1297);
#1296 = CARTESIAN_POINT('',(0.,-0.35));
#1297 = VECTOR('',#1298,1.);
#1298 = DIRECTION('',(1.,0.));
#1299 = ( GEOMETRIC_REPRESENTATION_CONTEXT(2) 
PARAMETRIC_REPRESENTATION_CONTEXT() REPRESENTATION_CONTEXT('2D SPACE',''
  ) );
#1300 = ORIENTED_EDGE('',*,*,#1301,.T.);
#1301 = EDGE_CURVE('',#1272,#1302,#1304,.T.);
#1302 = VERTEX_POINT('',#1303);
#1303 = CARTESIAN_POINT('',(-8.720703125,1.263671875,3.));
#1304 = SURFACE_CURVE('',#1305,(#1309,#1316),.PCURVE_S1.);
#1305 = B_SPLINE_CURVE_WITH_KNOTS('',2,(#1306,#1307,#1308),
  .UNSPECIFIED.,.F.,.F.,(3,3),(0.,1.),.PIECEWISE_BEZIER_KNOTS.);
#1306 = CARTESIAN_POINT('',(-8.3359375,1.2109375,3.));
#1307 = CARTESIAN_POINT('',(-8.53515625,1.263671875,3.));
#1308 = CARTESIAN_POINT('',(-8.720703125,1.263671875,3.));
#1309 = PCURVE('',#126,#1310);
#1310 = DEFINITIONAL_REPRESENTATION('',(#1311),#1315);
#1311 = B_SPLINE_CURVE_WITH_KNOTS('',2,(#1312,#1313,#1314),
  .UNSPECIFIED.,.F.,.F.,(3,3),(0.,1.),.PIECEWISE_BEZIER_KNOTS.);
#1312 = CARTESIAN_POINT('',(21.6640625,16.2109375));
#1313 = CARTESIAN_POINT('',(21.46484375,16.263671875));
#1314 = CARTESIAN_POINT('',(21.279296875,16.263671875));
#1315 = ( GEOMETRIC_REPRESENTATION_CONTEXT(2) 
PARAMETRIC_REPRESENTATION_CONTEXT() REPRESENTATION_CONTEXT('2D SPACE',''
  ) );
#1316 = PCURVE('',#1317,#1324);
#1317 = SURFACE_OF_LINEAR_EXTRUSION('',#1318,#1322);
#1318 = B_SPLINE_CURVE_WITH_KNOTS('',2,(#1319,#1320,#1321),
  .UNSPECIFIED.,.F.,.F.,(3,3),(0.,1.),.PIECEWISE_BEZIER_KNOTS.);
#1319 = CARTESIAN_POINT('',(-8.3359375,1.2109375,2.65));
#1320 = CARTESIAN_POINT('',(-8.53515625,1.263671875,2.65));
#1321 = CARTESIAN_POINT('',(-8.720703125,1.263671875,2.65));
#1322 = VECTOR('',#1323,1.);
#1323 = DIRECTION('',(-0.,-0.,-1.));
#1324 = DEFINITIONAL_REPRESENTATION('',(#1325),#1329);
#1325 = LINE('',#1326,#1327);
#1326 = CARTESIAN_POINT('',(0.,-0.35));
#1327 = VECTOR('',#1328,1.);
#1328 = DIRECTION('',(1.,0.));
#1329 = ( GEOMETRIC_REPRESENTATION_CONTEXT(2) 
PARAMETRIC_REPRESENTATION_CONTEXT() REPRESENTATION_CONTEXT('2D SPACE',''
  ) );
#1330 = ORIENTED_EDGE('',*,*,#1331,.T.);
#1331 = EDGE_CURVE('',#1302,#1332,#1334,.T.);
#1332 = VERTEX_POINT('',#1333);
#1333 = CARTESIAN_POINT('',(-9.2177734375,1.138671875,3.));
#1334 = SURFACE_CURVE('',#1335,(#1339,#1346),.PCURVE_S1.);
#1335 = B_SPLINE_CURVE_WITH_KNOTS('',2,(#1336,#1337,#1338),
  .UNSPECIFIED.,.F.,.F.,(3,3),(0.,1.),.PIECEWISE_BEZIER_KNOTS.);
#1336 = CARTESIAN_POINT('',(-8.720703125,1.263671875,3.));
#1337 = CARTESIAN_POINT('',(-9.04296875,1.263671875,3.));
#1338 = CARTESIAN_POINT('',(-9.2177734375,1.138671875,3.));
#1339 = PCURVE('',#126,#1340);
#1340 = DEFINITIONAL_REPRESENTATION('',(#1341),#1345);
#1341 = B_SPLINE_CURVE_WITH_KNOTS('',2,(#1342,#1343,#1344),
  .UNSPECIFIED.,.F.,.F.,(3,3),(0.,1.),.PIECEWISE_BEZIER_KNOTS.);
#1342 = CARTESIAN_POINT('',(21.279296875,16.263671875));
#1343 = CARTESIAN_POINT('',(20.95703125,16.263671875));
#1344 = CARTESIAN_POINT('',(20.7822265625,16.138671875));
#1345 = ( GEOMETRIC_REPRESENTATION_CONTEXT(2) 
PARAMETRIC_REPRESENTATION_CONTEXT() REPRESENTATION_CONTEXT('2D SPACE',''
  ) );
#1346 = PCURVE('',#1347,#1354);
#1347 = SURFACE_OF_LINEAR_EXTRUSION('',#1348,#1352);
#1348 = B_SPLINE_CURVE_WITH_KNOTS('',2,(#1349,#1350,#1351),
  .UNSPECIFIED.,.F.,.F.,(3,3),(0.,1.),.PIECEWISE_BEZIER_KNOTS.);
#1349 = CARTESIAN_POINT('',(-8.720703125,1.263671875,2.65));
#1350 = CARTESIAN_POINT('',(-9.04296875,1.263671875,2.65));
#1351 = CARTESIAN_POINT('',(-9.2177734375,1.138671875,2.65));
#1352 = VECTOR('',#1353,1.);
#1353 = DIRECTION('',(-0.,-0.,-1.));
#1354 = DEFINITIONAL_REPRESENTATION('',(#1355),#1359);
#1355 = LINE('',#1356,#1357);
#1356 = CARTESIAN_POINT('',(0.,-0.35));
#1357 = VECTOR('',#1358,1.);
#1358 = DIRECTION('',(1.,0.));
#1359 = ( GEOMETRIC_REPRESENTATION_CONTEXT(2) 
PARAMETRIC_REPRESENTATION_CONTEXT() REPRESENTATION_CONTEXT('2D SPACE',''
  ) );
#1360 = ORIENTED_EDGE('',*,*,#1361,.T.);
#1361 = EDGE_CURVE('',#1332,#1362,#1364,.T.);
#1362 = VERTEX_POINT('',#1363);
#1363 = CARTESIAN_POINT('',(-9.392578125,0.783203125,3.));
#1364 = SURFACE_CURVE('',#1365,(#1369,#1376),.PCURVE_S1.);
#1365 = B_SPLINE_CURVE_WITH_KNOTS('',2,(#1366,#1367,#1368),
  .UNSPECIFIED.,.F.,.F.,(3,3),(0.,1.),.PIECEWISE_BEZIER_KNOTS.);
#1366 = CARTESIAN_POINT('',(-9.2177734375,1.138671875,3.));
#1367 = CARTESIAN_POINT('',(-9.392578125,1.013671875,3.));
#1368 = CARTESIAN_POINT('',(-9.392578125,0.783203125,3.));
#1369 = PCURVE('',#126,#1370);
#1370 = DEFINITIONAL_REPRESENTATION('',(#1371),#1375);
#1371 = B_SPLINE_CURVE_WITH_KNOTS('',2,(#1372,#1373,#1374),
  .UNSPECIFIED.,.F.,.F.,(3,3),(0.,1.),.PIECEWISE_BEZIER_KNOTS.);
#1372 = CARTESIAN_POINT('',(20.7822265625,16.138671875));
#1373 = CARTESIAN_POINT('',(20.607421875,16.013671875));
#1374 = CARTESIAN_POINT('',(20.607421875,15.783203125));
#1375 = ( GEOMETRIC_REPRESENTATION_CONTEXT(2) 
PARAMETRIC_REPRESENTATION_CONTEXT() REPRESENTATION_CONTEXT('2D SPACE',''
  ) );
#1376 = PCURVE('',#1377,#1384);
#1377 = SURFACE_OF_LINEAR_EXTRUSION('',#1378,#1382);
#1378 = B_SPLINE_CURVE_WITH_KNOTS('',2,(#1379,#1380,#1381),
  .UNSPECIFIED.,.F.,.F.,(3,3),(0.,1.),.PIECEWISE_BEZIER_KNOTS.);
#1379 = CARTESIAN_POINT('',(-9.2177734375,1.138671875,2.65));
#1380 = CARTESIAN_POINT('',(-9.392578125,1.013671875,2.65));
#1381 = CARTESIAN_POINT('',(-9.392578125,0.783203125,2.65));
#1382 = VECTOR('',#1383,1.);
#1383 = DIRECTION('',(-0.,-0.,-1.));
#1384 = DEFINITIONAL_REPRESENTATION('',(#1385),#1389);
#1385 = LINE('',#1386,#1387);
#1386 = CARTESIAN_POINT('',(0.,-0.35));
#1387 = VECTOR('',#1388,1.);
#1388 = DIRECTION('',(1.,0.));
#1389 = ( GEOMETRIC_REPRESENTATION_CONTEXT(2) 
PARAMETRIC_REPRESENTATION_CONTEXT() REPRESENTATION_CONTEXT('2D SPACE',''
  ) );
#1390 = ORIENTED_EDGE('',*,*,#1391,.T.);
#1391 = EDGE_CURVE('',#1362,#1392,#1394,.T.);
#1392 = VERTEX_POINT('',#1393);
#1393 = CARTESIAN_POINT('',(-9.2763671875,0.4912109375,3.));
#1394 = SURFACE_CURVE('',#1395,(#1399,#1406),.PCURVE_S1.);
#1395 = B_SPLINE_CURVE_WITH_KNOTS('',2,(#1396,#1397,#1398),
  .UNSPECIFIED.,.F.,.F.,(3,3),(0.,1.),.PIECEWISE_BEZIER_KNOTS.);
#1396 = CARTESIAN_POINT('',(-9.392578125,0.783203125,3.));
#1397 = CARTESIAN_POINT('',(-9.392578125,0.58984375,3.));
#1398 = CARTESIAN_POINT('',(-9.2763671875,0.4912109375,3.));
#1399 = PCURVE('',#126,#1400);
#1400 = DEFINITIONAL_REPRESENTATION('',(#1401),#1405);
#1401 = B_SPLINE_CURVE_WITH_KNOTS('',2,(#1402,#1403,#1404),
  .UNSPECIFIED.,.F.,.F.,(3,3),(0.,1.),.PIECEWISE_BEZIER_KNOTS.);
#1402 = CARTESIAN_POINT('',(20.607421875,15.783203125));
#1403 = CARTESIAN_POINT('',(20.607421875,15.58984375));
#1404 = CARTESIAN_POINT('',(20.7236328125,15.4912109375));
#1405 = ( GEOMETRIC_REPRESENTATION_CONTEXT(2) 
PARAMETRIC_REPRESENTATION_CONTEXT() REPRESENTATION_CONTEXT('2D SPACE',''
  ) );
#1406 = PCURVE('',#1407,#1414);
#1407 = SURFACE_OF_LINEAR_EXTRUSION('',#1408,#1412);
#1408 = B_SPLINE_CURVE_WITH_KNOTS('',2,(#1409,#1410,#1411),
  .UNSPECIFIED.,.F.,.F.,(3,3),(0.,1.),.PIECEWISE_BEZIER_KNOTS.);
#1409 = CARTESIAN_POINT('',(-9.392578125,0.783203125,2.65));
#1410 = CARTESIAN_POINT('',(-9.392578125,0.58984375,2.65));
#1411 = CARTESIAN_POINT('',(-9.2763671875,0.4912109375,2.65));
#1412 = VECTOR('',#1413,1.);
#1413 = DIRECTION('',(-0.,-0.,-1.));
#1414 = DEFINITIONAL_REPRESENTATION('',(#1415),#1419);
#1415 = LINE('',#1416,#1417);
#1416 = CARTESIAN_POINT('',(0.,-0.35));
#1417 = VECTOR('',#1418,1.);
#1418 = DIRECTION('',(1.,0.));
#1419 = ( GEOMETRIC_REPRESENTATION_CONTEXT(2) 
PARAMETRIC_REPRESENTATION_CONTEXT() REPRESENTATION_CONTEXT('2D SPACE',''
  ) );
#1420 = ORIENTED_EDGE('',*,*,#1421,.T.);
#1421 = EDGE_CURVE('',#1392,#1422,#1424,.T.);
#1422 = VERTEX_POINT('',#1423);
#1423 = CARTESIAN_POINT('',(-8.8359375,0.33203125,3.));
#1424 = SURFACE_CURVE('',#1425,(#1429,#1436),.PCURVE_S1.);
#1425 = B_SPLINE_CURVE_WITH_KNOTS('',2,(#1426,#1427,#1428),
  .UNSPECIFIED.,.F.,.F.,(3,3),(0.,1.),.PIECEWISE_BEZIER_KNOTS.);
#1426 = CARTESIAN_POINT('',(-9.2763671875,0.4912109375,3.));
#1427 = CARTESIAN_POINT('',(-9.16015625,0.392578125,3.));
#1428 = CARTESIAN_POINT('',(-8.8359375,0.33203125,3.));
#1429 = PCURVE('',#126,#1430);
#1430 = DEFINITIONAL_REPRESENTATION('',(#1431),#1435);
#1431 = B_SPLINE_CURVE_WITH_KNOTS('',2,(#1432,#1433,#1434),
  .UNSPECIFIED.,.F.,.F.,(3,3),(0.,1.),.PIECEWISE_BEZIER_KNOTS.);
#1432 = CARTESIAN_POINT('',(20.7236328125,15.4912109375));
#1433 = CARTESIAN_POINT('',(20.83984375,15.392578125));
#1434 = CARTESIAN_POINT('',(21.1640625,15.33203125));
#1435 = ( GEOMETRIC_REPRESENTATION_CONTEXT(2) 
PARAMETRIC_REPRESENTATION_CONTEXT() REPRESENTATION_CONTEXT('2D SPACE',''
  ) );
#1436 = PCURVE('',#1437,#1444);
#1437 = SURFACE_OF_LINEAR_EXTRUSION('',#1438,#1442);
#1438 = B_SPLINE_CURVE_WITH_KNOTS('',2,(#1439,#1440,#1441),
  .UNSPECIFIED.,.F.,.F.,(3,3),(0.,1.),.PIECEWISE_BEZIER_KNOTS.);
#1439 = CARTESIAN_POINT('',(-9.2763671875,0.4912109375,2.65));
#1440 = CARTESIAN_POINT('',(-9.16015625,0.392578125,2.65));
#1441 = CARTESIAN_POINT('',(-8.8359375,0.33203125,2.65));
#1442 = VECTOR('',#1443,1.);
#1443 = DIRECTION('',(-0.,-0.,-1.));
#1444 = DEFINITIONAL_REPRESENTATION('',(#1445),#1449);
#1445 = LINE('',#1446,#1447);
#1446 = CARTESIAN_POINT('',(0.,-0.35));
#1447 = VECTOR('',#1448,1.);
#1448 = DIRECTION('',(1.,0.));
#1449 = ( GEOMETRIC_REPRESENTATION_CONTEXT(2) 
PARAMETRIC_REPRESENTATION_CONTEXT() REPRESENTATION_CONTEXT('2D SPACE',''
  ) );
#1450 = ORIENTED_EDGE('',*,*,#1451,.T.);
#1451 = EDGE_CURVE('',#1422,#1452,#1454,.T.);
#1452 = VERTEX_POINT('',#1453);
#1453 = CARTESIAN_POINT('',(-8.59765625,0.283203125,3.));
#1454 = SURFACE_CURVE('',#1455,(#1459,#1466),.PCURVE_S1.);
#1455 = LINE('',#1456,#1457);
#1456 = CARTESIAN_POINT('',(-8.8359375,0.33203125,3.));
#1457 = VECTOR('',#1458,1.);
#1458 = DIRECTION('',(0.97964320999,-0.200746559424,0.));
#1459 = PCURVE('',#126,#1460);
#1460 = DEFINITIONAL_REPRESENTATION('',(#1461),#1465);
#1461 = LINE('',#1462,#1463);
#1462 = CARTESIAN_POINT('',(21.1640625,15.33203125));
#1463 = VECTOR('',#1464,1.);
#1464 = DIRECTION('',(0.97964320999,-0.200746559424));
#1465 = ( GEOMETRIC_REPRESENTATION_CONTEXT(2) 
PARAMETRIC_REPRESENTATION_CONTEXT() REPRESENTATION_CONTEXT('2D SPACE',''
  ) );
#1466 = PCURVE('',#1467,#1472);
#1467 = PLANE('',#1468);
#1468 = AXIS2_PLACEMENT_3D('',#1469,#1470,#1471);
#1469 = CARTESIAN_POINT('',(-8.8359375,0.33203125,2.65));
#1470 = DIRECTION('',(0.200746559424,0.97964320999,0.));
#1471 = DIRECTION('',(0.97964320999,-0.200746559424,0.));
#1472 = DEFINITIONAL_REPRESENTATION('',(#1473),#1477);
#1473 = LINE('',#1474,#1475);
#1474 = CARTESIAN_POINT('',(0.,-0.35));
#1475 = VECTOR('',#1476,1.);
#1476 = DIRECTION('',(1.,0.));
#1477 = ( GEOMETRIC_REPRESENTATION_CONTEXT(2) 
PARAMETRIC_REPRESENTATION_CONTEXT() REPRESENTATION_CONTEXT('2D SPACE',''
  ) );
#1478 = ORIENTED_EDGE('',*,*,#1479,.T.);
#1479 = EDGE_CURVE('',#1452,#1480,#1482,.T.);
#1480 = VERTEX_POINT('',#1481);
#1481 = CARTESIAN_POINT('',(-7.9462890625,-1.26953125E-02,3.));
#1482 = SURFACE_CURVE('',#1483,(#1487,#1494),.PCURVE_S1.);
#1483 = B_SPLINE_CURVE_WITH_KNOTS('',2,(#1484,#1485,#1486),
  .UNSPECIFIED.,.F.,.F.,(3,3),(0.,1.),.PIECEWISE_BEZIER_KNOTS.);
#1484 = CARTESIAN_POINT('',(-8.59765625,0.283203125,3.));
#1485 = CARTESIAN_POINT('',(-8.15625,0.19921875,3.));
#1486 = CARTESIAN_POINT('',(-7.9462890625,-1.26953125E-02,3.));
#1487 = PCURVE('',#126,#1488);
#1488 = DEFINITIONAL_REPRESENTATION('',(#1489),#1493);
#1489 = B_SPLINE_CURVE_WITH_KNOTS('',2,(#1490,#1491,#1492),
  .UNSPECIFIED.,.F.,.F.,(3,3),(0.,1.),.PIECEWISE_BEZIER_KNOTS.);
#1490 = CARTESIAN_POINT('',(21.40234375,15.283203125));
#1491 = CARTESIAN_POINT('',(21.84375,15.19921875));
#1492 = CARTESIAN_POINT('',(22.0537109375,14.9873046875));
#1493 = ( GEOMETRIC_REPRESENTATION_CONTEXT(2) 
PARAMETRIC_REPRESENTATION_CONTEXT() REPRESENTATION_CONTEXT('2D SPACE',''
  ) );
#1494 = PCURVE('',#1495,#1502);
#1495 = SURFACE_OF_LINEAR_EXTRUSION('',#1496,#1500);
#1496 = B_SPLINE_CURVE_WITH_KNOTS('',2,(#1497,#1498,#1499),
  .UNSPECIFIED.,.F.,.F.,(3,3),(0.,1.),.PIECEWISE_BEZIER_KNOTS.);
#1497 = CARTESIAN_POINT('',(-8.59765625,0.283203125,2.65));
#1498 = CARTESIAN_POINT('',(-8.15625,0.19921875,2.65));
#1499 = CARTESIAN_POINT('',(-7.9462890625,-1.26953125E-02,2.65));
#1500 = VECTOR('',#1501,1.);
#1501 = DIRECTION('',(-0.,-0.,-1.));
#1502 = DEFINITIONAL_REPRESENTATION('',(#1503),#1507);
#1503 = LINE('',#1504,#1505);
#1504 = CARTESIAN_POINT('',(0.,-0.35));
#1505 = VECTOR('',#1506,1.);
#1506 = DIRECTION('',(1.,0.));
#1507 = ( GEOMETRIC_REPRESENTATION_CONTEXT(2) 
PARAMETRIC_REPRESENTATION_CONTEXT() REPRESENTATION_CONTEXT('2D SPACE',''
  ) );
#1508 = ORIENTED_EDGE('',*,*,#1509,.T.);
#1509 = EDGE_CURVE('',#1480,#1510,#1512,.T.);
#1510 = VERTEX_POINT('',#1511);
#1511 = CARTESIAN_POINT('',(-7.736328125,-0.580078125,3.));
#1512 = SURFACE_CURVE('',#1513,(#1517,#1524),.PCURVE_S1.);
#1513 = B_SPLINE_CURVE_WITH_KNOTS('',2,(#1514,#1515,#1516),
  .UNSPECIFIED.,.F.,.F.,(3,3),(0.,1.),.PIECEWISE_BEZIER_KNOTS.);
#1514 = CARTESIAN_POINT('',(-7.9462890625,-1.26953125E-02,3.));
#1515 = CARTESIAN_POINT('',(-7.736328125,-0.224609375,3.));
#1516 = CARTESIAN_POINT('',(-7.736328125,-0.580078125,3.));
#1517 = PCURVE('',#126,#1518);
#1518 = DEFINITIONAL_REPRESENTATION('',(#1519),#1523);
#1519 = B_SPLINE_CURVE_WITH_KNOTS('',2,(#1520,#1521,#1522),
  .UNSPECIFIED.,.F.,.F.,(3,3),(0.,1.),.PIECEWISE_BEZIER_KNOTS.);
#1520 = CARTESIAN_POINT('',(22.0537109375,14.9873046875));
#1521 = CARTESIAN_POINT('',(22.263671875,14.775390625));
#1522 = CARTESIAN_POINT('',(22.263671875,14.419921875));
#1523 = ( GEOMETRIC_REPRESENTATION_CONTEXT(2) 
PARAMETRIC_REPRESENTATION_CONTEXT() REPRESENTATION_CONTEXT('2D SPACE',''
  ) );
#1524 = PCURVE('',#1525,#1532);
#1525 = SURFACE_OF_LINEAR_EXTRUSION('',#1526,#1530);
#1526 = B_SPLINE_CURVE_WITH_KNOTS('',2,(#1527,#1528,#1529),
  .UNSPECIFIED.,.F.,.F.,(3,3),(0.,1.),.PIECEWISE_BEZIER_KNOTS.);
#1527 = CARTESIAN_POINT('',(-7.9462890625,-1.26953125E-02,2.65));
#1528 = CARTESIAN_POINT('',(-7.736328125,-0.224609375,2.65));
#1529 = CARTESIAN_POINT('',(-7.736328125,-0.580078125,2.65));
#1530 = VECTOR('',#1531,1.);
#1531 = DIRECTION('',(-0.,-0.,-1.));
#1532 = DEFINITIONAL_REPRESENTATION('',(#1533),#1537);
#1533 = LINE('',#1534,#1535);
#1534 = CARTESIAN_POINT('',(0.,-0.35));
#1535 = VECTOR('',#1536,1.);
#1536 = DIRECTION('',(1.,0.));
#1537 = ( GEOMETRIC_REPRESENTATION_CONTEXT(2) 
PARAMETRIC_REPRESENTATION_CONTEXT() REPRESENTATION_CONTEXT('2D SPACE',''
  ) );
#1538 = ORIENTED_EDGE('',*,*,#1539,.T.);
#1539 = EDGE_CURVE('',#1510,#1540,#1542,.T.);
#1540 = VERTEX_POINT('',#1541);
#1541 = CARTESIAN_POINT('',(-8.0205078125,-1.22265625,3.));
#1542 = SURFACE_CURVE('',#1543,(#1547,#1554),.PCURVE_S1.);
#1543 = B_SPLINE_CURVE_WITH_KNOTS('',2,(#1544,#1545,#1546),
  .UNSPECIFIED.,.F.,.F.,(3,3),(0.,1.),.PIECEWISE_BEZIER_KNOTS.);
#1544 = CARTESIAN_POINT('',(-7.736328125,-0.580078125,3.));
#1545 = CARTESIAN_POINT('',(-7.736328125,-1.00390625,3.));
#1546 = CARTESIAN_POINT('',(-8.0205078125,-1.22265625,3.));
#1547 = PCURVE('',#126,#1548);
#1548 = DEFINITIONAL_REPRESENTATION('',(#1549),#1553);
#1549 = B_SPLINE_CURVE_WITH_KNOTS('',2,(#1550,#1551,#1552),
  .UNSPECIFIED.,.F.,.F.,(3,3),(0.,1.),.PIECEWISE_BEZIER_KNOTS.);
#1550 = CARTESIAN_POINT('',(22.263671875,14.419921875));
#1551 = CARTESIAN_POINT('',(22.263671875,13.99609375));
#1552 = CARTESIAN_POINT('',(21.9794921875,13.77734375));
#1553 = ( GEOMETRIC_REPRESENTATION_CONTEXT(2) 
PARAMETRIC_REPRESENTATION_CONTEXT() REPRESENTATION_CONTEXT('2D SPACE',''
  ) );
#1554 = PCURVE('',#1555,#1562);
#1555 = SURFACE_OF_LINEAR_EXTRUSION('',#1556,#1560);
#1556 = B_SPLINE_CURVE_WITH_KNOTS('',2,(#1557,#1558,#1559),
  .UNSPECIFIED.,.F.,.F.,(3,3),(0.,1.),.PIECEWISE_BEZIER_KNOTS.);
#1557 = CARTESIAN_POINT('',(-7.736328125,-0.580078125,2.65));
#1558 = CARTESIAN_POINT('',(-7.736328125,-1.00390625,2.65));
#1559 = CARTESIAN_POINT('',(-8.0205078125,-1.22265625,2.65));
#1560 = VECTOR('',#1561,1.);
#1561 = DIRECTION('',(-0.,-0.,-1.));
#1562 = DEFINITIONAL_REPRESENTATION('',(#1563),#1567);
#1563 = LINE('',#1564,#1565);
#1564 = CARTESIAN_POINT('',(0.,-0.35));
#1565 = VECTOR('',#1566,1.);
#1566 = DIRECTION('',(1.,0.));
#1567 = ( GEOMETRIC_REPRESENTATION_CONTEXT(2) 
PARAMETRIC_REPRESENTATION_CONTEXT() REPRESENTATION_CONTEXT('2D SPACE',''
  ) );
#1568 = ORIENTED_EDGE('',*,*,#1569,.T.);
#1569 = EDGE_CURVE('',#1540,#1570,#1572,.T.);
#1570 = VERTEX_POINT('',#1571);
#1571 = CARTESIAN_POINT('',(-8.853515625,-1.44140625,3.));
#1572 = SURFACE_CURVE('',#1573,(#1577,#1584),.PCURVE_S1.);
#1573 = B_SPLINE_CURVE_WITH_KNOTS('',2,(#1574,#1575,#1576),
  .UNSPECIFIED.,.F.,.F.,(3,3),(0.,1.),.PIECEWISE_BEZIER_KNOTS.);
#1574 = CARTESIAN_POINT('',(-8.0205078125,-1.22265625,3.));
#1575 = CARTESIAN_POINT('',(-8.3046875,-1.44140625,3.));
#1576 = CARTESIAN_POINT('',(-8.853515625,-1.44140625,3.));
#1577 = PCURVE('',#126,#1578);
#1578 = DEFINITIONAL_REPRESENTATION('',(#1579),#1583);
#1579 = B_SPLINE_CURVE_WITH_KNOTS('',2,(#1580,#1581,#1582),
  .UNSPECIFIED.,.F.,.F.,(3,3),(0.,1.),.PIECEWISE_BEZIER_KNOTS.);
#1580 = CARTESIAN_POINT('',(21.9794921875,13.77734375));
#1581 = CARTESIAN_POINT('',(21.6953125,13.55859375));
#1582 = CARTESIAN_POINT('',(21.146484375,13.55859375));
#1583 = ( GEOMETRIC_REPRESENTATION_CONTEXT(2) 
PARAMETRIC_REPRESENTATION_CONTEXT() REPRESENTATION_CONTEXT('2D SPACE',''
  ) );
#1584 = PCURVE('',#1585,#1592);
#1585 = SURFACE_OF_LINEAR_EXTRUSION('',#1586,#1590);
#1586 = B_SPLINE_CURVE_WITH_KNOTS('',2,(#1587,#1588,#1589),
  .UNSPECIFIED.,.F.,.F.,(3,3),(0.,1.),.PIECEWISE_BEZIER_KNOTS.);
#1587 = CARTESIAN_POINT('',(-8.0205078125,-1.22265625,2.65));
#1588 = CARTESIAN_POINT('',(-8.3046875,-1.44140625,2.65));
#1589 = CARTESIAN_POINT('',(-8.853515625,-1.44140625,2.65));
#1590 = VECTOR('',#1591,1.);
#1591 = DIRECTION('',(-0.,-0.,-1.));
#1592 = DEFINITIONAL_REPRESENTATION('',(#1593),#1597);
#1593 = LINE('',#1594,#1595);
#1594 = CARTESIAN_POINT('',(0.,-0.35));
#1595 = VECTOR('',#1596,1.);
#1596 = DIRECTION('',(1.,0.));
#1597 = ( GEOMETRIC_REPRESENTATION_CONTEXT(2) 
PARAMETRIC_REPRESENTATION_CONTEXT() REPRESENTATION_CONTEXT('2D SPACE',''
  ) );
#1598 = ORIENTED_EDGE('',*,*,#1599,.T.);
#1599 = EDGE_CURVE('',#1570,#1600,#1602,.T.);
#1600 = VERTEX_POINT('',#1601);
#1601 = CARTESIAN_POINT('',(-9.2939453125,-1.39453125,3.));
#1602 = SURFACE_CURVE('',#1603,(#1607,#1614),.PCURVE_S1.);
#1603 = B_SPLINE_CURVE_WITH_KNOTS('',2,(#1604,#1605,#1606),
  .UNSPECIFIED.,.F.,.F.,(3,3),(0.,1.),.PIECEWISE_BEZIER_KNOTS.);
#1604 = CARTESIAN_POINT('',(-8.853515625,-1.44140625,3.));
#1605 = CARTESIAN_POINT('',(-9.060546875,-1.44140625,3.));
#1606 = CARTESIAN_POINT('',(-9.2939453125,-1.39453125,3.));
#1607 = PCURVE('',#126,#1608);
#1608 = DEFINITIONAL_REPRESENTATION('',(#1609),#1613);
#1609 = B_SPLINE_CURVE_WITH_KNOTS('',2,(#1610,#1611,#1612),
  .UNSPECIFIED.,.F.,.F.,(3,3),(0.,1.),.PIECEWISE_BEZIER_KNOTS.);
#1610 = CARTESIAN_POINT('',(21.146484375,13.55859375));
#1611 = CARTESIAN_POINT('',(20.939453125,13.55859375));
#1612 = CARTESIAN_POINT('',(20.7060546875,13.60546875));
#1613 = ( GEOMETRIC_REPRESENTATION_CONTEXT(2) 
PARAMETRIC_REPRESENTATION_CONTEXT() REPRESENTATION_CONTEXT('2D SPACE',''
  ) );
#1614 = PCURVE('',#1615,#1622);
#1615 = SURFACE_OF_LINEAR_EXTRUSION('',#1616,#1620);
#1616 = B_SPLINE_CURVE_WITH_KNOTS('',2,(#1617,#1618,#1619),
  .UNSPECIFIED.,.F.,.F.,(3,3),(0.,1.),.PIECEWISE_BEZIER_KNOTS.);
#1617 = CARTESIAN_POINT('',(-8.853515625,-1.44140625,2.65));
#1618 = CARTESIAN_POINT('',(-9.060546875,-1.44140625,2.65));
#1619 = CARTESIAN_POINT('',(-9.2939453125,-1.39453125,2.65));
#1620 = VECTOR('',#1621,1.);
#1621 = DIRECTION('',(-0.,-0.,-1.));
#1622 = DEFINITIONAL_REPRESENTATION('',(#1623),#1627);
#1623 = LINE('',#1624,#1625);
#1624 = CARTESIAN_POINT('',(0.,-0.35));
#1625 = VECTOR('',#1626,1.);
#1626 = DIRECTION('',(1.,0.));
#1627 = ( GEOMETRIC_REPRESENTATION_CONTEXT(2) 
PARAMETRIC_REPRESENTATION_CONTEXT() REPRESENTATION_CONTEXT('2D SPACE',''
  ) );
#1628 = ORIENTED_EDGE('',*,*,#1629,.T.);
#1629 = EDGE_CURVE('',#1600,#1630,#1632,.T.);
#1630 = VERTEX_POINT('',#1631);
#1631 = CARTESIAN_POINT('',(-9.77734375,-1.255859375,3.));
#1632 = SURFACE_CURVE('',#1633,(#1637,#1644),.PCURVE_S1.);
#1633 = B_SPLINE_CURVE_WITH_KNOTS('',2,(#1634,#1635,#1636),
  .UNSPECIFIED.,.F.,.F.,(3,3),(0.,1.),.PIECEWISE_BEZIER_KNOTS.);
#1634 = CARTESIAN_POINT('',(-9.2939453125,-1.39453125,3.));
#1635 = CARTESIAN_POINT('',(-9.52734375,-1.34765625,3.));
#1636 = CARTESIAN_POINT('',(-9.77734375,-1.255859375,3.));
#1637 = PCURVE('',#126,#1638);
#1638 = DEFINITIONAL_REPRESENTATION('',(#1639),#1643);
#1639 = B_SPLINE_CURVE_WITH_KNOTS('',2,(#1640,#1641,#1642),
  .UNSPECIFIED.,.F.,.F.,(3,3),(0.,1.),.PIECEWISE_BEZIER_KNOTS.);
#1640 = CARTESIAN_POINT('',(20.7060546875,13.60546875));
#1641 = CARTESIAN_POINT('',(20.47265625,13.65234375));
#1642 = CARTESIAN_POINT('',(20.22265625,13.744140625));
#1643 = ( GEOMETRIC_REPRESENTATION_CONTEXT(2) 
PARAMETRIC_REPRESENTATION_CONTEXT() REPRESENTATION_CONTEXT('2D SPACE',''
  ) );
#1644 = PCURVE('',#1645,#1652);
#1645 = SURFACE_OF_LINEAR_EXTRUSION('',#1646,#1650);
#1646 = B_SPLINE_CURVE_WITH_KNOTS('',2,(#1647,#1648,#1649),
  .UNSPECIFIED.,.F.,.F.,(3,3),(0.,1.),.PIECEWISE_BEZIER_KNOTS.);
#1647 = CARTESIAN_POINT('',(-9.2939453125,-1.39453125,2.65));
#1648 = CARTESIAN_POINT('',(-9.52734375,-1.34765625,2.65));
#1649 = CARTESIAN_POINT('',(-9.77734375,-1.255859375,2.65));
#1650 = VECTOR('',#1651,1.);
#1651 = DIRECTION('',(-0.,-0.,-1.));
#1652 = DEFINITIONAL_REPRESENTATION('',(#1653),#1657);
#1653 = LINE('',#1654,#1655);
#1654 = CARTESIAN_POINT('',(0.,-0.35));
#1655 = VECTOR('',#1656,1.);
#1656 = DIRECTION('',(1.,0.));
#1657 = ( GEOMETRIC_REPRESENTATION_CONTEXT(2) 
PARAMETRIC_REPRESENTATION_CONTEXT() REPRESENTATION_CONTEXT('2D SPACE',''
  ) );
#1658 = ORIENTED_EDGE('',*,*,#1659,.T.);
#1659 = EDGE_CURVE('',#1630,#1660,#1662,.T.);
#1660 = VERTEX_POINT('',#1661);
#1661 = CARTESIAN_POINT('',(-9.77734375,-0.849609375,3.));
#1662 = SURFACE_CURVE('',#1663,(#1667,#1674),.PCURVE_S1.);
#1663 = LINE('',#1664,#1665);
#1664 = CARTESIAN_POINT('',(-9.77734375,-1.255859375,3.));
#1665 = VECTOR('',#1666,1.);
#1666 = DIRECTION('',(0.,1.,0.));
#1667 = PCURVE('',#126,#1668);
#1668 = DEFINITIONAL_REPRESENTATION('',(#1669),#1673);
#1669 = LINE('',#1670,#1671);
#1670 = CARTESIAN_POINT('',(20.22265625,13.744140625));
#1671 = VECTOR('',#1672,1.);
#1672 = DIRECTION('',(0.,1.));
#1673 = ( GEOMETRIC_REPRESENTATION_CONTEXT(2) 
PARAMETRIC_REPRESENTATION_CONTEXT() REPRESENTATION_CONTEXT('2D SPACE',''
  ) );
#1674 = PCURVE('',#1675,#1680);
#1675 = PLANE('',#1676);
#1676 = AXIS2_PLACEMENT_3D('',#1677,#1678,#1679);
#1677 = CARTESIAN_POINT('',(-9.77734375,-1.255859375,2.65));
#1678 = DIRECTION('',(-1.,0.,0.));
#1679 = DIRECTION('',(0.,1.,0.));
#1680 = DEFINITIONAL_REPRESENTATION('',(#1681),#1685);
#1681 = LINE('',#1682,#1683);
#1682 = CARTESIAN_POINT('',(0.,-0.35));
#1683 = VECTOR('',#1684,1.);
#1684 = DIRECTION('',(1.,0.));
#1685 = ( GEOMETRIC_REPRESENTATION_CONTEXT(2) 
PARAMETRIC_REPRESENTATION_CONTEXT() REPRESENTATION_CONTEXT('2D SPACE',''
  ) );
#1686 = ORIENTED_EDGE('',*,*,#1687,.T.);
#1687 = EDGE_CURVE('',#1660,#1688,#1690,.T.);
#1688 = VERTEX_POINT('',#1689);
#1689 = CARTESIAN_POINT('',(-9.306640625,-1.052734375,3.));
#1690 = SURFACE_CURVE('',#1691,(#1695,#1702),.PCURVE_S1.);
#1691 = B_SPLINE_CURVE_WITH_KNOTS('',2,(#1692,#1693,#1694),
  .UNSPECIFIED.,.F.,.F.,(3,3),(0.,1.),.PIECEWISE_BEZIER_KNOTS.);
#1692 = CARTESIAN_POINT('',(-9.77734375,-0.849609375,3.));
#1693 = CARTESIAN_POINT('',(-9.537109375,-0.984375,3.));
#1694 = CARTESIAN_POINT('',(-9.306640625,-1.052734375,3.));
#1695 = PCURVE('',#126,#1696);
#1696 = DEFINITIONAL_REPRESENTATION('',(#1697),#1701);
#1697 = B_SPLINE_CURVE_WITH_KNOTS('',2,(#1698,#1699,#1700),
  .UNSPECIFIED.,.F.,.F.,(3,3),(0.,1.),.PIECEWISE_BEZIER_KNOTS.);
#1698 = CARTESIAN_POINT('',(20.22265625,14.150390625));
#1699 = CARTESIAN_POINT('',(20.462890625,14.015625));
#1700 = CARTESIAN_POINT('',(20.693359375,13.947265625));
#1701 = ( GEOMETRIC_REPRESENTATION_CONTEXT(2) 
PARAMETRIC_REPRESENTATION_CONTEXT() REPRESENTATION_CONTEXT('2D SPACE',''
  ) );
#1702 = PCURVE('',#1703,#1710);
#1703 = SURFACE_OF_LINEAR_EXTRUSION('',#1704,#1708);
#1704 = B_SPLINE_CURVE_WITH_KNOTS('',2,(#1705,#1706,#1707),
  .UNSPECIFIED.,.F.,.F.,(3,3),(0.,1.),.PIECEWISE_BEZIER_KNOTS.);
#1705 = CARTESIAN_POINT('',(-9.77734375,-0.849609375,2.65));
#1706 = CARTESIAN_POINT('',(-9.537109375,-0.984375,2.65));
#1707 = CARTESIAN_POINT('',(-9.306640625,-1.052734375,2.65));
#1708 = VECTOR('',#1709,1.);
#1709 = DIRECTION('',(-0.,-0.,-1.));
#1710 = DEFINITIONAL_REPRESENTATION('',(#1711),#1715);
#1711 = LINE('',#1712,#1713);
#1712 = CARTESIAN_POINT('',(0.,-0.35));
#1713 = VECTOR('',#1714,1.);
#1714 = DIRECTION('',(1.,0.));
#1715 = ( GEOMETRIC_REPRESENTATION_CONTEXT(2) 
PARAMETRIC_REPRESENTATION_CONTEXT() REPRESENTATION_CONTEXT('2D SPACE',''
  ) );
#1716 = ORIENTED_EDGE('',*,*,#1717,.T.);
#1717 = EDGE_CURVE('',#1688,#1718,#1720,.T.);
#1718 = VERTEX_POINT('',#1719);
#1719 = CARTESIAN_POINT('',(-8.853515625,-1.12109375,3.));
#1720 = SURFACE_CURVE('',#1721,(#1725,#1732),.PCURVE_S1.);
#1721 = B_SPLINE_CURVE_WITH_KNOTS('',2,(#1722,#1723,#1724),
  .UNSPECIFIED.,.F.,.F.,(3,3),(0.,1.),.PIECEWISE_BEZIER_KNOTS.);
#1722 = CARTESIAN_POINT('',(-9.306640625,-1.052734375,3.));
#1723 = CARTESIAN_POINT('',(-9.076171875,-1.12109375,3.));
#1724 = CARTESIAN_POINT('',(-8.853515625,-1.12109375,3.));
#1725 = PCURVE('',#126,#1726);
#1726 = DEFINITIONAL_REPRESENTATION('',(#1727),#1731);
#1727 = B_SPLINE_CURVE_WITH_KNOTS('',2,(#1728,#1729,#1730),
  .UNSPECIFIED.,.F.,.F.,(3,3),(0.,1.),.PIECEWISE_BEZIER_KNOTS.);
#1728 = CARTESIAN_POINT('',(20.693359375,13.947265625));
#1729 = CARTESIAN_POINT('',(20.923828125,13.87890625));
#1730 = CARTESIAN_POINT('',(21.146484375,13.87890625));
#1731 = ( GEOMETRIC_REPRESENTATION_CONTEXT(2) 
PARAMETRIC_REPRESENTATION_CONTEXT() REPRESENTATION_CONTEXT('2D SPACE',''
  ) );
#1732 = PCURVE('',#1733,#1740);
#1733 = SURFACE_OF_LINEAR_EXTRUSION('',#1734,#1738);
#1734 = B_SPLINE_CURVE_WITH_KNOTS('',2,(#1735,#1736,#1737),
  .UNSPECIFIED.,.F.,.F.,(3,3),(0.,1.),.PIECEWISE_BEZIER_KNOTS.);
#1735 = CARTESIAN_POINT('',(-9.306640625,-1.052734375,2.65));
#1736 = CARTESIAN_POINT('',(-9.076171875,-1.12109375,2.65));
#1737 = CARTESIAN_POINT('',(-8.853515625,-1.12109375,2.65));
#1738 = VECTOR('',#1739,1.);
#1739 = DIRECTION('',(-0.,-0.,-1.));
#1740 = DEFINITIONAL_REPRESENTATION('',(#1741),#1745);
#1741 = LINE('',#1742,#1743);
#1742 = CARTESIAN_POINT('',(0.,-0.35));
#1743 = VECTOR('',#1744,1.);
#1744 = DIRECTION('',(1.,0.));
#1745 = ( GEOMETRIC_REPRESENTATION_CONTEXT(2) 
PARAMETRIC_REPRESENTATION_CONTEXT() REPRESENTATION_CONTEXT('2D SPACE',''
  ) );
#1746 = ORIENTED_EDGE('',*,*,#1747,.T.);
#1747 = EDGE_CURVE('',#1718,#1748,#1750,.T.);
#1748 = VERTEX_POINT('',#1749);
#1749 = CARTESIAN_POINT('',(-8.33203125,-0.98828125,3.));
#1750 = SURFACE_CURVE('',#1751,(#1755,#1762),.PCURVE_S1.);
#1751 = B_SPLINE_CURVE_WITH_KNOTS('',2,(#1752,#1753,#1754),
  .UNSPECIFIED.,.F.,.F.,(3,3),(0.,1.),.PIECEWISE_BEZIER_KNOTS.);
#1752 = CARTESIAN_POINT('',(-8.853515625,-1.12109375,3.));
#1753 = CARTESIAN_POINT('',(-8.515625,-1.12109375,3.));
#1754 = CARTESIAN_POINT('',(-8.33203125,-0.98828125,3.));
#1755 = PCURVE('',#126,#1756);
#1756 = DEFINITIONAL_REPRESENTATION('',(#1757),#1761);
#1757 = B_SPLINE_CURVE_WITH_KNOTS('',2,(#1758,#1759,#1760),
  .UNSPECIFIED.,.F.,.F.,(3,3),(0.,1.),.PIECEWISE_BEZIER_KNOTS.);
#1758 = CARTESIAN_POINT('',(21.146484375,13.87890625));
#1759 = CARTESIAN_POINT('',(21.484375,13.87890625));
#1760 = CARTESIAN_POINT('',(21.66796875,14.01171875));
#1761 = ( GEOMETRIC_REPRESENTATION_CONTEXT(2) 
PARAMETRIC_REPRESENTATION_CONTEXT() REPRESENTATION_CONTEXT('2D SPACE',''
  ) );
#1762 = PCURVE('',#1763,#1770);
#1763 = SURFACE_OF_LINEAR_EXTRUSION('',#1764,#1768);
#1764 = B_SPLINE_CURVE_WITH_KNOTS('',2,(#1765,#1766,#1767),
  .UNSPECIFIED.,.F.,.F.,(3,3),(0.,1.),.PIECEWISE_BEZIER_KNOTS.);
#1765 = CARTESIAN_POINT('',(-8.853515625,-1.12109375,2.65));
#1766 = CARTESIAN_POINT('',(-8.515625,-1.12109375,2.65));
#1767 = CARTESIAN_POINT('',(-8.33203125,-0.98828125,2.65));
#1768 = VECTOR('',#1769,1.);
#1769 = DIRECTION('',(-0.,-0.,-1.));
#1770 = DEFINITIONAL_REPRESENTATION('',(#1771),#1775);
#1771 = LINE('',#1772,#1773);
#1772 = CARTESIAN_POINT('',(0.,-0.35));
#1773 = VECTOR('',#1774,1.);
#1774 = DIRECTION('',(1.,0.));
#1775 = ( GEOMETRIC_REPRESENTATION_CONTEXT(2) 
PARAMETRIC_REPRESENTATION_CONTEXT() REPRESENTATION_CONTEXT('2D SPACE',''
  ) );
#1776 = ORIENTED_EDGE('',*,*,#1777,.T.);
#1777 = EDGE_CURVE('',#1748,#1778,#1780,.T.);
#1778 = VERTEX_POINT('',#1779);
#1779 = CARTESIAN_POINT('',(-8.1484375,-0.609375,3.));
#1780 = SURFACE_CURVE('',#1781,(#1785,#1792),.PCURVE_S1.);
#1781 = B_SPLINE_CURVE_WITH_KNOTS('',2,(#1782,#1783,#1784),
  .UNSPECIFIED.,.F.,.F.,(3,3),(0.,1.),.PIECEWISE_BEZIER_KNOTS.);
#1782 = CARTESIAN_POINT('',(-8.33203125,-0.98828125,3.));
#1783 = CARTESIAN_POINT('',(-8.1484375,-0.85546875,3.));
#1784 = CARTESIAN_POINT('',(-8.1484375,-0.609375,3.));
#1785 = PCURVE('',#126,#1786);
#1786 = DEFINITIONAL_REPRESENTATION('',(#1787),#1791);
#1787 = B_SPLINE_CURVE_WITH_KNOTS('',2,(#1788,#1789,#1790),
  .UNSPECIFIED.,.F.,.F.,(3,3),(0.,1.),.PIECEWISE_BEZIER_KNOTS.);
#1788 = CARTESIAN_POINT('',(21.66796875,14.01171875));
#1789 = CARTESIAN_POINT('',(21.8515625,14.14453125));
#1790 = CARTESIAN_POINT('',(21.8515625,14.390625));
#1791 = ( GEOMETRIC_REPRESENTATION_CONTEXT(2) 
PARAMETRIC_REPRESENTATION_CONTEXT() REPRESENTATION_CONTEXT('2D SPACE',''
  ) );
#1792 = PCURVE('',#1793,#1800);
#1793 = SURFACE_OF_LINEAR_EXTRUSION('',#1794,#1798);
#1794 = B_SPLINE_CURVE_WITH_KNOTS('',2,(#1795,#1796,#1797),
  .UNSPECIFIED.,.F.,.F.,(3,3),(0.,1.),.PIECEWISE_BEZIER_KNOTS.);
#1795 = CARTESIAN_POINT('',(-8.33203125,-0.98828125,2.65));
#1796 = CARTESIAN_POINT('',(-8.1484375,-0.85546875,2.65));
#1797 = CARTESIAN_POINT('',(-8.1484375,-0.609375,2.65));
#1798 = VECTOR('',#1799,1.);
#1799 = DIRECTION('',(-0.,-0.,-1.));
#1800 = DEFINITIONAL_REPRESENTATION('',(#1801),#1805);
#1801 = LINE('',#1802,#1803);
#1802 = CARTESIAN_POINT('',(0.,-0.35));
#1803 = VECTOR('',#1804,1.);
#1804 = DIRECTION('',(1.,0.));
#1805 = ( GEOMETRIC_REPRESENTATION_CONTEXT(2) 
PARAMETRIC_REPRESENTATION_CONTEXT() REPRESENTATION_CONTEXT('2D SPACE',''
  ) );
#1806 = ORIENTED_EDGE('',*,*,#1807,.T.);
#1807 = EDGE_CURVE('',#1778,#1808,#1810,.T.);
#1808 = VERTEX_POINT('',#1809);
#1809 = CARTESIAN_POINT('',(-8.2802734375,-0.2734375,3.));
#1810 = SURFACE_CURVE('',#1811,(#1815,#1822),.PCURVE_S1.);
#1811 = B_SPLINE_CURVE_WITH_KNOTS('',2,(#1812,#1813,#1814),
  .UNSPECIFIED.,.F.,.F.,(3,3),(0.,1.),.PIECEWISE_BEZIER_KNOTS.);
#1812 = CARTESIAN_POINT('',(-8.1484375,-0.609375,3.));
#1813 = CARTESIAN_POINT('',(-8.1484375,-0.39453125,3.));
#1814 = CARTESIAN_POINT('',(-8.2802734375,-0.2734375,3.));
#1815 = PCURVE('',#126,#1816);
#1816 = DEFINITIONAL_REPRESENTATION('',(#1817),#1821);
#1817 = B_SPLINE_CURVE_WITH_KNOTS('',2,(#1818,#1819,#1820),
  .UNSPECIFIED.,.F.,.F.,(3,3),(0.,1.),.PIECEWISE_BEZIER_KNOTS.);
#1818 = CARTESIAN_POINT('',(21.8515625,14.390625));
#1819 = CARTESIAN_POINT('',(21.8515625,14.60546875));
#1820 = CARTESIAN_POINT('',(21.7197265625,14.7265625));
#1821 = ( GEOMETRIC_REPRESENTATION_CONTEXT(2) 
PARAMETRIC_REPRESENTATION_CONTEXT() REPRESENTATION_CONTEXT('2D SPACE',''
  ) );
#1822 = PCURVE('',#1823,#1830);
#1823 = SURFACE_OF_LINEAR_EXTRUSION('',#1824,#1828);
#1824 = B_SPLINE_CURVE_WITH_KNOTS('',2,(#1825,#1826,#1827),
  .UNSPECIFIED.,.F.,.F.,(3,3),(0.,1.),.PIECEWISE_BEZIER_KNOTS.);
#1825 = CARTESIAN_POINT('',(-8.1484375,-0.609375,2.65));
#1826 = CARTESIAN_POINT('',(-8.1484375,-0.39453125,2.65));
#1827 = CARTESIAN_POINT('',(-8.2802734375,-0.2734375,2.65));
#1828 = VECTOR('',#1829,1.);
#1829 = DIRECTION('',(-0.,-0.,-1.));
#1830 = DEFINITIONAL_REPRESENTATION('',(#1831),#1835);
#1831 = LINE('',#1832,#1833);
#1832 = CARTESIAN_POINT('',(0.,-0.35));
#1833 = VECTOR('',#1834,1.);
#1834 = DIRECTION('',(1.,0.));
#1835 = ( GEOMETRIC_REPRESENTATION_CONTEXT(2) 
PARAMETRIC_REPRESENTATION_CONTEXT() REPRESENTATION_CONTEXT('2D SPACE',''
  ) );
#1836 = ORIENTED_EDGE('',*,*,#1837,.T.);
#1837 = EDGE_CURVE('',#1808,#1838,#1840,.T.);
#1838 = VERTEX_POINT('',#1839);
#1839 = CARTESIAN_POINT('',(-8.712890625,-9.1796875E-02,3.));
#1840 = SURFACE_CURVE('',#1841,(#1845,#1852),.PCURVE_S1.);
#1841 = B_SPLINE_CURVE_WITH_KNOTS('',2,(#1842,#1843,#1844),
  .UNSPECIFIED.,.F.,.F.,(3,3),(0.,1.),.PIECEWISE_BEZIER_KNOTS.);
#1842 = CARTESIAN_POINT('',(-8.2802734375,-0.2734375,3.));
#1843 = CARTESIAN_POINT('',(-8.412109375,-0.15234375,3.));
#1844 = CARTESIAN_POINT('',(-8.712890625,-9.1796875E-02,3.));
#1845 = PCURVE('',#126,#1846);
#1846 = DEFINITIONAL_REPRESENTATION('',(#1847),#1851);
#1847 = B_SPLINE_CURVE_WITH_KNOTS('',2,(#1848,#1849,#1850),
  .UNSPECIFIED.,.F.,.F.,(3,3),(0.,1.),.PIECEWISE_BEZIER_KNOTS.);
#1848 = CARTESIAN_POINT('',(21.7197265625,14.7265625));
#1849 = CARTESIAN_POINT('',(21.587890625,14.84765625));
#1850 = CARTESIAN_POINT('',(21.287109375,14.908203125));
#1851 = ( GEOMETRIC_REPRESENTATION_CONTEXT(2) 
PARAMETRIC_REPRESENTATION_CONTEXT() REPRESENTATION_CONTEXT('2D SPACE',''
  ) );
#1852 = PCURVE('',#1853,#1860);
#1853 = SURFACE_OF_LINEAR_EXTRUSION('',#1854,#1858);
#1854 = B_SPLINE_CURVE_WITH_KNOTS('',2,(#1855,#1856,#1857),
  .UNSPECIFIED.,.F.,.F.,(3,3),(0.,1.),.PIECEWISE_BEZIER_KNOTS.);
#1855 = CARTESIAN_POINT('',(-8.2802734375,-0.2734375,2.65));
#1856 = CARTESIAN_POINT('',(-8.412109375,-0.15234375,2.65));
#1857 = CARTESIAN_POINT('',(-8.712890625,-9.1796875E-02,2.65));
#1858 = VECTOR('',#1859,1.);
#1859 = DIRECTION('',(-0.,-0.,-1.));
#1860 = DEFINITIONAL_REPRESENTATION('',(#1861),#1865);
#1861 = LINE('',#1862,#1863);
#1862 = CARTESIAN_POINT('',(0.,-0.35));
#1863 = VECTOR('',#1864,1.);
#1864 = DIRECTION('',(1.,0.));
#1865 = ( GEOMETRIC_REPRESENTATION_CONTEXT(2) 
PARAMETRIC_REPRESENTATION_CONTEXT() REPRESENTATION_CONTEXT('2D SPACE',''
  ) );
#1866 = ORIENTED_EDGE('',*,*,#1867,.T.);
#1867 = EDGE_CURVE('',#1838,#1868,#1870,.T.);
#1868 = VERTEX_POINT('',#1869);
#1869 = CARTESIAN_POINT('',(-8.953125,-4.4921875E-02,3.));
#1870 = SURFACE_CURVE('',#1871,(#1875,#1882),.PCURVE_S1.);
#1871 = LINE('',#1872,#1873);
#1872 = CARTESIAN_POINT('',(-8.712890625,-9.1796875E-02,3.));
#1873 = VECTOR('',#1874,1.);
#1874 = DIRECTION('',(-0.981490592026,0.19151035942,0.));
#1875 = PCURVE('',#126,#1876);
#1876 = DEFINITIONAL_REPRESENTATION('',(#1877),#1881);
#1877 = LINE('',#1878,#1879);
#1878 = CARTESIAN_POINT('',(21.287109375,14.908203125));
#1879 = VECTOR('',#1880,1.);
#1880 = DIRECTION('',(-0.981490592026,0.19151035942));
#1881 = ( GEOMETRIC_REPRESENTATION_CONTEXT(2) 
PARAMETRIC_REPRESENTATION_CONTEXT() REPRESENTATION_CONTEXT('2D SPACE',''
  ) );
#1882 = PCURVE('',#1883,#1888);
#1883 = PLANE('',#1884);
#1884 = AXIS2_PLACEMENT_3D('',#1885,#1886,#1887);
#1885 = CARTESIAN_POINT('',(-8.712890625,-9.1796875E-02,2.65));
#1886 = DIRECTION('',(-0.19151035942,-0.981490592026,0.));
#1887 = DIRECTION('',(-0.981490592026,0.19151035942,0.));
#1888 = DEFINITIONAL_REPRESENTATION('',(#1889),#1893);
#1889 = LINE('',#1890,#1891);
#1890 = CARTESIAN_POINT('',(0.,-0.35));
#1891 = VECTOR('',#1892,1.);
#1892 = DIRECTION('',(1.,0.));
#1893 = ( GEOMETRIC_REPRESENTATION_CONTEXT(2) 
PARAMETRIC_REPRESENTATION_CONTEXT() REPRESENTATION_CONTEXT('2D SPACE',''
  ) );
#1894 = ORIENTED_EDGE('',*,*,#1895,.T.);
#1895 = EDGE_CURVE('',#1868,#1896,#1898,.T.);
#1896 = VERTEX_POINT('',#1897);
#1897 = CARTESIAN_POINT('',(-9.591796875,0.23046875,3.));
#1898 = SURFACE_CURVE('',#1899,(#1903,#1910),.PCURVE_S1.);
#1899 = B_SPLINE_CURVE_WITH_KNOTS('',2,(#1900,#1901,#1902),
  .UNSPECIFIED.,.F.,.F.,(3,3),(0.,1.),.PIECEWISE_BEZIER_KNOTS.);
#1900 = CARTESIAN_POINT('',(-8.953125,-4.4921875E-02,3.));
#1901 = CARTESIAN_POINT('',(-9.39453125,4.296875E-02,3.));
#1902 = CARTESIAN_POINT('',(-9.591796875,0.23046875,3.));
#1903 = PCURVE('',#126,#1904);
#1904 = DEFINITIONAL_REPRESENTATION('',(#1905),#1909);
#1905 = B_SPLINE_CURVE_WITH_KNOTS('',2,(#1906,#1907,#1908),
  .UNSPECIFIED.,.F.,.F.,(3,3),(0.,1.),.PIECEWISE_BEZIER_KNOTS.);
#1906 = CARTESIAN_POINT('',(21.046875,14.955078125));
#1907 = CARTESIAN_POINT('',(20.60546875,15.04296875));
#1908 = CARTESIAN_POINT('',(20.408203125,15.23046875));
#1909 = ( GEOMETRIC_REPRESENTATION_CONTEXT(2) 
PARAMETRIC_REPRESENTATION_CONTEXT() REPRESENTATION_CONTEXT('2D SPACE',''
  ) );
#1910 = PCURVE('',#1911,#1918);
#1911 = SURFACE_OF_LINEAR_EXTRUSION('',#1912,#1916);
#1912 = B_SPLINE_CURVE_WITH_KNOTS('',2,(#1913,#1914,#1915),
  .UNSPECIFIED.,.F.,.F.,(3,3),(0.,1.),.PIECEWISE_BEZIER_KNOTS.);
#1913 = CARTESIAN_POINT('',(-8.953125,-4.4921875E-02,2.65));
#1914 = CARTESIAN_POINT('',(-9.39453125,4.296875E-02,2.65));
#1915 = CARTESIAN_POINT('',(-9.591796875,0.23046875,2.65));
#1916 = VECTOR('',#1917,1.);
#1917 = DIRECTION('',(-0.,-0.,-1.));
#1918 = DEFINITIONAL_REPRESENTATION('',(#1919),#1923);
#1919 = LINE('',#1920,#1921);
#1920 = CARTESIAN_POINT('',(0.,-0.35));
#1921 = VECTOR('',#1922,1.);
#1922 = DIRECTION('',(1.,0.));
#1923 = ( GEOMETRIC_REPRESENTATION_CONTEXT(2) 
PARAMETRIC_REPRESENTATION_CONTEXT() REPRESENTATION_CONTEXT('2D SPACE',''
  ) );
#1924 = ORIENTED_EDGE('',*,*,#1925,.T.);
#1925 = EDGE_CURVE('',#1896,#1926,#1928,.T.);
#1926 = VERTEX_POINT('',#1927);
#1927 = CARTESIAN_POINT('',(-9.7890625,0.751953125,3.));
#1928 = SURFACE_CURVE('',#1929,(#1933,#1940),.PCURVE_S1.);
#1929 = B_SPLINE_CURVE_WITH_KNOTS('',2,(#1930,#1931,#1932),
  .UNSPECIFIED.,.F.,.F.,(3,3),(0.,1.),.PIECEWISE_BEZIER_KNOTS.);
#1930 = CARTESIAN_POINT('',(-9.591796875,0.23046875,3.));
#1931 = CARTESIAN_POINT('',(-9.7890625,0.41796875,3.));
#1932 = CARTESIAN_POINT('',(-9.7890625,0.751953125,3.));
#1933 = PCURVE('',#126,#1934);
#1934 = DEFINITIONAL_REPRESENTATION('',(#1935),#1939);
#1935 = B_SPLINE_CURVE_WITH_KNOTS('',2,(#1936,#1937,#1938),
  .UNSPECIFIED.,.F.,.F.,(3,3),(0.,1.),.PIECEWISE_BEZIER_KNOTS.);
#1936 = CARTESIAN_POINT('',(20.408203125,15.23046875));
#1937 = CARTESIAN_POINT('',(20.2109375,15.41796875));
#1938 = CARTESIAN_POINT('',(20.2109375,15.751953125));
#1939 = ( GEOMETRIC_REPRESENTATION_CONTEXT(2) 
PARAMETRIC_REPRESENTATION_CONTEXT() REPRESENTATION_CONTEXT('2D SPACE',''
  ) );
#1940 = PCURVE('',#1941,#1948);
#1941 = SURFACE_OF_LINEAR_EXTRUSION('',#1942,#1946);
#1942 = B_SPLINE_CURVE_WITH_KNOTS('',2,(#1943,#1944,#1945),
  .UNSPECIFIED.,.F.,.F.,(3,3),(0.,1.),.PIECEWISE_BEZIER_KNOTS.);
#1943 = CARTESIAN_POINT('',(-9.591796875,0.23046875,2.65));
#1944 = CARTESIAN_POINT('',(-9.7890625,0.41796875,2.65));
#1945 = CARTESIAN_POINT('',(-9.7890625,0.751953125,2.65));
#1946 = VECTOR('',#1947,1.);
#1947 = DIRECTION('',(-0.,-0.,-1.));
#1948 = DEFINITIONAL_REPRESENTATION('',(#1949),#1953);
#1949 = LINE('',#1950,#1951);
#1950 = CARTESIAN_POINT('',(0.,-0.35));
#1951 = VECTOR('',#1952,1.);
#1952 = DIRECTION('',(1.,0.));
#1953 = ( GEOMETRIC_REPRESENTATION_CONTEXT(2) 
PARAMETRIC_REPRESENTATION_CONTEXT() REPRESENTATION_CONTEXT('2D SPACE',''
  ) );
#1954 = ORIENTED_EDGE('',*,*,#1955,.T.);
#1955 = EDGE_CURVE('',#1926,#1956,#1958,.T.);
#1956 = VERTEX_POINT('',#1957);
#1957 = CARTESIAN_POINT('',(-9.5166015625,1.361328125,3.));
#1958 = SURFACE_CURVE('',#1959,(#1963,#1970),.PCURVE_S1.);
#1959 = B_SPLINE_CURVE_WITH_KNOTS('',2,(#1960,#1961,#1962),
  .UNSPECIFIED.,.F.,.F.,(3,3),(0.,1.),.PIECEWISE_BEZIER_KNOTS.);
#1960 = CARTESIAN_POINT('',(-9.7890625,0.751953125,3.));
#1961 = CARTESIAN_POINT('',(-9.7890625,1.138671875,3.));
#1962 = CARTESIAN_POINT('',(-9.5166015625,1.361328125,3.));
#1963 = PCURVE('',#126,#1964);
#1964 = DEFINITIONAL_REPRESENTATION('',(#1965),#1969);
#1965 = B_SPLINE_CURVE_WITH_KNOTS('',2,(#1966,#1967,#1968),
  .UNSPECIFIED.,.F.,.F.,(3,3),(0.,1.),.PIECEWISE_BEZIER_KNOTS.);
#1966 = CARTESIAN_POINT('',(20.2109375,15.751953125));
#1967 = CARTESIAN_POINT('',(20.2109375,16.138671875));
#1968 = CARTESIAN_POINT('',(20.4833984375,16.361328125));
#1969 = ( GEOMETRIC_REPRESENTATION_CONTEXT(2) 
PARAMETRIC_REPRESENTATION_CONTEXT() REPRESENTATION_CONTEXT('2D SPACE',''
  ) );
#1970 = PCURVE('',#1971,#1978);
#1971 = SURFACE_OF_LINEAR_EXTRUSION('',#1972,#1976);
#1972 = B_SPLINE_CURVE_WITH_KNOTS('',2,(#1973,#1974,#1975),
  .UNSPECIFIED.,.F.,.F.,(3,3),(0.,1.),.PIECEWISE_BEZIER_KNOTS.);
#1973 = CARTESIAN_POINT('',(-9.7890625,0.751953125,2.65));
#1974 = CARTESIAN_POINT('',(-9.7890625,1.138671875,2.65));
#1975 = CARTESIAN_POINT('',(-9.5166015625,1.361328125,2.65));
#1976 = VECTOR('',#1977,1.);
#1977 = DIRECTION('',(-0.,-0.,-1.));
#1978 = DEFINITIONAL_REPRESENTATION('',(#1979),#1983);
#1979 = LINE('',#1980,#1981);
#1980 = CARTESIAN_POINT('',(0.,-0.35));
#1981 = VECTOR('',#1982,1.);
#1982 = DIRECTION('',(1.,0.));
#1983 = ( GEOMETRIC_REPRESENTATION_CONTEXT(2) 
PARAMETRIC_REPRESENTATION_CONTEXT() REPRESENTATION_CONTEXT('2D SPACE',''
  ) );
#1984 = ORIENTED_EDGE('',*,*,#1985,.T.);
#1985 = EDGE_CURVE('',#1956,#1986,#1988,.T.);
#1986 = VERTEX_POINT('',#1987);
#1987 = CARTESIAN_POINT('',(-8.765625,1.583984375,3.));
#1988 = SURFACE_CURVE('',#1989,(#1993,#2000),.PCURVE_S1.);
#1989 = B_SPLINE_CURVE_WITH_KNOTS('',2,(#1990,#1991,#1992),
  .UNSPECIFIED.,.F.,.F.,(3,3),(0.,1.),.PIECEWISE_BEZIER_KNOTS.);
#1990 = CARTESIAN_POINT('',(-9.5166015625,1.361328125,3.));
#1991 = CARTESIAN_POINT('',(-9.244140625,1.583984375,3.));
#1992 = CARTESIAN_POINT('',(-8.765625,1.583984375,3.));
#1993 = PCURVE('',#126,#1994);
#1994 = DEFINITIONAL_REPRESENTATION('',(#1995),#1999);
#1995 = B_SPLINE_CURVE_WITH_KNOTS('',2,(#1996,#1997,#1998),
  .UNSPECIFIED.,.F.,.F.,(3,3),(0.,1.),.PIECEWISE_BEZIER_KNOTS.);
#1996 = CARTESIAN_POINT('',(20.4833984375,16.361328125));
#1997 = CARTESIAN_POINT('',(20.755859375,16.583984375));
#1998 = CARTESIAN_POINT('',(21.234375,16.583984375));
#1999 = ( GEOMETRIC_REPRESENTATION_CONTEXT(2) 
PARAMETRIC_REPRESENTATION_CONTEXT() REPRESENTATION_CONTEXT('2D SPACE',''
  ) );
#2000 = PCURVE('',#2001,#2008);
#2001 = SURFACE_OF_LINEAR_EXTRUSION('',#2002,#2006);
#2002 = B_SPLINE_CURVE_WITH_KNOTS('',2,(#2003,#2004,#2005),
  .UNSPECIFIED.,.F.,.F.,(3,3),(0.,1.),.PIECEWISE_BEZIER_KNOTS.);
#2003 = CARTESIAN_POINT('',(-9.5166015625,1.361328125,2.65));
#2004 = CARTESIAN_POINT('',(-9.244140625,1.583984375,2.65));
#2005 = CARTESIAN_POINT('',(-8.765625,1.583984375,2.65));
#2006 = VECTOR('',#2007,1.);
#2007 = DIRECTION('',(-0.,-0.,-1.));
#2008 = DEFINITIONAL_REPRESENTATION('',(#2009),#2013);
#2009 = LINE('',#2010,#2011);
#2010 = CARTESIAN_POINT('',(0.,-0.35));
#2011 = VECTOR('',#2012,1.);
#2012 = DIRECTION('',(1.,0.));
#2013 = ( GEOMETRIC_REPRESENTATION_CONTEXT(2) 
PARAMETRIC_REPRESENTATION_CONTEXT() REPRESENTATION_CONTEXT('2D SPACE',''
  ) );
#2014 = ORIENTED_EDGE('',*,*,#2015,.T.);
#2015 = EDGE_CURVE('',#1986,#1212,#2016,.T.);
#2016 = SURFACE_CURVE('',#2017,(#2021,#2028),.PCURVE_S1.);
#2017 = B_SPLINE_CURVE_WITH_KNOTS('',2,(#2018,#2019,#2020),
  .UNSPECIFIED.,.F.,.F.,(3,3),(0.,1.),.PIECEWISE_BEZIER_KNOTS.);
#2018 = CARTESIAN_POINT('',(-8.765625,1.583984375,3.));
#2019 = CARTESIAN_POINT('',(-8.560546875,1.583984375,3.));
#2020 = CARTESIAN_POINT('',(-8.34765625,1.546875,3.));
#2021 = PCURVE('',#126,#2022);
#2022 = DEFINITIONAL_REPRESENTATION('',(#2023),#2027);
#2023 = B_SPLINE_CURVE_WITH_KNOTS('',2,(#2024,#2025,#2026),
  .UNSPECIFIED.,.F.,.F.,(3,3),(0.,1.),.PIECEWISE_BEZIER_KNOTS.);
#2024 = CARTESIAN_POINT('',(21.234375,16.583984375));
#2025 = CARTESIAN_POINT('',(21.439453125,16.583984375));
#2026 = CARTESIAN_POINT('',(21.65234375,16.546875));
#2027 = ( GEOMETRIC_REPRESENTATION_CONTEXT(2) 
PARAMETRIC_REPRESENTATION_CONTEXT() REPRESENTATION_CONTEXT('2D SPACE',''
  ) );
#2028 = PCURVE('',#2029,#2036);
#2029 = SURFACE_OF_LINEAR_EXTRUSION('',#2030,#2034);
#2030 = B_SPLINE_CURVE_WITH_KNOTS('',2,(#2031,#2032,#2033),
  .UNSPECIFIED.,.F.,.F.,(3,3),(0.,1.),.PIECEWISE_BEZIER_KNOTS.);
#2031 = CARTESIAN_POINT('',(-8.765625,1.583984375,2.65));
#2032 = CARTESIAN_POINT('',(-8.560546875,1.583984375,2.65));
#2033 = CARTESIAN_POINT('',(-8.34765625,1.546875,2.65));
#2034 = VECTOR('',#2035,1.);
#2035 = DIRECTION('',(-0.,-0.,-1.));
#2036 = DEFINITIONAL_REPRESENTATION('',(#2037),#2041);
#2037 = LINE('',#2038,#2039);
#2038 = CARTESIAN_POINT('',(0.,-0.35));
#2039 = VECTOR('',#2040,1.);
#2040 = DIRECTION('',(1.,0.));
#2041 = ( GEOMETRIC_REPRESENTATION_CONTEXT(2) 
PARAMETRIC_REPRESENTATION_CONTEXT() REPRESENTATION_CONTEXT('2D SPACE',''
  ) );
#2042 = FACE_BOUND('',#2043,.T.);
#2043 = EDGE_LOOP('',(#2044,#2074,#2102,#2130,#2158,#2186,#2214,#2242,
    #2270,#2298,#2326));
#2044 = ORIENTED_EDGE('',*,*,#2045,.T.);
#2045 = EDGE_CURVE('',#2046,#2048,#2050,.T.);
#2046 = VERTEX_POINT('',#2047);
#2047 = CARTESIAN_POINT('',(-6.7265625,-1.384765625,3.));
#2048 = VERTEX_POINT('',#2049);
#2049 = CARTESIAN_POINT('',(-7.12109375,-1.384765625,3.));
#2050 = SURFACE_CURVE('',#2051,(#2055,#2062),.PCURVE_S1.);
#2051 = LINE('',#2052,#2053);
#2052 = CARTESIAN_POINT('',(-6.7265625,-1.384765625,3.));
#2053 = VECTOR('',#2054,1.);
#2054 = DIRECTION('',(-1.,0.,0.));
#2055 = PCURVE('',#126,#2056);
#2056 = DEFINITIONAL_REPRESENTATION('',(#2057),#2061);
#2057 = LINE('',#2058,#2059);
#2058 = CARTESIAN_POINT('',(23.2734375,13.615234375));
#2059 = VECTOR('',#2060,1.);
#2060 = DIRECTION('',(-1.,0.));
#2061 = ( GEOMETRIC_REPRESENTATION_CONTEXT(2) 
PARAMETRIC_REPRESENTATION_CONTEXT() REPRESENTATION_CONTEXT('2D SPACE',''
  ) );
#2062 = PCURVE('',#2063,#2068);
#2063 = PLANE('',#2064);
#2064 = AXIS2_PLACEMENT_3D('',#2065,#2066,#2067);
#2065 = CARTESIAN_POINT('',(-6.7265625,-1.384765625,2.65));
#2066 = DIRECTION('',(0.,-1.,0.));
#2067 = DIRECTION('',(-1.,0.,0.));
#2068 = DEFINITIONAL_REPRESENTATION('',(#2069),#2073);
#2069 = LINE('',#2070,#2071);
#2070 = CARTESIAN_POINT('',(0.,-0.35));
#2071 = VECTOR('',#2072,1.);
#2072 = DIRECTION('',(1.,0.));
#2073 = ( GEOMETRIC_REPRESENTATION_CONTEXT(2) 
PARAMETRIC_REPRESENTATION_CONTEXT() REPRESENTATION_CONTEXT('2D SPACE',''
  ) );
#2074 = ORIENTED_EDGE('',*,*,#2075,.T.);
#2075 = EDGE_CURVE('',#2048,#2076,#2078,.T.);
#2076 = VERTEX_POINT('',#2077);
#2077 = CARTESIAN_POINT('',(-7.12109375,1.53125,3.));
#2078 = SURFACE_CURVE('',#2079,(#2083,#2090),.PCURVE_S1.);
#2079 = LINE('',#2080,#2081);
#2080 = CARTESIAN_POINT('',(-7.12109375,-1.384765625,3.));
#2081 = VECTOR('',#2082,1.);
#2082 = DIRECTION('',(0.,1.,0.));
#2083 = PCURVE('',#126,#2084);
#2084 = DEFINITIONAL_REPRESENTATION('',(#2085),#2089);
#2085 = LINE('',#2086,#2087);
#2086 = CARTESIAN_POINT('',(22.87890625,13.615234375));
#2087 = VECTOR('',#2088,1.);
#2088 = DIRECTION('',(0.,1.));
#2089 = ( GEOMETRIC_REPRESENTATION_CONTEXT(2) 
PARAMETRIC_REPRESENTATION_CONTEXT() REPRESENTATION_CONTEXT('2D SPACE',''
  ) );
#2090 = PCURVE('',#2091,#2096);
#2091 = PLANE('',#2092);
#2092 = AXIS2_PLACEMENT_3D('',#2093,#2094,#2095);
#2093 = CARTESIAN_POINT('',(-7.12109375,-1.384765625,2.65));
#2094 = DIRECTION('',(-1.,0.,0.));
#2095 = DIRECTION('',(0.,1.,0.));
#2096 = DEFINITIONAL_REPRESENTATION('',(#2097),#2101);
#2097 = LINE('',#2098,#2099);
#2098 = CARTESIAN_POINT('',(0.,-0.35));
#2099 = VECTOR('',#2100,1.);
#2100 = DIRECTION('',(1.,0.));
#2101 = ( GEOMETRIC_REPRESENTATION_CONTEXT(2) 
PARAMETRIC_REPRESENTATION_CONTEXT() REPRESENTATION_CONTEXT('2D SPACE',''
  ) );
#2102 = ORIENTED_EDGE('',*,*,#2103,.T.);
#2103 = EDGE_CURVE('',#2076,#2104,#2106,.T.);
#2104 = VERTEX_POINT('',#2105);
#2105 = CARTESIAN_POINT('',(-6.7265625,1.53125,3.));
#2106 = SURFACE_CURVE('',#2107,(#2111,#2118),.PCURVE_S1.);
#2107 = LINE('',#2108,#2109);
#2108 = CARTESIAN_POINT('',(-7.12109375,1.53125,3.));
#2109 = VECTOR('',#2110,1.);
#2110 = DIRECTION('',(1.,0.,0.));
#2111 = PCURVE('',#126,#2112);
#2112 = DEFINITIONAL_REPRESENTATION('',(#2113),#2117);
#2113 = LINE('',#2114,#2115);
#2114 = CARTESIAN_POINT('',(22.87890625,16.53125));
#2115 = VECTOR('',#2116,1.);
#2116 = DIRECTION('',(1.,0.));
#2117 = ( GEOMETRIC_REPRESENTATION_CONTEXT(2) 
PARAMETRIC_REPRESENTATION_CONTEXT() REPRESENTATION_CONTEXT('2D SPACE',''
  ) );
#2118 = PCURVE('',#2119,#2124);
#2119 = PLANE('',#2120);
#2120 = AXIS2_PLACEMENT_3D('',#2121,#2122,#2123);
#2121 = CARTESIAN_POINT('',(-7.12109375,1.53125,2.65));
#2122 = DIRECTION('',(0.,1.,0.));
#2123 = DIRECTION('',(1.,0.,0.));
#2124 = DEFINITIONAL_REPRESENTATION('',(#2125),#2129);
#2125 = LINE('',#2126,#2127);
#2126 = CARTESIAN_POINT('',(0.,-0.35));
#2127 = VECTOR('',#2128,1.);
#2128 = DIRECTION('',(1.,0.));
#2129 = ( GEOMETRIC_REPRESENTATION_CONTEXT(2) 
PARAMETRIC_REPRESENTATION_CONTEXT() REPRESENTATION_CONTEXT('2D SPACE',''
  ) );
#2130 = ORIENTED_EDGE('',*,*,#2131,.T.);
#2131 = EDGE_CURVE('',#2104,#2132,#2134,.T.);
#2132 = VERTEX_POINT('',#2133);
#2133 = CARTESIAN_POINT('',(-6.7265625,0.298828125,3.));
#2134 = SURFACE_CURVE('',#2135,(#2139,#2146),.PCURVE_S1.);
#2135 = LINE('',#2136,#2137);
#2136 = CARTESIAN_POINT('',(-6.7265625,1.53125,3.));
#2137 = VECTOR('',#2138,1.);
#2138 = DIRECTION('',(0.,-1.,0.));
#2139 = PCURVE('',#126,#2140);
#2140 = DEFINITIONAL_REPRESENTATION('',(#2141),#2145);
#2141 = LINE('',#2142,#2143);
#2142 = CARTESIAN_POINT('',(23.2734375,16.53125));
#2143 = VECTOR('',#2144,1.);
#2144 = DIRECTION('',(0.,-1.));
#2145 = ( GEOMETRIC_REPRESENTATION_CONTEXT(2) 
PARAMETRIC_REPRESENTATION_CONTEXT() REPRESENTATION_CONTEXT('2D SPACE',''
  ) );
#2146 = PCURVE('',#2147,#2152);
#2147 = PLANE('',#2148);
#2148 = AXIS2_PLACEMENT_3D('',#2149,#2150,#2151);
#2149 = CARTESIAN_POINT('',(-6.7265625,1.53125,2.65));
#2150 = DIRECTION('',(1.,0.,0.));
#2151 = DIRECTION('',(0.,-1.,0.));
#2152 = DEFINITIONAL_REPRESENTATION('',(#2153),#2157);
#2153 = LINE('',#2154,#2155);
#2154 = CARTESIAN_POINT('',(0.,-0.35));
#2155 = VECTOR('',#2156,1.);
#2156 = DIRECTION('',(1.,0.));
#2157 = ( GEOMETRIC_REPRESENTATION_CONTEXT(2) 
PARAMETRIC_REPRESENTATION_CONTEXT() REPRESENTATION_CONTEXT('2D SPACE',''
  ) );
#2158 = ORIENTED_EDGE('',*,*,#2159,.T.);
#2159 = EDGE_CURVE('',#2132,#2160,#2162,.T.);
#2160 = VERTEX_POINT('',#2161);
#2161 = CARTESIAN_POINT('',(-5.41796875,1.53125,3.));
#2162 = SURFACE_CURVE('',#2163,(#2167,#2174),.PCURVE_S1.);
#2163 = LINE('',#2164,#2165);
#2164 = CARTESIAN_POINT('',(-6.7265625,0.298828125,3.));
#2165 = VECTOR('',#2166,1.);
#2166 = DIRECTION('',(0.727976666667,0.685601905473,0.));
#2167 = PCURVE('',#126,#2168);
#2168 = DEFINITIONAL_REPRESENTATION('',(#2169),#2173);
#2169 = LINE('',#2170,#2171);
#2170 = CARTESIAN_POINT('',(23.2734375,15.298828125));
#2171 = VECTOR('',#2172,1.);
#2172 = DIRECTION('',(0.727976666667,0.685601905473));
#2173 = ( GEOMETRIC_REPRESENTATION_CONTEXT(2) 
PARAMETRIC_REPRESENTATION_CONTEXT() REPRESENTATION_CONTEXT('2D SPACE',''
  ) );
#2174 = PCURVE('',#2175,#2180);
#2175 = PLANE('',#2176);
#2176 = AXIS2_PLACEMENT_3D('',#2177,#2178,#2179);
#2177 = CARTESIAN_POINT('',(-6.7265625,0.298828125,2.65));
#2178 = DIRECTION('',(-0.685601905473,0.727976666667,0.));
#2179 = DIRECTION('',(0.727976666667,0.685601905473,0.));
#2180 = DEFINITIONAL_REPRESENTATION('',(#2181),#2185);
#2181 = LINE('',#2182,#2183);
#2182 = CARTESIAN_POINT('',(0.,-0.35));
#2183 = VECTOR('',#2184,1.);
#2184 = DIRECTION('',(1.,0.));
#2185 = ( GEOMETRIC_REPRESENTATION_CONTEXT(2) 
PARAMETRIC_REPRESENTATION_CONTEXT() REPRESENTATION_CONTEXT('2D SPACE',''
  ) );
#2186 = ORIENTED_EDGE('',*,*,#2187,.T.);
#2187 = EDGE_CURVE('',#2160,#2188,#2190,.T.);
#2188 = VERTEX_POINT('',#2189);
#2189 = CARTESIAN_POINT('',(-4.91015625,1.53125,3.));
#2190 = SURFACE_CURVE('',#2191,(#2195,#2202),.PCURVE_S1.);
#2191 = LINE('',#2192,#2193);
#2192 = CARTESIAN_POINT('',(-5.41796875,1.53125,3.));
#2193 = VECTOR('',#2194,1.);
#2194 = DIRECTION('',(1.,0.,0.));
#2195 = PCURVE('',#126,#2196);
#2196 = DEFINITIONAL_REPRESENTATION('',(#2197),#2201);
#2197 = LINE('',#2198,#2199);
#2198 = CARTESIAN_POINT('',(24.58203125,16.53125));
#2199 = VECTOR('',#2200,1.);
#2200 = DIRECTION('',(1.,0.));
#2201 = ( GEOMETRIC_REPRESENTATION_CONTEXT(2) 
PARAMETRIC_REPRESENTATION_CONTEXT() REPRESENTATION_CONTEXT('2D SPACE',''
  ) );
#2202 = PCURVE('',#2203,#2208);
#2203 = PLANE('',#2204);
#2204 = AXIS2_PLACEMENT_3D('',#2205,#2206,#2207);
#2205 = CARTESIAN_POINT('',(-5.41796875,1.53125,2.65));
#2206 = DIRECTION('',(0.,1.,0.));
#2207 = DIRECTION('',(1.,0.,0.));
#2208 = DEFINITIONAL_REPRESENTATION('',(#2209),#2213);
#2209 = LINE('',#2210,#2211);
#2210 = CARTESIAN_POINT('',(0.,-0.35));
#2211 = VECTOR('',#2212,1.);
#2212 = DIRECTION('',(1.,0.));
#2213 = ( GEOMETRIC_REPRESENTATION_CONTEXT(2) 
PARAMETRIC_REPRESENTATION_CONTEXT() REPRESENTATION_CONTEXT('2D SPACE',''
  ) );
#2214 = ORIENTED_EDGE('',*,*,#2215,.T.);
#2215 = EDGE_CURVE('',#2188,#2216,#2218,.T.);
#2216 = VERTEX_POINT('',#2217);
#2217 = CARTESIAN_POINT('',(-6.357421875,0.171875,3.));
#2218 = SURFACE_CURVE('',#2219,(#2223,#2230),.PCURVE_S1.);
#2219 = LINE('',#2220,#2221);
#2220 = CARTESIAN_POINT('',(-4.91015625,1.53125,3.));
#2221 = VECTOR('',#2222,1.);
#2222 = DIRECTION('',(-0.72889269516,-0.684627956588,0.));
#2223 = PCURVE('',#126,#2224);
#2224 = DEFINITIONAL_REPRESENTATION('',(#2225),#2229);
#2225 = LINE('',#2226,#2227);
#2226 = CARTESIAN_POINT('',(25.08984375,16.53125));
#2227 = VECTOR('',#2228,1.);
#2228 = DIRECTION('',(-0.72889269516,-0.684627956588));
#2229 = ( GEOMETRIC_REPRESENTATION_CONTEXT(2) 
PARAMETRIC_REPRESENTATION_CONTEXT() REPRESENTATION_CONTEXT('2D SPACE',''
  ) );
#2230 = PCURVE('',#2231,#2236);
#2231 = PLANE('',#2232);
#2232 = AXIS2_PLACEMENT_3D('',#2233,#2234,#2235);
#2233 = CARTESIAN_POINT('',(-4.91015625,1.53125,2.65));
#2234 = DIRECTION('',(0.684627956588,-0.72889269516,0.));
#2235 = DIRECTION('',(-0.72889269516,-0.684627956588,0.));
#2236 = DEFINITIONAL_REPRESENTATION('',(#2237),#2241);
#2237 = LINE('',#2238,#2239);
#2238 = CARTESIAN_POINT('',(0.,-0.35));
#2239 = VECTOR('',#2240,1.);
#2240 = DIRECTION('',(1.,0.));
#2241 = ( GEOMETRIC_REPRESENTATION_CONTEXT(2) 
PARAMETRIC_REPRESENTATION_CONTEXT() REPRESENTATION_CONTEXT('2D SPACE',''
  ) );
#2242 = ORIENTED_EDGE('',*,*,#2243,.T.);
#2243 = EDGE_CURVE('',#2216,#2244,#2246,.T.);
#2244 = VERTEX_POINT('',#2245);
#2245 = CARTESIAN_POINT('',(-4.806640625,-1.384765625,3.));
#2246 = SURFACE_CURVE('',#2247,(#2251,#2258),.PCURVE_S1.);
#2247 = LINE('',#2248,#2249);
#2248 = CARTESIAN_POINT('',(-6.357421875,0.171875,3.));
#2249 = VECTOR('',#2250,1.);
#2250 = DIRECTION('',(0.705772201328,-0.708438846925,0.));
#2251 = PCURVE('',#126,#2252);
#2252 = DEFINITIONAL_REPRESENTATION('',(#2253),#2257);
#2253 = LINE('',#2254,#2255);
#2254 = CARTESIAN_POINT('',(23.642578125,15.171875));
#2255 = VECTOR('',#2256,1.);
#2256 = DIRECTION('',(0.705772201328,-0.708438846925));
#2257 = ( GEOMETRIC_REPRESENTATION_CONTEXT(2) 
PARAMETRIC_REPRESENTATION_CONTEXT() REPRESENTATION_CONTEXT('2D SPACE',''
  ) );
#2258 = PCURVE('',#2259,#2264);
#2259 = PLANE('',#2260);
#2260 = AXIS2_PLACEMENT_3D('',#2261,#2262,#2263);
#2261 = CARTESIAN_POINT('',(-6.357421875,0.171875,2.65));
#2262 = DIRECTION('',(0.708438846925,0.705772201328,0.));
#2263 = DIRECTION('',(0.705772201328,-0.708438846925,0.));
#2264 = DEFINITIONAL_REPRESENTATION('',(#2265),#2269);
#2265 = LINE('',#2266,#2267);
#2266 = CARTESIAN_POINT('',(0.,-0.35));
#2267 = VECTOR('',#2268,1.);
#2268 = DIRECTION('',(1.,0.));
#2269 = ( GEOMETRIC_REPRESENTATION_CONTEXT(2) 
PARAMETRIC_REPRESENTATION_CONTEXT() REPRESENTATION_CONTEXT('2D SPACE',''
  ) );
#2270 = ORIENTED_EDGE('',*,*,#2271,.T.);
#2271 = EDGE_CURVE('',#2244,#2272,#2274,.T.);
#2272 = VERTEX_POINT('',#2273);
#2273 = CARTESIAN_POINT('',(-5.326171875,-1.384765625,3.));
#2274 = SURFACE_CURVE('',#2275,(#2279,#2286),.PCURVE_S1.);
#2275 = LINE('',#2276,#2277);
#2276 = CARTESIAN_POINT('',(-4.806640625,-1.384765625,3.));
#2277 = VECTOR('',#2278,1.);
#2278 = DIRECTION('',(-1.,0.,0.));
#2279 = PCURVE('',#126,#2280);
#2280 = DEFINITIONAL_REPRESENTATION('',(#2281),#2285);
#2281 = LINE('',#2282,#2283);
#2282 = CARTESIAN_POINT('',(25.193359375,13.615234375));
#2283 = VECTOR('',#2284,1.);
#2284 = DIRECTION('',(-1.,0.));
#2285 = ( GEOMETRIC_REPRESENTATION_CONTEXT(2) 
PARAMETRIC_REPRESENTATION_CONTEXT() REPRESENTATION_CONTEXT('2D SPACE',''
  ) );
#2286 = PCURVE('',#2287,#2292);
#2287 = PLANE('',#2288);
#2288 = AXIS2_PLACEMENT_3D('',#2289,#2290,#2291);
#2289 = CARTESIAN_POINT('',(-4.806640625,-1.384765625,2.65));
#2290 = DIRECTION('',(0.,-1.,0.));
#2291 = DIRECTION('',(-1.,0.,0.));
#2292 = DEFINITIONAL_REPRESENTATION('',(#2293),#2297);
#2293 = LINE('',#2294,#2295);
#2294 = CARTESIAN_POINT('',(0.,-0.35));
#2295 = VECTOR('',#2296,1.);
#2296 = DIRECTION('',(1.,0.));
#2297 = ( GEOMETRIC_REPRESENTATION_CONTEXT(2) 
PARAMETRIC_REPRESENTATION_CONTEXT() REPRESENTATION_CONTEXT('2D SPACE',''
  ) );
#2298 = ORIENTED_EDGE('',*,*,#2299,.T.);
#2299 = EDGE_CURVE('',#2272,#2300,#2302,.T.);
#2300 = VERTEX_POINT('',#2301);
#2301 = CARTESIAN_POINT('',(-6.7265625,1.953125E-02,3.));
#2302 = SURFACE_CURVE('',#2303,(#2307,#2314),.PCURVE_S1.);
#2303 = LINE('',#2304,#2305);
#2304 = CARTESIAN_POINT('',(-5.326171875,-1.384765625,3.));
#2305 = VECTOR('',#2306,1.);
#2306 = DIRECTION('',(-0.706121267943,0.708090922805,0.));
#2307 = PCURVE('',#126,#2308);
#2308 = DEFINITIONAL_REPRESENTATION('',(#2309),#2313);
#2309 = LINE('',#2310,#2311);
#2310 = CARTESIAN_POINT('',(24.673828125,13.615234375));
#2311 = VECTOR('',#2312,1.);
#2312 = DIRECTION('',(-0.706121267943,0.708090922805));
#2313 = ( GEOMETRIC_REPRESENTATION_CONTEXT(2) 
PARAMETRIC_REPRESENTATION_CONTEXT() REPRESENTATION_CONTEXT('2D SPACE',''
  ) );
#2314 = PCURVE('',#2315,#2320);
#2315 = PLANE('',#2316);
#2316 = AXIS2_PLACEMENT_3D('',#2317,#2318,#2319);
#2317 = CARTESIAN_POINT('',(-5.326171875,-1.384765625,2.65));
#2318 = DIRECTION('',(-0.708090922805,-0.706121267943,0.));
#2319 = DIRECTION('',(-0.706121267943,0.708090922805,0.));
#2320 = DEFINITIONAL_REPRESENTATION('',(#2321),#2325);
#2321 = LINE('',#2322,#2323);
#2322 = CARTESIAN_POINT('',(0.,-0.35));
#2323 = VECTOR('',#2324,1.);
#2324 = DIRECTION('',(1.,0.));
#2325 = ( GEOMETRIC_REPRESENTATION_CONTEXT(2) 
PARAMETRIC_REPRESENTATION_CONTEXT() REPRESENTATION_CONTEXT('2D SPACE',''
  ) );
#2326 = ORIENTED_EDGE('',*,*,#2327,.T.);
#2327 = EDGE_CURVE('',#2300,#2046,#2328,.T.);
#2328 = SURFACE_CURVE('',#2329,(#2333,#2340),.PCURVE_S1.);
#2329 = LINE('',#2330,#2331);
#2330 = CARTESIAN_POINT('',(-6.7265625,1.953125E-02,3.));
#2331 = VECTOR('',#2332,1.);
#2332 = DIRECTION('',(0.,-1.,0.));
#2333 = PCURVE('',#126,#2334);
#2334 = DEFINITIONAL_REPRESENTATION('',(#2335),#2339);
#2335 = LINE('',#2336,#2337);
#2336 = CARTESIAN_POINT('',(23.2734375,15.01953125));
#2337 = VECTOR('',#2338,1.);
#2338 = DIRECTION('',(0.,-1.));
#2339 = ( GEOMETRIC_REPRESENTATION_CONTEXT(2) 
PARAMETRIC_REPRESENTATION_CONTEXT() REPRESENTATION_CONTEXT('2D SPACE',''
  ) );
#2340 = PCURVE('',#2341,#2346);
#2341 = PLANE('',#2342);
#2342 = AXIS2_PLACEMENT_3D('',#2343,#2344,#2345);
#2343 = CARTESIAN_POINT('',(-6.7265625,1.953125E-02,2.65));
#2344 = DIRECTION('',(1.,0.,0.));
#2345 = DIRECTION('',(0.,-1.,0.));
#2346 = DEFINITIONAL_REPRESENTATION('',(#2347),#2351);
#2347 = LINE('',#2348,#2349);
#2348 = CARTESIAN_POINT('',(0.,-0.35));
#2349 = VECTOR('',#2350,1.);
#2350 = DIRECTION('',(1.,0.));
#2351 = ( GEOMETRIC_REPRESENTATION_CONTEXT(2) 
PARAMETRIC_REPRESENTATION_CONTEXT() REPRESENTATION_CONTEXT('2D SPACE',''
  ) );
#2352 = FACE_BOUND('',#2353,.T.);
#2353 = EDGE_LOOP('',(#2354,#2384,#2412,#2440,#2468,#2496,#2524,#2552,
    #2580,#2608,#2636,#2664));
#2354 = ORIENTED_EDGE('',*,*,#2355,.T.);
#2355 = EDGE_CURVE('',#2356,#2358,#2360,.T.);
#2356 = VERTEX_POINT('',#2357);
#2357 = CARTESIAN_POINT('',(-2.619140625,-1.384765625,3.));
#2358 = VERTEX_POINT('',#2359);
#2359 = CARTESIAN_POINT('',(-4.498046875,-1.384765625,3.));
#2360 = SURFACE_CURVE('',#2361,(#2365,#2372),.PCURVE_S1.);
#2361 = LINE('',#2362,#2363);
#2362 = CARTESIAN_POINT('',(-2.619140625,-1.384765625,3.));
#2363 = VECTOR('',#2364,1.);
#2364 = DIRECTION('',(-1.,0.,0.));
#2365 = PCURVE('',#126,#2366);
#2366 = DEFINITIONAL_REPRESENTATION('',(#2367),#2371);
#2367 = LINE('',#2368,#2369);
#2368 = CARTESIAN_POINT('',(27.380859375,13.615234375));
#2369 = VECTOR('',#2370,1.);
#2370 = DIRECTION('',(-1.,0.));
#2371 = ( GEOMETRIC_REPRESENTATION_CONTEXT(2) 
PARAMETRIC_REPRESENTATION_CONTEXT() REPRESENTATION_CONTEXT('2D SPACE',''
  ) );
#2372 = PCURVE('',#2373,#2378);
#2373 = PLANE('',#2374);
#2374 = AXIS2_PLACEMENT_3D('',#2375,#2376,#2377);
#2375 = CARTESIAN_POINT('',(-2.619140625,-1.384765625,2.65));
#2376 = DIRECTION('',(0.,-1.,0.));
#2377 = DIRECTION('',(-1.,0.,0.));
#2378 = DEFINITIONAL_REPRESENTATION('',(#2379),#2383);
#2379 = LINE('',#2380,#2381);
#2380 = CARTESIAN_POINT('',(0.,-0.35));
#2381 = VECTOR('',#2382,1.);
#2382 = DIRECTION('',(1.,0.));
#2383 = ( GEOMETRIC_REPRESENTATION_CONTEXT(2) 
PARAMETRIC_REPRESENTATION_CONTEXT() REPRESENTATION_CONTEXT('2D SPACE',''
  ) );
#2384 = ORIENTED_EDGE('',*,*,#2385,.T.);
#2385 = EDGE_CURVE('',#2358,#2386,#2388,.T.);
#2386 = VERTEX_POINT('',#2387);
#2387 = CARTESIAN_POINT('',(-4.498046875,1.53125,3.));
#2388 = SURFACE_CURVE('',#2389,(#2393,#2400),.PCURVE_S1.);
#2389 = LINE('',#2390,#2391);
#2390 = CARTESIAN_POINT('',(-4.498046875,-1.384765625,3.));
#2391 = VECTOR('',#2392,1.);
#2392 = DIRECTION('',(0.,1.,0.));
#2393 = PCURVE('',#126,#2394);
#2394 = DEFINITIONAL_REPRESENTATION('',(#2395),#2399);
#2395 = LINE('',#2396,#2397);
#2396 = CARTESIAN_POINT('',(25.501953125,13.615234375));
#2397 = VECTOR('',#2398,1.);
#2398 = DIRECTION('',(0.,1.));
#2399 = ( GEOMETRIC_REPRESENTATION_CONTEXT(2) 
PARAMETRIC_REPRESENTATION_CONTEXT() REPRESENTATION_CONTEXT('2D SPACE',''
  ) );
#2400 = PCURVE('',#2401,#2406);
#2401 = PLANE('',#2402);
#2402 = AXIS2_PLACEMENT_3D('',#2403,#2404,#2405);
#2403 = CARTESIAN_POINT('',(-4.498046875,-1.384765625,2.65));
#2404 = DIRECTION('',(-1.,0.,0.));
#2405 = DIRECTION('',(0.,1.,0.));
#2406 = DEFINITIONAL_REPRESENTATION('',(#2407),#2411);
#2407 = LINE('',#2408,#2409);
#2408 = CARTESIAN_POINT('',(0.,-0.35));
#2409 = VECTOR('',#2410,1.);
#2410 = DIRECTION('',(1.,0.));
#2411 = ( GEOMETRIC_REPRESENTATION_CONTEXT(2) 
PARAMETRIC_REPRESENTATION_CONTEXT() REPRESENTATION_CONTEXT('2D SPACE',''
  ) );
#2412 = ORIENTED_EDGE('',*,*,#2413,.T.);
#2413 = EDGE_CURVE('',#2386,#2414,#2416,.T.);
#2414 = VERTEX_POINT('',#2415);
#2415 = CARTESIAN_POINT('',(-2.654296875,1.53125,3.));
#2416 = SURFACE_CURVE('',#2417,(#2421,#2428),.PCURVE_S1.);
#2417 = LINE('',#2418,#2419);
#2418 = CARTESIAN_POINT('',(-4.498046875,1.53125,3.));
#2419 = VECTOR('',#2420,1.);
#2420 = DIRECTION('',(1.,0.,0.));
#2421 = PCURVE('',#126,#2422);
#2422 = DEFINITIONAL_REPRESENTATION('',(#2423),#2427);
#2423 = LINE('',#2424,#2425);
#2424 = CARTESIAN_POINT('',(25.501953125,16.53125));
#2425 = VECTOR('',#2426,1.);
#2426 = DIRECTION('',(1.,0.));
#2427 = ( GEOMETRIC_REPRESENTATION_CONTEXT(2) 
PARAMETRIC_REPRESENTATION_CONTEXT() REPRESENTATION_CONTEXT('2D SPACE',''
  ) );
#2428 = PCURVE('',#2429,#2434);
#2429 = PLANE('',#2430);
#2430 = AXIS2_PLACEMENT_3D('',#2431,#2432,#2433);
#2431 = CARTESIAN_POINT('',(-4.498046875,1.53125,2.65));
#2432 = DIRECTION('',(0.,1.,0.));
#2433 = DIRECTION('',(1.,0.,0.));
#2434 = DEFINITIONAL_REPRESENTATION('',(#2435),#2439);
#2435 = LINE('',#2436,#2437);
#2436 = CARTESIAN_POINT('',(0.,-0.35));
#2437 = VECTOR('',#2438,1.);
#2438 = DIRECTION('',(1.,0.));
#2439 = ( GEOMETRIC_REPRESENTATION_CONTEXT(2) 
PARAMETRIC_REPRESENTATION_CONTEXT() REPRESENTATION_CONTEXT('2D SPACE',''
  ) );
#2440 = ORIENTED_EDGE('',*,*,#2441,.T.);
#2441 = EDGE_CURVE('',#2414,#2442,#2444,.T.);
#2442 = VERTEX_POINT('',#2443);
#2443 = CARTESIAN_POINT('',(-2.654296875,1.19921875,3.));
#2444 = SURFACE_CURVE('',#2445,(#2449,#2456),.PCURVE_S1.);
#2445 = LINE('',#2446,#2447);
#2446 = CARTESIAN_POINT('',(-2.654296875,1.53125,3.));
#2447 = VECTOR('',#2448,1.);
#2448 = DIRECTION('',(0.,-1.,0.));
#2449 = PCURVE('',#126,#2450);
#2450 = DEFINITIONAL_REPRESENTATION('',(#2451),#2455);
#2451 = LINE('',#2452,#2453);
#2452 = CARTESIAN_POINT('',(27.345703125,16.53125));
#2453 = VECTOR('',#2454,1.);
#2454 = DIRECTION('',(0.,-1.));
#2455 = ( GEOMETRIC_REPRESENTATION_CONTEXT(2) 
PARAMETRIC_REPRESENTATION_CONTEXT() REPRESENTATION_CONTEXT('2D SPACE',''
  ) );
#2456 = PCURVE('',#2457,#2462);
#2457 = PLANE('',#2458);
#2458 = AXIS2_PLACEMENT_3D('',#2459,#2460,#2461);
#2459 = CARTESIAN_POINT('',(-2.654296875,1.53125,2.65));
#2460 = DIRECTION('',(1.,0.,0.));
#2461 = DIRECTION('',(0.,-1.,0.));
#2462 = DEFINITIONAL_REPRESENTATION('',(#2463),#2467);
#2463 = LINE('',#2464,#2465);
#2464 = CARTESIAN_POINT('',(0.,-0.35));
#2465 = VECTOR('',#2466,1.);
#2466 = DIRECTION('',(1.,0.));
#2467 = ( GEOMETRIC_REPRESENTATION_CONTEXT(2) 
PARAMETRIC_REPRESENTATION_CONTEXT() REPRESENTATION_CONTEXT('2D SPACE',''
  ) );
#2468 = ORIENTED_EDGE('',*,*,#2469,.T.);
#2469 = EDGE_CURVE('',#2442,#2470,#2472,.T.);
#2470 = VERTEX_POINT('',#2471);
#2471 = CARTESIAN_POINT('',(-4.103515625,1.19921875,3.));
#2472 = SURFACE_CURVE('',#2473,(#2477,#2484),.PCURVE_S1.);
#2473 = LINE('',#2474,#2475);
#2474 = CARTESIAN_POINT('',(-2.654296875,1.19921875,3.));
#2475 = VECTOR('',#2476,1.);
#2476 = DIRECTION('',(-1.,0.,0.));
#2477 = PCURVE('',#126,#2478);
#2478 = DEFINITIONAL_REPRESENTATION('',(#2479),#2483);
#2479 = LINE('',#2480,#2481);
#2480 = CARTESIAN_POINT('',(27.345703125,16.19921875));
#2481 = VECTOR('',#2482,1.);
#2482 = DIRECTION('',(-1.,0.));
#2483 = ( GEOMETRIC_REPRESENTATION_CONTEXT(2) 
PARAMETRIC_REPRESENTATION_CONTEXT() REPRESENTATION_CONTEXT('2D SPACE',''
  ) );
#2484 = PCURVE('',#2485,#2490);
#2485 = PLANE('',#2486);
#2486 = AXIS2_PLACEMENT_3D('',#2487,#2488,#2489);
#2487 = CARTESIAN_POINT('',(-2.654296875,1.19921875,2.65));
#2488 = DIRECTION('',(0.,-1.,0.));
#2489 = DIRECTION('',(-1.,0.,0.));
#2490 = DEFINITIONAL_REPRESENTATION('',(#2491),#2495);
#2491 = LINE('',#2492,#2493);
#2492 = CARTESIAN_POINT('',(0.,-0.35));
#2493 = VECTOR('',#2494,1.);
#2494 = DIRECTION('',(1.,0.));
#2495 = ( GEOMETRIC_REPRESENTATION_CONTEXT(2) 
PARAMETRIC_REPRESENTATION_CONTEXT() REPRESENTATION_CONTEXT('2D SPACE',''
  ) );
#2496 = ORIENTED_EDGE('',*,*,#2497,.T.);
#2497 = EDGE_CURVE('',#2470,#2498,#2500,.T.);
#2498 = VERTEX_POINT('',#2499);
#2499 = CARTESIAN_POINT('',(-4.103515625,0.3359375,3.));
#2500 = SURFACE_CURVE('',#2501,(#2505,#2512),.PCURVE_S1.);
#2501 = LINE('',#2502,#2503);
#2502 = CARTESIAN_POINT('',(-4.103515625,1.19921875,3.));
#2503 = VECTOR('',#2504,1.);
#2504 = DIRECTION('',(0.,-1.,0.));
#2505 = PCURVE('',#126,#2506);
#2506 = DEFINITIONAL_REPRESENTATION('',(#2507),#2511);
#2507 = LINE('',#2508,#2509);
#2508 = CARTESIAN_POINT('',(25.896484375,16.19921875));
#2509 = VECTOR('',#2510,1.);
#2510 = DIRECTION('',(0.,-1.));
#2511 = ( GEOMETRIC_REPRESENTATION_CONTEXT(2) 
PARAMETRIC_REPRESENTATION_CONTEXT() REPRESENTATION_CONTEXT('2D SPACE',''
  ) );
#2512 = PCURVE('',#2513,#2518);
#2513 = PLANE('',#2514);
#2514 = AXIS2_PLACEMENT_3D('',#2515,#2516,#2517);
#2515 = CARTESIAN_POINT('',(-4.103515625,1.19921875,2.65));
#2516 = DIRECTION('',(1.,0.,0.));
#2517 = DIRECTION('',(0.,-1.,0.));
#2518 = DEFINITIONAL_REPRESENTATION('',(#2519),#2523);
#2519 = LINE('',#2520,#2521);
#2520 = CARTESIAN_POINT('',(0.,-0.35));
#2521 = VECTOR('',#2522,1.);
#2522 = DIRECTION('',(1.,0.));
#2523 = ( GEOMETRIC_REPRESENTATION_CONTEXT(2) 
PARAMETRIC_REPRESENTATION_CONTEXT() REPRESENTATION_CONTEXT('2D SPACE',''
  ) );
#2524 = ORIENTED_EDGE('',*,*,#2525,.T.);
#2525 = EDGE_CURVE('',#2498,#2526,#2528,.T.);
#2526 = VERTEX_POINT('',#2527);
#2527 = CARTESIAN_POINT('',(-2.71484375,0.3359375,3.));
#2528 = SURFACE_CURVE('',#2529,(#2533,#2540),.PCURVE_S1.);
#2529 = LINE('',#2530,#2531);
#2530 = CARTESIAN_POINT('',(-4.103515625,0.3359375,3.));
#2531 = VECTOR('',#2532,1.);
#2532 = DIRECTION('',(1.,0.,0.));
#2533 = PCURVE('',#126,#2534);
#2534 = DEFINITIONAL_REPRESENTATION('',(#2535),#2539);
#2535 = LINE('',#2536,#2537);
#2536 = CARTESIAN_POINT('',(25.896484375,15.3359375));
#2537 = VECTOR('',#2538,1.);
#2538 = DIRECTION('',(1.,0.));
#2539 = ( GEOMETRIC_REPRESENTATION_CONTEXT(2) 
PARAMETRIC_REPRESENTATION_CONTEXT() REPRESENTATION_CONTEXT('2D SPACE',''
  ) );
#2540 = PCURVE('',#2541,#2546);
#2541 = PLANE('',#2542);
#2542 = AXIS2_PLACEMENT_3D('',#2543,#2544,#2545);
#2543 = CARTESIAN_POINT('',(-4.103515625,0.3359375,2.65));
#2544 = DIRECTION('',(0.,1.,0.));
#2545 = DIRECTION('',(1.,0.,0.));
#2546 = DEFINITIONAL_REPRESENTATION('',(#2547),#2551);
#2547 = LINE('',#2548,#2549);
#2548 = CARTESIAN_POINT('',(0.,-0.35));
#2549 = VECTOR('',#2550,1.);
#2550 = DIRECTION('',(1.,0.));
#2551 = ( GEOMETRIC_REPRESENTATION_CONTEXT(2) 
PARAMETRIC_REPRESENTATION_CONTEXT() REPRESENTATION_CONTEXT('2D SPACE',''
  ) );
#2552 = ORIENTED_EDGE('',*,*,#2553,.T.);
#2553 = EDGE_CURVE('',#2526,#2554,#2556,.T.);
#2554 = VERTEX_POINT('',#2555);
#2555 = CARTESIAN_POINT('',(-2.71484375,3.90625E-03,3.));
#2556 = SURFACE_CURVE('',#2557,(#2561,#2568),.PCURVE_S1.);
#2557 = LINE('',#2558,#2559);
#2558 = CARTESIAN_POINT('',(-2.71484375,0.3359375,3.));
#2559 = VECTOR('',#2560,1.);
#2560 = DIRECTION('',(0.,-1.,0.));
#2561 = PCURVE('',#126,#2562);
#2562 = DEFINITIONAL_REPRESENTATION('',(#2563),#2567);
#2563 = LINE('',#2564,#2565);
#2564 = CARTESIAN_POINT('',(27.28515625,15.3359375));
#2565 = VECTOR('',#2566,1.);
#2566 = DIRECTION('',(0.,-1.));
#2567 = ( GEOMETRIC_REPRESENTATION_CONTEXT(2) 
PARAMETRIC_REPRESENTATION_CONTEXT() REPRESENTATION_CONTEXT('2D SPACE',''
  ) );
#2568 = PCURVE('',#2569,#2574);
#2569 = PLANE('',#2570);
#2570 = AXIS2_PLACEMENT_3D('',#2571,#2572,#2573);
#2571 = CARTESIAN_POINT('',(-2.71484375,0.3359375,2.65));
#2572 = DIRECTION('',(1.,0.,0.));
#2573 = DIRECTION('',(0.,-1.,0.));
#2574 = DEFINITIONAL_REPRESENTATION('',(#2575),#2579);
#2575 = LINE('',#2576,#2577);
#2576 = CARTESIAN_POINT('',(0.,-0.35));
#2577 = VECTOR('',#2578,1.);
#2578 = DIRECTION('',(1.,0.));
#2579 = ( GEOMETRIC_REPRESENTATION_CONTEXT(2) 
PARAMETRIC_REPRESENTATION_CONTEXT() REPRESENTATION_CONTEXT('2D SPACE',''
  ) );
#2580 = ORIENTED_EDGE('',*,*,#2581,.T.);
#2581 = EDGE_CURVE('',#2554,#2582,#2584,.T.);
#2582 = VERTEX_POINT('',#2583);
#2583 = CARTESIAN_POINT('',(-4.103515625,3.90625E-03,3.));
#2584 = SURFACE_CURVE('',#2585,(#2589,#2596),.PCURVE_S1.);
#2585 = LINE('',#2586,#2587);
#2586 = CARTESIAN_POINT('',(-2.71484375,3.90625E-03,3.));
#2587 = VECTOR('',#2588,1.);
#2588 = DIRECTION('',(-1.,0.,0.));
#2589 = PCURVE('',#126,#2590);
#2590 = DEFINITIONAL_REPRESENTATION('',(#2591),#2595);
#2591 = LINE('',#2592,#2593);
#2592 = CARTESIAN_POINT('',(27.28515625,15.00390625));
#2593 = VECTOR('',#2594,1.);
#2594 = DIRECTION('',(-1.,0.));
#2595 = ( GEOMETRIC_REPRESENTATION_CONTEXT(2) 
PARAMETRIC_REPRESENTATION_CONTEXT() REPRESENTATION_CONTEXT('2D SPACE',''
  ) );
#2596 = PCURVE('',#2597,#2602);
#2597 = PLANE('',#2598);
#2598 = AXIS2_PLACEMENT_3D('',#2599,#2600,#2601);
#2599 = CARTESIAN_POINT('',(-2.71484375,3.90625E-03,2.65));
#2600 = DIRECTION('',(0.,-1.,0.));
#2601 = DIRECTION('',(-1.,0.,0.));
#2602 = DEFINITIONAL_REPRESENTATION('',(#2603),#2607);
#2603 = LINE('',#2604,#2605);
#2604 = CARTESIAN_POINT('',(0.,-0.35));
#2605 = VECTOR('',#2606,1.);
#2606 = DIRECTION('',(1.,0.));
#2607 = ( GEOMETRIC_REPRESENTATION_CONTEXT(2) 
PARAMETRIC_REPRESENTATION_CONTEXT() REPRESENTATION_CONTEXT('2D SPACE',''
  ) );
#2608 = ORIENTED_EDGE('',*,*,#2609,.T.);
#2609 = EDGE_CURVE('',#2582,#2610,#2612,.T.);
#2610 = VERTEX_POINT('',#2611);
#2611 = CARTESIAN_POINT('',(-4.103515625,-1.052734375,3.));
#2612 = SURFACE_CURVE('',#2613,(#2617,#2624),.PCURVE_S1.);
#2613 = LINE('',#2614,#2615);
#2614 = CARTESIAN_POINT('',(-4.103515625,3.90625E-03,3.));
#2615 = VECTOR('',#2616,1.);
#2616 = DIRECTION('',(0.,-1.,0.));
#2617 = PCURVE('',#126,#2618);
#2618 = DEFINITIONAL_REPRESENTATION('',(#2619),#2623);
#2619 = LINE('',#2620,#2621);
#2620 = CARTESIAN_POINT('',(25.896484375,15.00390625));
#2621 = VECTOR('',#2622,1.);
#2622 = DIRECTION('',(0.,-1.));
#2623 = ( GEOMETRIC_REPRESENTATION_CONTEXT(2) 
PARAMETRIC_REPRESENTATION_CONTEXT() REPRESENTATION_CONTEXT('2D SPACE',''
  ) );
#2624 = PCURVE('',#2625,#2630);
#2625 = PLANE('',#2626);
#2626 = AXIS2_PLACEMENT_3D('',#2627,#2628,#2629);
#2627 = CARTESIAN_POINT('',(-4.103515625,3.90625E-03,2.65));
#2628 = DIRECTION('',(1.,0.,0.));
#2629 = DIRECTION('',(0.,-1.,0.));
#2630 = DEFINITIONAL_REPRESENTATION('',(#2631),#2635);
#2631 = LINE('',#2632,#2633);
#2632 = CARTESIAN_POINT('',(0.,-0.35));
#2633 = VECTOR('',#2634,1.);
#2634 = DIRECTION('',(1.,0.));
#2635 = ( GEOMETRIC_REPRESENTATION_CONTEXT(2) 
PARAMETRIC_REPRESENTATION_CONTEXT() REPRESENTATION_CONTEXT('2D SPACE',''
  ) );
#2636 = ORIENTED_EDGE('',*,*,#2637,.T.);
#2637 = EDGE_CURVE('',#2610,#2638,#2640,.T.);
#2638 = VERTEX_POINT('',#2639);
#2639 = CARTESIAN_POINT('',(-2.619140625,-1.052734375,3.));
#2640 = SURFACE_CURVE('',#2641,(#2645,#2652),.PCURVE_S1.);
#2641 = LINE('',#2642,#2643);
#2642 = CARTESIAN_POINT('',(-4.103515625,-1.052734375,3.));
#2643 = VECTOR('',#2644,1.);
#2644 = DIRECTION('',(1.,0.,0.));
#2645 = PCURVE('',#126,#2646);
#2646 = DEFINITIONAL_REPRESENTATION('',(#2647),#2651);
#2647 = LINE('',#2648,#2649);
#2648 = CARTESIAN_POINT('',(25.896484375,13.947265625));
#2649 = VECTOR('',#2650,1.);
#2650 = DIRECTION('',(1.,0.));
#2651 = ( GEOMETRIC_REPRESENTATION_CONTEXT(2) 
PARAMETRIC_REPRESENTATION_CONTEXT() REPRESENTATION_CONTEXT('2D SPACE',''
  ) );
#2652 = PCURVE('',#2653,#2658);
#2653 = PLANE('',#2654);
#2654 = AXIS2_PLACEMENT_3D('',#2655,#2656,#2657);
#2655 = CARTESIAN_POINT('',(-4.103515625,-1.052734375,2.65));
#2656 = DIRECTION('',(0.,1.,0.));
#2657 = DIRECTION('',(1.,0.,0.));
#2658 = DEFINITIONAL_REPRESENTATION('',(#2659),#2663);
#2659 = LINE('',#2660,#2661);
#2660 = CARTESIAN_POINT('',(0.,-0.35));
#2661 = VECTOR('',#2662,1.);
#2662 = DIRECTION('',(1.,0.));
#2663 = ( GEOMETRIC_REPRESENTATION_CONTEXT(2) 
PARAMETRIC_REPRESENTATION_CONTEXT() REPRESENTATION_CONTEXT('2D SPACE',''
  ) );
#2664 = ORIENTED_EDGE('',*,*,#2665,.T.);
#2665 = EDGE_CURVE('',#2638,#2356,#2666,.T.);
#2666 = SURFACE_CURVE('',#2667,(#2671,#2678),.PCURVE_S1.);
#2667 = LINE('',#2668,#2669);
#2668 = CARTESIAN_POINT('',(-2.619140625,-1.052734375,3.));
#2669 = VECTOR('',#2670,1.);
#2670 = DIRECTION('',(0.,-1.,0.));
#2671 = PCURVE('',#126,#2672);
#2672 = DEFINITIONAL_REPRESENTATION('',(#2673),#2677);
#2673 = LINE('',#2674,#2675);
#2674 = CARTESIAN_POINT('',(27.380859375,13.947265625));
#2675 = VECTOR('',#2676,1.);
#2676 = DIRECTION('',(0.,-1.));
#2677 = ( GEOMETRIC_REPRESENTATION_CONTEXT(2) 
PARAMETRIC_REPRESENTATION_CONTEXT() REPRESENTATION_CONTEXT('2D SPACE',''
  ) );
#2678 = PCURVE('',#2679,#2684);
#2679 = PLANE('',#2680);
#2680 = AXIS2_PLACEMENT_3D('',#2681,#2682,#2683);
#2681 = CARTESIAN_POINT('',(-2.619140625,-1.052734375,2.65));
#2682 = DIRECTION('',(1.,0.,0.));
#2683 = DIRECTION('',(0.,-1.,0.));
#2684 = DEFINITIONAL_REPRESENTATION('',(#2685),#2689);
#2685 = LINE('',#2686,#2687);
#2686 = CARTESIAN_POINT('',(0.,-0.35));
#2687 = VECTOR('',#2688,1.);
#2688 = DIRECTION('',(1.,0.));
#2689 = ( GEOMETRIC_REPRESENTATION_CONTEXT(2) 
PARAMETRIC_REPRESENTATION_CONTEXT() REPRESENTATION_CONTEXT('2D SPACE',''
  ) );
#2690 = FACE_BOUND('',#2691,.T.);
#2691 = EDGE_LOOP('',(#2692,#2722,#2750,#2778,#2806,#2834,#2862,#2890));
#2692 = ORIENTED_EDGE('',*,*,#2693,.T.);
#2693 = EDGE_CURVE('',#2694,#2696,#2698,.T.);
#2694 = VERTEX_POINT('',#2695);
#2695 = CARTESIAN_POINT('',(-1.33984375,1.19921875,3.));
#2696 = VERTEX_POINT('',#2697);
#2697 = CARTESIAN_POINT('',(-2.375,1.19921875,3.));
#2698 = SURFACE_CURVE('',#2699,(#2703,#2710),.PCURVE_S1.);
#2699 = LINE('',#2700,#2701);
#2700 = CARTESIAN_POINT('',(-1.33984375,1.19921875,3.));
#2701 = VECTOR('',#2702,1.);
#2702 = DIRECTION('',(-1.,0.,0.));
#2703 = PCURVE('',#126,#2704);
#2704 = DEFINITIONAL_REPRESENTATION('',(#2705),#2709);
#2705 = LINE('',#2706,#2707);
#2706 = CARTESIAN_POINT('',(28.66015625,16.19921875));
#2707 = VECTOR('',#2708,1.);
#2708 = DIRECTION('',(-1.,0.));
#2709 = ( GEOMETRIC_REPRESENTATION_CONTEXT(2) 
PARAMETRIC_REPRESENTATION_CONTEXT() REPRESENTATION_CONTEXT('2D SPACE',''
  ) );
#2710 = PCURVE('',#2711,#2716);
#2711 = PLANE('',#2712);
#2712 = AXIS2_PLACEMENT_3D('',#2713,#2714,#2715);
#2713 = CARTESIAN_POINT('',(-1.33984375,1.19921875,2.65));
#2714 = DIRECTION('',(0.,-1.,0.));
#2715 = DIRECTION('',(-1.,0.,0.));
#2716 = DEFINITIONAL_REPRESENTATION('',(#2717),#2721);
#2717 = LINE('',#2718,#2719);
#2718 = CARTESIAN_POINT('',(0.,-0.35));
#2719 = VECTOR('',#2720,1.);
#2720 = DIRECTION('',(1.,0.));
#2721 = ( GEOMETRIC_REPRESENTATION_CONTEXT(2) 
PARAMETRIC_REPRESENTATION_CONTEXT() REPRESENTATION_CONTEXT('2D SPACE',''
  ) );
#2722 = ORIENTED_EDGE('',*,*,#2723,.T.);
#2723 = EDGE_CURVE('',#2696,#2724,#2726,.T.);
#2724 = VERTEX_POINT('',#2725);
#2725 = CARTESIAN_POINT('',(-2.375,1.53125,3.));
#2726 = SURFACE_CURVE('',#2727,(#2731,#2738),.PCURVE_S1.);
#2727 = LINE('',#2728,#2729);
#2728 = CARTESIAN_POINT('',(-2.375,1.19921875,3.));
#2729 = VECTOR('',#2730,1.);
#2730 = DIRECTION('',(0.,1.,0.));
#2731 = PCURVE('',#126,#2732);
#2732 = DEFINITIONAL_REPRESENTATION('',(#2733),#2737);
#2733 = LINE('',#2734,#2735);
#2734 = CARTESIAN_POINT('',(27.625,16.19921875));
#2735 = VECTOR('',#2736,1.);
#2736 = DIRECTION('',(0.,1.));
#2737 = ( GEOMETRIC_REPRESENTATION_CONTEXT(2) 
PARAMETRIC_REPRESENTATION_CONTEXT() REPRESENTATION_CONTEXT('2D SPACE',''
  ) );
#2738 = PCURVE('',#2739,#2744);
#2739 = PLANE('',#2740);
#2740 = AXIS2_PLACEMENT_3D('',#2741,#2742,#2743);
#2741 = CARTESIAN_POINT('',(-2.375,1.19921875,2.65));
#2742 = DIRECTION('',(-1.,0.,0.));
#2743 = DIRECTION('',(0.,1.,0.));
#2744 = DEFINITIONAL_REPRESENTATION('',(#2745),#2749);
#2745 = LINE('',#2746,#2747);
#2746 = CARTESIAN_POINT('',(0.,-0.35));
#2747 = VECTOR('',#2748,1.);
#2748 = DIRECTION('',(1.,0.));
#2749 = ( GEOMETRIC_REPRESENTATION_CONTEXT(2) 
PARAMETRIC_REPRESENTATION_CONTEXT() REPRESENTATION_CONTEXT('2D SPACE',''
  ) );
#2750 = ORIENTED_EDGE('',*,*,#2751,.T.);
#2751 = EDGE_CURVE('',#2724,#2752,#2754,.T.);
#2752 = VERTEX_POINT('',#2753);
#2753 = CARTESIAN_POINT('',(9.1796875E-02,1.53125,3.));
#2754 = SURFACE_CURVE('',#2755,(#2759,#2766),.PCURVE_S1.);
#2755 = LINE('',#2756,#2757);
#2756 = CARTESIAN_POINT('',(-2.375,1.53125,3.));
#2757 = VECTOR('',#2758,1.);
#2758 = DIRECTION('',(1.,0.,0.));
#2759 = PCURVE('',#126,#2760);
#2760 = DEFINITIONAL_REPRESENTATION('',(#2761),#2765);
#2761 = LINE('',#2762,#2763);
#2762 = CARTESIAN_POINT('',(27.625,16.53125));
#2763 = VECTOR('',#2764,1.);
#2764 = DIRECTION('',(1.,0.));
#2765 = ( GEOMETRIC_REPRESENTATION_CONTEXT(2) 
PARAMETRIC_REPRESENTATION_CONTEXT() REPRESENTATION_CONTEXT('2D SPACE',''
  ) );
#2766 = PCURVE('',#2767,#2772);
#2767 = PLANE('',#2768);
#2768 = AXIS2_PLACEMENT_3D('',#2769,#2770,#2771);
#2769 = CARTESIAN_POINT('',(-2.375,1.53125,2.65));
#2770 = DIRECTION('',(0.,1.,0.));
#2771 = DIRECTION('',(1.,0.,0.));
#2772 = DEFINITIONAL_REPRESENTATION('',(#2773),#2777);
#2773 = LINE('',#2774,#2775);
#2774 = CARTESIAN_POINT('',(0.,-0.35));
#2775 = VECTOR('',#2776,1.);
#2776 = DIRECTION('',(1.,0.));
#2777 = ( GEOMETRIC_REPRESENTATION_CONTEXT(2) 
PARAMETRIC_REPRESENTATION_CONTEXT() REPRESENTATION_CONTEXT('2D SPACE',''
  ) );
#2778 = ORIENTED_EDGE('',*,*,#2779,.T.);
#2779 = EDGE_CURVE('',#2752,#2780,#2782,.T.);
#2780 = VERTEX_POINT('',#2781);
#2781 = CARTESIAN_POINT('',(9.1796875E-02,1.19921875,3.));
#2782 = SURFACE_CURVE('',#2783,(#2787,#2794),.PCURVE_S1.);
#2783 = LINE('',#2784,#2785);
#2784 = CARTESIAN_POINT('',(9.1796875E-02,1.53125,3.));
#2785 = VECTOR('',#2786,1.);
#2786 = DIRECTION('',(0.,-1.,0.));
#2787 = PCURVE('',#126,#2788);
#2788 = DEFINITIONAL_REPRESENTATION('',(#2789),#2793);
#2789 = LINE('',#2790,#2791);
#2790 = CARTESIAN_POINT('',(30.091796875,16.53125));
#2791 = VECTOR('',#2792,1.);
#2792 = DIRECTION('',(0.,-1.));
#2793 = ( GEOMETRIC_REPRESENTATION_CONTEXT(2) 
PARAMETRIC_REPRESENTATION_CONTEXT() REPRESENTATION_CONTEXT('2D SPACE',''
  ) );
#2794 = PCURVE('',#2795,#2800);
#2795 = PLANE('',#2796);
#2796 = AXIS2_PLACEMENT_3D('',#2797,#2798,#2799);
#2797 = CARTESIAN_POINT('',(9.1796875E-02,1.53125,2.65));
#2798 = DIRECTION('',(1.,0.,0.));
#2799 = DIRECTION('',(0.,-1.,0.));
#2800 = DEFINITIONAL_REPRESENTATION('',(#2801),#2805);
#2801 = LINE('',#2802,#2803);
#2802 = CARTESIAN_POINT('',(0.,-0.35));
#2803 = VECTOR('',#2804,1.);
#2804 = DIRECTION('',(1.,0.));
#2805 = ( GEOMETRIC_REPRESENTATION_CONTEXT(2) 
PARAMETRIC_REPRESENTATION_CONTEXT() REPRESENTATION_CONTEXT('2D SPACE',''
  ) );
#2806 = ORIENTED_EDGE('',*,*,#2807,.T.);
#2807 = EDGE_CURVE('',#2780,#2808,#2810,.T.);
#2808 = VERTEX_POINT('',#2809);
#2809 = CARTESIAN_POINT('',(-0.943359375,1.19921875,3.));
#2810 = SURFACE_CURVE('',#2811,(#2815,#2822),.PCURVE_S1.);
#2811 = LINE('',#2812,#2813);
#2812 = CARTESIAN_POINT('',(9.1796875E-02,1.19921875,3.));
#2813 = VECTOR('',#2814,1.);
#2814 = DIRECTION('',(-1.,0.,0.));
#2815 = PCURVE('',#126,#2816);
#2816 = DEFINITIONAL_REPRESENTATION('',(#2817),#2821);
#2817 = LINE('',#2818,#2819);
#2818 = CARTESIAN_POINT('',(30.091796875,16.19921875));
#2819 = VECTOR('',#2820,1.);
#2820 = DIRECTION('',(-1.,0.));
#2821 = ( GEOMETRIC_REPRESENTATION_CONTEXT(2) 
PARAMETRIC_REPRESENTATION_CONTEXT() REPRESENTATION_CONTEXT('2D SPACE',''
  ) );
#2822 = PCURVE('',#2823,#2828);
#2823 = PLANE('',#2824);
#2824 = AXIS2_PLACEMENT_3D('',#2825,#2826,#2827);
#2825 = CARTESIAN_POINT('',(9.1796875E-02,1.19921875,2.65));
#2826 = DIRECTION('',(0.,-1.,0.));
#2827 = DIRECTION('',(-1.,0.,0.));
#2828 = DEFINITIONAL_REPRESENTATION('',(#2829),#2833);
#2829 = LINE('',#2830,#2831);
#2830 = CARTESIAN_POINT('',(0.,-0.35));
#2831 = VECTOR('',#2832,1.);
#2832 = DIRECTION('',(1.,0.));
#2833 = ( GEOMETRIC_REPRESENTATION_CONTEXT(2) 
PARAMETRIC_REPRESENTATION_CONTEXT() REPRESENTATION_CONTEXT('2D SPACE',''
  ) );
#2834 = ORIENTED_EDGE('',*,*,#2835,.T.);
#2835 = EDGE_CURVE('',#2808,#2836,#2838,.T.);
#2836 = VERTEX_POINT('',#2837);
#2837 = CARTESIAN_POINT('',(-0.943359375,-1.384765625,3.));
#2838 = SURFACE_CURVE('',#2839,(#2843,#2850),.PCURVE_S1.);
#2839 = LINE('',#2840,#2841);
#2840 = CARTESIAN_POINT('',(-0.943359375,1.19921875,3.));
#2841 = VECTOR('',#2842,1.);
#2842 = DIRECTION('',(0.,-1.,0.));
#2843 = PCURVE('',#126,#2844);
#2844 = DEFINITIONAL_REPRESENTATION('',(#2845),#2849);
#2845 = LINE('',#2846,#2847);
#2846 = CARTESIAN_POINT('',(29.056640625,16.19921875));
#2847 = VECTOR('',#2848,1.);
#2848 = DIRECTION('',(0.,-1.));
#2849 = ( GEOMETRIC_REPRESENTATION_CONTEXT(2) 
PARAMETRIC_REPRESENTATION_CONTEXT() REPRESENTATION_CONTEXT('2D SPACE',''
  ) );
#2850 = PCURVE('',#2851,#2856);
#2851 = PLANE('',#2852);
#2852 = AXIS2_PLACEMENT_3D('',#2853,#2854,#2855);
#2853 = CARTESIAN_POINT('',(-0.943359375,1.19921875,2.65));
#2854 = DIRECTION('',(1.,0.,0.));
#2855 = DIRECTION('',(0.,-1.,0.));
#2856 = DEFINITIONAL_REPRESENTATION('',(#2857),#2861);
#2857 = LINE('',#2858,#2859);
#2858 = CARTESIAN_POINT('',(0.,-0.35));
#2859 = VECTOR('',#2860,1.);
#2860 = DIRECTION('',(1.,0.));
#2861 = ( GEOMETRIC_REPRESENTATION_CONTEXT(2) 
PARAMETRIC_REPRESENTATION_CONTEXT() REPRESENTATION_CONTEXT('2D SPACE',''
  ) );
#2862 = ORIENTED_EDGE('',*,*,#2863,.T.);
#2863 = EDGE_CURVE('',#2836,#2864,#2866,.T.);
#2864 = VERTEX_POINT('',#2865);
#2865 = CARTESIAN_POINT('',(-1.33984375,-1.384765625,3.));
#2866 = SURFACE_CURVE('',#2867,(#2871,#2878),.PCURVE_S1.);
#2867 = LINE('',#2868,#2869);
#2868 = CARTESIAN_POINT('',(-0.943359375,-1.384765625,3.));
#2869 = VECTOR('',#2870,1.);
#2870 = DIRECTION('',(-1.,0.,0.));
#2871 = PCURVE('',#126,#2872);
#2872 = DEFINITIONAL_REPRESENTATION('',(#2873),#2877);
#2873 = LINE('',#2874,#2875);
#2874 = CARTESIAN_POINT('',(29.056640625,13.615234375));
#2875 = VECTOR('',#2876,1.);
#2876 = DIRECTION('',(-1.,0.));
#2877 = ( GEOMETRIC_REPRESENTATION_CONTEXT(2) 
PARAMETRIC_REPRESENTATION_CONTEXT() REPRESENTATION_CONTEXT('2D SPACE',''
  ) );
#2878 = PCURVE('',#2879,#2884);
#2879 = PLANE('',#2880);
#2880 = AXIS2_PLACEMENT_3D('',#2881,#2882,#2883);
#2881 = CARTESIAN_POINT('',(-0.943359375,-1.384765625,2.65));
#2882 = DIRECTION('',(0.,-1.,0.));
#2883 = DIRECTION('',(-1.,0.,0.));
#2884 = DEFINITIONAL_REPRESENTATION('',(#2885),#2889);
#2885 = LINE('',#2886,#2887);
#2886 = CARTESIAN_POINT('',(0.,-0.35));
#2887 = VECTOR('',#2888,1.);
#2888 = DIRECTION('',(1.,0.));
#2889 = ( GEOMETRIC_REPRESENTATION_CONTEXT(2) 
PARAMETRIC_REPRESENTATION_CONTEXT() REPRESENTATION_CONTEXT('2D SPACE',''
  ) );
#2890 = ORIENTED_EDGE('',*,*,#2891,.T.);
#2891 = EDGE_CURVE('',#2864,#2694,#2892,.T.);
#2892 = SURFACE_CURVE('',#2893,(#2897,#2904),.PCURVE_S1.);
#2893 = LINE('',#2894,#2895);
#2894 = CARTESIAN_POINT('',(-1.33984375,-1.384765625,3.));
#2895 = VECTOR('',#2896,1.);
#2896 = DIRECTION('',(0.,1.,0.));
#2897 = PCURVE('',#126,#2898);
#2898 = DEFINITIONAL_REPRESENTATION('',(#2899),#2903);
#2899 = LINE('',#2900,#2901);
#2900 = CARTESIAN_POINT('',(28.66015625,13.615234375));
#2901 = VECTOR('',#2902,1.);
#2902 = DIRECTION('',(0.,1.));
#2903 = ( GEOMETRIC_REPRESENTATION_CONTEXT(2) 
PARAMETRIC_REPRESENTATION_CONTEXT() REPRESENTATION_CONTEXT('2D SPACE',''
  ) );
#2904 = PCURVE('',#2905,#2910);
#2905 = PLANE('',#2906);
#2906 = AXIS2_PLACEMENT_3D('',#2907,#2908,#2909);
#2907 = CARTESIAN_POINT('',(-1.33984375,-1.384765625,2.65));
#2908 = DIRECTION('',(-1.,0.,0.));
#2909 = DIRECTION('',(0.,1.,0.));
#2910 = DEFINITIONAL_REPRESENTATION('',(#2911),#2915);
#2911 = LINE('',#2912,#2913);
#2912 = CARTESIAN_POINT('',(0.,-0.35));
#2913 = VECTOR('',#2914,1.);
#2914 = DIRECTION('',(1.,0.));
#2915 = ( GEOMETRIC_REPRESENTATION_CONTEXT(2) 
PARAMETRIC_REPRESENTATION_CONTEXT() REPRESENTATION_CONTEXT('2D SPACE',''
  ) );
#2916 = FACE_BOUND('',#2917,.T.);
#2917 = EDGE_LOOP('',(#2918));
#2918 = ORIENTED_EDGE('',*,*,#2919,.T.);
#2919 = EDGE_CURVE('',#2920,#2920,#2922,.T.);
#2920 = VERTEX_POINT('',#2921);
#2921 = CARTESIAN_POINT('',(-25.7,10.,3.));
#2922 = SURFACE_CURVE('',#2923,(#2928,#2939),.PCURVE_S1.);
#2923 = CIRCLE('',#2924,1.7);
#2924 = AXIS2_PLACEMENT_3D('',#2925,#2926,#2927);
#2925 = CARTESIAN_POINT('',(-24.,10.,3.));
#2926 = DIRECTION('',(0.,0.,-1.));
#2927 = DIRECTION('',(-1.,0.,0.));
#2928 = PCURVE('',#126,#2929);
#2929 = DEFINITIONAL_REPRESENTATION('',(#2930),#2938);
#2930 = ( BOUNDED_CURVE() B_SPLINE_CURVE(2,(#2931,#2932,#2933,#2934,
#2935,#2936,#2937),.UNSPECIFIED.,.T.,.F.) B_SPLINE_CURVE_WITH_KNOTS((1,2
    ,2,2,2,1),(-2.094395102393,0.,2.094395102393,4.188790204786,
6.28318530718,8.377580409573),.UNSPECIFIED.) CURVE() 
GEOMETRIC_REPRESENTATION_ITEM() RATIONAL_B_SPLINE_CURVE((1.,0.5,1.,0.5,
1.,0.5,1.)) REPRESENTATION_ITEM('') );
#2931 = CARTESIAN_POINT('',(4.3,25.));
#2932 = CARTESIAN_POINT('',(4.3,27.944486372867));
#2933 = CARTESIAN_POINT('',(6.85,26.472243186434));
#2934 = CARTESIAN_POINT('',(9.4,25.));
#2935 = CARTESIAN_POINT('',(6.85,23.527756813566));
#2936 = CARTESIAN_POINT('',(4.3,22.055513627133));
#2937 = CARTESIAN_POINT('',(4.3,25.));
#2938 = ( GEOMETRIC_REPRESENTATION_CONTEXT(2) 
PARAMETRIC_REPRESENTATION_CONTEXT() REPRESENTATION_CONTEXT('2D SPACE',''
  ) );
#2939 = PCURVE('',#2940,#2945);
#2940 = CYLINDRICAL_SURFACE('',#2941,1.7);
#2941 = AXIS2_PLACEMENT_3D('',#2942,#2943,#2944);
#2942 = CARTESIAN_POINT('',(-24.,10.,3.));
#2943 = DIRECTION('',(0.,0.,-1.));
#2944 = DIRECTION('',(-1.,0.,0.));
#2945 = DEFINITIONAL_REPRESENTATION('',(#2946),#2950);
#2946 = LINE('',#2947,#2948);
#2947 = CARTESIAN_POINT('',(0.,0.));
#2948 = VECTOR('',#2949,1.);
#2949 = DIRECTION('',(1.,0.));
#2950 = ( GEOMETRIC_REPRESENTATION_CONTEXT(2) 
PARAMETRIC_REPRESENTATION_CONTEXT() REPRESENTATION_CONTEXT('2D SPACE',''
  ) );
#2951 = FACE_BOUND('',#2952,.T.);
#2952 = EDGE_LOOP('',(#2953,#2985,#3013,#3043,#3073,#3103,#3133,#3163,
    #3193,#3223,#3253,#3281,#3311,#3341,#3371,#3401,#3431,#3461));
#2953 = ORIENTED_EDGE('',*,*,#2954,.T.);
#2954 = EDGE_CURVE('',#2955,#2957,#2959,.T.);
#2955 = VERTEX_POINT('',#2956);
#2956 = CARTESIAN_POINT('',(3.4931640625,1.5146484375,3.));
#2957 = VERTEX_POINT('',#2958);
#2958 = CARTESIAN_POINT('',(3.927734375,1.306640625,3.));
#2959 = SURFACE_CURVE('',#2960,(#2964,#2971),.PCURVE_S1.);
#2960 = B_SPLINE_CURVE_WITH_KNOTS('',2,(#2961,#2962,#2963),
  .UNSPECIFIED.,.F.,.F.,(3,3),(0.,1.),.PIECEWISE_BEZIER_KNOTS.);
#2961 = CARTESIAN_POINT('',(3.4931640625,1.5146484375,3.));
#2962 = CARTESIAN_POINT('',(3.724609375,1.4453125,3.));
#2963 = CARTESIAN_POINT('',(3.927734375,1.306640625,3.));
#2964 = PCURVE('',#126,#2965);
#2965 = DEFINITIONAL_REPRESENTATION('',(#2966),#2970);
#2966 = B_SPLINE_CURVE_WITH_KNOTS('',2,(#2967,#2968,#2969),
  .UNSPECIFIED.,.F.,.F.,(3,3),(0.,1.),.PIECEWISE_BEZIER_KNOTS.);
#2967 = CARTESIAN_POINT('',(33.4931640625,16.5146484375));
#2968 = CARTESIAN_POINT('',(33.724609375,16.4453125));
#2969 = CARTESIAN_POINT('',(33.927734375,16.306640625));
#2970 = ( GEOMETRIC_REPRESENTATION_CONTEXT(2) 
PARAMETRIC_REPRESENTATION_CONTEXT() REPRESENTATION_CONTEXT('2D SPACE',''
  ) );
#2971 = PCURVE('',#2972,#2979);
#2972 = SURFACE_OF_LINEAR_EXTRUSION('',#2973,#2977);
#2973 = B_SPLINE_CURVE_WITH_KNOTS('',2,(#2974,#2975,#2976),
  .UNSPECIFIED.,.F.,.F.,(3,3),(0.,1.),.PIECEWISE_BEZIER_KNOTS.);
#2974 = CARTESIAN_POINT('',(3.4931640625,1.5146484375,2.65));
#2975 = CARTESIAN_POINT('',(3.724609375,1.4453125,2.65));
#2976 = CARTESIAN_POINT('',(3.927734375,1.306640625,2.65));
#2977 = VECTOR('',#2978,1.);
#2978 = DIRECTION('',(-0.,-0.,-1.));
#2979 = DEFINITIONAL_REPRESENTATION('',(#2980),#2984);
#2980 = LINE('',#2981,#2982);
#2981 = CARTESIAN_POINT('',(0.,-0.35));
#2982 = VECTOR('',#2983,1.);
#2983 = DIRECTION('',(1.,0.));
#2984 = ( GEOMETRIC_REPRESENTATION_CONTEXT(2) 
PARAMETRIC_REPRESENTATION_CONTEXT() REPRESENTATION_CONTEXT('2D SPACE',''
  ) );
#2985 = ORIENTED_EDGE('',*,*,#2986,.T.);
#2986 = EDGE_CURVE('',#2957,#2987,#2989,.T.);
#2987 = VERTEX_POINT('',#2988);
#2988 = CARTESIAN_POINT('',(3.927734375,0.890625,3.));
#2989 = SURFACE_CURVE('',#2990,(#2994,#3001),.PCURVE_S1.);
#2990 = LINE('',#2991,#2992);
#2991 = CARTESIAN_POINT('',(3.927734375,1.306640625,3.));
#2992 = VECTOR('',#2993,1.);
#2993 = DIRECTION('',(0.,-1.,0.));
#2994 = PCURVE('',#126,#2995);
#2995 = DEFINITIONAL_REPRESENTATION('',(#2996),#3000);
#2996 = LINE('',#2997,#2998);
#2997 = CARTESIAN_POINT('',(33.927734375,16.306640625));
#2998 = VECTOR('',#2999,1.);
#2999 = DIRECTION('',(0.,-1.));
#3000 = ( GEOMETRIC_REPRESENTATION_CONTEXT(2) 
PARAMETRIC_REPRESENTATION_CONTEXT() REPRESENTATION_CONTEXT('2D SPACE',''
  ) );
#3001 = PCURVE('',#3002,#3007);
#3002 = PLANE('',#3003);
#3003 = AXIS2_PLACEMENT_3D('',#3004,#3005,#3006);
#3004 = CARTESIAN_POINT('',(3.927734375,1.306640625,2.65));
#3005 = DIRECTION('',(1.,0.,0.));
#3006 = DIRECTION('',(0.,-1.,0.));
#3007 = DEFINITIONAL_REPRESENTATION('',(#3008),#3012);
#3008 = LINE('',#3009,#3010);
#3009 = CARTESIAN_POINT('',(0.,-0.35));
#3010 = VECTOR('',#3011,1.);
#3011 = DIRECTION('',(1.,0.));
#3012 = ( GEOMETRIC_REPRESENTATION_CONTEXT(2) 
PARAMETRIC_REPRESENTATION_CONTEXT() REPRESENTATION_CONTEXT('2D SPACE',''
  ) );
#3013 = ORIENTED_EDGE('',*,*,#3014,.T.);
#3014 = EDGE_CURVE('',#2987,#3015,#3017,.T.);
#3015 = VERTEX_POINT('',#3016);
#3016 = CARTESIAN_POINT('',(3.5029296875,1.16796875,3.));
#3017 = SURFACE_CURVE('',#3018,(#3022,#3029),.PCURVE_S1.);
#3018 = B_SPLINE_CURVE_WITH_KNOTS('',2,(#3019,#3020,#3021),
  .UNSPECIFIED.,.F.,.F.,(3,3),(0.,1.),.PIECEWISE_BEZIER_KNOTS.);
#3019 = CARTESIAN_POINT('',(3.927734375,0.890625,3.));
#3020 = CARTESIAN_POINT('',(3.728515625,1.076171875,3.));
#3021 = CARTESIAN_POINT('',(3.5029296875,1.16796875,3.));
#3022 = PCURVE('',#126,#3023);
#3023 = DEFINITIONAL_REPRESENTATION('',(#3024),#3028);
#3024 = B_SPLINE_CURVE_WITH_KNOTS('',2,(#3025,#3026,#3027),
  .UNSPECIFIED.,.F.,.F.,(3,3),(0.,1.),.PIECEWISE_BEZIER_KNOTS.);
#3025 = CARTESIAN_POINT('',(33.927734375,15.890625));
#3026 = CARTESIAN_POINT('',(33.728515625,16.076171875));
#3027 = CARTESIAN_POINT('',(33.5029296875,16.16796875));
#3028 = ( GEOMETRIC_REPRESENTATION_CONTEXT(2) 
PARAMETRIC_REPRESENTATION_CONTEXT() REPRESENTATION_CONTEXT('2D SPACE',''
  ) );
#3029 = PCURVE('',#3030,#3037);
#3030 = SURFACE_OF_LINEAR_EXTRUSION('',#3031,#3035);
#3031 = B_SPLINE_CURVE_WITH_KNOTS('',2,(#3032,#3033,#3034),
  .UNSPECIFIED.,.F.,.F.,(3,3),(0.,1.),.PIECEWISE_BEZIER_KNOTS.);
#3032 = CARTESIAN_POINT('',(3.927734375,0.890625,2.65));
#3033 = CARTESIAN_POINT('',(3.728515625,1.076171875,2.65));
#3034 = CARTESIAN_POINT('',(3.5029296875,1.16796875,2.65));
#3035 = VECTOR('',#3036,1.);
#3036 = DIRECTION('',(-0.,-0.,-1.));
#3037 = DEFINITIONAL_REPRESENTATION('',(#3038),#3042);
#3038 = LINE('',#3039,#3040);
#3039 = CARTESIAN_POINT('',(0.,-0.35));
#3040 = VECTOR('',#3041,1.);
#3041 = DIRECTION('',(1.,0.));
#3042 = ( GEOMETRIC_REPRESENTATION_CONTEXT(2) 
PARAMETRIC_REPRESENTATION_CONTEXT() REPRESENTATION_CONTEXT('2D SPACE',''
  ) );
#3043 = ORIENTED_EDGE('',*,*,#3044,.T.);
#3044 = EDGE_CURVE('',#3015,#3045,#3047,.T.);
#3045 = VERTEX_POINT('',#3046);
#3046 = CARTESIAN_POINT('',(3.0234375,1.259765625,3.));
#3047 = SURFACE_CURVE('',#3048,(#3052,#3059),.PCURVE_S1.);
#3048 = B_SPLINE_CURVE_WITH_KNOTS('',2,(#3049,#3050,#3051),
  .UNSPECIFIED.,.F.,.F.,(3,3),(0.,1.),.PIECEWISE_BEZIER_KNOTS.);
#3049 = CARTESIAN_POINT('',(3.5029296875,1.16796875,3.));
#3050 = CARTESIAN_POINT('',(3.27734375,1.259765625,3.));
#3051 = CARTESIAN_POINT('',(3.0234375,1.259765625,3.));
#3052 = PCURVE('',#126,#3053);
#3053 = DEFINITIONAL_REPRESENTATION('',(#3054),#3058);
#3054 = B_SPLINE_CURVE_WITH_KNOTS('',2,(#3055,#3056,#3057),
  .UNSPECIFIED.,.F.,.F.,(3,3),(0.,1.),.PIECEWISE_BEZIER_KNOTS.);
#3055 = CARTESIAN_POINT('',(33.5029296875,16.16796875));
#3056 = CARTESIAN_POINT('',(33.27734375,16.259765625));
#3057 = CARTESIAN_POINT('',(33.0234375,16.259765625));
#3058 = ( GEOMETRIC_REPRESENTATION_CONTEXT(2) 
PARAMETRIC_REPRESENTATION_CONTEXT() REPRESENTATION_CONTEXT('2D SPACE',''
  ) );
#3059 = PCURVE('',#3060,#3067);
#3060 = SURFACE_OF_LINEAR_EXTRUSION('',#3061,#3065);
#3061 = B_SPLINE_CURVE_WITH_KNOTS('',2,(#3062,#3063,#3064),
  .UNSPECIFIED.,.F.,.F.,(3,3),(0.,1.),.PIECEWISE_BEZIER_KNOTS.);
#3062 = CARTESIAN_POINT('',(3.5029296875,1.16796875,2.65));
#3063 = CARTESIAN_POINT('',(3.27734375,1.259765625,2.65));
#3064 = CARTESIAN_POINT('',(3.0234375,1.259765625,2.65));
#3065 = VECTOR('',#3066,1.);
#3066 = DIRECTION('',(-0.,-0.,-1.));
#3067 = DEFINITIONAL_REPRESENTATION('',(#3068),#3072);
#3068 = LINE('',#3069,#3070);
#3069 = CARTESIAN_POINT('',(0.,-0.35));
#3070 = VECTOR('',#3071,1.);
#3071 = DIRECTION('',(1.,0.));
#3072 = ( GEOMETRIC_REPRESENTATION_CONTEXT(2) 
PARAMETRIC_REPRESENTATION_CONTEXT() REPRESENTATION_CONTEXT('2D SPACE',''
  ) );
#3073 = ORIENTED_EDGE('',*,*,#3074,.T.);
#3074 = EDGE_CURVE('',#3045,#3075,#3077,.T.);
#3075 = VERTEX_POINT('',#3076);
#3076 = CARTESIAN_POINT('',(2.2578125,0.9541015625,3.));
#3077 = SURFACE_CURVE('',#3078,(#3082,#3089),.PCURVE_S1.);
#3078 = B_SPLINE_CURVE_WITH_KNOTS('',2,(#3079,#3080,#3081),
  .UNSPECIFIED.,.F.,.F.,(3,3),(0.,1.),.PIECEWISE_BEZIER_KNOTS.);
#3079 = CARTESIAN_POINT('',(3.0234375,1.259765625,3.));
#3080 = CARTESIAN_POINT('',(2.5234375,1.259765625,3.));
#3081 = CARTESIAN_POINT('',(2.2578125,0.9541015625,3.));
#3082 = PCURVE('',#126,#3083);
#3083 = DEFINITIONAL_REPRESENTATION('',(#3084),#3088);
#3084 = B_SPLINE_CURVE_WITH_KNOTS('',2,(#3085,#3086,#3087),
  .UNSPECIFIED.,.F.,.F.,(3,3),(0.,1.),.PIECEWISE_BEZIER_KNOTS.);
#3085 = CARTESIAN_POINT('',(33.0234375,16.259765625));
#3086 = CARTESIAN_POINT('',(32.5234375,16.259765625));
#3087 = CARTESIAN_POINT('',(32.2578125,15.9541015625));
#3088 = ( GEOMETRIC_REPRESENTATION_CONTEXT(2) 
PARAMETRIC_REPRESENTATION_CONTEXT() REPRESENTATION_CONTEXT('2D SPACE',''
  ) );
#3089 = PCURVE('',#3090,#3097);
#3090 = SURFACE_OF_LINEAR_EXTRUSION('',#3091,#3095);
#3091 = B_SPLINE_CURVE_WITH_KNOTS('',2,(#3092,#3093,#3094),
  .UNSPECIFIED.,.F.,.F.,(3,3),(0.,1.),.PIECEWISE_BEZIER_KNOTS.);
#3092 = CARTESIAN_POINT('',(3.0234375,1.259765625,2.65));
#3093 = CARTESIAN_POINT('',(2.5234375,1.259765625,2.65));
#3094 = CARTESIAN_POINT('',(2.2578125,0.9541015625,2.65));
#3095 = VECTOR('',#3096,1.);
#3096 = DIRECTION('',(-0.,-0.,-1.));
#3097 = DEFINITIONAL_REPRESENTATION('',(#3098),#3102);
#3098 = LINE('',#3099,#3100);
#3099 = CARTESIAN_POINT('',(0.,-0.35));
#3100 = VECTOR('',#3101,1.);
#3101 = DIRECTION('',(1.,0.));
#3102 = ( GEOMETRIC_REPRESENTATION_CONTEXT(2) 
PARAMETRIC_REPRESENTATION_CONTEXT() REPRESENTATION_CONTEXT('2D SPACE',''
  ) );
#3103 = ORIENTED_EDGE('',*,*,#3104,.T.);
#3104 = EDGE_CURVE('',#3075,#3105,#3107,.T.);
#3105 = VERTEX_POINT('',#3106);
#3106 = CARTESIAN_POINT('',(1.9921875,7.03125E-02,3.));
#3107 = SURFACE_CURVE('',#3108,(#3112,#3119),.PCURVE_S1.);
#3108 = B_SPLINE_CURVE_WITH_KNOTS('',2,(#3109,#3110,#3111),
  .UNSPECIFIED.,.F.,.F.,(3,3),(0.,1.),.PIECEWISE_BEZIER_KNOTS.);
#3109 = CARTESIAN_POINT('',(2.2578125,0.9541015625,3.));
#3110 = CARTESIAN_POINT('',(1.9921875,0.6484375,3.));
#3111 = CARTESIAN_POINT('',(1.9921875,7.03125E-02,3.));
#3112 = PCURVE('',#126,#3113);
#3113 = DEFINITIONAL_REPRESENTATION('',(#3114),#3118);
#3114 = B_SPLINE_CURVE_WITH_KNOTS('',2,(#3115,#3116,#3117),
  .UNSPECIFIED.,.F.,.F.,(3,3),(0.,1.),.PIECEWISE_BEZIER_KNOTS.);
#3115 = CARTESIAN_POINT('',(32.2578125,15.9541015625));
#3116 = CARTESIAN_POINT('',(31.9921875,15.6484375));
#3117 = CARTESIAN_POINT('',(31.9921875,15.0703125));
#3118 = ( GEOMETRIC_REPRESENTATION_CONTEXT(2) 
PARAMETRIC_REPRESENTATION_CONTEXT() REPRESENTATION_CONTEXT('2D SPACE',''
  ) );
#3119 = PCURVE('',#3120,#3127);
#3120 = SURFACE_OF_LINEAR_EXTRUSION('',#3121,#3125);
#3121 = B_SPLINE_CURVE_WITH_KNOTS('',2,(#3122,#3123,#3124),
  .UNSPECIFIED.,.F.,.F.,(3,3),(0.,1.),.PIECEWISE_BEZIER_KNOTS.);
#3122 = CARTESIAN_POINT('',(2.2578125,0.9541015625,2.65));
#3123 = CARTESIAN_POINT('',(1.9921875,0.6484375,2.65));
#3124 = CARTESIAN_POINT('',(1.9921875,7.03125E-02,2.65));
#3125 = VECTOR('',#3126,1.);
#3126 = DIRECTION('',(-0.,-0.,-1.));
#3127 = DEFINITIONAL_REPRESENTATION('',(#3128),#3132);
#3128 = LINE('',#3129,#3130);
#3129 = CARTESIAN_POINT('',(0.,-0.35));
#3130 = VECTOR('',#3131,1.);
#3131 = DIRECTION('',(1.,0.));
#3132 = ( GEOMETRIC_REPRESENTATION_CONTEXT(2) 
PARAMETRIC_REPRESENTATION_CONTEXT() REPRESENTATION_CONTEXT('2D SPACE',''
  ) );
#3133 = ORIENTED_EDGE('',*,*,#3134,.T.);
#3134 = EDGE_CURVE('',#3105,#3135,#3137,.T.);
#3135 = VERTEX_POINT('',#3136);
#3136 = CARTESIAN_POINT('',(2.2578125,-0.8115234375,3.));
#3137 = SURFACE_CURVE('',#3138,(#3142,#3149),.PCURVE_S1.);
#3138 = B_SPLINE_CURVE_WITH_KNOTS('',2,(#3139,#3140,#3141),
  .UNSPECIFIED.,.F.,.F.,(3,3),(0.,1.),.PIECEWISE_BEZIER_KNOTS.);
#3139 = CARTESIAN_POINT('',(1.9921875,7.03125E-02,3.));
#3140 = CARTESIAN_POINT('',(1.9921875,-0.505859375,3.));
#3141 = CARTESIAN_POINT('',(2.2578125,-0.8115234375,3.));
#3142 = PCURVE('',#126,#3143);
#3143 = DEFINITIONAL_REPRESENTATION('',(#3144),#3148);
#3144 = B_SPLINE_CURVE_WITH_KNOTS('',2,(#3145,#3146,#3147),
  .UNSPECIFIED.,.F.,.F.,(3,3),(0.,1.),.PIECEWISE_BEZIER_KNOTS.);
#3145 = CARTESIAN_POINT('',(31.9921875,15.0703125));
#3146 = CARTESIAN_POINT('',(31.9921875,14.494140625));
#3147 = CARTESIAN_POINT('',(32.2578125,14.1884765625));
#3148 = ( GEOMETRIC_REPRESENTATION_CONTEXT(2) 
PARAMETRIC_REPRESENTATION_CONTEXT() REPRESENTATION_CONTEXT('2D SPACE',''
  ) );
#3149 = PCURVE('',#3150,#3157);
#3150 = SURFACE_OF_LINEAR_EXTRUSION('',#3151,#3155);
#3151 = B_SPLINE_CURVE_WITH_KNOTS('',2,(#3152,#3153,#3154),
  .UNSPECIFIED.,.F.,.F.,(3,3),(0.,1.),.PIECEWISE_BEZIER_KNOTS.);
#3152 = CARTESIAN_POINT('',(1.9921875,7.03125E-02,2.65));
#3153 = CARTESIAN_POINT('',(1.9921875,-0.505859375,2.65));
#3154 = CARTESIAN_POINT('',(2.2578125,-0.8115234375,2.65));
#3155 = VECTOR('',#3156,1.);
#3156 = DIRECTION('',(-0.,-0.,-1.));
#3157 = DEFINITIONAL_REPRESENTATION('',(#3158),#3162);
#3158 = LINE('',#3159,#3160);
#3159 = CARTESIAN_POINT('',(0.,-0.35));
#3160 = VECTOR('',#3161,1.);
#3161 = DIRECTION('',(1.,0.));
#3162 = ( GEOMETRIC_REPRESENTATION_CONTEXT(2) 
PARAMETRIC_REPRESENTATION_CONTEXT() REPRESENTATION_CONTEXT('2D SPACE',''
  ) );
#3163 = ORIENTED_EDGE('',*,*,#3164,.T.);
#3164 = EDGE_CURVE('',#3135,#3165,#3167,.T.);
#3165 = VERTEX_POINT('',#3166);
#3166 = CARTESIAN_POINT('',(3.0234375,-1.1171875,3.));
#3167 = SURFACE_CURVE('',#3168,(#3172,#3179),.PCURVE_S1.);
#3168 = B_SPLINE_CURVE_WITH_KNOTS('',2,(#3169,#3170,#3171),
  .UNSPECIFIED.,.F.,.F.,(3,3),(0.,1.),.PIECEWISE_BEZIER_KNOTS.);
#3169 = CARTESIAN_POINT('',(2.2578125,-0.8115234375,3.));
#3170 = CARTESIAN_POINT('',(2.5234375,-1.1171875,3.));
#3171 = CARTESIAN_POINT('',(3.0234375,-1.1171875,3.));
#3172 = PCURVE('',#126,#3173);
#3173 = DEFINITIONAL_REPRESENTATION('',(#3174),#3178);
#3174 = B_SPLINE_CURVE_WITH_KNOTS('',2,(#3175,#3176,#3177),
  .UNSPECIFIED.,.F.,.F.,(3,3),(0.,1.),.PIECEWISE_BEZIER_KNOTS.);
#3175 = CARTESIAN_POINT('',(32.2578125,14.1884765625));
#3176 = CARTESIAN_POINT('',(32.5234375,13.8828125));
#3177 = CARTESIAN_POINT('',(33.0234375,13.8828125));
#3178 = ( GEOMETRIC_REPRESENTATION_CONTEXT(2) 
PARAMETRIC_REPRESENTATION_CONTEXT() REPRESENTATION_CONTEXT('2D SPACE',''
  ) );
#3179 = PCURVE('',#3180,#3187);
#3180 = SURFACE_OF_LINEAR_EXTRUSION('',#3181,#3185);
#3181 = B_SPLINE_CURVE_WITH_KNOTS('',2,(#3182,#3183,#3184),
  .UNSPECIFIED.,.F.,.F.,(3,3),(0.,1.),.PIECEWISE_BEZIER_KNOTS.);
#3182 = CARTESIAN_POINT('',(2.2578125,-0.8115234375,2.65));
#3183 = CARTESIAN_POINT('',(2.5234375,-1.1171875,2.65));
#3184 = CARTESIAN_POINT('',(3.0234375,-1.1171875,2.65));
#3185 = VECTOR('',#3186,1.);
#3186 = DIRECTION('',(-0.,-0.,-1.));
#3187 = DEFINITIONAL_REPRESENTATION('',(#3188),#3192);
#3188 = LINE('',#3189,#3190);
#3189 = CARTESIAN_POINT('',(0.,-0.35));
#3190 = VECTOR('',#3191,1.);
#3191 = DIRECTION('',(1.,0.));
#3192 = ( GEOMETRIC_REPRESENTATION_CONTEXT(2) 
PARAMETRIC_REPRESENTATION_CONTEXT() REPRESENTATION_CONTEXT('2D SPACE',''
  ) );
#3193 = ORIENTED_EDGE('',*,*,#3194,.T.);
#3194 = EDGE_CURVE('',#3165,#3195,#3197,.T.);
#3195 = VERTEX_POINT('',#3196);
#3196 = CARTESIAN_POINT('',(3.5029296875,-1.025390625,3.));
#3197 = SURFACE_CURVE('',#3198,(#3202,#3209),.PCURVE_S1.);
#3198 = B_SPLINE_CURVE_WITH_KNOTS('',2,(#3199,#3200,#3201),
  .UNSPECIFIED.,.F.,.F.,(3,3),(0.,1.),.PIECEWISE_BEZIER_KNOTS.);
#3199 = CARTESIAN_POINT('',(3.0234375,-1.1171875,3.));
#3200 = CARTESIAN_POINT('',(3.27734375,-1.1171875,3.));
#3201 = CARTESIAN_POINT('',(3.5029296875,-1.025390625,3.));
#3202 = PCURVE('',#126,#3203);
#3203 = DEFINITIONAL_REPRESENTATION('',(#3204),#3208);
#3204 = B_SPLINE_CURVE_WITH_KNOTS('',2,(#3205,#3206,#3207),
  .UNSPECIFIED.,.F.,.F.,(3,3),(0.,1.),.PIECEWISE_BEZIER_KNOTS.);
#3205 = CARTESIAN_POINT('',(33.0234375,13.8828125));
#3206 = CARTESIAN_POINT('',(33.27734375,13.8828125));
#3207 = CARTESIAN_POINT('',(33.5029296875,13.974609375));
#3208 = ( GEOMETRIC_REPRESENTATION_CONTEXT(2) 
PARAMETRIC_REPRESENTATION_CONTEXT() REPRESENTATION_CONTEXT('2D SPACE',''
  ) );
#3209 = PCURVE('',#3210,#3217);
#3210 = SURFACE_OF_LINEAR_EXTRUSION('',#3211,#3215);
#3211 = B_SPLINE_CURVE_WITH_KNOTS('',2,(#3212,#3213,#3214),
  .UNSPECIFIED.,.F.,.F.,(3,3),(0.,1.),.PIECEWISE_BEZIER_KNOTS.);
#3212 = CARTESIAN_POINT('',(3.0234375,-1.1171875,2.65));
#3213 = CARTESIAN_POINT('',(3.27734375,-1.1171875,2.65));
#3214 = CARTESIAN_POINT('',(3.5029296875,-1.025390625,2.65));
#3215 = VECTOR('',#3216,1.);
#3216 = DIRECTION('',(-0.,-0.,-1.));
#3217 = DEFINITIONAL_REPRESENTATION('',(#3218),#3222);
#3218 = LINE('',#3219,#3220);
#3219 = CARTESIAN_POINT('',(0.,-0.35));
#3220 = VECTOR('',#3221,1.);
#3221 = DIRECTION('',(1.,0.));
#3222 = ( GEOMETRIC_REPRESENTATION_CONTEXT(2) 
PARAMETRIC_REPRESENTATION_CONTEXT() REPRESENTATION_CONTEXT('2D SPACE',''
  ) );
#3223 = ORIENTED_EDGE('',*,*,#3224,.T.);
#3224 = EDGE_CURVE('',#3195,#3225,#3227,.T.);
#3225 = VERTEX_POINT('',#3226);
#3226 = CARTESIAN_POINT('',(3.927734375,-0.748046875,3.));
#3227 = SURFACE_CURVE('',#3228,(#3232,#3239),.PCURVE_S1.);
#3228 = B_SPLINE_CURVE_WITH_KNOTS('',2,(#3229,#3230,#3231),
  .UNSPECIFIED.,.F.,.F.,(3,3),(0.,1.),.PIECEWISE_BEZIER_KNOTS.);
#3229 = CARTESIAN_POINT('',(3.5029296875,-1.025390625,3.));
#3230 = CARTESIAN_POINT('',(3.728515625,-0.93359375,3.));
#3231 = CARTESIAN_POINT('',(3.927734375,-0.748046875,3.));
#3232 = PCURVE('',#126,#3233);
#3233 = DEFINITIONAL_REPRESENTATION('',(#3234),#3238);
#3234 = B_SPLINE_CURVE_WITH_KNOTS('',2,(#3235,#3236,#3237),
  .UNSPECIFIED.,.F.,.F.,(3,3),(0.,1.),.PIECEWISE_BEZIER_KNOTS.);
#3235 = CARTESIAN_POINT('',(33.5029296875,13.974609375));
#3236 = CARTESIAN_POINT('',(33.728515625,14.06640625));
#3237 = CARTESIAN_POINT('',(33.927734375,14.251953125));
#3238 = ( GEOMETRIC_REPRESENTATION_CONTEXT(2) 
PARAMETRIC_REPRESENTATION_CONTEXT() REPRESENTATION_CONTEXT('2D SPACE',''
  ) );
#3239 = PCURVE('',#3240,#3247);
#3240 = SURFACE_OF_LINEAR_EXTRUSION('',#3241,#3245);
#3241 = B_SPLINE_CURVE_WITH_KNOTS('',2,(#3242,#3243,#3244),
  .UNSPECIFIED.,.F.,.F.,(3,3),(0.,1.),.PIECEWISE_BEZIER_KNOTS.);
#3242 = CARTESIAN_POINT('',(3.5029296875,-1.025390625,2.65));
#3243 = CARTESIAN_POINT('',(3.728515625,-0.93359375,2.65));
#3244 = CARTESIAN_POINT('',(3.927734375,-0.748046875,2.65));
#3245 = VECTOR('',#3246,1.);
#3246 = DIRECTION('',(-0.,-0.,-1.));
#3247 = DEFINITIONAL_REPRESENTATION('',(#3248),#3252);
#3248 = LINE('',#3249,#3250);
#3249 = CARTESIAN_POINT('',(0.,-0.35));
#3250 = VECTOR('',#3251,1.);
#3251 = DIRECTION('',(1.,0.));
#3252 = ( GEOMETRIC_REPRESENTATION_CONTEXT(2) 
PARAMETRIC_REPRESENTATION_CONTEXT() REPRESENTATION_CONTEXT('2D SPACE',''
  ) );
#3253 = ORIENTED_EDGE('',*,*,#3254,.T.);
#3254 = EDGE_CURVE('',#3225,#3255,#3257,.T.);
#3255 = VERTEX_POINT('',#3256);
#3256 = CARTESIAN_POINT('',(3.927734375,-1.16015625,3.));
#3257 = SURFACE_CURVE('',#3258,(#3262,#3269),.PCURVE_S1.);
#3258 = LINE('',#3259,#3260);
#3259 = CARTESIAN_POINT('',(3.927734375,-0.748046875,3.));
#3260 = VECTOR('',#3261,1.);
#3261 = DIRECTION('',(0.,-1.,0.));
#3262 = PCURVE('',#126,#3263);
#3263 = DEFINITIONAL_REPRESENTATION('',(#3264),#3268);
#3264 = LINE('',#3265,#3266);
#3265 = CARTESIAN_POINT('',(33.927734375,14.251953125));
#3266 = VECTOR('',#3267,1.);
#3267 = DIRECTION('',(0.,-1.));
#3268 = ( GEOMETRIC_REPRESENTATION_CONTEXT(2) 
PARAMETRIC_REPRESENTATION_CONTEXT() REPRESENTATION_CONTEXT('2D SPACE',''
  ) );
#3269 = PCURVE('',#3270,#3275);
#3270 = PLANE('',#3271);
#3271 = AXIS2_PLACEMENT_3D('',#3272,#3273,#3274);
#3272 = CARTESIAN_POINT('',(3.927734375,-0.748046875,2.65));
#3273 = DIRECTION('',(1.,0.,0.));
#3274 = DIRECTION('',(0.,-1.,0.));
#3275 = DEFINITIONAL_REPRESENTATION('',(#3276),#3280);
#3276 = LINE('',#3277,#3278);
#3277 = CARTESIAN_POINT('',(0.,-0.35));
#3278 = VECTOR('',#3279,1.);
#3279 = DIRECTION('',(1.,0.));
#3280 = ( GEOMETRIC_REPRESENTATION_CONTEXT(2) 
PARAMETRIC_REPRESENTATION_CONTEXT() REPRESENTATION_CONTEXT('2D SPACE',''
  ) );
#3281 = ORIENTED_EDGE('',*,*,#3282,.T.);
#3282 = EDGE_CURVE('',#3255,#3283,#3285,.T.);
#3283 = VERTEX_POINT('',#3284);
#3284 = CARTESIAN_POINT('',(3.4892578125,-1.37109375,3.));
#3285 = SURFACE_CURVE('',#3286,(#3290,#3297),.PCURVE_S1.);
#3286 = B_SPLINE_CURVE_WITH_KNOTS('',2,(#3287,#3288,#3289),
  .UNSPECIFIED.,.F.,.F.,(3,3),(0.,1.),.PIECEWISE_BEZIER_KNOTS.);
#3287 = CARTESIAN_POINT('',(3.927734375,-1.16015625,3.));
#3288 = CARTESIAN_POINT('',(3.720703125,-1.30078125,3.));
#3289 = CARTESIAN_POINT('',(3.4892578125,-1.37109375,3.));
#3290 = PCURVE('',#126,#3291);
#3291 = DEFINITIONAL_REPRESENTATION('',(#3292),#3296);
#3292 = B_SPLINE_CURVE_WITH_KNOTS('',2,(#3293,#3294,#3295),
  .UNSPECIFIED.,.F.,.F.,(3,3),(0.,1.),.PIECEWISE_BEZIER_KNOTS.);
#3293 = CARTESIAN_POINT('',(33.927734375,13.83984375));
#3294 = CARTESIAN_POINT('',(33.720703125,13.69921875));
#3295 = CARTESIAN_POINT('',(33.4892578125,13.62890625));
#3296 = ( GEOMETRIC_REPRESENTATION_CONTEXT(2) 
PARAMETRIC_REPRESENTATION_CONTEXT() REPRESENTATION_CONTEXT('2D SPACE',''
  ) );
#3297 = PCURVE('',#3298,#3305);
#3298 = SURFACE_OF_LINEAR_EXTRUSION('',#3299,#3303);
#3299 = B_SPLINE_CURVE_WITH_KNOTS('',2,(#3300,#3301,#3302),
  .UNSPECIFIED.,.F.,.F.,(3,3),(0.,1.),.PIECEWISE_BEZIER_KNOTS.);
#3300 = CARTESIAN_POINT('',(3.927734375,-1.16015625,2.65));
#3301 = CARTESIAN_POINT('',(3.720703125,-1.30078125,2.65));
#3302 = CARTESIAN_POINT('',(3.4892578125,-1.37109375,2.65));
#3303 = VECTOR('',#3304,1.);
#3304 = DIRECTION('',(-0.,-0.,-1.));
#3305 = DEFINITIONAL_REPRESENTATION('',(#3306),#3310);
#3306 = LINE('',#3307,#3308);
#3307 = CARTESIAN_POINT('',(0.,-0.35));
#3308 = VECTOR('',#3309,1.);
#3309 = DIRECTION('',(1.,0.));
#3310 = ( GEOMETRIC_REPRESENTATION_CONTEXT(2) 
PARAMETRIC_REPRESENTATION_CONTEXT() REPRESENTATION_CONTEXT('2D SPACE',''
  ) );
#3311 = ORIENTED_EDGE('',*,*,#3312,.T.);
#3312 = EDGE_CURVE('',#3283,#3313,#3315,.T.);
#3313 = VERTEX_POINT('',#3314);
#3314 = CARTESIAN_POINT('',(3.,-1.44140625,3.));
#3315 = SURFACE_CURVE('',#3316,(#3320,#3327),.PCURVE_S1.);
#3316 = B_SPLINE_CURVE_WITH_KNOTS('',2,(#3317,#3318,#3319),
  .UNSPECIFIED.,.F.,.F.,(3,3),(0.,1.),.PIECEWISE_BEZIER_KNOTS.);
#3317 = CARTESIAN_POINT('',(3.4892578125,-1.37109375,3.));
#3318 = CARTESIAN_POINT('',(3.2578125,-1.44140625,3.));
#3319 = CARTESIAN_POINT('',(3.,-1.44140625,3.));
#3320 = PCURVE('',#126,#3321);
#3321 = DEFINITIONAL_REPRESENTATION('',(#3322),#3326);
#3322 = B_SPLINE_CURVE_WITH_KNOTS('',2,(#3323,#3324,#3325),
  .UNSPECIFIED.,.F.,.F.,(3,3),(0.,1.),.PIECEWISE_BEZIER_KNOTS.);
#3323 = CARTESIAN_POINT('',(33.4892578125,13.62890625));
#3324 = CARTESIAN_POINT('',(33.2578125,13.55859375));
#3325 = CARTESIAN_POINT('',(33.,13.55859375));
#3326 = ( GEOMETRIC_REPRESENTATION_CONTEXT(2) 
PARAMETRIC_REPRESENTATION_CONTEXT() REPRESENTATION_CONTEXT('2D SPACE',''
  ) );
#3327 = PCURVE('',#3328,#3335);
#3328 = SURFACE_OF_LINEAR_EXTRUSION('',#3329,#3333);
#3329 = B_SPLINE_CURVE_WITH_KNOTS('',2,(#3330,#3331,#3332),
  .UNSPECIFIED.,.F.,.F.,(3,3),(0.,1.),.PIECEWISE_BEZIER_KNOTS.);
#3330 = CARTESIAN_POINT('',(3.4892578125,-1.37109375,2.65));
#3331 = CARTESIAN_POINT('',(3.2578125,-1.44140625,2.65));
#3332 = CARTESIAN_POINT('',(3.,-1.44140625,2.65));
#3333 = VECTOR('',#3334,1.);
#3334 = DIRECTION('',(-0.,-0.,-1.));
#3335 = DEFINITIONAL_REPRESENTATION('',(#3336),#3340);
#3336 = LINE('',#3337,#3338);
#3337 = CARTESIAN_POINT('',(0.,-0.35));
#3338 = VECTOR('',#3339,1.);
#3339 = DIRECTION('',(1.,0.));
#3340 = ( GEOMETRIC_REPRESENTATION_CONTEXT(2) 
PARAMETRIC_REPRESENTATION_CONTEXT() REPRESENTATION_CONTEXT('2D SPACE',''
  ) );
#3341 = ORIENTED_EDGE('',*,*,#3342,.T.);
#3342 = EDGE_CURVE('',#3313,#3343,#3345,.T.);
#3343 = VERTEX_POINT('',#3344);
#3344 = CARTESIAN_POINT('',(1.95703125,-1.0361328125,3.));
#3345 = SURFACE_CURVE('',#3346,(#3350,#3357),.PCURVE_S1.);
#3346 = B_SPLINE_CURVE_WITH_KNOTS('',2,(#3347,#3348,#3349),
  .UNSPECIFIED.,.F.,.F.,(3,3),(0.,1.),.PIECEWISE_BEZIER_KNOTS.);
#3347 = CARTESIAN_POINT('',(3.,-1.44140625,3.));
#3348 = CARTESIAN_POINT('',(2.337890625,-1.44140625,3.));
#3349 = CARTESIAN_POINT('',(1.95703125,-1.0361328125,3.));
#3350 = PCURVE('',#126,#3351);
#3351 = DEFINITIONAL_REPRESENTATION('',(#3352),#3356);
#3352 = B_SPLINE_CURVE_WITH_KNOTS('',2,(#3353,#3354,#3355),
  .UNSPECIFIED.,.F.,.F.,(3,3),(0.,1.),.PIECEWISE_BEZIER_KNOTS.);
#3353 = CARTESIAN_POINT('',(33.,13.55859375));
#3354 = CARTESIAN_POINT('',(32.337890625,13.55859375));
#3355 = CARTESIAN_POINT('',(31.95703125,13.9638671875));
#3356 = ( GEOMETRIC_REPRESENTATION_CONTEXT(2) 
PARAMETRIC_REPRESENTATION_CONTEXT() REPRESENTATION_CONTEXT('2D SPACE',''
  ) );
#3357 = PCURVE('',#3358,#3365);
#3358 = SURFACE_OF_LINEAR_EXTRUSION('',#3359,#3363);
#3359 = B_SPLINE_CURVE_WITH_KNOTS('',2,(#3360,#3361,#3362),
  .UNSPECIFIED.,.F.,.F.,(3,3),(0.,1.),.PIECEWISE_BEZIER_KNOTS.);
#3360 = CARTESIAN_POINT('',(3.,-1.44140625,2.65));
#3361 = CARTESIAN_POINT('',(2.337890625,-1.44140625,2.65));
#3362 = CARTESIAN_POINT('',(1.95703125,-1.0361328125,2.65));
#3363 = VECTOR('',#3364,1.);
#3364 = DIRECTION('',(-0.,-0.,-1.));
#3365 = DEFINITIONAL_REPRESENTATION('',(#3366),#3370);
#3366 = LINE('',#3367,#3368);
#3367 = CARTESIAN_POINT('',(0.,-0.35));
#3368 = VECTOR('',#3369,1.);
#3369 = DIRECTION('',(1.,0.));
#3370 = ( GEOMETRIC_REPRESENTATION_CONTEXT(2) 
PARAMETRIC_REPRESENTATION_CONTEXT() REPRESENTATION_CONTEXT('2D SPACE',''
  ) );
#3371 = ORIENTED_EDGE('',*,*,#3372,.T.);
#3372 = EDGE_CURVE('',#3343,#3373,#3375,.T.);
#3373 = VERTEX_POINT('',#3374);
#3374 = CARTESIAN_POINT('',(1.576171875,7.03125E-02,3.));
#3375 = SURFACE_CURVE('',#3376,(#3380,#3387),.PCURVE_S1.);
#3376 = B_SPLINE_CURVE_WITH_KNOTS('',2,(#3377,#3378,#3379),
  .UNSPECIFIED.,.F.,.F.,(3,3),(0.,1.),.PIECEWISE_BEZIER_KNOTS.);
#3377 = CARTESIAN_POINT('',(1.95703125,-1.0361328125,3.));
#3378 = CARTESIAN_POINT('',(1.576171875,-0.630859375,3.));
#3379 = CARTESIAN_POINT('',(1.576171875,7.03125E-02,3.));
#3380 = PCURVE('',#126,#3381);
#3381 = DEFINITIONAL_REPRESENTATION('',(#3382),#3386);
#3382 = B_SPLINE_CURVE_WITH_KNOTS('',2,(#3383,#3384,#3385),
  .UNSPECIFIED.,.F.,.F.,(3,3),(0.,1.),.PIECEWISE_BEZIER_KNOTS.);
#3383 = CARTESIAN_POINT('',(31.95703125,13.9638671875));
#3384 = CARTESIAN_POINT('',(31.576171875,14.369140625));
#3385 = CARTESIAN_POINT('',(31.576171875,15.0703125));
#3386 = ( GEOMETRIC_REPRESENTATION_CONTEXT(2) 
PARAMETRIC_REPRESENTATION_CONTEXT() REPRESENTATION_CONTEXT('2D SPACE',''
  ) );
#3387 = PCURVE('',#3388,#3395);
#3388 = SURFACE_OF_LINEAR_EXTRUSION('',#3389,#3393);
#3389 = B_SPLINE_CURVE_WITH_KNOTS('',2,(#3390,#3391,#3392),
  .UNSPECIFIED.,.F.,.F.,(3,3),(0.,1.),.PIECEWISE_BEZIER_KNOTS.);
#3390 = CARTESIAN_POINT('',(1.95703125,-1.0361328125,2.65));
#3391 = CARTESIAN_POINT('',(1.576171875,-0.630859375,2.65));
#3392 = CARTESIAN_POINT('',(1.576171875,7.03125E-02,2.65));
#3393 = VECTOR('',#3394,1.);
#3394 = DIRECTION('',(-0.,-0.,-1.));
#3395 = DEFINITIONAL_REPRESENTATION('',(#3396),#3400);
#3396 = LINE('',#3397,#3398);
#3397 = CARTESIAN_POINT('',(0.,-0.35));
#3398 = VECTOR('',#3399,1.);
#3399 = DIRECTION('',(1.,0.));
#3400 = ( GEOMETRIC_REPRESENTATION_CONTEXT(2) 
PARAMETRIC_REPRESENTATION_CONTEXT() REPRESENTATION_CONTEXT('2D SPACE',''
  ) );
#3401 = ORIENTED_EDGE('',*,*,#3402,.T.);
#3402 = EDGE_CURVE('',#3373,#3403,#3405,.T.);
#3403 = VERTEX_POINT('',#3404);
#3404 = CARTESIAN_POINT('',(1.95703125,1.1787109375,3.));
#3405 = SURFACE_CURVE('',#3406,(#3410,#3417),.PCURVE_S1.);
#3406 = B_SPLINE_CURVE_WITH_KNOTS('',2,(#3407,#3408,#3409),
  .UNSPECIFIED.,.F.,.F.,(3,3),(0.,1.),.PIECEWISE_BEZIER_KNOTS.);
#3407 = CARTESIAN_POINT('',(1.576171875,7.03125E-02,3.));
#3408 = CARTESIAN_POINT('',(1.576171875,0.7734375,3.));
#3409 = CARTESIAN_POINT('',(1.95703125,1.1787109375,3.));
#3410 = PCURVE('',#126,#3411);
#3411 = DEFINITIONAL_REPRESENTATION('',(#3412),#3416);
#3412 = B_SPLINE_CURVE_WITH_KNOTS('',2,(#3413,#3414,#3415),
  .UNSPECIFIED.,.F.,.F.,(3,3),(0.,1.),.PIECEWISE_BEZIER_KNOTS.);
#3413 = CARTESIAN_POINT('',(31.576171875,15.0703125));
#3414 = CARTESIAN_POINT('',(31.576171875,15.7734375));
#3415 = CARTESIAN_POINT('',(31.95703125,16.1787109375));
#3416 = ( GEOMETRIC_REPRESENTATION_CONTEXT(2) 
PARAMETRIC_REPRESENTATION_CONTEXT() REPRESENTATION_CONTEXT('2D SPACE',''
  ) );
#3417 = PCURVE('',#3418,#3425);
#3418 = SURFACE_OF_LINEAR_EXTRUSION('',#3419,#3423);
#3419 = B_SPLINE_CURVE_WITH_KNOTS('',2,(#3420,#3421,#3422),
  .UNSPECIFIED.,.F.,.F.,(3,3),(0.,1.),.PIECEWISE_BEZIER_KNOTS.);
#3420 = CARTESIAN_POINT('',(1.576171875,7.03125E-02,2.65));
#3421 = CARTESIAN_POINT('',(1.576171875,0.7734375,2.65));
#3422 = CARTESIAN_POINT('',(1.95703125,1.1787109375,2.65));
#3423 = VECTOR('',#3424,1.);
#3424 = DIRECTION('',(-0.,-0.,-1.));
#3425 = DEFINITIONAL_REPRESENTATION('',(#3426),#3430);
#3426 = LINE('',#3427,#3428);
#3427 = CARTESIAN_POINT('',(0.,-0.35));
#3428 = VECTOR('',#3429,1.);
#3429 = DIRECTION('',(1.,0.));
#3430 = ( GEOMETRIC_REPRESENTATION_CONTEXT(2) 
PARAMETRIC_REPRESENTATION_CONTEXT() REPRESENTATION_CONTEXT('2D SPACE',''
  ) );
#3431 = ORIENTED_EDGE('',*,*,#3432,.T.);
#3432 = EDGE_CURVE('',#3403,#3433,#3435,.T.);
#3433 = VERTEX_POINT('',#3434);
#3434 = CARTESIAN_POINT('',(3.,1.583984375,3.));
#3435 = SURFACE_CURVE('',#3436,(#3440,#3447),.PCURVE_S1.);
#3436 = B_SPLINE_CURVE_WITH_KNOTS('',2,(#3437,#3438,#3439),
  .UNSPECIFIED.,.F.,.F.,(3,3),(0.,1.),.PIECEWISE_BEZIER_KNOTS.);
#3437 = CARTESIAN_POINT('',(1.95703125,1.1787109375,3.));
#3438 = CARTESIAN_POINT('',(2.337890625,1.583984375,3.));
#3439 = CARTESIAN_POINT('',(3.,1.583984375,3.));
#3440 = PCURVE('',#126,#3441);
#3441 = DEFINITIONAL_REPRESENTATION('',(#3442),#3446);
#3442 = B_SPLINE_CURVE_WITH_KNOTS('',2,(#3443,#3444,#3445),
  .UNSPECIFIED.,.F.,.F.,(3,3),(0.,1.),.PIECEWISE_BEZIER_KNOTS.);
#3443 = CARTESIAN_POINT('',(31.95703125,16.1787109375));
#3444 = CARTESIAN_POINT('',(32.337890625,16.583984375));
#3445 = CARTESIAN_POINT('',(33.,16.583984375));
#3446 = ( GEOMETRIC_REPRESENTATION_CONTEXT(2) 
PARAMETRIC_REPRESENTATION_CONTEXT() REPRESENTATION_CONTEXT('2D SPACE',''
  ) );
#3447 = PCURVE('',#3448,#3455);
#3448 = SURFACE_OF_LINEAR_EXTRUSION('',#3449,#3453);
#3449 = B_SPLINE_CURVE_WITH_KNOTS('',2,(#3450,#3451,#3452),
  .UNSPECIFIED.,.F.,.F.,(3,3),(0.,1.),.PIECEWISE_BEZIER_KNOTS.);
#3450 = CARTESIAN_POINT('',(1.95703125,1.1787109375,2.65));
#3451 = CARTESIAN_POINT('',(2.337890625,1.583984375,2.65));
#3452 = CARTESIAN_POINT('',(3.,1.583984375,2.65));
#3453 = VECTOR('',#3454,1.);
#3454 = DIRECTION('',(-0.,-0.,-1.));
#3455 = DEFINITIONAL_REPRESENTATION('',(#3456),#3460);
#3456 = LINE('',#3457,#3458);
#3457 = CARTESIAN_POINT('',(0.,-0.35));
#3458 = VECTOR('',#3459,1.);
#3459 = DIRECTION('',(1.,0.));
#3460 = ( GEOMETRIC_REPRESENTATION_CONTEXT(2) 
PARAMETRIC_REPRESENTATION_CONTEXT() REPRESENTATION_CONTEXT('2D SPACE',''
  ) );
#3461 = ORIENTED_EDGE('',*,*,#3462,.T.);
#3462 = EDGE_CURVE('',#3433,#2955,#3463,.T.);
#3463 = SURFACE_CURVE('',#3464,(#3468,#3475),.PCURVE_S1.);
#3464 = B_SPLINE_CURVE_WITH_KNOTS('',2,(#3465,#3466,#3467),
  .UNSPECIFIED.,.F.,.F.,(3,3),(0.,1.),.PIECEWISE_BEZIER_KNOTS.);
#3465 = CARTESIAN_POINT('',(3.,1.583984375,3.));
#3466 = CARTESIAN_POINT('',(3.26171875,1.583984375,3.));
#3467 = CARTESIAN_POINT('',(3.4931640625,1.5146484375,3.));
#3468 = PCURVE('',#126,#3469);
#3469 = DEFINITIONAL_REPRESENTATION('',(#3470),#3474);
#3470 = B_SPLINE_CURVE_WITH_KNOTS('',2,(#3471,#3472,#3473),
  .UNSPECIFIED.,.F.,.F.,(3,3),(0.,1.),.PIECEWISE_BEZIER_KNOTS.);
#3471 = CARTESIAN_POINT('',(33.,16.583984375));
#3472 = CARTESIAN_POINT('',(33.26171875,16.583984375));
#3473 = CARTESIAN_POINT('',(33.4931640625,16.5146484375));
#3474 = ( GEOMETRIC_REPRESENTATION_CONTEXT(2) 
PARAMETRIC_REPRESENTATION_CONTEXT() REPRESENTATION_CONTEXT('2D SPACE',''
  ) );
#3475 = PCURVE('',#3476,#3483);
#3476 = SURFACE_OF_LINEAR_EXTRUSION('',#3477,#3481);
#3477 = B_SPLINE_CURVE_WITH_KNOTS('',2,(#3478,#3479,#3480),
  .UNSPECIFIED.,.F.,.F.,(3,3),(0.,1.),.PIECEWISE_BEZIER_KNOTS.);
#3478 = CARTESIAN_POINT('',(3.,1.583984375,2.65));
#3479 = CARTESIAN_POINT('',(3.26171875,1.583984375,2.65));
#3480 = CARTESIAN_POINT('',(3.4931640625,1.5146484375,2.65));
#3481 = VECTOR('',#3482,1.);
#3482 = DIRECTION('',(-0.,-0.,-1.));
#3483 = DEFINITIONAL_REPRESENTATION('',(#3484),#3488);
#3484 = LINE('',#3485,#3486);
#3485 = CARTESIAN_POINT('',(0.,-0.35));
#3486 = VECTOR('',#3487,1.);
#3487 = DIRECTION('',(1.,0.));
#3488 = ( GEOMETRIC_REPRESENTATION_CONTEXT(2) 
PARAMETRIC_REPRESENTATION_CONTEXT() REPRESENTATION_CONTEXT('2D SPACE',''
  ) );
#3489 = FACE_BOUND('',#3490,.T.);
#3490 = EDGE_LOOP('',(#3491,#3521,#3549,#3577,#3605,#3633,#3661,#3689));
#3491 = ORIENTED_EDGE('',*,*,#3492,.T.);
#3492 = EDGE_CURVE('',#3493,#3495,#3497,.T.);
#3493 = VERTEX_POINT('',#3494);
#3494 = CARTESIAN_POINT('',(4.591796875,-1.384765625,3.));
#3495 = VERTEX_POINT('',#3496);
#3496 = CARTESIAN_POINT('',(4.17578125,-1.384765625,3.));
#3497 = SURFACE_CURVE('',#3498,(#3502,#3509),.PCURVE_S1.);
#3498 = LINE('',#3499,#3500);
#3499 = CARTESIAN_POINT('',(4.591796875,-1.384765625,3.));
#3500 = VECTOR('',#3501,1.);
#3501 = DIRECTION('',(-1.,0.,0.));
#3502 = PCURVE('',#126,#3503);
#3503 = DEFINITIONAL_REPRESENTATION('',(#3504),#3508);
#3504 = LINE('',#3505,#3506);
#3505 = CARTESIAN_POINT('',(34.591796875,13.615234375));
#3506 = VECTOR('',#3507,1.);
#3507 = DIRECTION('',(-1.,0.));
#3508 = ( GEOMETRIC_REPRESENTATION_CONTEXT(2) 
PARAMETRIC_REPRESENTATION_CONTEXT() REPRESENTATION_CONTEXT('2D SPACE',''
  ) );
#3509 = PCURVE('',#3510,#3515);
#3510 = PLANE('',#3511);
#3511 = AXIS2_PLACEMENT_3D('',#3512,#3513,#3514);
#3512 = CARTESIAN_POINT('',(4.591796875,-1.384765625,2.65));
#3513 = DIRECTION('',(0.,-1.,0.));
#3514 = DIRECTION('',(-1.,0.,0.));
#3515 = DEFINITIONAL_REPRESENTATION('',(#3516),#3520);
#3516 = LINE('',#3517,#3518);
#3517 = CARTESIAN_POINT('',(0.,-0.35));
#3518 = VECTOR('',#3519,1.);
#3519 = DIRECTION('',(1.,0.));
#3520 = ( GEOMETRIC_REPRESENTATION_CONTEXT(2) 
PARAMETRIC_REPRESENTATION_CONTEXT() REPRESENTATION_CONTEXT('2D SPACE',''
  ) );
#3521 = ORIENTED_EDGE('',*,*,#3522,.T.);
#3522 = EDGE_CURVE('',#3495,#3523,#3525,.T.);
#3523 = VERTEX_POINT('',#3524);
#3524 = CARTESIAN_POINT('',(5.2890625,1.53125,3.));
#3525 = SURFACE_CURVE('',#3526,(#3530,#3537),.PCURVE_S1.);
#3526 = LINE('',#3527,#3528);
#3527 = CARTESIAN_POINT('',(4.17578125,-1.384765625,3.));
#3528 = VECTOR('',#3529,1.);
#3529 = DIRECTION('',(0.356671776907,0.934229759512,0.));
#3530 = PCURVE('',#126,#3531);
#3531 = DEFINITIONAL_REPRESENTATION('',(#3532),#3536);
#3532 = LINE('',#3533,#3534);
#3533 = CARTESIAN_POINT('',(34.17578125,13.615234375));
#3534 = VECTOR('',#3535,1.);
#3535 = DIRECTION('',(0.356671776907,0.934229759512));
#3536 = ( GEOMETRIC_REPRESENTATION_CONTEXT(2) 
PARAMETRIC_REPRESENTATION_CONTEXT() REPRESENTATION_CONTEXT('2D SPACE',''
  ) );
#3537 = PCURVE('',#3538,#3543);
#3538 = PLANE('',#3539);
#3539 = AXIS2_PLACEMENT_3D('',#3540,#3541,#3542);
#3540 = CARTESIAN_POINT('',(4.17578125,-1.384765625,2.65));
#3541 = DIRECTION('',(-0.934229759512,0.356671776907,0.));
#3542 = DIRECTION('',(0.356671776907,0.934229759512,0.));
#3543 = DEFINITIONAL_REPRESENTATION('',(#3544),#3548);
#3544 = LINE('',#3545,#3546);
#3545 = CARTESIAN_POINT('',(0.,-0.35));
#3546 = VECTOR('',#3547,1.);
#3547 = DIRECTION('',(1.,0.));
#3548 = ( GEOMETRIC_REPRESENTATION_CONTEXT(2) 
PARAMETRIC_REPRESENTATION_CONTEXT() REPRESENTATION_CONTEXT('2D SPACE',''
  ) );
#3549 = ORIENTED_EDGE('',*,*,#3550,.T.);
#3550 = EDGE_CURVE('',#3523,#3551,#3553,.T.);
#3551 = VERTEX_POINT('',#3552);
#3552 = CARTESIAN_POINT('',(5.736328125,1.53125,3.));
#3553 = SURFACE_CURVE('',#3554,(#3558,#3565),.PCURVE_S1.);
#3554 = LINE('',#3555,#3556);
#3555 = CARTESIAN_POINT('',(5.2890625,1.53125,3.));
#3556 = VECTOR('',#3557,1.);
#3557 = DIRECTION('',(1.,0.,0.));
#3558 = PCURVE('',#126,#3559);
#3559 = DEFINITIONAL_REPRESENTATION('',(#3560),#3564);
#3560 = LINE('',#3561,#3562);
#3561 = CARTESIAN_POINT('',(35.2890625,16.53125));
#3562 = VECTOR('',#3563,1.);
#3563 = DIRECTION('',(1.,0.));
#3564 = ( GEOMETRIC_REPRESENTATION_CONTEXT(2) 
PARAMETRIC_REPRESENTATION_CONTEXT() REPRESENTATION_CONTEXT('2D SPACE',''
  ) );
#3565 = PCURVE('',#3566,#3571);
#3566 = PLANE('',#3567);
#3567 = AXIS2_PLACEMENT_3D('',#3568,#3569,#3570);
#3568 = CARTESIAN_POINT('',(5.2890625,1.53125,2.65));
#3569 = DIRECTION('',(0.,1.,0.));
#3570 = DIRECTION('',(1.,0.,0.));
#3571 = DEFINITIONAL_REPRESENTATION('',(#3572),#3576);
#3572 = LINE('',#3573,#3574);
#3573 = CARTESIAN_POINT('',(0.,-0.35));
#3574 = VECTOR('',#3575,1.);
#3575 = DIRECTION('',(1.,0.));
#3576 = ( GEOMETRIC_REPRESENTATION_CONTEXT(2) 
PARAMETRIC_REPRESENTATION_CONTEXT() REPRESENTATION_CONTEXT('2D SPACE',''
  ) );
#3577 = ORIENTED_EDGE('',*,*,#3578,.T.);
#3578 = EDGE_CURVE('',#3551,#3579,#3581,.T.);
#3579 = VERTEX_POINT('',#3580);
#3580 = CARTESIAN_POINT('',(6.84765625,-1.384765625,3.));
#3581 = SURFACE_CURVE('',#3582,(#3586,#3593),.PCURVE_S1.);
#3582 = LINE('',#3583,#3584);
#3583 = CARTESIAN_POINT('',(5.736328125,1.53125,3.));
#3584 = VECTOR('',#3585,1.);
#3585 = DIRECTION('',(0.35612545751,-0.934438151251,0.));
#3586 = PCURVE('',#126,#3587);
#3587 = DEFINITIONAL_REPRESENTATION('',(#3588),#3592);
#3588 = LINE('',#3589,#3590);
#3589 = CARTESIAN_POINT('',(35.736328125,16.53125));
#3590 = VECTOR('',#3591,1.);
#3591 = DIRECTION('',(0.35612545751,-0.934438151251));
#3592 = ( GEOMETRIC_REPRESENTATION_CONTEXT(2) 
PARAMETRIC_REPRESENTATION_CONTEXT() REPRESENTATION_CONTEXT('2D SPACE',''
  ) );
#3593 = PCURVE('',#3594,#3599);
#3594 = PLANE('',#3595);
#3595 = AXIS2_PLACEMENT_3D('',#3596,#3597,#3598);
#3596 = CARTESIAN_POINT('',(5.736328125,1.53125,2.65));
#3597 = DIRECTION('',(0.934438151251,0.35612545751,0.));
#3598 = DIRECTION('',(0.35612545751,-0.934438151251,0.));
#3599 = DEFINITIONAL_REPRESENTATION('',(#3600),#3604);
#3600 = LINE('',#3601,#3602);
#3601 = CARTESIAN_POINT('',(0.,-0.35));
#3602 = VECTOR('',#3603,1.);
#3603 = DIRECTION('',(1.,0.));
#3604 = ( GEOMETRIC_REPRESENTATION_CONTEXT(2) 
PARAMETRIC_REPRESENTATION_CONTEXT() REPRESENTATION_CONTEXT('2D SPACE',''
  ) );
#3605 = ORIENTED_EDGE('',*,*,#3606,.T.);
#3606 = EDGE_CURVE('',#3579,#3607,#3609,.T.);
#3607 = VERTEX_POINT('',#3608);
#3608 = CARTESIAN_POINT('',(6.4375,-1.384765625,3.));
#3609 = SURFACE_CURVE('',#3610,(#3614,#3621),.PCURVE_S1.);
#3610 = LINE('',#3611,#3612);
#3611 = CARTESIAN_POINT('',(6.84765625,-1.384765625,3.));
#3612 = VECTOR('',#3613,1.);
#3613 = DIRECTION('',(-1.,0.,0.));
#3614 = PCURVE('',#126,#3615);
#3615 = DEFINITIONAL_REPRESENTATION('',(#3616),#3620);
#3616 = LINE('',#3617,#3618);
#3617 = CARTESIAN_POINT('',(36.84765625,13.615234375));
#3618 = VECTOR('',#3619,1.);
#3619 = DIRECTION('',(-1.,0.));
#3620 = ( GEOMETRIC_REPRESENTATION_CONTEXT(2) 
PARAMETRIC_REPRESENTATION_CONTEXT() REPRESENTATION_CONTEXT('2D SPACE',''
  ) );
#3621 = PCURVE('',#3622,#3627);
#3622 = PLANE('',#3623);
#3623 = AXIS2_PLACEMENT_3D('',#3624,#3625,#3626);
#3624 = CARTESIAN_POINT('',(6.84765625,-1.384765625,2.65));
#3625 = DIRECTION('',(0.,-1.,0.));
#3626 = DIRECTION('',(-1.,0.,0.));
#3627 = DEFINITIONAL_REPRESENTATION('',(#3628),#3632);
#3628 = LINE('',#3629,#3630);
#3629 = CARTESIAN_POINT('',(0.,-0.35));
#3630 = VECTOR('',#3631,1.);
#3631 = DIRECTION('',(1.,0.));
#3632 = ( GEOMETRIC_REPRESENTATION_CONTEXT(2) 
PARAMETRIC_REPRESENTATION_CONTEXT() REPRESENTATION_CONTEXT('2D SPACE',''
  ) );
#3633 = ORIENTED_EDGE('',*,*,#3634,.T.);
#3634 = EDGE_CURVE('',#3607,#3635,#3637,.T.);
#3635 = VERTEX_POINT('',#3636);
#3636 = CARTESIAN_POINT('',(6.171875,-0.63671875,3.));
#3637 = SURFACE_CURVE('',#3638,(#3642,#3649),.PCURVE_S1.);
#3638 = LINE('',#3639,#3640);
#3639 = CARTESIAN_POINT('',(6.4375,-1.384765625,3.));
#3640 = VECTOR('',#3641,1.);
#3641 = DIRECTION('',(-0.334621317278,0.942352680276,0.));
#3642 = PCURVE('',#126,#3643);
#3643 = DEFINITIONAL_REPRESENTATION('',(#3644),#3648);
#3644 = LINE('',#3645,#3646);
#3645 = CARTESIAN_POINT('',(36.4375,13.615234375));
#3646 = VECTOR('',#3647,1.);
#3647 = DIRECTION('',(-0.334621317278,0.942352680276));
#3648 = ( GEOMETRIC_REPRESENTATION_CONTEXT(2) 
PARAMETRIC_REPRESENTATION_CONTEXT() REPRESENTATION_CONTEXT('2D SPACE',''
  ) );
#3649 = PCURVE('',#3650,#3655);
#3650 = PLANE('',#3651);
#3651 = AXIS2_PLACEMENT_3D('',#3652,#3653,#3654);
#3652 = CARTESIAN_POINT('',(6.4375,-1.384765625,2.65));
#3653 = DIRECTION('',(-0.942352680276,-0.334621317278,0.));
#3654 = DIRECTION('',(-0.334621317278,0.942352680276,0.));
#3655 = DEFINITIONAL_REPRESENTATION('',(#3656),#3660);
#3656 = LINE('',#3657,#3658);
#3657 = CARTESIAN_POINT('',(0.,-0.35));
#3658 = VECTOR('',#3659,1.);
#3659 = DIRECTION('',(1.,0.));
#3660 = ( GEOMETRIC_REPRESENTATION_CONTEXT(2) 
PARAMETRIC_REPRESENTATION_CONTEXT() REPRESENTATION_CONTEXT('2D SPACE',''
  ) );
#3661 = ORIENTED_EDGE('',*,*,#3662,.T.);
#3662 = EDGE_CURVE('',#3635,#3663,#3665,.T.);
#3663 = VERTEX_POINT('',#3664);
#3664 = CARTESIAN_POINT('',(4.857421875,-0.63671875,3.));
#3665 = SURFACE_CURVE('',#3666,(#3670,#3677),.PCURVE_S1.);
#3666 = LINE('',#3667,#3668);
#3667 = CARTESIAN_POINT('',(6.171875,-0.63671875,3.));
#3668 = VECTOR('',#3669,1.);
#3669 = DIRECTION('',(-1.,0.,0.));
#3670 = PCURVE('',#126,#3671);
#3671 = DEFINITIONAL_REPRESENTATION('',(#3672),#3676);
#3672 = LINE('',#3673,#3674);
#3673 = CARTESIAN_POINT('',(36.171875,14.36328125));
#3674 = VECTOR('',#3675,1.);
#3675 = DIRECTION('',(-1.,0.));
#3676 = ( GEOMETRIC_REPRESENTATION_CONTEXT(2) 
PARAMETRIC_REPRESENTATION_CONTEXT() REPRESENTATION_CONTEXT('2D SPACE',''
  ) );
#3677 = PCURVE('',#3678,#3683);
#3678 = PLANE('',#3679);
#3679 = AXIS2_PLACEMENT_3D('',#3680,#3681,#3682);
#3680 = CARTESIAN_POINT('',(6.171875,-0.63671875,2.65));
#3681 = DIRECTION('',(0.,-1.,0.));
#3682 = DIRECTION('',(-1.,0.,0.));
#3683 = DEFINITIONAL_REPRESENTATION('',(#3684),#3688);
#3684 = LINE('',#3685,#3686);
#3685 = CARTESIAN_POINT('',(0.,-0.35));
#3686 = VECTOR('',#3687,1.);
#3687 = DIRECTION('',(1.,0.));
#3688 = ( GEOMETRIC_REPRESENTATION_CONTEXT(2) 
PARAMETRIC_REPRESENTATION_CONTEXT() REPRESENTATION_CONTEXT('2D SPACE',''
  ) );
#3689 = ORIENTED_EDGE('',*,*,#3690,.T.);
#3690 = EDGE_CURVE('',#3663,#3493,#3691,.T.);
#3691 = SURFACE_CURVE('',#3692,(#3696,#3703),.PCURVE_S1.);
#3692 = LINE('',#3693,#3694);
#3693 = CARTESIAN_POINT('',(4.857421875,-0.63671875,3.));
#3694 = VECTOR('',#3695,1.);
#3695 = DIRECTION('',(-0.334621317278,-0.942352680276,0.));
#3696 = PCURVE('',#126,#3697);
#3697 = DEFINITIONAL_REPRESENTATION('',(#3698),#3702);
#3698 = LINE('',#3699,#3700);
#3699 = CARTESIAN_POINT('',(34.857421875,14.36328125));
#3700 = VECTOR('',#3701,1.);
#3701 = DIRECTION('',(-0.334621317278,-0.942352680276));
#3702 = ( GEOMETRIC_REPRESENTATION_CONTEXT(2) 
PARAMETRIC_REPRESENTATION_CONTEXT() REPRESENTATION_CONTEXT('2D SPACE',''
  ) );
#3703 = PCURVE('',#3704,#3709);
#3704 = PLANE('',#3705);
#3705 = AXIS2_PLACEMENT_3D('',#3706,#3707,#3708);
#3706 = CARTESIAN_POINT('',(4.857421875,-0.63671875,2.65));
#3707 = DIRECTION('',(0.942352680276,-0.334621317278,0.));
#3708 = DIRECTION('',(-0.334621317278,-0.942352680276,0.));
#3709 = DEFINITIONAL_REPRESENTATION('',(#3710),#3714);
#3710 = LINE('',#3711,#3712);
#3711 = CARTESIAN_POINT('',(0.,-0.35));
#3712 = VECTOR('',#3713,1.);
#3713 = DIRECTION('',(1.,0.));
#3714 = ( GEOMETRIC_REPRESENTATION_CONTEXT(2) 
PARAMETRIC_REPRESENTATION_CONTEXT() REPRESENTATION_CONTEXT('2D SPACE',''
  ) );
#3715 = FACE_BOUND('',#3716,.T.);
#3716 = EDGE_LOOP('',(#3717,#3747,#3775,#3803,#3833,#3863,#3893,#3923,
    #3951));
#3717 = ORIENTED_EDGE('',*,*,#3718,.T.);
#3718 = EDGE_CURVE('',#3719,#3721,#3723,.T.);
#3719 = VERTEX_POINT('',#3720);
#3720 = CARTESIAN_POINT('',(7.66796875,-1.384765625,3.));
#3721 = VERTEX_POINT('',#3722);
#3722 = CARTESIAN_POINT('',(7.2734375,-1.384765625,3.));
#3723 = SURFACE_CURVE('',#3724,(#3728,#3735),.PCURVE_S1.);
#3724 = LINE('',#3725,#3726);
#3725 = CARTESIAN_POINT('',(7.66796875,-1.384765625,3.));
#3726 = VECTOR('',#3727,1.);
#3727 = DIRECTION('',(-1.,0.,0.));
#3728 = PCURVE('',#126,#3729);
#3729 = DEFINITIONAL_REPRESENTATION('',(#3730),#3734);
#3730 = LINE('',#3731,#3732);
#3731 = CARTESIAN_POINT('',(37.66796875,13.615234375));
#3732 = VECTOR('',#3733,1.);
#3733 = DIRECTION('',(-1.,0.));
#3734 = ( GEOMETRIC_REPRESENTATION_CONTEXT(2) 
PARAMETRIC_REPRESENTATION_CONTEXT() REPRESENTATION_CONTEXT('2D SPACE',''
  ) );
#3735 = PCURVE('',#3736,#3741);
#3736 = PLANE('',#3737);
#3737 = AXIS2_PLACEMENT_3D('',#3738,#3739,#3740);
#3738 = CARTESIAN_POINT('',(7.66796875,-1.384765625,2.65));
#3739 = DIRECTION('',(0.,-1.,0.));
#3740 = DIRECTION('',(-1.,0.,0.));
#3741 = DEFINITIONAL_REPRESENTATION('',(#3742),#3746);
#3742 = LINE('',#3743,#3744);
#3743 = CARTESIAN_POINT('',(0.,-0.35));
#3744 = VECTOR('',#3745,1.);
#3745 = DIRECTION('',(1.,0.));
#3746 = ( GEOMETRIC_REPRESENTATION_CONTEXT(2) 
PARAMETRIC_REPRESENTATION_CONTEXT() REPRESENTATION_CONTEXT('2D SPACE',''
  ) );
#3747 = ORIENTED_EDGE('',*,*,#3748,.T.);
#3748 = EDGE_CURVE('',#3721,#3749,#3751,.T.);
#3749 = VERTEX_POINT('',#3750);
#3750 = CARTESIAN_POINT('',(7.2734375,1.53125,3.));
#3751 = SURFACE_CURVE('',#3752,(#3756,#3763),.PCURVE_S1.);
#3752 = LINE('',#3753,#3754);
#3753 = CARTESIAN_POINT('',(7.2734375,-1.384765625,3.));
#3754 = VECTOR('',#3755,1.);
#3755 = DIRECTION('',(0.,1.,0.));
#3756 = PCURVE('',#126,#3757);
#3757 = DEFINITIONAL_REPRESENTATION('',(#3758),#3762);
#3758 = LINE('',#3759,#3760);
#3759 = CARTESIAN_POINT('',(37.2734375,13.615234375));
#3760 = VECTOR('',#3761,1.);
#3761 = DIRECTION('',(0.,1.));
#3762 = ( GEOMETRIC_REPRESENTATION_CONTEXT(2) 
PARAMETRIC_REPRESENTATION_CONTEXT() REPRESENTATION_CONTEXT('2D SPACE',''
  ) );
#3763 = PCURVE('',#3764,#3769);
#3764 = PLANE('',#3765);
#3765 = AXIS2_PLACEMENT_3D('',#3766,#3767,#3768);
#3766 = CARTESIAN_POINT('',(7.2734375,-1.384765625,2.65));
#3767 = DIRECTION('',(-1.,0.,0.));
#3768 = DIRECTION('',(0.,1.,0.));
#3769 = DEFINITIONAL_REPRESENTATION('',(#3770),#3774);
#3770 = LINE('',#3771,#3772);
#3771 = CARTESIAN_POINT('',(0.,-0.35));
#3772 = VECTOR('',#3773,1.);
#3773 = DIRECTION('',(1.,0.));
#3774 = ( GEOMETRIC_REPRESENTATION_CONTEXT(2) 
PARAMETRIC_REPRESENTATION_CONTEXT() REPRESENTATION_CONTEXT('2D SPACE',''
  ) );
#3775 = ORIENTED_EDGE('',*,*,#3776,.T.);
#3776 = EDGE_CURVE('',#3749,#3777,#3779,.T.);
#3777 = VERTEX_POINT('',#3778);
#3778 = CARTESIAN_POINT('',(8.1640625,1.53125,3.));
#3779 = SURFACE_CURVE('',#3780,(#3784,#3791),.PCURVE_S1.);
#3780 = LINE('',#3781,#3782);
#3781 = CARTESIAN_POINT('',(7.2734375,1.53125,3.));
#3782 = VECTOR('',#3783,1.);
#3783 = DIRECTION('',(1.,0.,0.));
#3784 = PCURVE('',#126,#3785);
#3785 = DEFINITIONAL_REPRESENTATION('',(#3786),#3790);
#3786 = LINE('',#3787,#3788);
#3787 = CARTESIAN_POINT('',(37.2734375,16.53125));
#3788 = VECTOR('',#3789,1.);
#3789 = DIRECTION('',(1.,0.));
#3790 = ( GEOMETRIC_REPRESENTATION_CONTEXT(2) 
PARAMETRIC_REPRESENTATION_CONTEXT() REPRESENTATION_CONTEXT('2D SPACE',''
  ) );
#3791 = PCURVE('',#3792,#3797);
#3792 = PLANE('',#3793);
#3793 = AXIS2_PLACEMENT_3D('',#3794,#3795,#3796);
#3794 = CARTESIAN_POINT('',(7.2734375,1.53125,2.65));
#3795 = DIRECTION('',(0.,1.,0.));
#3796 = DIRECTION('',(1.,0.,0.));
#3797 = DEFINITIONAL_REPRESENTATION('',(#3798),#3802);
#3798 = LINE('',#3799,#3800);
#3799 = CARTESIAN_POINT('',(0.,-0.35));
#3800 = VECTOR('',#3801,1.);
#3801 = DIRECTION('',(1.,0.));
#3802 = ( GEOMETRIC_REPRESENTATION_CONTEXT(2) 
PARAMETRIC_REPRESENTATION_CONTEXT() REPRESENTATION_CONTEXT('2D SPACE',''
  ) );
#3803 = ORIENTED_EDGE('',*,*,#3804,.T.);
#3804 = EDGE_CURVE('',#3777,#3805,#3807,.T.);
#3805 = VERTEX_POINT('',#3806);
#3806 = CARTESIAN_POINT('',(8.9052734375,1.3095703125,3.));
#3807 = SURFACE_CURVE('',#3808,(#3812,#3819),.PCURVE_S1.);
#3808 = B_SPLINE_CURVE_WITH_KNOTS('',2,(#3809,#3810,#3811),
  .UNSPECIFIED.,.F.,.F.,(3,3),(0.,1.),.PIECEWISE_BEZIER_KNOTS.);
#3809 = CARTESIAN_POINT('',(8.1640625,1.53125,3.));
#3810 = CARTESIAN_POINT('',(8.654296875,1.53125,3.));
#3811 = CARTESIAN_POINT('',(8.9052734375,1.3095703125,3.));
#3812 = PCURVE('',#126,#3813);
#3813 = DEFINITIONAL_REPRESENTATION('',(#3814),#3818);
#3814 = B_SPLINE_CURVE_WITH_KNOTS('',2,(#3815,#3816,#3817),
  .UNSPECIFIED.,.F.,.F.,(3,3),(0.,1.),.PIECEWISE_BEZIER_KNOTS.);
#3815 = CARTESIAN_POINT('',(38.1640625,16.53125));
#3816 = CARTESIAN_POINT('',(38.654296875,16.53125));
#3817 = CARTESIAN_POINT('',(38.9052734375,16.3095703125));
#3818 = ( GEOMETRIC_REPRESENTATION_CONTEXT(2) 
PARAMETRIC_REPRESENTATION_CONTEXT() REPRESENTATION_CONTEXT('2D SPACE',''
  ) );
#3819 = PCURVE('',#3820,#3827);
#3820 = SURFACE_OF_LINEAR_EXTRUSION('',#3821,#3825);
#3821 = B_SPLINE_CURVE_WITH_KNOTS('',2,(#3822,#3823,#3824),
  .UNSPECIFIED.,.F.,.F.,(3,3),(0.,1.),.PIECEWISE_BEZIER_KNOTS.);
#3822 = CARTESIAN_POINT('',(8.1640625,1.53125,2.65));
#3823 = CARTESIAN_POINT('',(8.654296875,1.53125,2.65));
#3824 = CARTESIAN_POINT('',(8.9052734375,1.3095703125,2.65));
#3825 = VECTOR('',#3826,1.);
#3826 = DIRECTION('',(-0.,-0.,-1.));
#3827 = DEFINITIONAL_REPRESENTATION('',(#3828),#3832);
#3828 = LINE('',#3829,#3830);
#3829 = CARTESIAN_POINT('',(0.,-0.35));
#3830 = VECTOR('',#3831,1.);
#3831 = DIRECTION('',(1.,0.));
#3832 = ( GEOMETRIC_REPRESENTATION_CONTEXT(2) 
PARAMETRIC_REPRESENTATION_CONTEXT() REPRESENTATION_CONTEXT('2D SPACE',''
  ) );
#3833 = ORIENTED_EDGE('',*,*,#3834,.T.);
#3834 = EDGE_CURVE('',#3805,#3835,#3837,.T.);
#3835 = VERTEX_POINT('',#3836);
#3836 = CARTESIAN_POINT('',(9.15625,0.66015625,3.));
#3837 = SURFACE_CURVE('',#3838,(#3842,#3849),.PCURVE_S1.);
#3838 = B_SPLINE_CURVE_WITH_KNOTS('',2,(#3839,#3840,#3841),
  .UNSPECIFIED.,.F.,.F.,(3,3),(0.,1.),.PIECEWISE_BEZIER_KNOTS.);
#3839 = CARTESIAN_POINT('',(8.9052734375,1.3095703125,3.));
#3840 = CARTESIAN_POINT('',(9.15625,1.087890625,3.));
#3841 = CARTESIAN_POINT('',(9.15625,0.66015625,3.));
#3842 = PCURVE('',#126,#3843);
#3843 = DEFINITIONAL_REPRESENTATION('',(#3844),#3848);
#3844 = B_SPLINE_CURVE_WITH_KNOTS('',2,(#3845,#3846,#3847),
  .UNSPECIFIED.,.F.,.F.,(3,3),(0.,1.),.PIECEWISE_BEZIER_KNOTS.);
#3845 = CARTESIAN_POINT('',(38.9052734375,16.3095703125));
#3846 = CARTESIAN_POINT('',(39.15625,16.087890625));
#3847 = CARTESIAN_POINT('',(39.15625,15.66015625));
#3848 = ( GEOMETRIC_REPRESENTATION_CONTEXT(2) 
PARAMETRIC_REPRESENTATION_CONTEXT() REPRESENTATION_CONTEXT('2D SPACE',''
  ) );
#3849 = PCURVE('',#3850,#3857);
#3850 = SURFACE_OF_LINEAR_EXTRUSION('',#3851,#3855);
#3851 = B_SPLINE_CURVE_WITH_KNOTS('',2,(#3852,#3853,#3854),
  .UNSPECIFIED.,.F.,.F.,(3,3),(0.,1.),.PIECEWISE_BEZIER_KNOTS.);
#3852 = CARTESIAN_POINT('',(8.9052734375,1.3095703125,2.65));
#3853 = CARTESIAN_POINT('',(9.15625,1.087890625,2.65));
#3854 = CARTESIAN_POINT('',(9.15625,0.66015625,2.65));
#3855 = VECTOR('',#3856,1.);
#3856 = DIRECTION('',(-0.,-0.,-1.));
#3857 = DEFINITIONAL_REPRESENTATION('',(#3858),#3862);
#3858 = LINE('',#3859,#3860);
#3859 = CARTESIAN_POINT('',(0.,-0.35));
#3860 = VECTOR('',#3861,1.);
#3861 = DIRECTION('',(1.,0.));
#3862 = ( GEOMETRIC_REPRESENTATION_CONTEXT(2) 
PARAMETRIC_REPRESENTATION_CONTEXT() REPRESENTATION_CONTEXT('2D SPACE',''
  ) );
#3863 = ORIENTED_EDGE('',*,*,#3864,.T.);
#3864 = EDGE_CURVE('',#3835,#3865,#3867,.T.);
#3865 = VERTEX_POINT('',#3866);
#3866 = CARTESIAN_POINT('',(8.9052734375,7.8125E-03,3.));
#3867 = SURFACE_CURVE('',#3868,(#3872,#3879),.PCURVE_S1.);
#3868 = B_SPLINE_CURVE_WITH_KNOTS('',2,(#3869,#3870,#3871),
  .UNSPECIFIED.,.F.,.F.,(3,3),(0.,1.),.PIECEWISE_BEZIER_KNOTS.);
#3869 = CARTESIAN_POINT('',(9.15625,0.66015625,3.));
#3870 = CARTESIAN_POINT('',(9.15625,0.228515625,3.));
#3871 = CARTESIAN_POINT('',(8.9052734375,7.8125E-03,3.));
#3872 = PCURVE('',#126,#3873);
#3873 = DEFINITIONAL_REPRESENTATION('',(#3874),#3878);
#3874 = B_SPLINE_CURVE_WITH_KNOTS('',2,(#3875,#3876,#3877),
  .UNSPECIFIED.,.F.,.F.,(3,3),(0.,1.),.PIECEWISE_BEZIER_KNOTS.);
#3875 = CARTESIAN_POINT('',(39.15625,15.66015625));
#3876 = CARTESIAN_POINT('',(39.15625,15.228515625));
#3877 = CARTESIAN_POINT('',(38.9052734375,15.0078125));
#3878 = ( GEOMETRIC_REPRESENTATION_CONTEXT(2) 
PARAMETRIC_REPRESENTATION_CONTEXT() REPRESENTATION_CONTEXT('2D SPACE',''
  ) );
#3879 = PCURVE('',#3880,#3887);
#3880 = SURFACE_OF_LINEAR_EXTRUSION('',#3881,#3885);
#3881 = B_SPLINE_CURVE_WITH_KNOTS('',2,(#3882,#3883,#3884),
  .UNSPECIFIED.,.F.,.F.,(3,3),(0.,1.),.PIECEWISE_BEZIER_KNOTS.);
#3882 = CARTESIAN_POINT('',(9.15625,0.66015625,2.65));
#3883 = CARTESIAN_POINT('',(9.15625,0.228515625,2.65));
#3884 = CARTESIAN_POINT('',(8.9052734375,7.8125E-03,2.65));
#3885 = VECTOR('',#3886,1.);
#3886 = DIRECTION('',(-0.,-0.,-1.));
#3887 = DEFINITIONAL_REPRESENTATION('',(#3888),#3892);
#3888 = LINE('',#3889,#3890);
#3889 = CARTESIAN_POINT('',(0.,-0.35));
#3890 = VECTOR('',#3891,1.);
#3891 = DIRECTION('',(1.,0.));
#3892 = ( GEOMETRIC_REPRESENTATION_CONTEXT(2) 
PARAMETRIC_REPRESENTATION_CONTEXT() REPRESENTATION_CONTEXT('2D SPACE',''
  ) );
#3893 = ORIENTED_EDGE('',*,*,#3894,.T.);
#3894 = EDGE_CURVE('',#3865,#3895,#3897,.T.);
#3895 = VERTEX_POINT('',#3896);
#3896 = CARTESIAN_POINT('',(8.1640625,-0.212890625,3.));
#3897 = SURFACE_CURVE('',#3898,(#3902,#3909),.PCURVE_S1.);
#3898 = B_SPLINE_CURVE_WITH_KNOTS('',2,(#3899,#3900,#3901),
  .UNSPECIFIED.,.F.,.F.,(3,3),(0.,1.),.PIECEWISE_BEZIER_KNOTS.);
#3899 = CARTESIAN_POINT('',(8.9052734375,7.8125E-03,3.));
#3900 = CARTESIAN_POINT('',(8.654296875,-0.212890625,3.));
#3901 = CARTESIAN_POINT('',(8.1640625,-0.212890625,3.));
#3902 = PCURVE('',#126,#3903);
#3903 = DEFINITIONAL_REPRESENTATION('',(#3904),#3908);
#3904 = B_SPLINE_CURVE_WITH_KNOTS('',2,(#3905,#3906,#3907),
  .UNSPECIFIED.,.F.,.F.,(3,3),(0.,1.),.PIECEWISE_BEZIER_KNOTS.);
#3905 = CARTESIAN_POINT('',(38.9052734375,15.0078125));
#3906 = CARTESIAN_POINT('',(38.654296875,14.787109375));
#3907 = CARTESIAN_POINT('',(38.1640625,14.787109375));
#3908 = ( GEOMETRIC_REPRESENTATION_CONTEXT(2) 
PARAMETRIC_REPRESENTATION_CONTEXT() REPRESENTATION_CONTEXT('2D SPACE',''
  ) );
#3909 = PCURVE('',#3910,#3917);
#3910 = SURFACE_OF_LINEAR_EXTRUSION('',#3911,#3915);
#3911 = B_SPLINE_CURVE_WITH_KNOTS('',2,(#3912,#3913,#3914),
  .UNSPECIFIED.,.F.,.F.,(3,3),(0.,1.),.PIECEWISE_BEZIER_KNOTS.);
#3912 = CARTESIAN_POINT('',(8.9052734375,7.8125E-03,2.65));
#3913 = CARTESIAN_POINT('',(8.654296875,-0.212890625,2.65));
#3914 = CARTESIAN_POINT('',(8.1640625,-0.212890625,2.65));
#3915 = VECTOR('',#3916,1.);
#3916 = DIRECTION('',(-0.,-0.,-1.));
#3917 = DEFINITIONAL_REPRESENTATION('',(#3918),#3922);
#3918 = LINE('',#3919,#3920);
#3919 = CARTESIAN_POINT('',(0.,-0.35));
#3920 = VECTOR('',#3921,1.);
#3921 = DIRECTION('',(1.,0.));
#3922 = ( GEOMETRIC_REPRESENTATION_CONTEXT(2) 
PARAMETRIC_REPRESENTATION_CONTEXT() REPRESENTATION_CONTEXT('2D SPACE',''
  ) );
#3923 = ORIENTED_EDGE('',*,*,#3924,.T.);
#3924 = EDGE_CURVE('',#3895,#3925,#3927,.T.);
#3925 = VERTEX_POINT('',#3926);
#3926 = CARTESIAN_POINT('',(7.66796875,-0.212890625,3.));
#3927 = SURFACE_CURVE('',#3928,(#3932,#3939),.PCURVE_S1.);
#3928 = LINE('',#3929,#3930);
#3929 = CARTESIAN_POINT('',(8.1640625,-0.212890625,3.));
#3930 = VECTOR('',#3931,1.);
#3931 = DIRECTION('',(-1.,0.,0.));
#3932 = PCURVE('',#126,#3933);
#3933 = DEFINITIONAL_REPRESENTATION('',(#3934),#3938);
#3934 = LINE('',#3935,#3936);
#3935 = CARTESIAN_POINT('',(38.1640625,14.787109375));
#3936 = VECTOR('',#3937,1.);
#3937 = DIRECTION('',(-1.,0.));
#3938 = ( GEOMETRIC_REPRESENTATION_CONTEXT(2) 
PARAMETRIC_REPRESENTATION_CONTEXT() REPRESENTATION_CONTEXT('2D SPACE',''
  ) );
#3939 = PCURVE('',#3940,#3945);
#3940 = PLANE('',#3941);
#3941 = AXIS2_PLACEMENT_3D('',#3942,#3943,#3944);
#3942 = CARTESIAN_POINT('',(8.1640625,-0.212890625,2.65));
#3943 = DIRECTION('',(0.,-1.,0.));
#3944 = DIRECTION('',(-1.,0.,0.));
#3945 = DEFINITIONAL_REPRESENTATION('',(#3946),#3950);
#3946 = LINE('',#3947,#3948);
#3947 = CARTESIAN_POINT('',(0.,-0.35));
#3948 = VECTOR('',#3949,1.);
#3949 = DIRECTION('',(1.,0.));
#3950 = ( GEOMETRIC_REPRESENTATION_CONTEXT(2) 
PARAMETRIC_REPRESENTATION_CONTEXT() REPRESENTATION_CONTEXT('2D SPACE',''
  ) );
#3951 = ORIENTED_EDGE('',*,*,#3952,.T.);
#3952 = EDGE_CURVE('',#3925,#3719,#3953,.T.);
#3953 = SURFACE_CURVE('',#3954,(#3958,#3965),.PCURVE_S1.);
#3954 = LINE('',#3955,#3956);
#3955 = CARTESIAN_POINT('',(7.66796875,-0.212890625,3.));
#3956 = VECTOR('',#3957,1.);
#3957 = DIRECTION('',(0.,-1.,0.));
#3958 = PCURVE('',#126,#3959);
#3959 = DEFINITIONAL_REPRESENTATION('',(#3960),#3964);
#3960 = LINE('',#3961,#3962);
#3961 = CARTESIAN_POINT('',(37.66796875,14.787109375));
#3962 = VECTOR('',#3963,1.);
#3963 = DIRECTION('',(0.,-1.));
#3964 = ( GEOMETRIC_REPRESENTATION_CONTEXT(2) 
PARAMETRIC_REPRESENTATION_CONTEXT() REPRESENTATION_CONTEXT('2D SPACE',''
  ) );
#3965 = PCURVE('',#3966,#3971);
#3966 = PLANE('',#3967);
#3967 = AXIS2_PLACEMENT_3D('',#3968,#3969,#3970);
#3968 = CARTESIAN_POINT('',(7.66796875,-0.212890625,2.65));
#3969 = DIRECTION('',(1.,0.,0.));
#3970 = DIRECTION('',(0.,-1.,0.));
#3971 = DEFINITIONAL_REPRESENTATION('',(#3972),#3976);
#3972 = LINE('',#3973,#3974);
#3973 = CARTESIAN_POINT('',(0.,-0.35));
#3974 = VECTOR('',#3975,1.);
#3975 = DIRECTION('',(1.,0.));
#3976 = ( GEOMETRIC_REPRESENTATION_CONTEXT(2) 
PARAMETRIC_REPRESENTATION_CONTEXT() REPRESENTATION_CONTEXT('2D SPACE',''
  ) );
#3977 = FACE_BOUND('',#3978,.T.);
#3978 = EDGE_LOOP('',(#3979,#4011,#4041,#4071,#4099,#4127,#4155,#4185,
    #4215,#4243,#4271,#4299,#4327,#4355,#4385,#4415));
#3979 = ORIENTED_EDGE('',*,*,#3980,.T.);
#3980 = EDGE_CURVE('',#3981,#3983,#3985,.T.);
#3981 = VERTEX_POINT('',#3982);
#3982 = CARTESIAN_POINT('',(12.7119140625,0.234375,3.));
#3983 = VERTEX_POINT('',#3984);
#3984 = CARTESIAN_POINT('',(12.33984375,-1.7578125E-02,3.));
#3985 = SURFACE_CURVE('',#3986,(#3990,#3997),.PCURVE_S1.);
#3986 = B_SPLINE_CURVE_WITH_KNOTS('',2,(#3987,#3988,#3989),
  .UNSPECIFIED.,.F.,.F.,(3,3),(0.,1.),.PIECEWISE_BEZIER_KNOTS.);
#3987 = CARTESIAN_POINT('',(12.7119140625,0.234375,3.));
#3988 = CARTESIAN_POINT('',(12.583984375,5.2734375E-02,3.));
#3989 = CARTESIAN_POINT('',(12.33984375,-1.7578125E-02,3.));
#3990 = PCURVE('',#126,#3991);
#3991 = DEFINITIONAL_REPRESENTATION('',(#3992),#3996);
#3992 = B_SPLINE_CURVE_WITH_KNOTS('',2,(#3993,#3994,#3995),
  .UNSPECIFIED.,.F.,.F.,(3,3),(0.,1.),.PIECEWISE_BEZIER_KNOTS.);
#3993 = CARTESIAN_POINT('',(42.7119140625,15.234375));
#3994 = CARTESIAN_POINT('',(42.583984375,15.052734375));
#3995 = CARTESIAN_POINT('',(42.33984375,14.982421875));
#3996 = ( GEOMETRIC_REPRESENTATION_CONTEXT(2) 
PARAMETRIC_REPRESENTATION_CONTEXT() REPRESENTATION_CONTEXT('2D SPACE',''
  ) );
#3997 = PCURVE('',#3998,#4005);
#3998 = SURFACE_OF_LINEAR_EXTRUSION('',#3999,#4003);
#3999 = B_SPLINE_CURVE_WITH_KNOTS('',2,(#4000,#4001,#4002),
  .UNSPECIFIED.,.F.,.F.,(3,3),(0.,1.),.PIECEWISE_BEZIER_KNOTS.);
#4000 = CARTESIAN_POINT('',(12.7119140625,0.234375,2.65));
#4001 = CARTESIAN_POINT('',(12.583984375,5.2734375E-02,2.65));
#4002 = CARTESIAN_POINT('',(12.33984375,-1.7578125E-02,2.65));
#4003 = VECTOR('',#4004,1.);
#4004 = DIRECTION('',(-0.,-0.,-1.));
#4005 = DEFINITIONAL_REPRESENTATION('',(#4006),#4010);
#4006 = LINE('',#4007,#4008);
#4007 = CARTESIAN_POINT('',(0.,-0.35));
#4008 = VECTOR('',#4009,1.);
#4009 = DIRECTION('',(1.,0.));
#4010 = ( GEOMETRIC_REPRESENTATION_CONTEXT(2) 
PARAMETRIC_REPRESENTATION_CONTEXT() REPRESENTATION_CONTEXT('2D SPACE',''
  ) );
#4011 = ORIENTED_EDGE('',*,*,#4012,.T.);
#4012 = EDGE_CURVE('',#3983,#4013,#4015,.T.);
#4013 = VERTEX_POINT('',#4014);
#4014 = CARTESIAN_POINT('',(12.5869140625,-0.201171875,3.));
#4015 = SURFACE_CURVE('',#4016,(#4020,#4027),.PCURVE_S1.);
#4016 = B_SPLINE_CURVE_WITH_KNOTS('',2,(#4017,#4018,#4019),
  .UNSPECIFIED.,.F.,.F.,(3,3),(0.,1.),.PIECEWISE_BEZIER_KNOTS.);
#4017 = CARTESIAN_POINT('',(12.33984375,-1.7578125E-02,3.));
#4018 = CARTESIAN_POINT('',(12.466796875,-6.0546875E-02,3.));
#4019 = CARTESIAN_POINT('',(12.5869140625,-0.201171875,3.));
#4020 = PCURVE('',#126,#4021);
#4021 = DEFINITIONAL_REPRESENTATION('',(#4022),#4026);
#4022 = B_SPLINE_CURVE_WITH_KNOTS('',2,(#4023,#4024,#4025),
  .UNSPECIFIED.,.F.,.F.,(3,3),(0.,1.),.PIECEWISE_BEZIER_KNOTS.);
#4023 = CARTESIAN_POINT('',(42.33984375,14.982421875));
#4024 = CARTESIAN_POINT('',(42.466796875,14.939453125));
#4025 = CARTESIAN_POINT('',(42.5869140625,14.798828125));
#4026 = ( GEOMETRIC_REPRESENTATION_CONTEXT(2) 
PARAMETRIC_REPRESENTATION_CONTEXT() REPRESENTATION_CONTEXT('2D SPACE',''
  ) );
#4027 = PCURVE('',#4028,#4035);
#4028 = SURFACE_OF_LINEAR_EXTRUSION('',#4029,#4033);
#4029 = B_SPLINE_CURVE_WITH_KNOTS('',2,(#4030,#4031,#4032),
  .UNSPECIFIED.,.F.,.F.,(3,3),(0.,1.),.PIECEWISE_BEZIER_KNOTS.);
#4030 = CARTESIAN_POINT('',(12.33984375,-1.7578125E-02,2.65));
#4031 = CARTESIAN_POINT('',(12.466796875,-6.0546875E-02,2.65));
#4032 = CARTESIAN_POINT('',(12.5869140625,-0.201171875,2.65));
#4033 = VECTOR('',#4034,1.);
#4034 = DIRECTION('',(-0.,-0.,-1.));
#4035 = DEFINITIONAL_REPRESENTATION('',(#4036),#4040);
#4036 = LINE('',#4037,#4038);
#4037 = CARTESIAN_POINT('',(0.,-0.35));
#4038 = VECTOR('',#4039,1.);
#4039 = DIRECTION('',(1.,0.));
#4040 = ( GEOMETRIC_REPRESENTATION_CONTEXT(2) 
PARAMETRIC_REPRESENTATION_CONTEXT() REPRESENTATION_CONTEXT('2D SPACE',''
  ) );
#4041 = ORIENTED_EDGE('',*,*,#4042,.T.);
#4042 = EDGE_CURVE('',#4013,#4043,#4045,.T.);
#4043 = VERTEX_POINT('',#4044);
#4044 = CARTESIAN_POINT('',(12.828125,-0.587890625,3.));
#4045 = SURFACE_CURVE('',#4046,(#4050,#4057),.PCURVE_S1.);
#4046 = B_SPLINE_CURVE_WITH_KNOTS('',2,(#4047,#4048,#4049),
  .UNSPECIFIED.,.F.,.F.,(3,3),(0.,1.),.PIECEWISE_BEZIER_KNOTS.);
#4047 = CARTESIAN_POINT('',(12.5869140625,-0.201171875,3.));
#4048 = CARTESIAN_POINT('',(12.70703125,-0.341796875,3.));
#4049 = CARTESIAN_POINT('',(12.828125,-0.587890625,3.));
#4050 = PCURVE('',#126,#4051);
#4051 = DEFINITIONAL_REPRESENTATION('',(#4052),#4056);
#4052 = B_SPLINE_CURVE_WITH_KNOTS('',2,(#4053,#4054,#4055),
  .UNSPECIFIED.,.F.,.F.,(3,3),(0.,1.),.PIECEWISE_BEZIER_KNOTS.);
#4053 = CARTESIAN_POINT('',(42.5869140625,14.798828125));
#4054 = CARTESIAN_POINT('',(42.70703125,14.658203125));
#4055 = CARTESIAN_POINT('',(42.828125,14.412109375));
#4056 = ( GEOMETRIC_REPRESENTATION_CONTEXT(2) 
PARAMETRIC_REPRESENTATION_CONTEXT() REPRESENTATION_CONTEXT('2D SPACE',''
  ) );
#4057 = PCURVE('',#4058,#4065);
#4058 = SURFACE_OF_LINEAR_EXTRUSION('',#4059,#4063);
#4059 = B_SPLINE_CURVE_WITH_KNOTS('',2,(#4060,#4061,#4062),
  .UNSPECIFIED.,.F.,.F.,(3,3),(0.,1.),.PIECEWISE_BEZIER_KNOTS.);
#4060 = CARTESIAN_POINT('',(12.5869140625,-0.201171875,2.65));
#4061 = CARTESIAN_POINT('',(12.70703125,-0.341796875,2.65));
#4062 = CARTESIAN_POINT('',(12.828125,-0.587890625,2.65));
#4063 = VECTOR('',#4064,1.);
#4064 = DIRECTION('',(-0.,-0.,-1.));
#4065 = DEFINITIONAL_REPRESENTATION('',(#4066),#4070);
#4066 = LINE('',#4067,#4068);
#4067 = CARTESIAN_POINT('',(0.,-0.35));
#4068 = VECTOR('',#4069,1.);
#4069 = DIRECTION('',(1.,0.));
#4070 = ( GEOMETRIC_REPRESENTATION_CONTEXT(2) 
PARAMETRIC_REPRESENTATION_CONTEXT() REPRESENTATION_CONTEXT('2D SPACE',''
  ) );
#4071 = ORIENTED_EDGE('',*,*,#4072,.T.);
#4072 = EDGE_CURVE('',#4043,#4073,#4075,.T.);
#4073 = VERTEX_POINT('',#4074);
#4074 = CARTESIAN_POINT('',(13.228515625,-1.384765625,3.));
#4075 = SURFACE_CURVE('',#4076,(#4080,#4087),.PCURVE_S1.);
#4076 = LINE('',#4077,#4078);
#4077 = CARTESIAN_POINT('',(12.828125,-0.587890625,3.));
#4078 = VECTOR('',#4079,1.);
#4079 = DIRECTION('',(0.448964795228,-0.893549446112,0.));
#4080 = PCURVE('',#126,#4081);
#4081 = DEFINITIONAL_REPRESENTATION('',(#4082),#4086);
#4082 = LINE('',#4083,#4084);
#4083 = CARTESIAN_POINT('',(42.828125,14.412109375));
#4084 = VECTOR('',#4085,1.);
#4085 = DIRECTION('',(0.448964795228,-0.893549446112));
#4086 = ( GEOMETRIC_REPRESENTATION_CONTEXT(2) 
PARAMETRIC_REPRESENTATION_CONTEXT() REPRESENTATION_CONTEXT('2D SPACE',''
  ) );
#4087 = PCURVE('',#4088,#4093);
#4088 = PLANE('',#4089);
#4089 = AXIS2_PLACEMENT_3D('',#4090,#4091,#4092);
#4090 = CARTESIAN_POINT('',(12.828125,-0.587890625,2.65));
#4091 = DIRECTION('',(0.893549446112,0.448964795228,0.));
#4092 = DIRECTION('',(0.448964795228,-0.893549446112,0.));
#4093 = DEFINITIONAL_REPRESENTATION('',(#4094),#4098);
#4094 = LINE('',#4095,#4096);
#4095 = CARTESIAN_POINT('',(0.,-0.35));
#4096 = VECTOR('',#4097,1.);
#4097 = DIRECTION('',(1.,0.));
#4098 = ( GEOMETRIC_REPRESENTATION_CONTEXT(2) 
PARAMETRIC_REPRESENTATION_CONTEXT() REPRESENTATION_CONTEXT('2D SPACE',''
  ) );
#4099 = ORIENTED_EDGE('',*,*,#4100,.T.);
#4100 = EDGE_CURVE('',#4073,#4101,#4103,.T.);
#4101 = VERTEX_POINT('',#4102);
#4102 = CARTESIAN_POINT('',(12.8046875,-1.384765625,3.));
#4103 = SURFACE_CURVE('',#4104,(#4108,#4115),.PCURVE_S1.);
#4104 = LINE('',#4105,#4106);
#4105 = CARTESIAN_POINT('',(13.228515625,-1.384765625,3.));
#4106 = VECTOR('',#4107,1.);
#4107 = DIRECTION('',(-1.,0.,0.));
#4108 = PCURVE('',#126,#4109);
#4109 = DEFINITIONAL_REPRESENTATION('',(#4110),#4114);
#4110 = LINE('',#4111,#4112);
#4111 = CARTESIAN_POINT('',(43.228515625,13.615234375));
#4112 = VECTOR('',#4113,1.);
#4113 = DIRECTION('',(-1.,0.));
#4114 = ( GEOMETRIC_REPRESENTATION_CONTEXT(2) 
PARAMETRIC_REPRESENTATION_CONTEXT() REPRESENTATION_CONTEXT('2D SPACE',''
  ) );
#4115 = PCURVE('',#4116,#4121);
#4116 = PLANE('',#4117);
#4117 = AXIS2_PLACEMENT_3D('',#4118,#4119,#4120);
#4118 = CARTESIAN_POINT('',(13.228515625,-1.384765625,2.65));
#4119 = DIRECTION('',(0.,-1.,0.));
#4120 = DIRECTION('',(-1.,0.,0.));
#4121 = DEFINITIONAL_REPRESENTATION('',(#4122),#4126);
#4122 = LINE('',#4123,#4124);
#4123 = CARTESIAN_POINT('',(0.,-0.35));
#4124 = VECTOR('',#4125,1.);
#4125 = DIRECTION('',(1.,0.));
#4126 = ( GEOMETRIC_REPRESENTATION_CONTEXT(2) 
PARAMETRIC_REPRESENTATION_CONTEXT() REPRESENTATION_CONTEXT('2D SPACE',''
  ) );
#4127 = ORIENTED_EDGE('',*,*,#4128,.T.);
#4128 = EDGE_CURVE('',#4101,#4129,#4131,.T.);
#4129 = VERTEX_POINT('',#4130);
#4130 = CARTESIAN_POINT('',(12.431640625,-0.63671875,3.));
#4131 = SURFACE_CURVE('',#4132,(#4136,#4143),.PCURVE_S1.);
#4132 = LINE('',#4133,#4134);
#4133 = CARTESIAN_POINT('',(12.8046875,-1.384765625,3.));
#4134 = VECTOR('',#4135,1.);
#4135 = DIRECTION('',(-0.446278736193,0.894894010273,0.));
#4136 = PCURVE('',#126,#4137);
#4137 = DEFINITIONAL_REPRESENTATION('',(#4138),#4142);
#4138 = LINE('',#4139,#4140);
#4139 = CARTESIAN_POINT('',(42.8046875,13.615234375));
#4140 = VECTOR('',#4141,1.);
#4141 = DIRECTION('',(-0.446278736193,0.894894010273));
#4142 = ( GEOMETRIC_REPRESENTATION_CONTEXT(2) 
PARAMETRIC_REPRESENTATION_CONTEXT() REPRESENTATION_CONTEXT('2D SPACE',''
  ) );
#4143 = PCURVE('',#4144,#4149);
#4144 = PLANE('',#4145);
#4145 = AXIS2_PLACEMENT_3D('',#4146,#4147,#4148);
#4146 = CARTESIAN_POINT('',(12.8046875,-1.384765625,2.65));
#4147 = DIRECTION('',(-0.894894010273,-0.446278736193,0.));
#4148 = DIRECTION('',(-0.446278736193,0.894894010273,0.));
#4149 = DEFINITIONAL_REPRESENTATION('',(#4150),#4154);
#4150 = LINE('',#4151,#4152);
#4151 = CARTESIAN_POINT('',(0.,-0.35));
#4152 = VECTOR('',#4153,1.);
#4153 = DIRECTION('',(1.,0.));
#4154 = ( GEOMETRIC_REPRESENTATION_CONTEXT(2) 
PARAMETRIC_REPRESENTATION_CONTEXT() REPRESENTATION_CONTEXT('2D SPACE',''
  ) );
#4155 = ORIENTED_EDGE('',*,*,#4156,.T.);
#4156 = EDGE_CURVE('',#4129,#4157,#4159,.T.);
#4157 = VERTEX_POINT('',#4158);
#4158 = CARTESIAN_POINT('',(12.1513671875,-0.248046875,3.));
#4159 = SURFACE_CURVE('',#4160,(#4164,#4171),.PCURVE_S1.);
#4160 = B_SPLINE_CURVE_WITH_KNOTS('',2,(#4161,#4162,#4163),
  .UNSPECIFIED.,.F.,.F.,(3,3),(0.,1.),.PIECEWISE_BEZIER_KNOTS.);
#4161 = CARTESIAN_POINT('',(12.431640625,-0.63671875,3.));
#4162 = CARTESIAN_POINT('',(12.287109375,-0.34375,3.));
#4163 = CARTESIAN_POINT('',(12.1513671875,-0.248046875,3.));
#4164 = PCURVE('',#126,#4165);
#4165 = DEFINITIONAL_REPRESENTATION('',(#4166),#4170);
#4166 = B_SPLINE_CURVE_WITH_KNOTS('',2,(#4167,#4168,#4169),
  .UNSPECIFIED.,.F.,.F.,(3,3),(0.,1.),.PIECEWISE_BEZIER_KNOTS.);
#4167 = CARTESIAN_POINT('',(42.431640625,14.36328125));
#4168 = CARTESIAN_POINT('',(42.287109375,14.65625));
#4169 = CARTESIAN_POINT('',(42.1513671875,14.751953125));
#4170 = ( GEOMETRIC_REPRESENTATION_CONTEXT(2) 
PARAMETRIC_REPRESENTATION_CONTEXT() REPRESENTATION_CONTEXT('2D SPACE',''
  ) );
#4171 = PCURVE('',#4172,#4179);
#4172 = SURFACE_OF_LINEAR_EXTRUSION('',#4173,#4177);
#4173 = B_SPLINE_CURVE_WITH_KNOTS('',2,(#4174,#4175,#4176),
  .UNSPECIFIED.,.F.,.F.,(3,3),(0.,1.),.PIECEWISE_BEZIER_KNOTS.);
#4174 = CARTESIAN_POINT('',(12.431640625,-0.63671875,2.65));
#4175 = CARTESIAN_POINT('',(12.287109375,-0.34375,2.65));
#4176 = CARTESIAN_POINT('',(12.1513671875,-0.248046875,2.65));
#4177 = VECTOR('',#4178,1.);
#4178 = DIRECTION('',(-0.,-0.,-1.));
#4179 = DEFINITIONAL_REPRESENTATION('',(#4180),#4184);
#4180 = LINE('',#4181,#4182);
#4181 = CARTESIAN_POINT('',(0.,-0.35));
#4182 = VECTOR('',#4183,1.);
#4183 = DIRECTION('',(1.,0.));
#4184 = ( GEOMETRIC_REPRESENTATION_CONTEXT(2) 
PARAMETRIC_REPRESENTATION_CONTEXT() REPRESENTATION_CONTEXT('2D SPACE',''
  ) );
#4185 = ORIENTED_EDGE('',*,*,#4186,.T.);
#4186 = EDGE_CURVE('',#4157,#4187,#4189,.T.);
#4187 = VERTEX_POINT('',#4188);
#4188 = CARTESIAN_POINT('',(11.78125,-0.15234375,3.));
#4189 = SURFACE_CURVE('',#4190,(#4194,#4201),.PCURVE_S1.);
#4190 = B_SPLINE_CURVE_WITH_KNOTS('',2,(#4191,#4192,#4193),
  .UNSPECIFIED.,.F.,.F.,(3,3),(0.,1.),.PIECEWISE_BEZIER_KNOTS.);
#4191 = CARTESIAN_POINT('',(12.1513671875,-0.248046875,3.));
#4192 = CARTESIAN_POINT('',(12.015625,-0.15234375,3.));
#4193 = CARTESIAN_POINT('',(11.78125,-0.15234375,3.));
#4194 = PCURVE('',#126,#4195);
#4195 = DEFINITIONAL_REPRESENTATION('',(#4196),#4200);
#4196 = B_SPLINE_CURVE_WITH_KNOTS('',2,(#4197,#4198,#4199),
  .UNSPECIFIED.,.F.,.F.,(3,3),(0.,1.),.PIECEWISE_BEZIER_KNOTS.);
#4197 = CARTESIAN_POINT('',(42.1513671875,14.751953125));
#4198 = CARTESIAN_POINT('',(42.015625,14.84765625));
#4199 = CARTESIAN_POINT('',(41.78125,14.84765625));
#4200 = ( GEOMETRIC_REPRESENTATION_CONTEXT(2) 
PARAMETRIC_REPRESENTATION_CONTEXT() REPRESENTATION_CONTEXT('2D SPACE',''
  ) );
#4201 = PCURVE('',#4202,#4209);
#4202 = SURFACE_OF_LINEAR_EXTRUSION('',#4203,#4207);
#4203 = B_SPLINE_CURVE_WITH_KNOTS('',2,(#4204,#4205,#4206),
  .UNSPECIFIED.,.F.,.F.,(3,3),(0.,1.),.PIECEWISE_BEZIER_KNOTS.);
#4204 = CARTESIAN_POINT('',(12.1513671875,-0.248046875,2.65));
#4205 = CARTESIAN_POINT('',(12.015625,-0.15234375,2.65));
#4206 = CARTESIAN_POINT('',(11.78125,-0.15234375,2.65));
#4207 = VECTOR('',#4208,1.);
#4208 = DIRECTION('',(-0.,-0.,-1.));
#4209 = DEFINITIONAL_REPRESENTATION('',(#4210),#4214);
#4210 = LINE('',#4211,#4212);
#4211 = CARTESIAN_POINT('',(0.,-0.35));
#4212 = VECTOR('',#4213,1.);
#4213 = DIRECTION('',(1.,0.));
#4214 = ( GEOMETRIC_REPRESENTATION_CONTEXT(2) 
PARAMETRIC_REPRESENTATION_CONTEXT() REPRESENTATION_CONTEXT('2D SPACE',''
  ) );
#4215 = ORIENTED_EDGE('',*,*,#4216,.T.);
#4216 = EDGE_CURVE('',#4187,#4217,#4219,.T.);
#4217 = VERTEX_POINT('',#4218);
#4218 = CARTESIAN_POINT('',(11.3515625,-0.15234375,3.));
#4219 = SURFACE_CURVE('',#4220,(#4224,#4231),.PCURVE_S1.);
#4220 = LINE('',#4221,#4222);
#4221 = CARTESIAN_POINT('',(11.78125,-0.15234375,3.));
#4222 = VECTOR('',#4223,1.);
#4223 = DIRECTION('',(-1.,0.,0.));
#4224 = PCURVE('',#126,#4225);
#4225 = DEFINITIONAL_REPRESENTATION('',(#4226),#4230);
#4226 = LINE('',#4227,#4228);
#4227 = CARTESIAN_POINT('',(41.78125,14.84765625));
#4228 = VECTOR('',#4229,1.);
#4229 = DIRECTION('',(-1.,0.));
#4230 = ( GEOMETRIC_REPRESENTATION_CONTEXT(2) 
PARAMETRIC_REPRESENTATION_CONTEXT() REPRESENTATION_CONTEXT('2D SPACE',''
  ) );
#4231 = PCURVE('',#4232,#4237);
#4232 = PLANE('',#4233);
#4233 = AXIS2_PLACEMENT_3D('',#4234,#4235,#4236);
#4234 = CARTESIAN_POINT('',(11.78125,-0.15234375,2.65));
#4235 = DIRECTION('',(0.,-1.,0.));
#4236 = DIRECTION('',(-1.,0.,0.));
#4237 = DEFINITIONAL_REPRESENTATION('',(#4238),#4242);
#4238 = LINE('',#4239,#4240);
#4239 = CARTESIAN_POINT('',(0.,-0.35));
#4240 = VECTOR('',#4241,1.);
#4241 = DIRECTION('',(1.,0.));
#4242 = ( GEOMETRIC_REPRESENTATION_CONTEXT(2) 
PARAMETRIC_REPRESENTATION_CONTEXT() REPRESENTATION_CONTEXT('2D SPACE',''
  ) );
#4243 = ORIENTED_EDGE('',*,*,#4244,.T.);
#4244 = EDGE_CURVE('',#4217,#4245,#4247,.T.);
#4245 = VERTEX_POINT('',#4246);
#4246 = CARTESIAN_POINT('',(11.3515625,-1.384765625,3.));
#4247 = SURFACE_CURVE('',#4248,(#4252,#4259),.PCURVE_S1.);
#4248 = LINE('',#4249,#4250);
#4249 = CARTESIAN_POINT('',(11.3515625,-0.15234375,3.));
#4250 = VECTOR('',#4251,1.);
#4251 = DIRECTION('',(0.,-1.,0.));
#4252 = PCURVE('',#126,#4253);
#4253 = DEFINITIONAL_REPRESENTATION('',(#4254),#4258);
#4254 = LINE('',#4255,#4256);
#4255 = CARTESIAN_POINT('',(41.3515625,14.84765625));
#4256 = VECTOR('',#4257,1.);
#4257 = DIRECTION('',(0.,-1.));
#4258 = ( GEOMETRIC_REPRESENTATION_CONTEXT(2) 
PARAMETRIC_REPRESENTATION_CONTEXT() REPRESENTATION_CONTEXT('2D SPACE',''
  ) );
#4259 = PCURVE('',#4260,#4265);
#4260 = PLANE('',#4261);
#4261 = AXIS2_PLACEMENT_3D('',#4262,#4263,#4264);
#4262 = CARTESIAN_POINT('',(11.3515625,-0.15234375,2.65));
#4263 = DIRECTION('',(1.,0.,0.));
#4264 = DIRECTION('',(0.,-1.,0.));
#4265 = DEFINITIONAL_REPRESENTATION('',(#4266),#4270);
#4266 = LINE('',#4267,#4268);
#4267 = CARTESIAN_POINT('',(0.,-0.35));
#4268 = VECTOR('',#4269,1.);
#4269 = DIRECTION('',(1.,0.));
#4270 = ( GEOMETRIC_REPRESENTATION_CONTEXT(2) 
PARAMETRIC_REPRESENTATION_CONTEXT() REPRESENTATION_CONTEXT('2D SPACE',''
  ) );
#4271 = ORIENTED_EDGE('',*,*,#4272,.T.);
#4272 = EDGE_CURVE('',#4245,#4273,#4275,.T.);
#4273 = VERTEX_POINT('',#4274);
#4274 = CARTESIAN_POINT('',(10.95703125,-1.384765625,3.));
#4275 = SURFACE_CURVE('',#4276,(#4280,#4287),.PCURVE_S1.);
#4276 = LINE('',#4277,#4278);
#4277 = CARTESIAN_POINT('',(11.3515625,-1.384765625,3.));
#4278 = VECTOR('',#4279,1.);
#4279 = DIRECTION('',(-1.,0.,0.));
#4280 = PCURVE('',#126,#4281);
#4281 = DEFINITIONAL_REPRESENTATION('',(#4282),#4286);
#4282 = LINE('',#4283,#4284);
#4283 = CARTESIAN_POINT('',(41.3515625,13.615234375));
#4284 = VECTOR('',#4285,1.);
#4285 = DIRECTION('',(-1.,0.));
#4286 = ( GEOMETRIC_REPRESENTATION_CONTEXT(2) 
PARAMETRIC_REPRESENTATION_CONTEXT() REPRESENTATION_CONTEXT('2D SPACE',''
  ) );
#4287 = PCURVE('',#4288,#4293);
#4288 = PLANE('',#4289);
#4289 = AXIS2_PLACEMENT_3D('',#4290,#4291,#4292);
#4290 = CARTESIAN_POINT('',(11.3515625,-1.384765625,2.65));
#4291 = DIRECTION('',(0.,-1.,0.));
#4292 = DIRECTION('',(-1.,0.,0.));
#4293 = DEFINITIONAL_REPRESENTATION('',(#4294),#4298);
#4294 = LINE('',#4295,#4296);
#4295 = CARTESIAN_POINT('',(0.,-0.35));
#4296 = VECTOR('',#4297,1.);
#4297 = DIRECTION('',(1.,0.));
#4298 = ( GEOMETRIC_REPRESENTATION_CONTEXT(2) 
PARAMETRIC_REPRESENTATION_CONTEXT() REPRESENTATION_CONTEXT('2D SPACE',''
  ) );
#4299 = ORIENTED_EDGE('',*,*,#4300,.T.);
#4300 = EDGE_CURVE('',#4273,#4301,#4303,.T.);
#4301 = VERTEX_POINT('',#4302);
#4302 = CARTESIAN_POINT('',(10.95703125,1.53125,3.));
#4303 = SURFACE_CURVE('',#4304,(#4308,#4315),.PCURVE_S1.);
#4304 = LINE('',#4305,#4306);
#4305 = CARTESIAN_POINT('',(10.95703125,-1.384765625,3.));
#4306 = VECTOR('',#4307,1.);
#4307 = DIRECTION('',(0.,1.,0.));
#4308 = PCURVE('',#126,#4309);
#4309 = DEFINITIONAL_REPRESENTATION('',(#4310),#4314);
#4310 = LINE('',#4311,#4312);
#4311 = CARTESIAN_POINT('',(40.95703125,13.615234375));
#4312 = VECTOR('',#4313,1.);
#4313 = DIRECTION('',(0.,1.));
#4314 = ( GEOMETRIC_REPRESENTATION_CONTEXT(2) 
PARAMETRIC_REPRESENTATION_CONTEXT() REPRESENTATION_CONTEXT('2D SPACE',''
  ) );
#4315 = PCURVE('',#4316,#4321);
#4316 = PLANE('',#4317);
#4317 = AXIS2_PLACEMENT_3D('',#4318,#4319,#4320);
#4318 = CARTESIAN_POINT('',(10.95703125,-1.384765625,2.65));
#4319 = DIRECTION('',(-1.,0.,0.));
#4320 = DIRECTION('',(0.,1.,0.));
#4321 = DEFINITIONAL_REPRESENTATION('',(#4322),#4326);
#4322 = LINE('',#4323,#4324);
#4323 = CARTESIAN_POINT('',(0.,-0.35));
#4324 = VECTOR('',#4325,1.);
#4325 = DIRECTION('',(1.,0.));
#4326 = ( GEOMETRIC_REPRESENTATION_CONTEXT(2) 
PARAMETRIC_REPRESENTATION_CONTEXT() REPRESENTATION_CONTEXT('2D SPACE',''
  ) );
#4327 = ORIENTED_EDGE('',*,*,#4328,.T.);
#4328 = EDGE_CURVE('',#4301,#4329,#4331,.T.);
#4329 = VERTEX_POINT('',#4330);
#4330 = CARTESIAN_POINT('',(11.84765625,1.53125,3.));
#4331 = SURFACE_CURVE('',#4332,(#4336,#4343),.PCURVE_S1.);
#4332 = LINE('',#4333,#4334);
#4333 = CARTESIAN_POINT('',(10.95703125,1.53125,3.));
#4334 = VECTOR('',#4335,1.);
#4335 = DIRECTION('',(1.,0.,0.));
#4336 = PCURVE('',#126,#4337);
#4337 = DEFINITIONAL_REPRESENTATION('',(#4338),#4342);
#4338 = LINE('',#4339,#4340);
#4339 = CARTESIAN_POINT('',(40.95703125,16.53125));
#4340 = VECTOR('',#4341,1.);
#4341 = DIRECTION('',(1.,0.));
#4342 = ( GEOMETRIC_REPRESENTATION_CONTEXT(2) 
PARAMETRIC_REPRESENTATION_CONTEXT() REPRESENTATION_CONTEXT('2D SPACE',''
  ) );
#4343 = PCURVE('',#4344,#4349);
#4344 = PLANE('',#4345);
#4345 = AXIS2_PLACEMENT_3D('',#4346,#4347,#4348);
#4346 = CARTESIAN_POINT('',(10.95703125,1.53125,2.65));
#4347 = DIRECTION('',(0.,1.,0.));
#4348 = DIRECTION('',(1.,0.,0.));
#4349 = DEFINITIONAL_REPRESENTATION('',(#4350),#4354);
#4350 = LINE('',#4351,#4352);
#4351 = CARTESIAN_POINT('',(0.,-0.35));
#4352 = VECTOR('',#4353,1.);
#4353 = DIRECTION('',(1.,0.));
#4354 = ( GEOMETRIC_REPRESENTATION_CONTEXT(2) 
PARAMETRIC_REPRESENTATION_CONTEXT() REPRESENTATION_CONTEXT('2D SPACE',''
  ) );
#4355 = ORIENTED_EDGE('',*,*,#4356,.T.);
#4356 = EDGE_CURVE('',#4329,#4357,#4359,.T.);
#4357 = VERTEX_POINT('',#4358);
#4358 = CARTESIAN_POINT('',(12.59375,1.322265625,3.));
#4359 = SURFACE_CURVE('',#4360,(#4364,#4371),.PCURVE_S1.);
#4360 = B_SPLINE_CURVE_WITH_KNOTS('',2,(#4361,#4362,#4363),
  .UNSPECIFIED.,.F.,.F.,(3,3),(0.,1.),.PIECEWISE_BEZIER_KNOTS.);
#4361 = CARTESIAN_POINT('',(11.84765625,1.53125,3.));
#4362 = CARTESIAN_POINT('',(12.34765625,1.53125,3.));
#4363 = CARTESIAN_POINT('',(12.59375,1.322265625,3.));
#4364 = PCURVE('',#126,#4365);
#4365 = DEFINITIONAL_REPRESENTATION('',(#4366),#4370);
#4366 = B_SPLINE_CURVE_WITH_KNOTS('',2,(#4367,#4368,#4369),
  .UNSPECIFIED.,.F.,.F.,(3,3),(0.,1.),.PIECEWISE_BEZIER_KNOTS.);
#4367 = CARTESIAN_POINT('',(41.84765625,16.53125));
#4368 = CARTESIAN_POINT('',(42.34765625,16.53125));
#4369 = CARTESIAN_POINT('',(42.59375,16.322265625));
#4370 = ( GEOMETRIC_REPRESENTATION_CONTEXT(2) 
PARAMETRIC_REPRESENTATION_CONTEXT() REPRESENTATION_CONTEXT('2D SPACE',''
  ) );
#4371 = PCURVE('',#4372,#4379);
#4372 = SURFACE_OF_LINEAR_EXTRUSION('',#4373,#4377);
#4373 = B_SPLINE_CURVE_WITH_KNOTS('',2,(#4374,#4375,#4376),
  .UNSPECIFIED.,.F.,.F.,(3,3),(0.,1.),.PIECEWISE_BEZIER_KNOTS.);
#4374 = CARTESIAN_POINT('',(11.84765625,1.53125,2.65));
#4375 = CARTESIAN_POINT('',(12.34765625,1.53125,2.65));
#4376 = CARTESIAN_POINT('',(12.59375,1.322265625,2.65));
#4377 = VECTOR('',#4378,1.);
#4378 = DIRECTION('',(-0.,-0.,-1.));
#4379 = DEFINITIONAL_REPRESENTATION('',(#4380),#4384);
#4380 = LINE('',#4381,#4382);
#4381 = CARTESIAN_POINT('',(0.,-0.35));
#4382 = VECTOR('',#4383,1.);
#4383 = DIRECTION('',(1.,0.));
#4384 = ( GEOMETRIC_REPRESENTATION_CONTEXT(2) 
PARAMETRIC_REPRESENTATION_CONTEXT() REPRESENTATION_CONTEXT('2D SPACE',''
  ) );
#4385 = ORIENTED_EDGE('',*,*,#4386,.T.);
#4386 = EDGE_CURVE('',#4357,#4387,#4389,.T.);
#4387 = VERTEX_POINT('',#4388);
#4388 = CARTESIAN_POINT('',(12.83984375,0.69140625,3.));
#4389 = SURFACE_CURVE('',#4390,(#4394,#4401),.PCURVE_S1.);
#4390 = B_SPLINE_CURVE_WITH_KNOTS('',2,(#4391,#4392,#4393),
  .UNSPECIFIED.,.F.,.F.,(3,3),(0.,1.),.PIECEWISE_BEZIER_KNOTS.);
#4391 = CARTESIAN_POINT('',(12.59375,1.322265625,3.));
#4392 = CARTESIAN_POINT('',(12.83984375,1.11328125,3.));
#4393 = CARTESIAN_POINT('',(12.83984375,0.69140625,3.));
#4394 = PCURVE('',#126,#4395);
#4395 = DEFINITIONAL_REPRESENTATION('',(#4396),#4400);
#4396 = B_SPLINE_CURVE_WITH_KNOTS('',2,(#4397,#4398,#4399),
  .UNSPECIFIED.,.F.,.F.,(3,3),(0.,1.),.PIECEWISE_BEZIER_KNOTS.);
#4397 = CARTESIAN_POINT('',(42.59375,16.322265625));
#4398 = CARTESIAN_POINT('',(42.83984375,16.11328125));
#4399 = CARTESIAN_POINT('',(42.83984375,15.69140625));
#4400 = ( GEOMETRIC_REPRESENTATION_CONTEXT(2) 
PARAMETRIC_REPRESENTATION_CONTEXT() REPRESENTATION_CONTEXT('2D SPACE',''
  ) );
#4401 = PCURVE('',#4402,#4409);
#4402 = SURFACE_OF_LINEAR_EXTRUSION('',#4403,#4407);
#4403 = B_SPLINE_CURVE_WITH_KNOTS('',2,(#4404,#4405,#4406),
  .UNSPECIFIED.,.F.,.F.,(3,3),(0.,1.),.PIECEWISE_BEZIER_KNOTS.);
#4404 = CARTESIAN_POINT('',(12.59375,1.322265625,2.65));
#4405 = CARTESIAN_POINT('',(12.83984375,1.11328125,2.65));
#4406 = CARTESIAN_POINT('',(12.83984375,0.69140625,2.65));
#4407 = VECTOR('',#4408,1.);
#4408 = DIRECTION('',(-0.,-0.,-1.));
#4409 = DEFINITIONAL_REPRESENTATION('',(#4410),#4414);
#4410 = LINE('',#4411,#4412);
#4411 = CARTESIAN_POINT('',(0.,-0.35));
#4412 = VECTOR('',#4413,1.);
#4413 = DIRECTION('',(1.,0.));
#4414 = ( GEOMETRIC_REPRESENTATION_CONTEXT(2) 
PARAMETRIC_REPRESENTATION_CONTEXT() REPRESENTATION_CONTEXT('2D SPACE',''
  ) );
#4415 = ORIENTED_EDGE('',*,*,#4416,.T.);
#4416 = EDGE_CURVE('',#4387,#3981,#4417,.T.);
#4417 = SURFACE_CURVE('',#4418,(#4422,#4429),.PCURVE_S1.);
#4418 = B_SPLINE_CURVE_WITH_KNOTS('',2,(#4419,#4420,#4421),
  .UNSPECIFIED.,.F.,.F.,(3,3),(0.,1.),.PIECEWISE_BEZIER_KNOTS.);
#4419 = CARTESIAN_POINT('',(12.83984375,0.69140625,3.));
#4420 = CARTESIAN_POINT('',(12.83984375,0.416015625,3.));
#4421 = CARTESIAN_POINT('',(12.7119140625,0.234375,3.));
#4422 = PCURVE('',#126,#4423);
#4423 = DEFINITIONAL_REPRESENTATION('',(#4424),#4428);
#4424 = B_SPLINE_CURVE_WITH_KNOTS('',2,(#4425,#4426,#4427),
  .UNSPECIFIED.,.F.,.F.,(3,3),(0.,1.),.PIECEWISE_BEZIER_KNOTS.);
#4425 = CARTESIAN_POINT('',(42.83984375,15.69140625));
#4426 = CARTESIAN_POINT('',(42.83984375,15.416015625));
#4427 = CARTESIAN_POINT('',(42.7119140625,15.234375));
#4428 = ( GEOMETRIC_REPRESENTATION_CONTEXT(2) 
PARAMETRIC_REPRESENTATION_CONTEXT() REPRESENTATION_CONTEXT('2D SPACE',''
  ) );
#4429 = PCURVE('',#4430,#4437);
#4430 = SURFACE_OF_LINEAR_EXTRUSION('',#4431,#4435);
#4431 = B_SPLINE_CURVE_WITH_KNOTS('',2,(#4432,#4433,#4434),
  .UNSPECIFIED.,.F.,.F.,(3,3),(0.,1.),.PIECEWISE_BEZIER_KNOTS.);
#4432 = CARTESIAN_POINT('',(12.83984375,0.69140625,2.65));
#4433 = CARTESIAN_POINT('',(12.83984375,0.416015625,2.65));
#4434 = CARTESIAN_POINT('',(12.7119140625,0.234375,2.65));
#4435 = VECTOR('',#4436,1.);
#4436 = DIRECTION('',(-0.,-0.,-1.));
#4437 = DEFINITIONAL_REPRESENTATION('',(#4438),#4442);
#4438 = LINE('',#4439,#4440);
#4439 = CARTESIAN_POINT('',(0.,-0.35));
#4440 = VECTOR('',#4441,1.);
#4441 = DIRECTION('',(1.,0.));
#4442 = ( GEOMETRIC_REPRESENTATION_CONTEXT(2) 
PARAMETRIC_REPRESENTATION_CONTEXT() REPRESENTATION_CONTEXT('2D SPACE',''
  ) );
#4443 = FACE_BOUND('',#4444,.T.);
#4444 = EDGE_LOOP('',(#4445,#4475,#4503,#4531,#4559,#4587,#4615,#4643,
    #4671,#4699,#4727));
#4445 = ORIENTED_EDGE('',*,*,#4446,.T.);
#4446 = EDGE_CURVE('',#4447,#4449,#4451,.T.);
#4447 = VERTEX_POINT('',#4448);
#4448 = CARTESIAN_POINT('',(15.51953125,-1.384765625,3.));
#4449 = VERTEX_POINT('',#4450);
#4450 = CARTESIAN_POINT('',(13.83984375,-1.384765625,3.));
#4451 = SURFACE_CURVE('',#4452,(#4456,#4463),.PCURVE_S1.);
#4452 = LINE('',#4453,#4454);
#4453 = CARTESIAN_POINT('',(15.51953125,-1.384765625,3.));
#4454 = VECTOR('',#4455,1.);
#4455 = DIRECTION('',(-1.,0.,0.));
#4456 = PCURVE('',#126,#4457);
#4457 = DEFINITIONAL_REPRESENTATION('',(#4458),#4462);
#4458 = LINE('',#4459,#4460);
#4459 = CARTESIAN_POINT('',(45.51953125,13.615234375));
#4460 = VECTOR('',#4461,1.);
#4461 = DIRECTION('',(-1.,0.));
#4462 = ( GEOMETRIC_REPRESENTATION_CONTEXT(2) 
PARAMETRIC_REPRESENTATION_CONTEXT() REPRESENTATION_CONTEXT('2D SPACE',''
  ) );
#4463 = PCURVE('',#4464,#4469);
#4464 = PLANE('',#4465);
#4465 = AXIS2_PLACEMENT_3D('',#4466,#4467,#4468);
#4466 = CARTESIAN_POINT('',(15.51953125,-1.384765625,2.65));
#4467 = DIRECTION('',(0.,-1.,0.));
#4468 = DIRECTION('',(-1.,0.,0.));
#4469 = DEFINITIONAL_REPRESENTATION('',(#4470),#4474);
#4470 = LINE('',#4471,#4472);
#4471 = CARTESIAN_POINT('',(0.,-0.35));
#4472 = VECTOR('',#4473,1.);
#4473 = DIRECTION('',(1.,0.));
#4474 = ( GEOMETRIC_REPRESENTATION_CONTEXT(2) 
PARAMETRIC_REPRESENTATION_CONTEXT() REPRESENTATION_CONTEXT('2D SPACE',''
  ) );
#4475 = ORIENTED_EDGE('',*,*,#4476,.T.);
#4476 = EDGE_CURVE('',#4449,#4477,#4479,.T.);
#4477 = VERTEX_POINT('',#4478);
#4478 = CARTESIAN_POINT('',(13.83984375,-1.052734375,3.));
#4479 = SURFACE_CURVE('',#4480,(#4484,#4491),.PCURVE_S1.);
#4480 = LINE('',#4481,#4482);
#4481 = CARTESIAN_POINT('',(13.83984375,-1.384765625,3.));
#4482 = VECTOR('',#4483,1.);
#4483 = DIRECTION('',(0.,1.,0.));
#4484 = PCURVE('',#126,#4485);
#4485 = DEFINITIONAL_REPRESENTATION('',(#4486),#4490);
#4486 = LINE('',#4487,#4488);
#4487 = CARTESIAN_POINT('',(43.83984375,13.615234375));
#4488 = VECTOR('',#4489,1.);
#4489 = DIRECTION('',(0.,1.));
#4490 = ( GEOMETRIC_REPRESENTATION_CONTEXT(2) 
PARAMETRIC_REPRESENTATION_CONTEXT() REPRESENTATION_CONTEXT('2D SPACE',''
  ) );
#4491 = PCURVE('',#4492,#4497);
#4492 = PLANE('',#4493);
#4493 = AXIS2_PLACEMENT_3D('',#4494,#4495,#4496);
#4494 = CARTESIAN_POINT('',(13.83984375,-1.384765625,2.65));
#4495 = DIRECTION('',(-1.,0.,0.));
#4496 = DIRECTION('',(0.,1.,0.));
#4497 = DEFINITIONAL_REPRESENTATION('',(#4498),#4502);
#4498 = LINE('',#4499,#4500);
#4499 = CARTESIAN_POINT('',(0.,-0.35));
#4500 = VECTOR('',#4501,1.);
#4501 = DIRECTION('',(1.,0.));
#4502 = ( GEOMETRIC_REPRESENTATION_CONTEXT(2) 
PARAMETRIC_REPRESENTATION_CONTEXT() REPRESENTATION_CONTEXT('2D SPACE',''
  ) );
#4503 = ORIENTED_EDGE('',*,*,#4504,.T.);
#4504 = EDGE_CURVE('',#4477,#4505,#4507,.T.);
#4505 = VERTEX_POINT('',#4506);
#4506 = CARTESIAN_POINT('',(14.484375,-1.052734375,3.));
#4507 = SURFACE_CURVE('',#4508,(#4512,#4519),.PCURVE_S1.);
#4508 = LINE('',#4509,#4510);
#4509 = CARTESIAN_POINT('',(13.83984375,-1.052734375,3.));
#4510 = VECTOR('',#4511,1.);
#4511 = DIRECTION('',(1.,0.,0.));
#4512 = PCURVE('',#126,#4513);
#4513 = DEFINITIONAL_REPRESENTATION('',(#4514),#4518);
#4514 = LINE('',#4515,#4516);
#4515 = CARTESIAN_POINT('',(43.83984375,13.947265625));
#4516 = VECTOR('',#4517,1.);
#4517 = DIRECTION('',(1.,0.));
#4518 = ( GEOMETRIC_REPRESENTATION_CONTEXT(2) 
PARAMETRIC_REPRESENTATION_CONTEXT() REPRESENTATION_CONTEXT('2D SPACE',''
  ) );
#4519 = PCURVE('',#4520,#4525);
#4520 = PLANE('',#4521);
#4521 = AXIS2_PLACEMENT_3D('',#4522,#4523,#4524);
#4522 = CARTESIAN_POINT('',(13.83984375,-1.052734375,2.65));
#4523 = DIRECTION('',(0.,1.,0.));
#4524 = DIRECTION('',(1.,0.,0.));
#4525 = DEFINITIONAL_REPRESENTATION('',(#4526),#4530);
#4526 = LINE('',#4527,#4528);
#4527 = CARTESIAN_POINT('',(0.,-0.35));
#4528 = VECTOR('',#4529,1.);
#4529 = DIRECTION('',(1.,0.));
#4530 = ( GEOMETRIC_REPRESENTATION_CONTEXT(2) 
PARAMETRIC_REPRESENTATION_CONTEXT() REPRESENTATION_CONTEXT('2D SPACE',''
  ) );
#4531 = ORIENTED_EDGE('',*,*,#4532,.T.);
#4532 = EDGE_CURVE('',#4505,#4533,#4535,.T.);
#4533 = VERTEX_POINT('',#4534);
#4534 = CARTESIAN_POINT('',(14.484375,1.171875,3.));
#4535 = SURFACE_CURVE('',#4536,(#4540,#4547),.PCURVE_S1.);
#4536 = LINE('',#4537,#4538);
#4537 = CARTESIAN_POINT('',(14.484375,-1.052734375,3.));
#4538 = VECTOR('',#4539,1.);
#4539 = DIRECTION('',(0.,1.,0.));
#4540 = PCURVE('',#126,#4541);
#4541 = DEFINITIONAL_REPRESENTATION('',(#4542),#4546);
#4542 = LINE('',#4543,#4544);
#4543 = CARTESIAN_POINT('',(44.484375,13.947265625));
#4544 = VECTOR('',#4545,1.);
#4545 = DIRECTION('',(0.,1.));
#4546 = ( GEOMETRIC_REPRESENTATION_CONTEXT(2) 
PARAMETRIC_REPRESENTATION_CONTEXT() REPRESENTATION_CONTEXT('2D SPACE',''
  ) );
#4547 = PCURVE('',#4548,#4553);
#4548 = PLANE('',#4549);
#4549 = AXIS2_PLACEMENT_3D('',#4550,#4551,#4552);
#4550 = CARTESIAN_POINT('',(14.484375,-1.052734375,2.65));
#4551 = DIRECTION('',(-1.,0.,0.));
#4552 = DIRECTION('',(0.,1.,0.));
#4553 = DEFINITIONAL_REPRESENTATION('',(#4554),#4558);
#4554 = LINE('',#4555,#4556);
#4555 = CARTESIAN_POINT('',(0.,-0.35));
#4556 = VECTOR('',#4557,1.);
#4557 = DIRECTION('',(1.,0.));
#4558 = ( GEOMETRIC_REPRESENTATION_CONTEXT(2) 
PARAMETRIC_REPRESENTATION_CONTEXT() REPRESENTATION_CONTEXT('2D SPACE',''
  ) );
#4559 = ORIENTED_EDGE('',*,*,#4560,.T.);
#4560 = EDGE_CURVE('',#4533,#4561,#4563,.T.);
#4561 = VERTEX_POINT('',#4562);
#4562 = CARTESIAN_POINT('',(13.783203125,1.03125,3.));
#4563 = SURFACE_CURVE('',#4564,(#4568,#4575),.PCURVE_S1.);
#4564 = LINE('',#4565,#4566);
#4565 = CARTESIAN_POINT('',(14.484375,1.171875,3.));
#4566 = VECTOR('',#4567,1.);
#4567 = DIRECTION('',(-0.98047549159,-0.196641324219,0.));
#4568 = PCURVE('',#126,#4569);
#4569 = DEFINITIONAL_REPRESENTATION('',(#4570),#4574);
#4570 = LINE('',#4571,#4572);
#4571 = CARTESIAN_POINT('',(44.484375,16.171875));
#4572 = VECTOR('',#4573,1.);
#4573 = DIRECTION('',(-0.98047549159,-0.196641324219));
#4574 = ( GEOMETRIC_REPRESENTATION_CONTEXT(2) 
PARAMETRIC_REPRESENTATION_CONTEXT() REPRESENTATION_CONTEXT('2D SPACE',''
  ) );
#4575 = PCURVE('',#4576,#4581);
#4576 = PLANE('',#4577);
#4577 = AXIS2_PLACEMENT_3D('',#4578,#4579,#4580);
#4578 = CARTESIAN_POINT('',(14.484375,1.171875,2.65));
#4579 = DIRECTION('',(0.196641324219,-0.98047549159,0.));
#4580 = DIRECTION('',(-0.98047549159,-0.196641324219,0.));
#4581 = DEFINITIONAL_REPRESENTATION('',(#4582),#4586);
#4582 = LINE('',#4583,#4584);
#4583 = CARTESIAN_POINT('',(0.,-0.35));
#4584 = VECTOR('',#4585,1.);
#4585 = DIRECTION('',(1.,0.));
#4586 = ( GEOMETRIC_REPRESENTATION_CONTEXT(2) 
PARAMETRIC_REPRESENTATION_CONTEXT() REPRESENTATION_CONTEXT('2D SPACE',''
  ) );
#4587 = ORIENTED_EDGE('',*,*,#4588,.T.);
#4588 = EDGE_CURVE('',#4561,#4589,#4591,.T.);
#4589 = VERTEX_POINT('',#4590);
#4590 = CARTESIAN_POINT('',(13.783203125,1.390625,3.));
#4591 = SURFACE_CURVE('',#4592,(#4596,#4603),.PCURVE_S1.);
#4592 = LINE('',#4593,#4594);
#4593 = CARTESIAN_POINT('',(13.783203125,1.03125,3.));
#4594 = VECTOR('',#4595,1.);
#4595 = DIRECTION('',(0.,1.,0.));
#4596 = PCURVE('',#126,#4597);
#4597 = DEFINITIONAL_REPRESENTATION('',(#4598),#4602);
#4598 = LINE('',#4599,#4600);
#4599 = CARTESIAN_POINT('',(43.783203125,16.03125));
#4600 = VECTOR('',#4601,1.);
#4601 = DIRECTION('',(0.,1.));
#4602 = ( GEOMETRIC_REPRESENTATION_CONTEXT(2) 
PARAMETRIC_REPRESENTATION_CONTEXT() REPRESENTATION_CONTEXT('2D SPACE',''
  ) );
#4603 = PCURVE('',#4604,#4609);
#4604 = PLANE('',#4605);
#4605 = AXIS2_PLACEMENT_3D('',#4606,#4607,#4608);
#4606 = CARTESIAN_POINT('',(13.783203125,1.03125,2.65));
#4607 = DIRECTION('',(-1.,0.,0.));
#4608 = DIRECTION('',(0.,1.,0.));
#4609 = DEFINITIONAL_REPRESENTATION('',(#4610),#4614);
#4610 = LINE('',#4611,#4612);
#4611 = CARTESIAN_POINT('',(0.,-0.35));
#4612 = VECTOR('',#4613,1.);
#4613 = DIRECTION('',(1.,0.));
#4614 = ( GEOMETRIC_REPRESENTATION_CONTEXT(2) 
PARAMETRIC_REPRESENTATION_CONTEXT() REPRESENTATION_CONTEXT('2D SPACE',''
  ) );
#4615 = ORIENTED_EDGE('',*,*,#4616,.T.);
#4616 = EDGE_CURVE('',#4589,#4617,#4619,.T.);
#4617 = VERTEX_POINT('',#4618);
#4618 = CARTESIAN_POINT('',(14.48046875,1.53125,3.));
#4619 = SURFACE_CURVE('',#4620,(#4624,#4631),.PCURVE_S1.);
#4620 = LINE('',#4621,#4622);
#4621 = CARTESIAN_POINT('',(13.783203125,1.390625,3.));
#4622 = VECTOR('',#4623,1.);
#4623 = DIRECTION('',(0.980262569154,0.197700013947,0.));
#4624 = PCURVE('',#126,#4625);
#4625 = DEFINITIONAL_REPRESENTATION('',(#4626),#4630);
#4626 = LINE('',#4627,#4628);
#4627 = CARTESIAN_POINT('',(43.783203125,16.390625));
#4628 = VECTOR('',#4629,1.);
#4629 = DIRECTION('',(0.980262569154,0.197700013947));
#4630 = ( GEOMETRIC_REPRESENTATION_CONTEXT(2) 
PARAMETRIC_REPRESENTATION_CONTEXT() REPRESENTATION_CONTEXT('2D SPACE',''
  ) );
#4631 = PCURVE('',#4632,#4637);
#4632 = PLANE('',#4633);
#4633 = AXIS2_PLACEMENT_3D('',#4634,#4635,#4636);
#4634 = CARTESIAN_POINT('',(13.783203125,1.390625,2.65));
#4635 = DIRECTION('',(-0.197700013947,0.980262569154,0.));
#4636 = DIRECTION('',(0.980262569154,0.197700013947,0.));
#4637 = DEFINITIONAL_REPRESENTATION('',(#4638),#4642);
#4638 = LINE('',#4639,#4640);
#4639 = CARTESIAN_POINT('',(0.,-0.35));
#4640 = VECTOR('',#4641,1.);
#4641 = DIRECTION('',(1.,0.));
#4642 = ( GEOMETRIC_REPRESENTATION_CONTEXT(2) 
PARAMETRIC_REPRESENTATION_CONTEXT() REPRESENTATION_CONTEXT('2D SPACE',''
  ) );
#4643 = ORIENTED_EDGE('',*,*,#4644,.T.);
#4644 = EDGE_CURVE('',#4617,#4645,#4647,.T.);
#4645 = VERTEX_POINT('',#4646);
#4646 = CARTESIAN_POINT('',(14.875,1.53125,3.));
#4647 = SURFACE_CURVE('',#4648,(#4652,#4659),.PCURVE_S1.);
#4648 = LINE('',#4649,#4650);
#4649 = CARTESIAN_POINT('',(14.48046875,1.53125,3.));
#4650 = VECTOR('',#4651,1.);
#4651 = DIRECTION('',(1.,0.,0.));
#4652 = PCURVE('',#126,#4653);
#4653 = DEFINITIONAL_REPRESENTATION('',(#4654),#4658);
#4654 = LINE('',#4655,#4656);
#4655 = CARTESIAN_POINT('',(44.48046875,16.53125));
#4656 = VECTOR('',#4657,1.);
#4657 = DIRECTION('',(1.,0.));
#4658 = ( GEOMETRIC_REPRESENTATION_CONTEXT(2) 
PARAMETRIC_REPRESENTATION_CONTEXT() REPRESENTATION_CONTEXT('2D SPACE',''
  ) );
#4659 = PCURVE('',#4660,#4665);
#4660 = PLANE('',#4661);
#4661 = AXIS2_PLACEMENT_3D('',#4662,#4663,#4664);
#4662 = CARTESIAN_POINT('',(14.48046875,1.53125,2.65));
#4663 = DIRECTION('',(0.,1.,0.));
#4664 = DIRECTION('',(1.,0.,0.));
#4665 = DEFINITIONAL_REPRESENTATION('',(#4666),#4670);
#4666 = LINE('',#4667,#4668);
#4667 = CARTESIAN_POINT('',(0.,-0.35));
#4668 = VECTOR('',#4669,1.);
#4669 = DIRECTION('',(1.,0.));
#4670 = ( GEOMETRIC_REPRESENTATION_CONTEXT(2) 
PARAMETRIC_REPRESENTATION_CONTEXT() REPRESENTATION_CONTEXT('2D SPACE',''
  ) );
#4671 = ORIENTED_EDGE('',*,*,#4672,.T.);
#4672 = EDGE_CURVE('',#4645,#4673,#4675,.T.);
#4673 = VERTEX_POINT('',#4674);
#4674 = CARTESIAN_POINT('',(14.875,-1.052734375,3.));
#4675 = SURFACE_CURVE('',#4676,(#4680,#4687),.PCURVE_S1.);
#4676 = LINE('',#4677,#4678);
#4677 = CARTESIAN_POINT('',(14.875,1.53125,3.));
#4678 = VECTOR('',#4679,1.);
#4679 = DIRECTION('',(0.,-1.,0.));
#4680 = PCURVE('',#126,#4681);
#4681 = DEFINITIONAL_REPRESENTATION('',(#4682),#4686);
#4682 = LINE('',#4683,#4684);
#4683 = CARTESIAN_POINT('',(44.875,16.53125));
#4684 = VECTOR('',#4685,1.);
#4685 = DIRECTION('',(0.,-1.));
#4686 = ( GEOMETRIC_REPRESENTATION_CONTEXT(2) 
PARAMETRIC_REPRESENTATION_CONTEXT() REPRESENTATION_CONTEXT('2D SPACE',''
  ) );
#4687 = PCURVE('',#4688,#4693);
#4688 = PLANE('',#4689);
#4689 = AXIS2_PLACEMENT_3D('',#4690,#4691,#4692);
#4690 = CARTESIAN_POINT('',(14.875,1.53125,2.65));
#4691 = DIRECTION('',(1.,0.,0.));
#4692 = DIRECTION('',(0.,-1.,0.));
#4693 = DEFINITIONAL_REPRESENTATION('',(#4694),#4698);
#4694 = LINE('',#4695,#4696);
#4695 = CARTESIAN_POINT('',(0.,-0.35));
#4696 = VECTOR('',#4697,1.);
#4697 = DIRECTION('',(1.,0.));
#4698 = ( GEOMETRIC_REPRESENTATION_CONTEXT(2) 
PARAMETRIC_REPRESENTATION_CONTEXT() REPRESENTATION_CONTEXT('2D SPACE',''
  ) );
#4699 = ORIENTED_EDGE('',*,*,#4700,.T.);
#4700 = EDGE_CURVE('',#4673,#4701,#4703,.T.);
#4701 = VERTEX_POINT('',#4702);
#4702 = CARTESIAN_POINT('',(15.51953125,-1.052734375,3.));
#4703 = SURFACE_CURVE('',#4704,(#4708,#4715),.PCURVE_S1.);
#4704 = LINE('',#4705,#4706);
#4705 = CARTESIAN_POINT('',(14.875,-1.052734375,3.));
#4706 = VECTOR('',#4707,1.);
#4707 = DIRECTION('',(1.,0.,0.));
#4708 = PCURVE('',#126,#4709);
#4709 = DEFINITIONAL_REPRESENTATION('',(#4710),#4714);
#4710 = LINE('',#4711,#4712);
#4711 = CARTESIAN_POINT('',(44.875,13.947265625));
#4712 = VECTOR('',#4713,1.);
#4713 = DIRECTION('',(1.,0.));
#4714 = ( GEOMETRIC_REPRESENTATION_CONTEXT(2) 
PARAMETRIC_REPRESENTATION_CONTEXT() REPRESENTATION_CONTEXT('2D SPACE',''
  ) );
#4715 = PCURVE('',#4716,#4721);
#4716 = PLANE('',#4717);
#4717 = AXIS2_PLACEMENT_3D('',#4718,#4719,#4720);
#4718 = CARTESIAN_POINT('',(14.875,-1.052734375,2.65));
#4719 = DIRECTION('',(0.,1.,0.));
#4720 = DIRECTION('',(1.,0.,0.));
#4721 = DEFINITIONAL_REPRESENTATION('',(#4722),#4726);
#4722 = LINE('',#4723,#4724);
#4723 = CARTESIAN_POINT('',(0.,-0.35));
#4724 = VECTOR('',#4725,1.);
#4725 = DIRECTION('',(1.,0.));
#4726 = ( GEOMETRIC_REPRESENTATION_CONTEXT(2) 
PARAMETRIC_REPRESENTATION_CONTEXT() REPRESENTATION_CONTEXT('2D SPACE',''
  ) );
#4727 = ORIENTED_EDGE('',*,*,#4728,.T.);
#4728 = EDGE_CURVE('',#4701,#4447,#4729,.T.);
#4729 = SURFACE_CURVE('',#4730,(#4734,#4741),.PCURVE_S1.);
#4730 = LINE('',#4731,#4732);
#4731 = CARTESIAN_POINT('',(15.51953125,-1.052734375,3.));
#4732 = VECTOR('',#4733,1.);
#4733 = DIRECTION('',(0.,-1.,0.));
#4734 = PCURVE('',#126,#4735);
#4735 = DEFINITIONAL_REPRESENTATION('',(#4736),#4740);
#4736 = LINE('',#4737,#4738);
#4737 = CARTESIAN_POINT('',(45.51953125,13.947265625));
#4738 = VECTOR('',#4739,1.);
#4739 = DIRECTION('',(0.,-1.));
#4740 = ( GEOMETRIC_REPRESENTATION_CONTEXT(2) 
PARAMETRIC_REPRESENTATION_CONTEXT() REPRESENTATION_CONTEXT('2D SPACE',''
  ) );
#4741 = PCURVE('',#4742,#4747);
#4742 = PLANE('',#4743);
#4743 = AXIS2_PLACEMENT_3D('',#4744,#4745,#4746);
#4744 = CARTESIAN_POINT('',(15.51953125,-1.052734375,2.65));
#4745 = DIRECTION('',(1.,0.,0.));
#4746 = DIRECTION('',(0.,-1.,0.));
#4747 = DEFINITIONAL_REPRESENTATION('',(#4748),#4752);
#4748 = LINE('',#4749,#4750);
#4749 = CARTESIAN_POINT('',(0.,-0.35));
#4750 = VECTOR('',#4751,1.);
#4751 = DIRECTION('',(1.,0.));
#4752 = ( GEOMETRIC_REPRESENTATION_CONTEXT(2) 
PARAMETRIC_REPRESENTATION_CONTEXT() REPRESENTATION_CONTEXT('2D SPACE',''
  ) );
#4753 = FACE_BOUND('',#4754,.T.);
#4754 = EDGE_LOOP('',(#4755));
#4755 = ORIENTED_EDGE('',*,*,#4756,.T.);
#4756 = EDGE_CURVE('',#4757,#4757,#4759,.T.);
#4757 = VERTEX_POINT('',#4758);
#4758 = CARTESIAN_POINT('',(22.3,10.,3.));
#4759 = SURFACE_CURVE('',#4760,(#4765,#4776),.PCURVE_S1.);
#4760 = CIRCLE('',#4761,1.7);
#4761 = AXIS2_PLACEMENT_3D('',#4762,#4763,#4764);
#4762 = CARTESIAN_POINT('',(24.,10.,3.));
#4763 = DIRECTION('',(0.,0.,-1.));
#4764 = DIRECTION('',(-1.,0.,0.));
#4765 = PCURVE('',#126,#4766);
#4766 = DEFINITIONAL_REPRESENTATION('',(#4767),#4775);
#4767 = ( BOUNDED_CURVE() B_SPLINE_CURVE(2,(#4768,#4769,#4770,#4771,
#4772,#4773,#4774),.UNSPECIFIED.,.T.,.F.) B_SPLINE_CURVE_WITH_KNOTS((1,2
    ,2,2,2,1),(-2.094395102393,0.,2.094395102393,4.188790204786,
6.28318530718,8.377580409573),.UNSPECIFIED.) CURVE() 
GEOMETRIC_REPRESENTATION_ITEM() RATIONAL_B_SPLINE_CURVE((1.,0.5,1.,0.5,
1.,0.5,1.)) REPRESENTATION_ITEM('') );
#4768 = CARTESIAN_POINT('',(52.3,25.));
#4769 = CARTESIAN_POINT('',(52.3,27.944486372867));
#4770 = CARTESIAN_POINT('',(54.85,26.472243186434));
#4771 = CARTESIAN_POINT('',(57.4,25.));
#4772 = CARTESIAN_POINT('',(54.85,23.527756813566));
#4773 = CARTESIAN_POINT('',(52.3,22.055513627133));
#4774 = CARTESIAN_POINT('',(52.3,25.));
#4775 = ( GEOMETRIC_REPRESENTATION_CONTEXT(2) 
PARAMETRIC_REPRESENTATION_CONTEXT() REPRESENTATION_CONTEXT('2D SPACE',''
  ) );
#4776 = PCURVE('',#4777,#4782);
#4777 = CYLINDRICAL_SURFACE('',#4778,1.7);
#4778 = AXIS2_PLACEMENT_3D('',#4779,#4780,#4781);
#4779 = CARTESIAN_POINT('',(24.,10.,3.));
#4780 = DIRECTION('',(0.,0.,-1.));
#4781 = DIRECTION('',(-1.,0.,0.));
#4782 = DEFINITIONAL_REPRESENTATION('',(#4783),#4787);
#4783 = LINE('',#4784,#4785);
#4784 = CARTESIAN_POINT('',(0.,0.));
#4785 = VECTOR('',#4786,1.);
#4786 = DIRECTION('',(1.,0.));
#4787 = ( GEOMETRIC_REPRESENTATION_CONTEXT(2) 
PARAMETRIC_REPRESENTATION_CONTEXT() REPRESENTATION_CONTEXT('2D SPACE',''
  ) );
#4788 = ADVANCED_FACE('',(#4789),#100,.T.);
#4789 = FACE_BOUND('',#4790,.T.);
#4790 = EDGE_LOOP('',(#4791,#4814,#4815,#4816));
#4791 = ORIENTED_EDGE('',*,*,#4792,.F.);
#4792 = EDGE_CURVE('',#57,#4793,#4795,.T.);
#4793 = VERTEX_POINT('',#4794);
#4794 = CARTESIAN_POINT('',(30.,15.,0.));
#4795 = SURFACE_CURVE('',#4796,(#4800,#4807),.PCURVE_S1.);
#4796 = LINE('',#4797,#4798);
#4797 = CARTESIAN_POINT('',(-30.,15.,0.));
#4798 = VECTOR('',#4799,1.);
#4799 = DIRECTION('',(1.,0.,0.));
#4800 = PCURVE('',#100,#4801);
#4801 = DEFINITIONAL_REPRESENTATION('',(#4802),#4806);
#4802 = LINE('',#4803,#4804);
#4803 = CARTESIAN_POINT('',(0.,0.));
#4804 = VECTOR('',#4805,1.);
#4805 = DIRECTION('',(0.,1.));
#4806 = ( GEOMETRIC_REPRESENTATION_CONTEXT(2) 
PARAMETRIC_REPRESENTATION_CONTEXT() REPRESENTATION_CONTEXT('2D SPACE',''
  ) );
#4807 = PCURVE('',#72,#4808);
#4808 = DEFINITIONAL_REPRESENTATION('',(#4809),#4813);
#4809 = LINE('',#4810,#4811);
#4810 = CARTESIAN_POINT('',(0.,30.));
#4811 = VECTOR('',#4812,1.);
#4812 = DIRECTION('',(1.,0.));
#4813 = ( GEOMETRIC_REPRESENTATION_CONTEXT(2) 
PARAMETRIC_REPRESENTATION_CONTEXT() REPRESENTATION_CONTEXT('2D SPACE',''
  ) );
#4814 = ORIENTED_EDGE('',*,*,#84,.T.);
#4815 = ORIENTED_EDGE('',*,*,#242,.T.);
#4816 = ORIENTED_EDGE('',*,*,#4817,.F.);
#4817 = EDGE_CURVE('',#4793,#220,#4818,.T.);
#4818 = SURFACE_CURVE('',#4819,(#4823,#4830),.PCURVE_S1.);
#4819 = LINE('',#4820,#4821);
#4820 = CARTESIAN_POINT('',(30.,15.,0.));
#4821 = VECTOR('',#4822,1.);
#4822 = DIRECTION('',(0.,0.,1.));
#4823 = PCURVE('',#100,#4824);
#4824 = DEFINITIONAL_REPRESENTATION('',(#4825),#4829);
#4825 = LINE('',#4826,#4827);
#4826 = CARTESIAN_POINT('',(0.,60.));
#4827 = VECTOR('',#4828,1.);
#4828 = DIRECTION('',(1.,0.));
#4829 = ( GEOMETRIC_REPRESENTATION_CONTEXT(2) 
PARAMETRIC_REPRESENTATION_CONTEXT() REPRESENTATION_CONTEXT('2D SPACE',''
  ) );
#4830 = PCURVE('',#202,#4831);
#4831 = DEFINITIONAL_REPRESENTATION('',(#4832),#4836);
#4832 = LINE('',#4833,#4834);
#4833 = CARTESIAN_POINT('',(0.,-30.));
#4834 = VECTOR('',#4835,1.);
#4835 = DIRECTION('',(1.,0.));
#4836 = ( GEOMETRIC_REPRESENTATION_CONTEXT(2) 
PARAMETRIC_REPRESENTATION_CONTEXT() REPRESENTATION_CONTEXT('2D SPACE',''
  ) );
#4837 = ADVANCED_FACE('',(#4838,#4864,#4894,#4924,#4954),#72,.F.);
#4838 = FACE_BOUND('',#4839,.F.);
#4839 = EDGE_LOOP('',(#4840,#4841,#4842,#4863));
#4840 = ORIENTED_EDGE('',*,*,#56,.F.);
#4841 = ORIENTED_EDGE('',*,*,#141,.T.);
#4842 = ORIENTED_EDGE('',*,*,#4843,.T.);
#4843 = EDGE_CURVE('',#142,#4793,#4844,.T.);
#4844 = SURFACE_CURVE('',#4845,(#4849,#4856),.PCURVE_S1.);
#4845 = LINE('',#4846,#4847);
#4846 = CARTESIAN_POINT('',(30.,-15.,0.));
#4847 = VECTOR('',#4848,1.);
#4848 = DIRECTION('',(0.,1.,0.));
#4849 = PCURVE('',#72,#4850);
#4850 = DEFINITIONAL_REPRESENTATION('',(#4851),#4855);
#4851 = LINE('',#4852,#4853);
#4852 = CARTESIAN_POINT('',(60.,0.));
#4853 = VECTOR('',#4854,1.);
#4854 = DIRECTION('',(0.,1.));
#4855 = ( GEOMETRIC_REPRESENTATION_CONTEXT(2) 
PARAMETRIC_REPRESENTATION_CONTEXT() REPRESENTATION_CONTEXT('2D SPACE',''
  ) );
#4856 = PCURVE('',#202,#4857);
#4857 = DEFINITIONAL_REPRESENTATION('',(#4858),#4862);
#4858 = LINE('',#4859,#4860);
#4859 = CARTESIAN_POINT('',(0.,0.));
#4860 = VECTOR('',#4861,1.);
#4861 = DIRECTION('',(0.,-1.));
#4862 = ( GEOMETRIC_REPRESENTATION_CONTEXT(2) 
PARAMETRIC_REPRESENTATION_CONTEXT() REPRESENTATION_CONTEXT('2D SPACE',''
  ) );
#4863 = ORIENTED_EDGE('',*,*,#4792,.F.);
#4864 = FACE_BOUND('',#4865,.F.);
#4865 = EDGE_LOOP('',(#4866));
#4866 = ORIENTED_EDGE('',*,*,#4867,.T.);
#4867 = EDGE_CURVE('',#4868,#4868,#4870,.T.);
#4868 = VERTEX_POINT('',#4869);
#4869 = CARTESIAN_POINT('',(-25.7,-10.,0.));
#4870 = SURFACE_CURVE('',#4871,(#4876,#4887),.PCURVE_S1.);
#4871 = CIRCLE('',#4872,1.7);
#4872 = AXIS2_PLACEMENT_3D('',#4873,#4874,#4875);
#4873 = CARTESIAN_POINT('',(-24.,-10.,0.));
#4874 = DIRECTION('',(0.,0.,-1.));
#4875 = DIRECTION('',(-1.,0.,0.));
#4876 = PCURVE('',#72,#4877);
#4877 = DEFINITIONAL_REPRESENTATION('',(#4878),#4886);
#4878 = ( BOUNDED_CURVE() B_SPLINE_CURVE(2,(#4879,#4880,#4881,#4882,
#4883,#4884,#4885),.UNSPECIFIED.,.T.,.F.) B_SPLINE_CURVE_WITH_KNOTS((1,2
    ,2,2,2,1),(-2.094395102393,0.,2.094395102393,4.188790204786,
6.28318530718,8.377580409573),.UNSPECIFIED.) CURVE() 
GEOMETRIC_REPRESENTATION_ITEM() RATIONAL_B_SPLINE_CURVE((1.,0.5,1.,0.5,
1.,0.5,1.)) REPRESENTATION_ITEM('') );
#4879 = CARTESIAN_POINT('',(4.3,5.));
#4880 = CARTESIAN_POINT('',(4.3,7.944486372867));
#4881 = CARTESIAN_POINT('',(6.85,6.472243186434));
#4882 = CARTESIAN_POINT('',(9.4,5.));
#4883 = CARTESIAN_POINT('',(6.85,3.527756813566));
#4884 = CARTESIAN_POINT('',(4.3,2.055513627133));
#4885 = CARTESIAN_POINT('',(4.3,5.));
#4886 = ( GEOMETRIC_REPRESENTATION_CONTEXT(2) 
PARAMETRIC_REPRESENTATION_CONTEXT() REPRESENTATION_CONTEXT('2D SPACE',''
  ) );
#4887 = PCURVE('',#286,#4888);
#4888 = DEFINITIONAL_REPRESENTATION('',(#4889),#4893);
#4889 = LINE('',#4890,#4891);
#4890 = CARTESIAN_POINT('',(0.,3.));
#4891 = VECTOR('',#4892,1.);
#4892 = DIRECTION('',(1.,0.));
#4893 = ( GEOMETRIC_REPRESENTATION_CONTEXT(2) 
PARAMETRIC_REPRESENTATION_CONTEXT() REPRESENTATION_CONTEXT('2D SPACE',''
  ) );
#4894 = FACE_BOUND('',#4895,.F.);
#4895 = EDGE_LOOP('',(#4896));
#4896 = ORIENTED_EDGE('',*,*,#4897,.T.);
#4897 = EDGE_CURVE('',#4898,#4898,#4900,.T.);
#4898 = VERTEX_POINT('',#4899);
#4899 = CARTESIAN_POINT('',(22.3,-10.,0.));
#4900 = SURFACE_CURVE('',#4901,(#4906,#4917),.PCURVE_S1.);
#4901 = CIRCLE('',#4902,1.7);
#4902 = AXIS2_PLACEMENT_3D('',#4903,#4904,#4905);
#4903 = CARTESIAN_POINT('',(24.,-10.,0.));
#4904 = DIRECTION('',(0.,0.,-1.));
#4905 = DIRECTION('',(-1.,0.,0.));
#4906 = PCURVE('',#72,#4907);
#4907 = DEFINITIONAL_REPRESENTATION('',(#4908),#4916);
#4908 = ( BOUNDED_CURVE() B_SPLINE_CURVE(2,(#4909,#4910,#4911,#4912,
#4913,#4914,#4915),.UNSPECIFIED.,.T.,.F.) B_SPLINE_CURVE_WITH_KNOTS((1,2
    ,2,2,2,1),(-2.094395102393,0.,2.094395102393,4.188790204786,
6.28318530718,8.377580409573),.UNSPECIFIED.) CURVE() 
GEOMETRIC_REPRESENTATION_ITEM() RATIONAL_B_SPLINE_CURVE((1.,0.5,1.,0.5,
1.,0.5,1.)) REPRESENTATION_ITEM('') );
#4909 = CARTESIAN_POINT('',(52.3,5.));
#4910 = CARTESIAN_POINT('',(52.3,7.944486372867));
#4911 = CARTESIAN_POINT('',(54.85,6.472243186434));
#4912 = CARTESIAN_POINT('',(57.4,5.));
#4913 = CARTESIAN_POINT('',(54.85,3.527756813566));
#4914 = CARTESIAN_POINT('',(52.3,2.055513627133));
#4915 = CARTESIAN_POINT('',(52.3,5.));
#4916 = ( GEOMETRIC_REPRESENTATION_CONTEXT(2) 
PARAMETRIC_REPRESENTATION_CONTEXT() REPRESENTATION_CONTEXT('2D SPACE',''
  ) );
#4917 = PCURVE('',#321,#4918);
#4918 = DEFINITIONAL_REPRESENTATION('',(#4919),#4923);
#4919 = LINE('',#4920,#4921);
#4920 = CARTESIAN_POINT('',(0.,3.));
#4921 = VECTOR('',#4922,1.);
#4922 = DIRECTION('',(1.,0.));
#4923 = ( GEOMETRIC_REPRESENTATION_CONTEXT(2) 
PARAMETRIC_REPRESENTATION_CONTEXT() REPRESENTATION_CONTEXT('2D SPACE',''
  ) );
#4924 = FACE_BOUND('',#4925,.F.);
#4925 = EDGE_LOOP('',(#4926));
#4926 = ORIENTED_EDGE('',*,*,#4927,.T.);
#4927 = EDGE_CURVE('',#4928,#4928,#4930,.T.);
#4928 = VERTEX_POINT('',#4929);
#4929 = CARTESIAN_POINT('',(-25.7,10.,0.));
#4930 = SURFACE_CURVE('',#4931,(#4936,#4947),.PCURVE_S1.);
#4931 = CIRCLE('',#4932,1.7);
#4932 = AXIS2_PLACEMENT_3D('',#4933,#4934,#4935);
#4933 = CARTESIAN_POINT('',(-24.,10.,0.));
#4934 = DIRECTION('',(0.,0.,-1.));
#4935 = DIRECTION('',(-1.,0.,0.));
#4936 = PCURVE('',#72,#4937);
#4937 = DEFINITIONAL_REPRESENTATION('',(#4938),#4946);
#4938 = ( BOUNDED_CURVE() B_SPLINE_CURVE(2,(#4939,#4940,#4941,#4942,
#4943,#4944,#4945),.UNSPECIFIED.,.T.,.F.) B_SPLINE_CURVE_WITH_KNOTS((1,2
    ,2,2,2,1),(-2.094395102393,0.,2.094395102393,4.188790204786,
6.28318530718,8.377580409573),.UNSPECIFIED.) CURVE() 
GEOMETRIC_REPRESENTATION_ITEM() RATIONAL_B_SPLINE_CURVE((1.,0.5,1.,0.5,
1.,0.5,1.)) REPRESENTATION_ITEM('') );
#4939 = CARTESIAN_POINT('',(4.3,25.));
#4940 = CARTESIAN_POINT('',(4.3,27.944486372867));
#4941 = CARTESIAN_POINT('',(6.85,26.472243186434));
#4942 = CARTESIAN_POINT('',(9.4,25.));
#4943 = CARTESIAN_POINT('',(6.85,23.527756813566));
#4944 = CARTESIAN_POINT('',(4.3,22.055513627133));
#4945 = CARTESIAN_POINT('',(4.3,25.));
#4946 = ( GEOMETRIC_REPRESENTATION_CONTEXT(2) 
PARAMETRIC_REPRESENTATION_CONTEXT() REPRESENTATION_CONTEXT('2D SPACE',''
  ) );
#4947 = PCURVE('',#2940,#4948);
#4948 = DEFINITIONAL_REPRESENTATION('',(#4949),#4953);
#4949 = LINE('',#4950,#4951);
#4950 = CARTESIAN_POINT('',(0.,3.));
#4951 = VECTOR('',#4952,1.);
#4952 = DIRECTION('',(1.,0.));
#4953 = ( GEOMETRIC_REPRESENTATION_CONTEXT(2) 
PARAMETRIC_REPRESENTATION_CONTEXT() REPRESENTATION_CONTEXT('2D SPACE',''
  ) );
#4954 = FACE_BOUND('',#4955,.F.);
#4955 = EDGE_LOOP('',(#4956));
#4956 = ORIENTED_EDGE('',*,*,#4957,.T.);
#4957 = EDGE_CURVE('',#4958,#4958,#4960,.T.);
#4958 = VERTEX_POINT('',#4959);
#4959 = CARTESIAN_POINT('',(22.3,10.,0.));
#4960 = SURFACE_CURVE('',#4961,(#4966,#4977),.PCURVE_S1.);
#4961 = CIRCLE('',#4962,1.7);
#4962 = AXIS2_PLACEMENT_3D('',#4963,#4964,#4965);
#4963 = CARTESIAN_POINT('',(24.,10.,0.));
#4964 = DIRECTION('',(0.,0.,-1.));
#4965 = DIRECTION('',(-1.,0.,0.));
#4966 = PCURVE('',#72,#4967);
#4967 = DEFINITIONAL_REPRESENTATION('',(#4968),#4976);
#4968 = ( BOUNDED_CURVE() B_SPLINE_CURVE(2,(#4969,#4970,#4971,#4972,
#4973,#4974,#4975),.UNSPECIFIED.,.T.,.F.) B_SPLINE_CURVE_WITH_KNOTS((1,2
    ,2,2,2,1),(-2.094395102393,0.,2.094395102393,4.188790204786,
6.28318530718,8.377580409573),.UNSPECIFIED.) CURVE() 
GEOMETRIC_REPRESENTATION_ITEM() RATIONAL_B_SPLINE_CURVE((1.,0.5,1.,0.5,
1.,0.5,1.)) REPRESENTATION_ITEM('') );
#4969 = CARTESIAN_POINT('',(52.3,25.));
#4970 = CARTESIAN_POINT('',(52.3,27.944486372867));
#4971 = CARTESIAN_POINT('',(54.85,26.472243186434));
#4972 = CARTESIAN_POINT('',(57.4,25.));
#4973 = CARTESIAN_POINT('',(54.85,23.527756813566));
#4974 = CARTESIAN_POINT('',(52.3,22.055513627133));
#4975 = CARTESIAN_POINT('',(52.3,25.));
#4976 = ( GEOMETRIC_REPRESENTATION_CONTEXT(2) 
PARAMETRIC_REPRESENTATION_CONTEXT() REPRESENTATION_CONTEXT('2D SPACE',''
  ) );
#4977 = PCURVE('',#4777,#4978);
#4978 = DEFINITIONAL_REPRESENTATION('',(#4979),#4983);
#4979 = LINE('',#4980,#4981);
#4980 = CARTESIAN_POINT('',(0.,3.));
#4981 = VECTOR('',#4982,1.);
#4982 = DIRECTION('',(1.,0.));
#4983 = ( GEOMETRIC_REPRESENTATION_CONTEXT(2) 
PARAMETRIC_REPRESENTATION_CONTEXT() REPRESENTATION_CONTEXT('2D SPACE',''
  ) );
#4984 = ADVANCED_FACE('',(#4985),#202,.T.);
#4985 = FACE_BOUND('',#4986,.T.);
#4986 = EDGE_LOOP('',(#4987,#4988,#4989,#4990));
#4987 = ORIENTED_EDGE('',*,*,#188,.F.);
#4988 = ORIENTED_EDGE('',*,*,#4843,.T.);
#4989 = ORIENTED_EDGE('',*,*,#4817,.T.);
#4990 = ORIENTED_EDGE('',*,*,#219,.F.);
#4991 = ADVANCED_FACE('',(#4992),#286,.F.);
#4992 = FACE_BOUND('',#4993,.F.);
#4993 = EDGE_LOOP('',(#4994,#4995,#5016,#5017));
#4994 = ORIENTED_EDGE('',*,*,#4867,.F.);
#4995 = ORIENTED_EDGE('',*,*,#4996,.F.);
#4996 = EDGE_CURVE('',#266,#4868,#4997,.T.);
#4997 = SEAM_CURVE('',#4998,(#5002,#5009),.PCURVE_S1.);
#4998 = LINE('',#4999,#5000);
#4999 = CARTESIAN_POINT('',(-25.7,-10.,3.));
#5000 = VECTOR('',#5001,1.);
#5001 = DIRECTION('',(0.,0.,-1.));
#5002 = PCURVE('',#286,#5003);
#5003 = DEFINITIONAL_REPRESENTATION('',(#5004),#5008);
#5004 = LINE('',#5005,#5006);
#5005 = CARTESIAN_POINT('',(6.28318530718,-0.));
#5006 = VECTOR('',#5007,1.);
#5007 = DIRECTION('',(0.,1.));
#5008 = ( GEOMETRIC_REPRESENTATION_CONTEXT(2) 
PARAMETRIC_REPRESENTATION_CONTEXT() REPRESENTATION_CONTEXT('2D SPACE',''
  ) );
#5009 = PCURVE('',#286,#5010);
#5010 = DEFINITIONAL_REPRESENTATION('',(#5011),#5015);
#5011 = LINE('',#5012,#5013);
#5012 = CARTESIAN_POINT('',(0.,-0.));
#5013 = VECTOR('',#5014,1.);
#5014 = DIRECTION('',(0.,1.));
#5015 = ( GEOMETRIC_REPRESENTATION_CONTEXT(2) 
PARAMETRIC_REPRESENTATION_CONTEXT() REPRESENTATION_CONTEXT('2D SPACE',''
  ) );
#5016 = ORIENTED_EDGE('',*,*,#265,.T.);
#5017 = ORIENTED_EDGE('',*,*,#4996,.T.);
#5018 = ADVANCED_FACE('',(#5019),#321,.F.);
#5019 = FACE_BOUND('',#5020,.F.);
#5020 = EDGE_LOOP('',(#5021,#5022,#5043,#5044));
#5021 = ORIENTED_EDGE('',*,*,#4897,.F.);
#5022 = ORIENTED_EDGE('',*,*,#5023,.F.);
#5023 = EDGE_CURVE('',#301,#4898,#5024,.T.);
#5024 = SEAM_CURVE('',#5025,(#5029,#5036),.PCURVE_S1.);
#5025 = LINE('',#5026,#5027);
#5026 = CARTESIAN_POINT('',(22.3,-10.,3.));
#5027 = VECTOR('',#5028,1.);
#5028 = DIRECTION('',(0.,0.,-1.));
#5029 = PCURVE('',#321,#5030);
#5030 = DEFINITIONAL_REPRESENTATION('',(#5031),#5035);
#5031 = LINE('',#5032,#5033);
#5032 = CARTESIAN_POINT('',(6.28318530718,-0.));
#5033 = VECTOR('',#5034,1.);
#5034 = DIRECTION('',(0.,1.));
#5035 = ( GEOMETRIC_REPRESENTATION_CONTEXT(2) 
PARAMETRIC_REPRESENTATION_CONTEXT() REPRESENTATION_CONTEXT('2D SPACE',''
  ) );
#5036 = PCURVE('',#321,#5037);
#5037 = DEFINITIONAL_REPRESENTATION('',(#5038),#5042);
#5038 = LINE('',#5039,#5040);
#5039 = CARTESIAN_POINT('',(0.,-0.));
#5040 = VECTOR('',#5041,1.);
#5041 = DIRECTION('',(0.,1.));
#5042 = ( GEOMETRIC_REPRESENTATION_CONTEXT(2) 
PARAMETRIC_REPRESENTATION_CONTEXT() REPRESENTATION_CONTEXT('2D SPACE',''
  ) );
#5043 = ORIENTED_EDGE('',*,*,#300,.T.);
#5044 = ORIENTED_EDGE('',*,*,#5023,.T.);
#5045 = ADVANCED_FACE('',(#5046),#353,.F.);
#5046 = FACE_BOUND('',#5047,.F.);
#5047 = EDGE_LOOP('',(#5048,#5071,#5072,#5095));
#5048 = ORIENTED_EDGE('',*,*,#5049,.T.);
#5049 = EDGE_CURVE('',#5050,#336,#5052,.T.);
#5050 = VERTEX_POINT('',#5051);
#5051 = CARTESIAN_POINT('',(-13.802734375,-1.0810546875,2.65));
#5052 = SURFACE_CURVE('',#5053,(#5057,#5064),.PCURVE_S1.);
#5053 = LINE('',#5054,#5055);
#5054 = CARTESIAN_POINT('',(-13.802734375,-1.0810546875,2.65));
#5055 = VECTOR('',#5056,1.);
#5056 = DIRECTION('',(0.,0.,1.));
#5057 = PCURVE('',#353,#5058);
#5058 = DEFINITIONAL_REPRESENTATION('',(#5059),#5063);
#5059 = LINE('',#5060,#5061);
#5060 = CARTESIAN_POINT('',(0.,0.));
#5061 = VECTOR('',#5062,1.);
#5062 = DIRECTION('',(0.,-1.));
#5063 = ( GEOMETRIC_REPRESENTATION_CONTEXT(2) 
PARAMETRIC_REPRESENTATION_CONTEXT() REPRESENTATION_CONTEXT('2D SPACE',''
  ) );
#5064 = PCURVE('',#969,#5065);
#5065 = DEFINITIONAL_REPRESENTATION('',(#5066),#5070);
#5066 = LINE('',#5067,#5068);
#5067 = CARTESIAN_POINT('',(1.,0.));
#5068 = VECTOR('',#5069,1.);
#5069 = DIRECTION('',(0.,-1.));
#5070 = ( GEOMETRIC_REPRESENTATION_CONTEXT(2) 
PARAMETRIC_REPRESENTATION_CONTEXT() REPRESENTATION_CONTEXT('2D SPACE',''
  ) );
#5071 = ORIENTED_EDGE('',*,*,#335,.T.);
#5072 = ORIENTED_EDGE('',*,*,#5073,.F.);
#5073 = EDGE_CURVE('',#5074,#338,#5076,.T.);
#5074 = VERTEX_POINT('',#5075);
#5075 = CARTESIAN_POINT('',(-13.5078125,-0.96875,2.65));
#5076 = SURFACE_CURVE('',#5077,(#5081,#5088),.PCURVE_S1.);
#5077 = LINE('',#5078,#5079);
#5078 = CARTESIAN_POINT('',(-13.5078125,-0.96875,2.65));
#5079 = VECTOR('',#5080,1.);
#5080 = DIRECTION('',(0.,0.,1.));
#5081 = PCURVE('',#353,#5082);
#5082 = DEFINITIONAL_REPRESENTATION('',(#5083),#5087);
#5083 = LINE('',#5084,#5085);
#5084 = CARTESIAN_POINT('',(1.,0.));
#5085 = VECTOR('',#5086,1.);
#5086 = DIRECTION('',(0.,-1.));
#5087 = ( GEOMETRIC_REPRESENTATION_CONTEXT(2) 
PARAMETRIC_REPRESENTATION_CONTEXT() REPRESENTATION_CONTEXT('2D SPACE',''
  ) );
#5088 = PCURVE('',#383,#5089);
#5089 = DEFINITIONAL_REPRESENTATION('',(#5090),#5094);
#5090 = LINE('',#5091,#5092);
#5091 = CARTESIAN_POINT('',(0.,0.));
#5092 = VECTOR('',#5093,1.);
#5093 = DIRECTION('',(0.,-1.));
#5094 = ( GEOMETRIC_REPRESENTATION_CONTEXT(2) 
PARAMETRIC_REPRESENTATION_CONTEXT() REPRESENTATION_CONTEXT('2D SPACE',''
  ) );
#5095 = ORIENTED_EDGE('',*,*,#5096,.F.);
#5096 = EDGE_CURVE('',#5050,#5074,#5097,.T.);
#5097 = SURFACE_CURVE('',#5098,(#5102,#5109),.PCURVE_S1.);
#5098 = B_SPLINE_CURVE_WITH_KNOTS('',2,(#5099,#5100,#5101),
  .UNSPECIFIED.,.F.,.F.,(3,3),(0.,1.),.PIECEWISE_BEZIER_KNOTS.);
#5099 = CARTESIAN_POINT('',(-13.802734375,-1.0810546875,2.65));
#5100 = CARTESIAN_POINT('',(-13.638671875,-1.044921875,2.65));
#5101 = CARTESIAN_POINT('',(-13.5078125,-0.96875,2.65));
#5102 = PCURVE('',#353,#5103);
#5103 = DEFINITIONAL_REPRESENTATION('',(#5104),#5108);
#5104 = LINE('',#5105,#5106);
#5105 = CARTESIAN_POINT('',(0.,0.));
#5106 = VECTOR('',#5107,1.);
#5107 = DIRECTION('',(1.,0.));
#5108 = ( GEOMETRIC_REPRESENTATION_CONTEXT(2) 
PARAMETRIC_REPRESENTATION_CONTEXT() REPRESENTATION_CONTEXT('2D SPACE',''
  ) );
#5109 = PCURVE('',#5110,#5115);
#5110 = PLANE('',#5111);
#5111 = AXIS2_PLACEMENT_3D('',#5112,#5113,#5114);
#5112 = CARTESIAN_POINT('',(-15.888671875,-1.384765625,2.65));
#5113 = DIRECTION('',(0.,0.,1.));
#5114 = DIRECTION('',(1.,0.,0.));
#5115 = DEFINITIONAL_REPRESENTATION('',(#5116),#5120);
#5116 = B_SPLINE_CURVE_WITH_KNOTS('',2,(#5117,#5118,#5119),
  .UNSPECIFIED.,.F.,.F.,(3,3),(0.,1.),.PIECEWISE_BEZIER_KNOTS.);
#5117 = CARTESIAN_POINT('',(2.0859375,0.3037109375));
#5118 = CARTESIAN_POINT('',(2.25,0.33984375));
#5119 = CARTESIAN_POINT('',(2.380859375,0.416015625));
#5120 = ( GEOMETRIC_REPRESENTATION_CONTEXT(2) 
PARAMETRIC_REPRESENTATION_CONTEXT() REPRESENTATION_CONTEXT('2D SPACE',''
  ) );
#5121 = ADVANCED_FACE('',(#5122),#969,.F.);
#5122 = FACE_BOUND('',#5123,.F.);
#5123 = EDGE_LOOP('',(#5124,#5147,#5148,#5149));
#5124 = ORIENTED_EDGE('',*,*,#5125,.T.);
#5125 = EDGE_CURVE('',#5126,#926,#5128,.T.);
#5126 = VERTEX_POINT('',#5127);
#5127 = CARTESIAN_POINT('',(-14.17578125,-1.1171875,2.65));
#5128 = SURFACE_CURVE('',#5129,(#5133,#5140),.PCURVE_S1.);
#5129 = LINE('',#5130,#5131);
#5130 = CARTESIAN_POINT('',(-14.17578125,-1.1171875,2.65));
#5131 = VECTOR('',#5132,1.);
#5132 = DIRECTION('',(0.,0.,1.));
#5133 = PCURVE('',#969,#5134);
#5134 = DEFINITIONAL_REPRESENTATION('',(#5135),#5139);
#5135 = LINE('',#5136,#5137);
#5136 = CARTESIAN_POINT('',(0.,0.));
#5137 = VECTOR('',#5138,1.);
#5138 = DIRECTION('',(0.,-1.));
#5139 = ( GEOMETRIC_REPRESENTATION_CONTEXT(2) 
PARAMETRIC_REPRESENTATION_CONTEXT() REPRESENTATION_CONTEXT('2D SPACE',''
  ) );
#5140 = PCURVE('',#941,#5141);
#5141 = DEFINITIONAL_REPRESENTATION('',(#5142),#5146);
#5142 = LINE('',#5143,#5144);
#5143 = CARTESIAN_POINT('',(1.,0.));
#5144 = VECTOR('',#5145,1.);
#5145 = DIRECTION('',(0.,-1.));
#5146 = ( GEOMETRIC_REPRESENTATION_CONTEXT(2) 
PARAMETRIC_REPRESENTATION_CONTEXT() REPRESENTATION_CONTEXT('2D SPACE',''
  ) );
#5147 = ORIENTED_EDGE('',*,*,#955,.T.);
#5148 = ORIENTED_EDGE('',*,*,#5049,.F.);
#5149 = ORIENTED_EDGE('',*,*,#5150,.F.);
#5150 = EDGE_CURVE('',#5126,#5050,#5151,.T.);
#5151 = SURFACE_CURVE('',#5152,(#5156,#5163),.PCURVE_S1.);
#5152 = B_SPLINE_CURVE_WITH_KNOTS('',2,(#5153,#5154,#5155),
  .UNSPECIFIED.,.F.,.F.,(3,3),(0.,1.),.PIECEWISE_BEZIER_KNOTS.);
#5153 = CARTESIAN_POINT('',(-14.17578125,-1.1171875,2.65));
#5154 = CARTESIAN_POINT('',(-13.966796875,-1.1171875,2.65));
#5155 = CARTESIAN_POINT('',(-13.802734375,-1.0810546875,2.65));
#5156 = PCURVE('',#969,#5157);
#5157 = DEFINITIONAL_REPRESENTATION('',(#5158),#5162);
#5158 = LINE('',#5159,#5160);
#5159 = CARTESIAN_POINT('',(0.,0.));
#5160 = VECTOR('',#5161,1.);
#5161 = DIRECTION('',(1.,0.));
#5162 = ( GEOMETRIC_REPRESENTATION_CONTEXT(2) 
PARAMETRIC_REPRESENTATION_CONTEXT() REPRESENTATION_CONTEXT('2D SPACE',''
  ) );
#5163 = PCURVE('',#5110,#5164);
#5164 = DEFINITIONAL_REPRESENTATION('',(#5165),#5169);
#5165 = B_SPLINE_CURVE_WITH_KNOTS('',2,(#5166,#5167,#5168),
  .UNSPECIFIED.,.F.,.F.,(3,3),(0.,1.),.PIECEWISE_BEZIER_KNOTS.);
#5166 = CARTESIAN_POINT('',(1.712890625,0.267578125));
#5167 = CARTESIAN_POINT('',(1.921875,0.267578125));
#5168 = CARTESIAN_POINT('',(2.0859375,0.3037109375));
#5169 = ( GEOMETRIC_REPRESENTATION_CONTEXT(2) 
PARAMETRIC_REPRESENTATION_CONTEXT() REPRESENTATION_CONTEXT('2D SPACE',''
  ) );
#5170 = ADVANCED_FACE('',(#5171),#941,.F.);
#5171 = FACE_BOUND('',#5172,.F.);
#5172 = EDGE_LOOP('',(#5173,#5196,#5197,#5198));
#5173 = ORIENTED_EDGE('',*,*,#5174,.T.);
#5174 = EDGE_CURVE('',#5175,#896,#5177,.T.);
#5175 = VERTEX_POINT('',#5176);
#5176 = CARTESIAN_POINT('',(-14.9794921875,-0.818359375,2.65));
#5177 = SURFACE_CURVE('',#5178,(#5182,#5189),.PCURVE_S1.);
#5178 = LINE('',#5179,#5180);
#5179 = CARTESIAN_POINT('',(-14.9794921875,-0.818359375,2.65));
#5180 = VECTOR('',#5181,1.);
#5181 = DIRECTION('',(0.,0.,1.));
#5182 = PCURVE('',#941,#5183);
#5183 = DEFINITIONAL_REPRESENTATION('',(#5184),#5188);
#5184 = LINE('',#5185,#5186);
#5185 = CARTESIAN_POINT('',(0.,0.));
#5186 = VECTOR('',#5187,1.);
#5187 = DIRECTION('',(0.,-1.));
#5188 = ( GEOMETRIC_REPRESENTATION_CONTEXT(2) 
PARAMETRIC_REPRESENTATION_CONTEXT() REPRESENTATION_CONTEXT('2D SPACE',''
  ) );
#5189 = PCURVE('',#911,#5190);
#5190 = DEFINITIONAL_REPRESENTATION('',(#5191),#5195);
#5191 = LINE('',#5192,#5193);
#5192 = CARTESIAN_POINT('',(1.,0.));
#5193 = VECTOR('',#5194,1.);
#5194 = DIRECTION('',(0.,-1.));
#5195 = ( GEOMETRIC_REPRESENTATION_CONTEXT(2) 
PARAMETRIC_REPRESENTATION_CONTEXT() REPRESENTATION_CONTEXT('2D SPACE',''
  ) );
#5196 = ORIENTED_EDGE('',*,*,#925,.T.);
#5197 = ORIENTED_EDGE('',*,*,#5125,.F.);
#5198 = ORIENTED_EDGE('',*,*,#5199,.F.);
#5199 = EDGE_CURVE('',#5175,#5126,#5200,.T.);
#5200 = SURFACE_CURVE('',#5201,(#5205,#5212),.PCURVE_S1.);
#5201 = B_SPLINE_CURVE_WITH_KNOTS('',2,(#5202,#5203,#5204),
  .UNSPECIFIED.,.F.,.F.,(3,3),(0.,1.),.PIECEWISE_BEZIER_KNOTS.);
#5202 = CARTESIAN_POINT('',(-14.9794921875,-0.818359375,2.65));
#5203 = CARTESIAN_POINT('',(-14.7109375,-1.1171875,2.65));
#5204 = CARTESIAN_POINT('',(-14.17578125,-1.1171875,2.65));
#5205 = PCURVE('',#941,#5206);
#5206 = DEFINITIONAL_REPRESENTATION('',(#5207),#5211);
#5207 = LINE('',#5208,#5209);
#5208 = CARTESIAN_POINT('',(0.,0.));
#5209 = VECTOR('',#5210,1.);
#5210 = DIRECTION('',(1.,0.));
#5211 = ( GEOMETRIC_REPRESENTATION_CONTEXT(2) 
PARAMETRIC_REPRESENTATION_CONTEXT() REPRESENTATION_CONTEXT('2D SPACE',''
  ) );
#5212 = PCURVE('',#5110,#5213);
#5213 = DEFINITIONAL_REPRESENTATION('',(#5214),#5218);
#5214 = B_SPLINE_CURVE_WITH_KNOTS('',2,(#5215,#5216,#5217),
  .UNSPECIFIED.,.F.,.F.,(3,3),(0.,1.),.PIECEWISE_BEZIER_KNOTS.);
#5215 = CARTESIAN_POINT('',(0.9091796875,0.56640625));
#5216 = CARTESIAN_POINT('',(1.177734375,0.267578125));
#5217 = CARTESIAN_POINT('',(1.712890625,0.267578125));
#5218 = ( GEOMETRIC_REPRESENTATION_CONTEXT(2) 
PARAMETRIC_REPRESENTATION_CONTEXT() REPRESENTATION_CONTEXT('2D SPACE',''
  ) );
#5219 = ADVANCED_FACE('',(#5220),#911,.F.);
#5220 = FACE_BOUND('',#5221,.F.);
#5221 = EDGE_LOOP('',(#5222,#5245,#5246,#5247));
#5222 = ORIENTED_EDGE('',*,*,#5223,.T.);
#5223 = EDGE_CURVE('',#5224,#866,#5226,.T.);
#5224 = VERTEX_POINT('',#5225);
#5225 = CARTESIAN_POINT('',(-15.248046875,7.03125E-02,2.65));
#5226 = SURFACE_CURVE('',#5227,(#5231,#5238),.PCURVE_S1.);
#5227 = LINE('',#5228,#5229);
#5228 = CARTESIAN_POINT('',(-15.248046875,7.03125E-02,2.65));
#5229 = VECTOR('',#5230,1.);
#5230 = DIRECTION('',(0.,0.,1.));
#5231 = PCURVE('',#911,#5232);
#5232 = DEFINITIONAL_REPRESENTATION('',(#5233),#5237);
#5233 = LINE('',#5234,#5235);
#5234 = CARTESIAN_POINT('',(0.,0.));
#5235 = VECTOR('',#5236,1.);
#5236 = DIRECTION('',(0.,-1.));
#5237 = ( GEOMETRIC_REPRESENTATION_CONTEXT(2) 
PARAMETRIC_REPRESENTATION_CONTEXT() REPRESENTATION_CONTEXT('2D SPACE',''
  ) );
#5238 = PCURVE('',#881,#5239);
#5239 = DEFINITIONAL_REPRESENTATION('',(#5240),#5244);
#5240 = LINE('',#5241,#5242);
#5241 = CARTESIAN_POINT('',(1.,0.));
#5242 = VECTOR('',#5243,1.);
#5243 = DIRECTION('',(0.,-1.));
#5244 = ( GEOMETRIC_REPRESENTATION_CONTEXT(2) 
PARAMETRIC_REPRESENTATION_CONTEXT() REPRESENTATION_CONTEXT('2D SPACE',''
  ) );
#5245 = ORIENTED_EDGE('',*,*,#895,.T.);
#5246 = ORIENTED_EDGE('',*,*,#5174,.F.);
#5247 = ORIENTED_EDGE('',*,*,#5248,.F.);
#5248 = EDGE_CURVE('',#5224,#5175,#5249,.T.);
#5249 = SURFACE_CURVE('',#5250,(#5254,#5261),.PCURVE_S1.);
#5250 = B_SPLINE_CURVE_WITH_KNOTS('',2,(#5251,#5252,#5253),
  .UNSPECIFIED.,.F.,.F.,(3,3),(0.,1.),.PIECEWISE_BEZIER_KNOTS.);
#5251 = CARTESIAN_POINT('',(-15.248046875,7.03125E-02,2.65));
#5252 = CARTESIAN_POINT('',(-15.248046875,-0.51953125,2.65));
#5253 = CARTESIAN_POINT('',(-14.9794921875,-0.818359375,2.65));
#5254 = PCURVE('',#911,#5255);
#5255 = DEFINITIONAL_REPRESENTATION('',(#5256),#5260);
#5256 = LINE('',#5257,#5258);
#5257 = CARTESIAN_POINT('',(0.,0.));
#5258 = VECTOR('',#5259,1.);
#5259 = DIRECTION('',(1.,0.));
#5260 = ( GEOMETRIC_REPRESENTATION_CONTEXT(2) 
PARAMETRIC_REPRESENTATION_CONTEXT() REPRESENTATION_CONTEXT('2D SPACE',''
  ) );
#5261 = PCURVE('',#5110,#5262);
#5262 = DEFINITIONAL_REPRESENTATION('',(#5263),#5267);
#5263 = B_SPLINE_CURVE_WITH_KNOTS('',2,(#5264,#5265,#5266),
  .UNSPECIFIED.,.F.,.F.,(3,3),(0.,1.),.PIECEWISE_BEZIER_KNOTS.);
#5264 = CARTESIAN_POINT('',(0.640625,1.455078125));
#5265 = CARTESIAN_POINT('',(0.640625,0.865234375));
#5266 = CARTESIAN_POINT('',(0.9091796875,0.56640625));
#5267 = ( GEOMETRIC_REPRESENTATION_CONTEXT(2) 
PARAMETRIC_REPRESENTATION_CONTEXT() REPRESENTATION_CONTEXT('2D SPACE',''
  ) );
#5268 = ADVANCED_FACE('',(#5269),#881,.F.);
#5269 = FACE_BOUND('',#5270,.F.);
#5270 = EDGE_LOOP('',(#5271,#5294,#5295,#5296));
#5271 = ORIENTED_EDGE('',*,*,#5272,.T.);
#5272 = EDGE_CURVE('',#5273,#836,#5275,.T.);
#5273 = VERTEX_POINT('',#5274);
#5274 = CARTESIAN_POINT('',(-14.9794921875,0.9609375,2.65));
#5275 = SURFACE_CURVE('',#5276,(#5280,#5287),.PCURVE_S1.);
#5276 = LINE('',#5277,#5278);
#5277 = CARTESIAN_POINT('',(-14.9794921875,0.9609375,2.65));
#5278 = VECTOR('',#5279,1.);
#5279 = DIRECTION('',(0.,0.,1.));
#5280 = PCURVE('',#881,#5281);
#5281 = DEFINITIONAL_REPRESENTATION('',(#5282),#5286);
#5282 = LINE('',#5283,#5284);
#5283 = CARTESIAN_POINT('',(0.,0.));
#5284 = VECTOR('',#5285,1.);
#5285 = DIRECTION('',(0.,-1.));
#5286 = ( GEOMETRIC_REPRESENTATION_CONTEXT(2) 
PARAMETRIC_REPRESENTATION_CONTEXT() REPRESENTATION_CONTEXT('2D SPACE',''
  ) );
#5287 = PCURVE('',#851,#5288);
#5288 = DEFINITIONAL_REPRESENTATION('',(#5289),#5293);
#5289 = LINE('',#5290,#5291);
#5290 = CARTESIAN_POINT('',(1.,0.));
#5291 = VECTOR('',#5292,1.);
#5292 = DIRECTION('',(0.,-1.));
#5293 = ( GEOMETRIC_REPRESENTATION_CONTEXT(2) 
PARAMETRIC_REPRESENTATION_CONTEXT() REPRESENTATION_CONTEXT('2D SPACE',''
  ) );
#5294 = ORIENTED_EDGE('',*,*,#865,.T.);
#5295 = ORIENTED_EDGE('',*,*,#5223,.F.);
#5296 = ORIENTED_EDGE('',*,*,#5297,.F.);
#5297 = EDGE_CURVE('',#5273,#5224,#5298,.T.);
#5298 = SURFACE_CURVE('',#5299,(#5303,#5310),.PCURVE_S1.);
#5299 = B_SPLINE_CURVE_WITH_KNOTS('',2,(#5300,#5301,#5302),
  .UNSPECIFIED.,.F.,.F.,(3,3),(0.,1.),.PIECEWISE_BEZIER_KNOTS.);
#5300 = CARTESIAN_POINT('',(-14.9794921875,0.9609375,2.65));
#5301 = CARTESIAN_POINT('',(-15.248046875,0.662109375,2.65));
#5302 = CARTESIAN_POINT('',(-15.248046875,7.03125E-02,2.65));
#5303 = PCURVE('',#881,#5304);
#5304 = DEFINITIONAL_REPRESENTATION('',(#5305),#5309);
#5305 = LINE('',#5306,#5307);
#5306 = CARTESIAN_POINT('',(0.,0.));
#5307 = VECTOR('',#5308,1.);
#5308 = DIRECTION('',(1.,0.));
#5309 = ( GEOMETRIC_REPRESENTATION_CONTEXT(2) 
PARAMETRIC_REPRESENTATION_CONTEXT() REPRESENTATION_CONTEXT('2D SPACE',''
  ) );
#5310 = PCURVE('',#5110,#5311);
#5311 = DEFINITIONAL_REPRESENTATION('',(#5312),#5316);
#5312 = B_SPLINE_CURVE_WITH_KNOTS('',2,(#5313,#5314,#5315),
  .UNSPECIFIED.,.F.,.F.,(3,3),(0.,1.),.PIECEWISE_BEZIER_KNOTS.);
#5313 = CARTESIAN_POINT('',(0.9091796875,2.345703125));
#5314 = CARTESIAN_POINT('',(0.640625,2.046875));
#5315 = CARTESIAN_POINT('',(0.640625,1.455078125));
#5316 = ( GEOMETRIC_REPRESENTATION_CONTEXT(2) 
PARAMETRIC_REPRESENTATION_CONTEXT() REPRESENTATION_CONTEXT('2D SPACE',''
  ) );
#5317 = ADVANCED_FACE('',(#5318),#851,.F.);
#5318 = FACE_BOUND('',#5319,.F.);
#5319 = EDGE_LOOP('',(#5320,#5343,#5344,#5345));
#5320 = ORIENTED_EDGE('',*,*,#5321,.T.);
#5321 = EDGE_CURVE('',#5322,#806,#5324,.T.);
#5322 = VERTEX_POINT('',#5323);
#5323 = CARTESIAN_POINT('',(-14.17578125,1.259765625,2.65));
#5324 = SURFACE_CURVE('',#5325,(#5329,#5336),.PCURVE_S1.);
#5325 = LINE('',#5326,#5327);
#5326 = CARTESIAN_POINT('',(-14.17578125,1.259765625,2.65));
#5327 = VECTOR('',#5328,1.);
#5328 = DIRECTION('',(0.,0.,1.));
#5329 = PCURVE('',#851,#5330);
#5330 = DEFINITIONAL_REPRESENTATION('',(#5331),#5335);
#5331 = LINE('',#5332,#5333);
#5332 = CARTESIAN_POINT('',(0.,0.));
#5333 = VECTOR('',#5334,1.);
#5334 = DIRECTION('',(0.,-1.));
#5335 = ( GEOMETRIC_REPRESENTATION_CONTEXT(2) 
PARAMETRIC_REPRESENTATION_CONTEXT() REPRESENTATION_CONTEXT('2D SPACE',''
  ) );
#5336 = PCURVE('',#821,#5337);
#5337 = DEFINITIONAL_REPRESENTATION('',(#5338),#5342);
#5338 = LINE('',#5339,#5340);
#5339 = CARTESIAN_POINT('',(1.,0.));
#5340 = VECTOR('',#5341,1.);
#5341 = DIRECTION('',(0.,-1.));
#5342 = ( GEOMETRIC_REPRESENTATION_CONTEXT(2) 
PARAMETRIC_REPRESENTATION_CONTEXT() REPRESENTATION_CONTEXT('2D SPACE',''
  ) );
#5343 = ORIENTED_EDGE('',*,*,#835,.T.);
#5344 = ORIENTED_EDGE('',*,*,#5272,.F.);
#5345 = ORIENTED_EDGE('',*,*,#5346,.F.);
#5346 = EDGE_CURVE('',#5322,#5273,#5347,.T.);
#5347 = SURFACE_CURVE('',#5348,(#5352,#5359),.PCURVE_S1.);
#5348 = B_SPLINE_CURVE_WITH_KNOTS('',2,(#5349,#5350,#5351),
  .UNSPECIFIED.,.F.,.F.,(3,3),(0.,1.),.PIECEWISE_BEZIER_KNOTS.);
#5349 = CARTESIAN_POINT('',(-14.17578125,1.259765625,2.65));
#5350 = CARTESIAN_POINT('',(-14.7109375,1.259765625,2.65));
#5351 = CARTESIAN_POINT('',(-14.9794921875,0.9609375,2.65));
#5352 = PCURVE('',#851,#5353);
#5353 = DEFINITIONAL_REPRESENTATION('',(#5354),#5358);
#5354 = LINE('',#5355,#5356);
#5355 = CARTESIAN_POINT('',(0.,0.));
#5356 = VECTOR('',#5357,1.);
#5357 = DIRECTION('',(1.,0.));
#5358 = ( GEOMETRIC_REPRESENTATION_CONTEXT(2) 
PARAMETRIC_REPRESENTATION_CONTEXT() REPRESENTATION_CONTEXT('2D SPACE',''
  ) );
#5359 = PCURVE('',#5110,#5360);
#5360 = DEFINITIONAL_REPRESENTATION('',(#5361),#5365);
#5361 = B_SPLINE_CURVE_WITH_KNOTS('',2,(#5362,#5363,#5364),
  .UNSPECIFIED.,.F.,.F.,(3,3),(0.,1.),.PIECEWISE_BEZIER_KNOTS.);
#5362 = CARTESIAN_POINT('',(1.712890625,2.64453125));
#5363 = CARTESIAN_POINT('',(1.177734375,2.64453125));
#5364 = CARTESIAN_POINT('',(0.9091796875,2.345703125));
#5365 = ( GEOMETRIC_REPRESENTATION_CONTEXT(2) 
PARAMETRIC_REPRESENTATION_CONTEXT() REPRESENTATION_CONTEXT('2D SPACE',''
  ) );
#5366 = ADVANCED_FACE('',(#5367),#821,.F.);
#5367 = FACE_BOUND('',#5368,.F.);
#5368 = EDGE_LOOP('',(#5369,#5392,#5393,#5394));
#5369 = ORIENTED_EDGE('',*,*,#5370,.T.);
#5370 = EDGE_CURVE('',#5371,#776,#5373,.T.);
#5371 = VERTEX_POINT('',#5372);
#5372 = CARTESIAN_POINT('',(-13.658203125,1.166015625,2.65));
#5373 = SURFACE_CURVE('',#5374,(#5378,#5385),.PCURVE_S1.);
#5374 = LINE('',#5375,#5376);
#5375 = CARTESIAN_POINT('',(-13.658203125,1.166015625,2.65));
#5376 = VECTOR('',#5377,1.);
#5377 = DIRECTION('',(0.,0.,1.));
#5378 = PCURVE('',#821,#5379);
#5379 = DEFINITIONAL_REPRESENTATION('',(#5380),#5384);
#5380 = LINE('',#5381,#5382);
#5381 = CARTESIAN_POINT('',(0.,0.));
#5382 = VECTOR('',#5383,1.);
#5383 = DIRECTION('',(0.,-1.));
#5384 = ( GEOMETRIC_REPRESENTATION_CONTEXT(2) 
PARAMETRIC_REPRESENTATION_CONTEXT() REPRESENTATION_CONTEXT('2D SPACE',''
  ) );
#5385 = PCURVE('',#791,#5386);
#5386 = DEFINITIONAL_REPRESENTATION('',(#5387),#5391);
#5387 = LINE('',#5388,#5389);
#5388 = CARTESIAN_POINT('',(1.,0.));
#5389 = VECTOR('',#5390,1.);
#5390 = DIRECTION('',(0.,-1.));
#5391 = ( GEOMETRIC_REPRESENTATION_CONTEXT(2) 
PARAMETRIC_REPRESENTATION_CONTEXT() REPRESENTATION_CONTEXT('2D SPACE',''
  ) );
#5392 = ORIENTED_EDGE('',*,*,#805,.T.);
#5393 = ORIENTED_EDGE('',*,*,#5321,.F.);
#5394 = ORIENTED_EDGE('',*,*,#5395,.F.);
#5395 = EDGE_CURVE('',#5371,#5322,#5396,.T.);
#5396 = SURFACE_CURVE('',#5397,(#5401,#5408),.PCURVE_S1.);
#5397 = B_SPLINE_CURVE_WITH_KNOTS('',2,(#5398,#5399,#5400),
  .UNSPECIFIED.,.F.,.F.,(3,3),(0.,1.),.PIECEWISE_BEZIER_KNOTS.);
#5398 = CARTESIAN_POINT('',(-13.658203125,1.166015625,2.65));
#5399 = CARTESIAN_POINT('',(-13.904296875,1.259765625,2.65));
#5400 = CARTESIAN_POINT('',(-14.17578125,1.259765625,2.65));
#5401 = PCURVE('',#821,#5402);
#5402 = DEFINITIONAL_REPRESENTATION('',(#5403),#5407);
#5403 = LINE('',#5404,#5405);
#5404 = CARTESIAN_POINT('',(0.,0.));
#5405 = VECTOR('',#5406,1.);
#5406 = DIRECTION('',(1.,0.));
#5407 = ( GEOMETRIC_REPRESENTATION_CONTEXT(2) 
PARAMETRIC_REPRESENTATION_CONTEXT() REPRESENTATION_CONTEXT('2D SPACE',''
  ) );
#5408 = PCURVE('',#5110,#5409);
#5409 = DEFINITIONAL_REPRESENTATION('',(#5410),#5414);
#5410 = B_SPLINE_CURVE_WITH_KNOTS('',2,(#5411,#5412,#5413),
  .UNSPECIFIED.,.F.,.F.,(3,3),(0.,1.),.PIECEWISE_BEZIER_KNOTS.);
#5411 = CARTESIAN_POINT('',(2.23046875,2.55078125));
#5412 = CARTESIAN_POINT('',(1.984375,2.64453125));
#5413 = CARTESIAN_POINT('',(1.712890625,2.64453125));
#5414 = ( GEOMETRIC_REPRESENTATION_CONTEXT(2) 
PARAMETRIC_REPRESENTATION_CONTEXT() REPRESENTATION_CONTEXT('2D SPACE',''
  ) );
#5415 = ADVANCED_FACE('',(#5416),#791,.F.);
#5416 = FACE_BOUND('',#5417,.F.);
#5417 = EDGE_LOOP('',(#5418,#5441,#5442,#5443));
#5418 = ORIENTED_EDGE('',*,*,#5419,.T.);
#5419 = EDGE_CURVE('',#5420,#748,#5422,.T.);
#5420 = VERTEX_POINT('',#5421);
#5421 = CARTESIAN_POINT('',(-13.193359375,0.88671875,2.65));
#5422 = SURFACE_CURVE('',#5423,(#5427,#5434),.PCURVE_S1.);
#5423 = LINE('',#5424,#5425);
#5424 = CARTESIAN_POINT('',(-13.193359375,0.88671875,2.65));
#5425 = VECTOR('',#5426,1.);
#5426 = DIRECTION('',(0.,0.,1.));
#5427 = PCURVE('',#791,#5428);
#5428 = DEFINITIONAL_REPRESENTATION('',(#5429),#5433);
#5429 = LINE('',#5430,#5431);
#5430 = CARTESIAN_POINT('',(0.,0.));
#5431 = VECTOR('',#5432,1.);
#5432 = DIRECTION('',(0.,-1.));
#5433 = ( GEOMETRIC_REPRESENTATION_CONTEXT(2) 
PARAMETRIC_REPRESENTATION_CONTEXT() REPRESENTATION_CONTEXT('2D SPACE',''
  ) );
#5434 = PCURVE('',#763,#5435);
#5435 = DEFINITIONAL_REPRESENTATION('',(#5436),#5440);
#5436 = LINE('',#5437,#5438);
#5437 = CARTESIAN_POINT('',(0.419921875,0.));
#5438 = VECTOR('',#5439,1.);
#5439 = DIRECTION('',(0.,-1.));
#5440 = ( GEOMETRIC_REPRESENTATION_CONTEXT(2) 
PARAMETRIC_REPRESENTATION_CONTEXT() REPRESENTATION_CONTEXT('2D SPACE',''
  ) );
#5441 = ORIENTED_EDGE('',*,*,#775,.T.);
#5442 = ORIENTED_EDGE('',*,*,#5370,.F.);
#5443 = ORIENTED_EDGE('',*,*,#5444,.F.);
#5444 = EDGE_CURVE('',#5420,#5371,#5445,.T.);
#5445 = SURFACE_CURVE('',#5446,(#5450,#5457),.PCURVE_S1.);
#5446 = B_SPLINE_CURVE_WITH_KNOTS('',2,(#5447,#5448,#5449),
  .UNSPECIFIED.,.F.,.F.,(3,3),(0.,1.),.PIECEWISE_BEZIER_KNOTS.);
#5447 = CARTESIAN_POINT('',(-13.193359375,0.88671875,2.65));
#5448 = CARTESIAN_POINT('',(-13.412109375,1.072265625,2.65));
#5449 = CARTESIAN_POINT('',(-13.658203125,1.166015625,2.65));
#5450 = PCURVE('',#791,#5451);
#5451 = DEFINITIONAL_REPRESENTATION('',(#5452),#5456);
#5452 = LINE('',#5453,#5454);
#5453 = CARTESIAN_POINT('',(0.,0.));
#5454 = VECTOR('',#5455,1.);
#5455 = DIRECTION('',(1.,0.));
#5456 = ( GEOMETRIC_REPRESENTATION_CONTEXT(2) 
PARAMETRIC_REPRESENTATION_CONTEXT() REPRESENTATION_CONTEXT('2D SPACE',''
  ) );
#5457 = PCURVE('',#5110,#5458);
#5458 = DEFINITIONAL_REPRESENTATION('',(#5459),#5463);
#5459 = B_SPLINE_CURVE_WITH_KNOTS('',2,(#5460,#5461,#5462),
  .UNSPECIFIED.,.F.,.F.,(3,3),(0.,1.),.PIECEWISE_BEZIER_KNOTS.);
#5460 = CARTESIAN_POINT('',(2.6953125,2.271484375));
#5461 = CARTESIAN_POINT('',(2.4765625,2.45703125));
#5462 = CARTESIAN_POINT('',(2.23046875,2.55078125));
#5463 = ( GEOMETRIC_REPRESENTATION_CONTEXT(2) 
PARAMETRIC_REPRESENTATION_CONTEXT() REPRESENTATION_CONTEXT('2D SPACE',''
  ) );
#5464 = ADVANCED_FACE('',(#5465),#763,.F.);
#5465 = FACE_BOUND('',#5466,.F.);
#5466 = EDGE_LOOP('',(#5467,#5490,#5491,#5492));
#5467 = ORIENTED_EDGE('',*,*,#5468,.T.);
#5468 = EDGE_CURVE('',#5469,#718,#5471,.T.);
#5469 = VERTEX_POINT('',#5470);
#5470 = CARTESIAN_POINT('',(-13.193359375,1.306640625,2.65));
#5471 = SURFACE_CURVE('',#5472,(#5476,#5483),.PCURVE_S1.);
#5472 = LINE('',#5473,#5474);
#5473 = CARTESIAN_POINT('',(-13.193359375,1.306640625,2.65));
#5474 = VECTOR('',#5475,1.);
#5475 = DIRECTION('',(0.,0.,1.));
#5476 = PCURVE('',#763,#5477);
#5477 = DEFINITIONAL_REPRESENTATION('',(#5478),#5482);
#5478 = LINE('',#5479,#5480);
#5479 = CARTESIAN_POINT('',(0.,0.));
#5480 = VECTOR('',#5481,1.);
#5481 = DIRECTION('',(0.,-1.));
#5482 = ( GEOMETRIC_REPRESENTATION_CONTEXT(2) 
PARAMETRIC_REPRESENTATION_CONTEXT() REPRESENTATION_CONTEXT('2D SPACE',''
  ) );
#5483 = PCURVE('',#733,#5484);
#5484 = DEFINITIONAL_REPRESENTATION('',(#5485),#5489);
#5485 = LINE('',#5486,#5487);
#5486 = CARTESIAN_POINT('',(1.,0.));
#5487 = VECTOR('',#5488,1.);
#5488 = DIRECTION('',(0.,-1.));
#5489 = ( GEOMETRIC_REPRESENTATION_CONTEXT(2) 
PARAMETRIC_REPRESENTATION_CONTEXT() REPRESENTATION_CONTEXT('2D SPACE',''
  ) );
#5490 = ORIENTED_EDGE('',*,*,#747,.T.);
#5491 = ORIENTED_EDGE('',*,*,#5419,.F.);
#5492 = ORIENTED_EDGE('',*,*,#5493,.F.);
#5493 = EDGE_CURVE('',#5469,#5420,#5494,.T.);
#5494 = SURFACE_CURVE('',#5495,(#5499,#5506),.PCURVE_S1.);
#5495 = LINE('',#5496,#5497);
#5496 = CARTESIAN_POINT('',(-13.193359375,1.306640625,2.65));
#5497 = VECTOR('',#5498,1.);
#5498 = DIRECTION('',(0.,-1.,0.));
#5499 = PCURVE('',#763,#5500);
#5500 = DEFINITIONAL_REPRESENTATION('',(#5501),#5505);
#5501 = LINE('',#5502,#5503);
#5502 = CARTESIAN_POINT('',(0.,0.));
#5503 = VECTOR('',#5504,1.);
#5504 = DIRECTION('',(1.,0.));
#5505 = ( GEOMETRIC_REPRESENTATION_CONTEXT(2) 
PARAMETRIC_REPRESENTATION_CONTEXT() REPRESENTATION_CONTEXT('2D SPACE',''
  ) );
#5506 = PCURVE('',#5110,#5507);
#5507 = DEFINITIONAL_REPRESENTATION('',(#5508),#5512);
#5508 = LINE('',#5509,#5510);
#5509 = CARTESIAN_POINT('',(2.6953125,2.69140625));
#5510 = VECTOR('',#5511,1.);
#5511 = DIRECTION('',(0.,-1.));
#5512 = ( GEOMETRIC_REPRESENTATION_CONTEXT(2) 
PARAMETRIC_REPRESENTATION_CONTEXT() REPRESENTATION_CONTEXT('2D SPACE',''
  ) );
#5513 = ADVANCED_FACE('',(#5514),#733,.F.);
#5514 = FACE_BOUND('',#5515,.F.);
#5515 = EDGE_LOOP('',(#5516,#5539,#5540,#5541));
#5516 = ORIENTED_EDGE('',*,*,#5517,.T.);
#5517 = EDGE_CURVE('',#5518,#688,#5520,.T.);
#5518 = VERTEX_POINT('',#5519);
#5519 = CARTESIAN_POINT('',(-13.6669921875,1.513671875,2.65));
#5520 = SURFACE_CURVE('',#5521,(#5525,#5532),.PCURVE_S1.);
#5521 = LINE('',#5522,#5523);
#5522 = CARTESIAN_POINT('',(-13.6669921875,1.513671875,2.65));
#5523 = VECTOR('',#5524,1.);
#5524 = DIRECTION('',(0.,0.,1.));
#5525 = PCURVE('',#733,#5526);
#5526 = DEFINITIONAL_REPRESENTATION('',(#5527),#5531);
#5527 = LINE('',#5528,#5529);
#5528 = CARTESIAN_POINT('',(0.,0.));
#5529 = VECTOR('',#5530,1.);
#5530 = DIRECTION('',(0.,-1.));
#5531 = ( GEOMETRIC_REPRESENTATION_CONTEXT(2) 
PARAMETRIC_REPRESENTATION_CONTEXT() REPRESENTATION_CONTEXT('2D SPACE',''
  ) );
#5532 = PCURVE('',#703,#5533);
#5533 = DEFINITIONAL_REPRESENTATION('',(#5534),#5538);
#5534 = LINE('',#5535,#5536);
#5535 = CARTESIAN_POINT('',(1.,0.));
#5536 = VECTOR('',#5537,1.);
#5537 = DIRECTION('',(0.,-1.));
#5538 = ( GEOMETRIC_REPRESENTATION_CONTEXT(2) 
PARAMETRIC_REPRESENTATION_CONTEXT() REPRESENTATION_CONTEXT('2D SPACE',''
  ) );
#5539 = ORIENTED_EDGE('',*,*,#717,.T.);
#5540 = ORIENTED_EDGE('',*,*,#5468,.F.);
#5541 = ORIENTED_EDGE('',*,*,#5542,.F.);
#5542 = EDGE_CURVE('',#5518,#5469,#5543,.T.);
#5543 = SURFACE_CURVE('',#5544,(#5548,#5555),.PCURVE_S1.);
#5544 = B_SPLINE_CURVE_WITH_KNOTS('',2,(#5545,#5546,#5547),
  .UNSPECIFIED.,.F.,.F.,(3,3),(0.,1.),.PIECEWISE_BEZIER_KNOTS.);
#5545 = CARTESIAN_POINT('',(-13.6669921875,1.513671875,2.65));
#5546 = CARTESIAN_POINT('',(-13.41015625,1.443359375,2.65));
#5547 = CARTESIAN_POINT('',(-13.193359375,1.306640625,2.65));
#5548 = PCURVE('',#733,#5549);
#5549 = DEFINITIONAL_REPRESENTATION('',(#5550),#5554);
#5550 = LINE('',#5551,#5552);
#5551 = CARTESIAN_POINT('',(0.,0.));
#5552 = VECTOR('',#5553,1.);
#5553 = DIRECTION('',(1.,0.));
#5554 = ( GEOMETRIC_REPRESENTATION_CONTEXT(2) 
PARAMETRIC_REPRESENTATION_CONTEXT() REPRESENTATION_CONTEXT('2D SPACE',''
  ) );
#5555 = PCURVE('',#5110,#5556);
#5556 = DEFINITIONAL_REPRESENTATION('',(#5557),#5561);
#5557 = B_SPLINE_CURVE_WITH_KNOTS('',2,(#5558,#5559,#5560),
  .UNSPECIFIED.,.F.,.F.,(3,3),(0.,1.),.PIECEWISE_BEZIER_KNOTS.);
#5558 = CARTESIAN_POINT('',(2.2216796875,2.8984375));
#5559 = CARTESIAN_POINT('',(2.478515625,2.828125));
#5560 = CARTESIAN_POINT('',(2.6953125,2.69140625));
#5561 = ( GEOMETRIC_REPRESENTATION_CONTEXT(2) 
PARAMETRIC_REPRESENTATION_CONTEXT() REPRESENTATION_CONTEXT('2D SPACE',''
  ) );
#5562 = ADVANCED_FACE('',(#5563),#703,.F.);
#5563 = FACE_BOUND('',#5564,.F.);
#5564 = EDGE_LOOP('',(#5565,#5588,#5589,#5590));
#5565 = ORIENTED_EDGE('',*,*,#5566,.T.);
#5566 = EDGE_CURVE('',#5567,#658,#5569,.T.);
#5567 = VERTEX_POINT('',#5568);
#5568 = CARTESIAN_POINT('',(-14.208984375,1.583984375,2.65));
#5569 = SURFACE_CURVE('',#5570,(#5574,#5581),.PCURVE_S1.);
#5570 = LINE('',#5571,#5572);
#5571 = CARTESIAN_POINT('',(-14.208984375,1.583984375,2.65));
#5572 = VECTOR('',#5573,1.);
#5573 = DIRECTION('',(0.,0.,1.));
#5574 = PCURVE('',#703,#5575);
#5575 = DEFINITIONAL_REPRESENTATION('',(#5576),#5580);
#5576 = LINE('',#5577,#5578);
#5577 = CARTESIAN_POINT('',(0.,0.));
#5578 = VECTOR('',#5579,1.);
#5579 = DIRECTION('',(0.,-1.));
#5580 = ( GEOMETRIC_REPRESENTATION_CONTEXT(2) 
PARAMETRIC_REPRESENTATION_CONTEXT() REPRESENTATION_CONTEXT('2D SPACE',''
  ) );
#5581 = PCURVE('',#673,#5582);
#5582 = DEFINITIONAL_REPRESENTATION('',(#5583),#5587);
#5583 = LINE('',#5584,#5585);
#5584 = CARTESIAN_POINT('',(1.,0.));
#5585 = VECTOR('',#5586,1.);
#5586 = DIRECTION('',(0.,-1.));
#5587 = ( GEOMETRIC_REPRESENTATION_CONTEXT(2) 
PARAMETRIC_REPRESENTATION_CONTEXT() REPRESENTATION_CONTEXT('2D SPACE',''
  ) );
#5588 = ORIENTED_EDGE('',*,*,#687,.T.);
#5589 = ORIENTED_EDGE('',*,*,#5517,.F.);
#5590 = ORIENTED_EDGE('',*,*,#5591,.F.);
#5591 = EDGE_CURVE('',#5567,#5518,#5592,.T.);
#5592 = SURFACE_CURVE('',#5593,(#5597,#5604),.PCURVE_S1.);
#5593 = B_SPLINE_CURVE_WITH_KNOTS('',2,(#5594,#5595,#5596),
  .UNSPECIFIED.,.F.,.F.,(3,3),(0.,1.),.PIECEWISE_BEZIER_KNOTS.);
#5594 = CARTESIAN_POINT('',(-14.208984375,1.583984375,2.65));
#5595 = CARTESIAN_POINT('',(-13.923828125,1.583984375,2.65));
#5596 = CARTESIAN_POINT('',(-13.6669921875,1.513671875,2.65));
#5597 = PCURVE('',#703,#5598);
#5598 = DEFINITIONAL_REPRESENTATION('',(#5599),#5603);
#5599 = LINE('',#5600,#5601);
#5600 = CARTESIAN_POINT('',(0.,0.));
#5601 = VECTOR('',#5602,1.);
#5602 = DIRECTION('',(1.,0.));
#5603 = ( GEOMETRIC_REPRESENTATION_CONTEXT(2) 
PARAMETRIC_REPRESENTATION_CONTEXT() REPRESENTATION_CONTEXT('2D SPACE',''
  ) );
#5604 = PCURVE('',#5110,#5605);
#5605 = DEFINITIONAL_REPRESENTATION('',(#5606),#5610);
#5606 = B_SPLINE_CURVE_WITH_KNOTS('',2,(#5607,#5608,#5609),
  .UNSPECIFIED.,.F.,.F.,(3,3),(0.,1.),.PIECEWISE_BEZIER_KNOTS.);
#5607 = CARTESIAN_POINT('',(1.6796875,2.96875));
#5608 = CARTESIAN_POINT('',(1.96484375,2.96875));
#5609 = CARTESIAN_POINT('',(2.2216796875,2.8984375));
#5610 = ( GEOMETRIC_REPRESENTATION_CONTEXT(2) 
PARAMETRIC_REPRESENTATION_CONTEXT() REPRESENTATION_CONTEXT('2D SPACE',''
  ) );
#5611 = ADVANCED_FACE('',(#5612),#673,.F.);
#5612 = FACE_BOUND('',#5613,.F.);
#5613 = EDGE_LOOP('',(#5614,#5637,#5638,#5639));
#5614 = ORIENTED_EDGE('',*,*,#5615,.T.);
#5615 = EDGE_CURVE('',#5616,#628,#5618,.T.);
#5616 = VERTEX_POINT('',#5617);
#5617 = CARTESIAN_POINT('',(-15.2783203125,1.1845703125,2.65));
#5618 = SURFACE_CURVE('',#5619,(#5623,#5630),.PCURVE_S1.);
#5619 = LINE('',#5620,#5621);
#5620 = CARTESIAN_POINT('',(-15.2783203125,1.1845703125,2.65));
#5621 = VECTOR('',#5622,1.);
#5622 = DIRECTION('',(0.,0.,1.));
#5623 = PCURVE('',#673,#5624);
#5624 = DEFINITIONAL_REPRESENTATION('',(#5625),#5629);
#5625 = LINE('',#5626,#5627);
#5626 = CARTESIAN_POINT('',(0.,0.));
#5627 = VECTOR('',#5628,1.);
#5628 = DIRECTION('',(0.,-1.));
#5629 = ( GEOMETRIC_REPRESENTATION_CONTEXT(2) 
PARAMETRIC_REPRESENTATION_CONTEXT() REPRESENTATION_CONTEXT('2D SPACE',''
  ) );
#5630 = PCURVE('',#643,#5631);
#5631 = DEFINITIONAL_REPRESENTATION('',(#5632),#5636);
#5632 = LINE('',#5633,#5634);
#5633 = CARTESIAN_POINT('',(1.,0.));
#5634 = VECTOR('',#5635,1.);
#5635 = DIRECTION('',(0.,-1.));
#5636 = ( GEOMETRIC_REPRESENTATION_CONTEXT(2) 
PARAMETRIC_REPRESENTATION_CONTEXT() REPRESENTATION_CONTEXT('2D SPACE',''
  ) );
#5637 = ORIENTED_EDGE('',*,*,#657,.T.);
#5638 = ORIENTED_EDGE('',*,*,#5566,.F.);
#5639 = ORIENTED_EDGE('',*,*,#5640,.F.);
#5640 = EDGE_CURVE('',#5616,#5567,#5641,.T.);
#5641 = SURFACE_CURVE('',#5642,(#5646,#5653),.PCURVE_S1.);
#5642 = B_SPLINE_CURVE_WITH_KNOTS('',2,(#5643,#5644,#5645),
  .UNSPECIFIED.,.F.,.F.,(3,3),(0.,1.),.PIECEWISE_BEZIER_KNOTS.);
#5643 = CARTESIAN_POINT('',(-15.2783203125,1.1845703125,2.65));
#5644 = CARTESIAN_POINT('',(-14.892578125,1.583984375,2.65));
#5645 = CARTESIAN_POINT('',(-14.208984375,1.583984375,2.65));
#5646 = PCURVE('',#673,#5647);
#5647 = DEFINITIONAL_REPRESENTATION('',(#5648),#5652);
#5648 = LINE('',#5649,#5650);
#5649 = CARTESIAN_POINT('',(0.,0.));
#5650 = VECTOR('',#5651,1.);
#5651 = DIRECTION('',(1.,0.));
#5652 = ( GEOMETRIC_REPRESENTATION_CONTEXT(2) 
PARAMETRIC_REPRESENTATION_CONTEXT() REPRESENTATION_CONTEXT('2D SPACE',''
  ) );
#5653 = PCURVE('',#5110,#5654);
#5654 = DEFINITIONAL_REPRESENTATION('',(#5655),#5659);
#5655 = B_SPLINE_CURVE_WITH_KNOTS('',2,(#5656,#5657,#5658),
  .UNSPECIFIED.,.F.,.F.,(3,3),(0.,1.),.PIECEWISE_BEZIER_KNOTS.);
#5656 = CARTESIAN_POINT('',(0.6103515625,2.5693359375));
#5657 = CARTESIAN_POINT('',(0.99609375,2.96875));
#5658 = CARTESIAN_POINT('',(1.6796875,2.96875));
#5659 = ( GEOMETRIC_REPRESENTATION_CONTEXT(2) 
PARAMETRIC_REPRESENTATION_CONTEXT() REPRESENTATION_CONTEXT('2D SPACE',''
  ) );
#5660 = ADVANCED_FACE('',(#5661),#643,.F.);
#5661 = FACE_BOUND('',#5662,.F.);
#5662 = EDGE_LOOP('',(#5663,#5686,#5687,#5688));
#5663 = ORIENTED_EDGE('',*,*,#5664,.T.);
#5664 = EDGE_CURVE('',#5665,#598,#5667,.T.);
#5665 = VERTEX_POINT('',#5666);
#5666 = CARTESIAN_POINT('',(-15.6640625,7.03125E-02,2.65));
#5667 = SURFACE_CURVE('',#5668,(#5672,#5679),.PCURVE_S1.);
#5668 = LINE('',#5669,#5670);
#5669 = CARTESIAN_POINT('',(-15.6640625,7.03125E-02,2.65));
#5670 = VECTOR('',#5671,1.);
#5671 = DIRECTION('',(0.,0.,1.));
#5672 = PCURVE('',#643,#5673);
#5673 = DEFINITIONAL_REPRESENTATION('',(#5674),#5678);
#5674 = LINE('',#5675,#5676);
#5675 = CARTESIAN_POINT('',(0.,0.));
#5676 = VECTOR('',#5677,1.);
#5677 = DIRECTION('',(0.,-1.));
#5678 = ( GEOMETRIC_REPRESENTATION_CONTEXT(2) 
PARAMETRIC_REPRESENTATION_CONTEXT() REPRESENTATION_CONTEXT('2D SPACE',''
  ) );
#5679 = PCURVE('',#613,#5680);
#5680 = DEFINITIONAL_REPRESENTATION('',(#5681),#5685);
#5681 = LINE('',#5682,#5683);
#5682 = CARTESIAN_POINT('',(1.,0.));
#5683 = VECTOR('',#5684,1.);
#5684 = DIRECTION('',(0.,-1.));
#5685 = ( GEOMETRIC_REPRESENTATION_CONTEXT(2) 
PARAMETRIC_REPRESENTATION_CONTEXT() REPRESENTATION_CONTEXT('2D SPACE',''
  ) );
#5686 = ORIENTED_EDGE('',*,*,#627,.T.);
#5687 = ORIENTED_EDGE('',*,*,#5615,.F.);
#5688 = ORIENTED_EDGE('',*,*,#5689,.F.);
#5689 = EDGE_CURVE('',#5665,#5616,#5690,.T.);
#5690 = SURFACE_CURVE('',#5691,(#5695,#5702),.PCURVE_S1.);
#5691 = B_SPLINE_CURVE_WITH_KNOTS('',2,(#5692,#5693,#5694),
  .UNSPECIFIED.,.F.,.F.,(3,3),(0.,1.),.PIECEWISE_BEZIER_KNOTS.);
#5692 = CARTESIAN_POINT('',(-15.6640625,7.03125E-02,2.65));
#5693 = CARTESIAN_POINT('',(-15.6640625,0.78515625,2.65));
#5694 = CARTESIAN_POINT('',(-15.2783203125,1.1845703125,2.65));
#5695 = PCURVE('',#643,#5696);
#5696 = DEFINITIONAL_REPRESENTATION('',(#5697),#5701);
#5697 = LINE('',#5698,#5699);
#5698 = CARTESIAN_POINT('',(0.,0.));
#5699 = VECTOR('',#5700,1.);
#5700 = DIRECTION('',(1.,0.));
#5701 = ( GEOMETRIC_REPRESENTATION_CONTEXT(2) 
PARAMETRIC_REPRESENTATION_CONTEXT() REPRESENTATION_CONTEXT('2D SPACE',''
  ) );
#5702 = PCURVE('',#5110,#5703);
#5703 = DEFINITIONAL_REPRESENTATION('',(#5704),#5708);
#5704 = B_SPLINE_CURVE_WITH_KNOTS('',2,(#5705,#5706,#5707),
  .UNSPECIFIED.,.F.,.F.,(3,3),(0.,1.),.PIECEWISE_BEZIER_KNOTS.);
#5705 = CARTESIAN_POINT('',(0.224609375,1.455078125));
#5706 = CARTESIAN_POINT('',(0.224609375,2.169921875));
#5707 = CARTESIAN_POINT('',(0.6103515625,2.5693359375));
#5708 = ( GEOMETRIC_REPRESENTATION_CONTEXT(2) 
PARAMETRIC_REPRESENTATION_CONTEXT() REPRESENTATION_CONTEXT('2D SPACE',''
  ) );
#5709 = ADVANCED_FACE('',(#5710),#613,.F.);
#5710 = FACE_BOUND('',#5711,.F.);
#5711 = EDGE_LOOP('',(#5712,#5735,#5736,#5737));
#5712 = ORIENTED_EDGE('',*,*,#5713,.T.);
#5713 = EDGE_CURVE('',#5714,#568,#5716,.T.);
#5714 = VERTEX_POINT('',#5715);
#5715 = CARTESIAN_POINT('',(-15.2783203125,-1.0419921875,2.65));
#5716 = SURFACE_CURVE('',#5717,(#5721,#5728),.PCURVE_S1.);
#5717 = LINE('',#5718,#5719);
#5718 = CARTESIAN_POINT('',(-15.2783203125,-1.0419921875,2.65));
#5719 = VECTOR('',#5720,1.);
#5720 = DIRECTION('',(0.,0.,1.));
#5721 = PCURVE('',#613,#5722);
#5722 = DEFINITIONAL_REPRESENTATION('',(#5723),#5727);
#5723 = LINE('',#5724,#5725);
#5724 = CARTESIAN_POINT('',(0.,0.));
#5725 = VECTOR('',#5726,1.);
#5726 = DIRECTION('',(0.,-1.));
#5727 = ( GEOMETRIC_REPRESENTATION_CONTEXT(2) 
PARAMETRIC_REPRESENTATION_CONTEXT() REPRESENTATION_CONTEXT('2D SPACE',''
  ) );
#5728 = PCURVE('',#583,#5729);
#5729 = DEFINITIONAL_REPRESENTATION('',(#5730),#5734);
#5730 = LINE('',#5731,#5732);
#5731 = CARTESIAN_POINT('',(1.,0.));
#5732 = VECTOR('',#5733,1.);
#5733 = DIRECTION('',(0.,-1.));
#5734 = ( GEOMETRIC_REPRESENTATION_CONTEXT(2) 
PARAMETRIC_REPRESENTATION_CONTEXT() REPRESENTATION_CONTEXT('2D SPACE',''
  ) );
#5735 = ORIENTED_EDGE('',*,*,#597,.T.);
#5736 = ORIENTED_EDGE('',*,*,#5664,.F.);
#5737 = ORIENTED_EDGE('',*,*,#5738,.F.);
#5738 = EDGE_CURVE('',#5714,#5665,#5739,.T.);
#5739 = SURFACE_CURVE('',#5740,(#5744,#5751),.PCURVE_S1.);
#5740 = B_SPLINE_CURVE_WITH_KNOTS('',2,(#5741,#5742,#5743),
  .UNSPECIFIED.,.F.,.F.,(3,3),(0.,1.),.PIECEWISE_BEZIER_KNOTS.);
#5741 = CARTESIAN_POINT('',(-15.2783203125,-1.0419921875,2.65));
#5742 = CARTESIAN_POINT('',(-15.6640625,-0.642578125,2.65));
#5743 = CARTESIAN_POINT('',(-15.6640625,7.03125E-02,2.65));
#5744 = PCURVE('',#613,#5745);
#5745 = DEFINITIONAL_REPRESENTATION('',(#5746),#5750);
#5746 = LINE('',#5747,#5748);
#5747 = CARTESIAN_POINT('',(0.,0.));
#5748 = VECTOR('',#5749,1.);
#5749 = DIRECTION('',(1.,0.));
#5750 = ( GEOMETRIC_REPRESENTATION_CONTEXT(2) 
PARAMETRIC_REPRESENTATION_CONTEXT() REPRESENTATION_CONTEXT('2D SPACE',''
  ) );
#5751 = PCURVE('',#5110,#5752);
#5752 = DEFINITIONAL_REPRESENTATION('',(#5753),#5757);
#5753 = B_SPLINE_CURVE_WITH_KNOTS('',2,(#5754,#5755,#5756),
  .UNSPECIFIED.,.F.,.F.,(3,3),(0.,1.),.PIECEWISE_BEZIER_KNOTS.);
#5754 = CARTESIAN_POINT('',(0.6103515625,0.3427734375));
#5755 = CARTESIAN_POINT('',(0.224609375,0.7421875));
#5756 = CARTESIAN_POINT('',(0.224609375,1.455078125));
#5757 = ( GEOMETRIC_REPRESENTATION_CONTEXT(2) 
PARAMETRIC_REPRESENTATION_CONTEXT() REPRESENTATION_CONTEXT('2D SPACE',''
  ) );
#5758 = ADVANCED_FACE('',(#5759),#583,.F.);
#5759 = FACE_BOUND('',#5760,.F.);
#5760 = EDGE_LOOP('',(#5761,#5784,#5785,#5786));
#5761 = ORIENTED_EDGE('',*,*,#5762,.T.);
#5762 = EDGE_CURVE('',#5763,#538,#5765,.T.);
#5763 = VERTEX_POINT('',#5764);
#5764 = CARTESIAN_POINT('',(-14.208984375,-1.44140625,2.65));
#5765 = SURFACE_CURVE('',#5766,(#5770,#5777),.PCURVE_S1.);
#5766 = LINE('',#5767,#5768);
#5767 = CARTESIAN_POINT('',(-14.208984375,-1.44140625,2.65));
#5768 = VECTOR('',#5769,1.);
#5769 = DIRECTION('',(0.,0.,1.));
#5770 = PCURVE('',#583,#5771);
#5771 = DEFINITIONAL_REPRESENTATION('',(#5772),#5776);
#5772 = LINE('',#5773,#5774);
#5773 = CARTESIAN_POINT('',(0.,0.));
#5774 = VECTOR('',#5775,1.);
#5775 = DIRECTION('',(0.,-1.));
#5776 = ( GEOMETRIC_REPRESENTATION_CONTEXT(2) 
PARAMETRIC_REPRESENTATION_CONTEXT() REPRESENTATION_CONTEXT('2D SPACE',''
  ) );
#5777 = PCURVE('',#553,#5778);
#5778 = DEFINITIONAL_REPRESENTATION('',(#5779),#5783);
#5779 = LINE('',#5780,#5781);
#5780 = CARTESIAN_POINT('',(1.,0.));
#5781 = VECTOR('',#5782,1.);
#5782 = DIRECTION('',(0.,-1.));
#5783 = ( GEOMETRIC_REPRESENTATION_CONTEXT(2) 
PARAMETRIC_REPRESENTATION_CONTEXT() REPRESENTATION_CONTEXT('2D SPACE',''
  ) );
#5784 = ORIENTED_EDGE('',*,*,#567,.T.);
#5785 = ORIENTED_EDGE('',*,*,#5713,.F.);
#5786 = ORIENTED_EDGE('',*,*,#5787,.F.);
#5787 = EDGE_CURVE('',#5763,#5714,#5788,.T.);
#5788 = SURFACE_CURVE('',#5789,(#5793,#5800),.PCURVE_S1.);
#5789 = B_SPLINE_CURVE_WITH_KNOTS('',2,(#5790,#5791,#5792),
  .UNSPECIFIED.,.F.,.F.,(3,3),(0.,1.),.PIECEWISE_BEZIER_KNOTS.);
#5790 = CARTESIAN_POINT('',(-14.208984375,-1.44140625,2.65));
#5791 = CARTESIAN_POINT('',(-14.892578125,-1.44140625,2.65));
#5792 = CARTESIAN_POINT('',(-15.2783203125,-1.0419921875,2.65));
#5793 = PCURVE('',#583,#5794);
#5794 = DEFINITIONAL_REPRESENTATION('',(#5795),#5799);
#5795 = LINE('',#5796,#5797);
#5796 = CARTESIAN_POINT('',(0.,0.));
#5797 = VECTOR('',#5798,1.);
#5798 = DIRECTION('',(1.,0.));
#5799 = ( GEOMETRIC_REPRESENTATION_CONTEXT(2) 
PARAMETRIC_REPRESENTATION_CONTEXT() REPRESENTATION_CONTEXT('2D SPACE',''
  ) );
#5800 = PCURVE('',#5110,#5801);
#5801 = DEFINITIONAL_REPRESENTATION('',(#5802),#5806);
#5802 = B_SPLINE_CURVE_WITH_KNOTS('',2,(#5803,#5804,#5805),
  .UNSPECIFIED.,.F.,.F.,(3,3),(0.,1.),.PIECEWISE_BEZIER_KNOTS.);
#5803 = CARTESIAN_POINT('',(1.6796875,-5.6640625E-02));
#5804 = CARTESIAN_POINT('',(0.99609375,-5.6640625E-02));
#5805 = CARTESIAN_POINT('',(0.6103515625,0.3427734375));
#5806 = ( GEOMETRIC_REPRESENTATION_CONTEXT(2) 
PARAMETRIC_REPRESENTATION_CONTEXT() REPRESENTATION_CONTEXT('2D SPACE',''
  ) );
#5807 = ADVANCED_FACE('',(#5808),#553,.F.);
#5808 = FACE_BOUND('',#5809,.F.);
#5809 = EDGE_LOOP('',(#5810,#5833,#5834,#5835));
#5810 = ORIENTED_EDGE('',*,*,#5811,.T.);
#5811 = EDGE_CURVE('',#5812,#508,#5814,.T.);
#5812 = VERTEX_POINT('',#5813);
#5813 = CARTESIAN_POINT('',(-13.62109375,-1.3583984375,2.65));
#5814 = SURFACE_CURVE('',#5815,(#5819,#5826),.PCURVE_S1.);
#5815 = LINE('',#5816,#5817);
#5816 = CARTESIAN_POINT('',(-13.62109375,-1.3583984375,2.65));
#5817 = VECTOR('',#5818,1.);
#5818 = DIRECTION('',(0.,0.,1.));
#5819 = PCURVE('',#553,#5820);
#5820 = DEFINITIONAL_REPRESENTATION('',(#5821),#5825);
#5821 = LINE('',#5822,#5823);
#5822 = CARTESIAN_POINT('',(0.,0.));
#5823 = VECTOR('',#5824,1.);
#5824 = DIRECTION('',(0.,-1.));
#5825 = ( GEOMETRIC_REPRESENTATION_CONTEXT(2) 
PARAMETRIC_REPRESENTATION_CONTEXT() REPRESENTATION_CONTEXT('2D SPACE',''
  ) );
#5826 = PCURVE('',#523,#5827);
#5827 = DEFINITIONAL_REPRESENTATION('',(#5828),#5832);
#5828 = LINE('',#5829,#5830);
#5829 = CARTESIAN_POINT('',(1.,0.));
#5830 = VECTOR('',#5831,1.);
#5831 = DIRECTION('',(0.,-1.));
#5832 = ( GEOMETRIC_REPRESENTATION_CONTEXT(2) 
PARAMETRIC_REPRESENTATION_CONTEXT() REPRESENTATION_CONTEXT('2D SPACE',''
  ) );
#5833 = ORIENTED_EDGE('',*,*,#537,.T.);
#5834 = ORIENTED_EDGE('',*,*,#5762,.F.);
#5835 = ORIENTED_EDGE('',*,*,#5836,.F.);
#5836 = EDGE_CURVE('',#5812,#5763,#5837,.T.);
#5837 = SURFACE_CURVE('',#5838,(#5842,#5849),.PCURVE_S1.);
#5838 = B_SPLINE_CURVE_WITH_KNOTS('',2,(#5839,#5840,#5841),
  .UNSPECIFIED.,.F.,.F.,(3,3),(0.,1.),.PIECEWISE_BEZIER_KNOTS.);
#5839 = CARTESIAN_POINT('',(-13.62109375,-1.3583984375,2.65));
#5840 = CARTESIAN_POINT('',(-13.896484375,-1.44140625,2.65));
#5841 = CARTESIAN_POINT('',(-14.208984375,-1.44140625,2.65));
#5842 = PCURVE('',#553,#5843);
#5843 = DEFINITIONAL_REPRESENTATION('',(#5844),#5848);
#5844 = LINE('',#5845,#5846);
#5845 = CARTESIAN_POINT('',(0.,0.));
#5846 = VECTOR('',#5847,1.);
#5847 = DIRECTION('',(1.,0.));
#5848 = ( GEOMETRIC_REPRESENTATION_CONTEXT(2) 
PARAMETRIC_REPRESENTATION_CONTEXT() REPRESENTATION_CONTEXT('2D SPACE',''
  ) );
#5849 = PCURVE('',#5110,#5850);
#5850 = DEFINITIONAL_REPRESENTATION('',(#5851),#5855);
#5851 = B_SPLINE_CURVE_WITH_KNOTS('',2,(#5852,#5853,#5854),
  .UNSPECIFIED.,.F.,.F.,(3,3),(0.,1.),.PIECEWISE_BEZIER_KNOTS.);
#5852 = CARTESIAN_POINT('',(2.267578125,2.63671875E-02));
#5853 = CARTESIAN_POINT('',(1.9921875,-5.6640625E-02));
#5854 = CARTESIAN_POINT('',(1.6796875,-5.6640625E-02));
#5855 = ( GEOMETRIC_REPRESENTATION_CONTEXT(2) 
PARAMETRIC_REPRESENTATION_CONTEXT() REPRESENTATION_CONTEXT('2D SPACE',''
  ) );
#5856 = ADVANCED_FACE('',(#5857),#523,.F.);
#5857 = FACE_BOUND('',#5858,.F.);
#5858 = EDGE_LOOP('',(#5859,#5882,#5883,#5884));
#5859 = ORIENTED_EDGE('',*,*,#5860,.T.);
#5860 = EDGE_CURVE('',#5861,#480,#5863,.T.);
#5861 = VERTEX_POINT('',#5862);
#5862 = CARTESIAN_POINT('',(-13.1171875,-1.11328125,2.65));
#5863 = SURFACE_CURVE('',#5864,(#5868,#5875),.PCURVE_S1.);
#5864 = LINE('',#5865,#5866);
#5865 = CARTESIAN_POINT('',(-13.1171875,-1.11328125,2.65));
#5866 = VECTOR('',#5867,1.);
#5867 = DIRECTION('',(0.,0.,1.));
#5868 = PCURVE('',#523,#5869);
#5869 = DEFINITIONAL_REPRESENTATION('',(#5870),#5874);
#5870 = LINE('',#5871,#5872);
#5871 = CARTESIAN_POINT('',(0.,0.));
#5872 = VECTOR('',#5873,1.);
#5873 = DIRECTION('',(0.,-1.));
#5874 = ( GEOMETRIC_REPRESENTATION_CONTEXT(2) 
PARAMETRIC_REPRESENTATION_CONTEXT() REPRESENTATION_CONTEXT('2D SPACE',''
  ) );
#5875 = PCURVE('',#495,#5876);
#5876 = DEFINITIONAL_REPRESENTATION('',(#5877),#5881);
#5877 = LINE('',#5878,#5879);
#5878 = CARTESIAN_POINT('',(1.251953125,0.));
#5879 = VECTOR('',#5880,1.);
#5880 = DIRECTION('',(0.,-1.));
#5881 = ( GEOMETRIC_REPRESENTATION_CONTEXT(2) 
PARAMETRIC_REPRESENTATION_CONTEXT() REPRESENTATION_CONTEXT('2D SPACE',''
  ) );
#5882 = ORIENTED_EDGE('',*,*,#507,.T.);
#5883 = ORIENTED_EDGE('',*,*,#5811,.F.);
#5884 = ORIENTED_EDGE('',*,*,#5885,.F.);
#5885 = EDGE_CURVE('',#5861,#5812,#5886,.T.);
#5886 = SURFACE_CURVE('',#5887,(#5891,#5898),.PCURVE_S1.);
#5887 = B_SPLINE_CURVE_WITH_KNOTS('',2,(#5888,#5889,#5890),
  .UNSPECIFIED.,.F.,.F.,(3,3),(0.,1.),.PIECEWISE_BEZIER_KNOTS.);
#5888 = CARTESIAN_POINT('',(-13.1171875,-1.11328125,2.65));
#5889 = CARTESIAN_POINT('',(-13.345703125,-1.275390625,2.65));
#5890 = CARTESIAN_POINT('',(-13.62109375,-1.3583984375,2.65));
#5891 = PCURVE('',#523,#5892);
#5892 = DEFINITIONAL_REPRESENTATION('',(#5893),#5897);
#5893 = LINE('',#5894,#5895);
#5894 = CARTESIAN_POINT('',(0.,0.));
#5895 = VECTOR('',#5896,1.);
#5896 = DIRECTION('',(1.,0.));
#5897 = ( GEOMETRIC_REPRESENTATION_CONTEXT(2) 
PARAMETRIC_REPRESENTATION_CONTEXT() REPRESENTATION_CONTEXT('2D SPACE',''
  ) );
#5898 = PCURVE('',#5110,#5899);
#5899 = DEFINITIONAL_REPRESENTATION('',(#5900),#5904);
#5900 = B_SPLINE_CURVE_WITH_KNOTS('',2,(#5901,#5902,#5903),
  .UNSPECIFIED.,.F.,.F.,(3,3),(0.,1.),.PIECEWISE_BEZIER_KNOTS.);
#5901 = CARTESIAN_POINT('',(2.771484375,0.271484375));
#5902 = CARTESIAN_POINT('',(2.54296875,0.109375));
#5903 = CARTESIAN_POINT('',(2.267578125,2.63671875E-02));
#5904 = ( GEOMETRIC_REPRESENTATION_CONTEXT(2) 
PARAMETRIC_REPRESENTATION_CONTEXT() REPRESENTATION_CONTEXT('2D SPACE',''
  ) );
#5905 = ADVANCED_FACE('',(#5906),#495,.F.);
#5906 = FACE_BOUND('',#5907,.F.);
#5907 = EDGE_LOOP('',(#5908,#5931,#5932,#5933));
#5908 = ORIENTED_EDGE('',*,*,#5909,.T.);
#5909 = EDGE_CURVE('',#5910,#452,#5912,.T.);
#5910 = VERTEX_POINT('',#5911);
#5911 = CARTESIAN_POINT('',(-13.1171875,0.138671875,2.65));
#5912 = SURFACE_CURVE('',#5913,(#5917,#5924),.PCURVE_S1.);
#5913 = LINE('',#5914,#5915);
#5914 = CARTESIAN_POINT('',(-13.1171875,0.138671875,2.65));
#5915 = VECTOR('',#5916,1.);
#5916 = DIRECTION('',(0.,0.,1.));
#5917 = PCURVE('',#495,#5918);
#5918 = DEFINITIONAL_REPRESENTATION('',(#5919),#5923);
#5919 = LINE('',#5920,#5921);
#5920 = CARTESIAN_POINT('',(0.,0.));
#5921 = VECTOR('',#5922,1.);
#5922 = DIRECTION('',(0.,-1.));
#5923 = ( GEOMETRIC_REPRESENTATION_CONTEXT(2) 
PARAMETRIC_REPRESENTATION_CONTEXT() REPRESENTATION_CONTEXT('2D SPACE',''
  ) );
#5924 = PCURVE('',#467,#5925);
#5925 = DEFINITIONAL_REPRESENTATION('',(#5926),#5930);
#5926 = LINE('',#5927,#5928);
#5927 = CARTESIAN_POINT('',(1.03515625,0.));
#5928 = VECTOR('',#5929,1.);
#5929 = DIRECTION('',(0.,-1.));
#5930 = ( GEOMETRIC_REPRESENTATION_CONTEXT(2) 
PARAMETRIC_REPRESENTATION_CONTEXT() REPRESENTATION_CONTEXT('2D SPACE',''
  ) );
#5931 = ORIENTED_EDGE('',*,*,#479,.T.);
#5932 = ORIENTED_EDGE('',*,*,#5860,.F.);
#5933 = ORIENTED_EDGE('',*,*,#5934,.F.);
#5934 = EDGE_CURVE('',#5910,#5861,#5935,.T.);
#5935 = SURFACE_CURVE('',#5936,(#5940,#5947),.PCURVE_S1.);
#5936 = LINE('',#5937,#5938);
#5937 = CARTESIAN_POINT('',(-13.1171875,0.138671875,2.65));
#5938 = VECTOR('',#5939,1.);
#5939 = DIRECTION('',(0.,-1.,0.));
#5940 = PCURVE('',#495,#5941);
#5941 = DEFINITIONAL_REPRESENTATION('',(#5942),#5946);
#5942 = LINE('',#5943,#5944);
#5943 = CARTESIAN_POINT('',(0.,0.));
#5944 = VECTOR('',#5945,1.);
#5945 = DIRECTION('',(1.,0.));
#5946 = ( GEOMETRIC_REPRESENTATION_CONTEXT(2) 
PARAMETRIC_REPRESENTATION_CONTEXT() REPRESENTATION_CONTEXT('2D SPACE',''
  ) );
#5947 = PCURVE('',#5110,#5948);
#5948 = DEFINITIONAL_REPRESENTATION('',(#5949),#5953);
#5949 = LINE('',#5950,#5951);
#5950 = CARTESIAN_POINT('',(2.771484375,1.5234375));
#5951 = VECTOR('',#5952,1.);
#5952 = DIRECTION('',(0.,-1.));
#5953 = ( GEOMETRIC_REPRESENTATION_CONTEXT(2) 
PARAMETRIC_REPRESENTATION_CONTEXT() REPRESENTATION_CONTEXT('2D SPACE',''
  ) );
#5954 = ADVANCED_FACE('',(#5955),#467,.F.);
#5955 = FACE_BOUND('',#5956,.F.);
#5956 = EDGE_LOOP('',(#5957,#5980,#5981,#5982));
#5957 = ORIENTED_EDGE('',*,*,#5958,.T.);
#5958 = EDGE_CURVE('',#5959,#424,#5961,.T.);
#5959 = VERTEX_POINT('',#5960);
#5960 = CARTESIAN_POINT('',(-14.15234375,0.138671875,2.65));
#5961 = SURFACE_CURVE('',#5962,(#5966,#5973),.PCURVE_S1.);
#5962 = LINE('',#5963,#5964);
#5963 = CARTESIAN_POINT('',(-14.15234375,0.138671875,2.65));
#5964 = VECTOR('',#5965,1.);
#5965 = DIRECTION('',(0.,0.,1.));
#5966 = PCURVE('',#467,#5967);
#5967 = DEFINITIONAL_REPRESENTATION('',(#5968),#5972);
#5968 = LINE('',#5969,#5970);
#5969 = CARTESIAN_POINT('',(0.,0.));
#5970 = VECTOR('',#5971,1.);
#5971 = DIRECTION('',(0.,-1.));
#5972 = ( GEOMETRIC_REPRESENTATION_CONTEXT(2) 
PARAMETRIC_REPRESENTATION_CONTEXT() REPRESENTATION_CONTEXT('2D SPACE',''
  ) );
#5973 = PCURVE('',#439,#5974);
#5974 = DEFINITIONAL_REPRESENTATION('',(#5975),#5979);
#5975 = LINE('',#5976,#5977);
#5976 = CARTESIAN_POINT('',(0.32421875,0.));
#5977 = VECTOR('',#5978,1.);
#5978 = DIRECTION('',(0.,-1.));
#5979 = ( GEOMETRIC_REPRESENTATION_CONTEXT(2) 
PARAMETRIC_REPRESENTATION_CONTEXT() REPRESENTATION_CONTEXT('2D SPACE',''
  ) );
#5980 = ORIENTED_EDGE('',*,*,#451,.T.);
#5981 = ORIENTED_EDGE('',*,*,#5909,.F.);
#5982 = ORIENTED_EDGE('',*,*,#5983,.F.);
#5983 = EDGE_CURVE('',#5959,#5910,#5984,.T.);
#5984 = SURFACE_CURVE('',#5985,(#5989,#5996),.PCURVE_S1.);
#5985 = LINE('',#5986,#5987);
#5986 = CARTESIAN_POINT('',(-14.15234375,0.138671875,2.65));
#5987 = VECTOR('',#5988,1.);
#5988 = DIRECTION('',(1.,0.,0.));
#5989 = PCURVE('',#467,#5990);
#5990 = DEFINITIONAL_REPRESENTATION('',(#5991),#5995);
#5991 = LINE('',#5992,#5993);
#5992 = CARTESIAN_POINT('',(0.,0.));
#5993 = VECTOR('',#5994,1.);
#5994 = DIRECTION('',(1.,0.));
#5995 = ( GEOMETRIC_REPRESENTATION_CONTEXT(2) 
PARAMETRIC_REPRESENTATION_CONTEXT() REPRESENTATION_CONTEXT('2D SPACE',''
  ) );
#5996 = PCURVE('',#5110,#5997);
#5997 = DEFINITIONAL_REPRESENTATION('',(#5998),#6002);
#5998 = LINE('',#5999,#6000);
#5999 = CARTESIAN_POINT('',(1.736328125,1.5234375));
#6000 = VECTOR('',#6001,1.);
#6001 = DIRECTION('',(1.,0.));
#6002 = ( GEOMETRIC_REPRESENTATION_CONTEXT(2) 
PARAMETRIC_REPRESENTATION_CONTEXT() REPRESENTATION_CONTEXT('2D SPACE',''
  ) );
#6003 = ADVANCED_FACE('',(#6004),#439,.F.);
#6004 = FACE_BOUND('',#6005,.F.);
#6005 = EDGE_LOOP('',(#6006,#6029,#6030,#6031));
#6006 = ORIENTED_EDGE('',*,*,#6007,.T.);
#6007 = EDGE_CURVE('',#6008,#396,#6010,.T.);
#6008 = VERTEX_POINT('',#6009);
#6009 = CARTESIAN_POINT('',(-14.15234375,-0.185546875,2.65));
#6010 = SURFACE_CURVE('',#6011,(#6015,#6022),.PCURVE_S1.);
#6011 = LINE('',#6012,#6013);
#6012 = CARTESIAN_POINT('',(-14.15234375,-0.185546875,2.65));
#6013 = VECTOR('',#6014,1.);
#6014 = DIRECTION('',(0.,0.,1.));
#6015 = PCURVE('',#439,#6016);
#6016 = DEFINITIONAL_REPRESENTATION('',(#6017),#6021);
#6017 = LINE('',#6018,#6019);
#6018 = CARTESIAN_POINT('',(0.,0.));
#6019 = VECTOR('',#6020,1.);
#6020 = DIRECTION('',(0.,-1.));
#6021 = ( GEOMETRIC_REPRESENTATION_CONTEXT(2) 
PARAMETRIC_REPRESENTATION_CONTEXT() REPRESENTATION_CONTEXT('2D SPACE',''
  ) );
#6022 = PCURVE('',#411,#6023);
#6023 = DEFINITIONAL_REPRESENTATION('',(#6024),#6028);
#6024 = LINE('',#6025,#6026);
#6025 = CARTESIAN_POINT('',(0.64453125,0.));
#6026 = VECTOR('',#6027,1.);
#6027 = DIRECTION('',(0.,-1.));
#6028 = ( GEOMETRIC_REPRESENTATION_CONTEXT(2) 
PARAMETRIC_REPRESENTATION_CONTEXT() REPRESENTATION_CONTEXT('2D SPACE',''
  ) );
#6029 = ORIENTED_EDGE('',*,*,#423,.T.);
#6030 = ORIENTED_EDGE('',*,*,#5958,.F.);
#6031 = ORIENTED_EDGE('',*,*,#6032,.F.);
#6032 = EDGE_CURVE('',#6008,#5959,#6033,.T.);
#6033 = SURFACE_CURVE('',#6034,(#6038,#6045),.PCURVE_S1.);
#6034 = LINE('',#6035,#6036);
#6035 = CARTESIAN_POINT('',(-14.15234375,-0.185546875,2.65));
#6036 = VECTOR('',#6037,1.);
#6037 = DIRECTION('',(0.,1.,0.));
#6038 = PCURVE('',#439,#6039);
#6039 = DEFINITIONAL_REPRESENTATION('',(#6040),#6044);
#6040 = LINE('',#6041,#6042);
#6041 = CARTESIAN_POINT('',(0.,0.));
#6042 = VECTOR('',#6043,1.);
#6043 = DIRECTION('',(1.,0.));
#6044 = ( GEOMETRIC_REPRESENTATION_CONTEXT(2) 
PARAMETRIC_REPRESENTATION_CONTEXT() REPRESENTATION_CONTEXT('2D SPACE',''
  ) );
#6045 = PCURVE('',#5110,#6046);
#6046 = DEFINITIONAL_REPRESENTATION('',(#6047),#6051);
#6047 = LINE('',#6048,#6049);
#6048 = CARTESIAN_POINT('',(1.736328125,1.19921875));
#6049 = VECTOR('',#6050,1.);
#6050 = DIRECTION('',(0.,1.));
#6051 = ( GEOMETRIC_REPRESENTATION_CONTEXT(2) 
PARAMETRIC_REPRESENTATION_CONTEXT() REPRESENTATION_CONTEXT('2D SPACE',''
  ) );
#6052 = ADVANCED_FACE('',(#6053),#411,.F.);
#6053 = FACE_BOUND('',#6054,.F.);
#6054 = EDGE_LOOP('',(#6055,#6078,#6079,#6080));
#6055 = ORIENTED_EDGE('',*,*,#6056,.T.);
#6056 = EDGE_CURVE('',#6057,#368,#6059,.T.);
#6057 = VERTEX_POINT('',#6058);
#6058 = CARTESIAN_POINT('',(-13.5078125,-0.185546875,2.65));
#6059 = SURFACE_CURVE('',#6060,(#6064,#6071),.PCURVE_S1.);
#6060 = LINE('',#6061,#6062);
#6061 = CARTESIAN_POINT('',(-13.5078125,-0.185546875,2.65));
#6062 = VECTOR('',#6063,1.);
#6063 = DIRECTION('',(0.,0.,1.));
#6064 = PCURVE('',#411,#6065);
#6065 = DEFINITIONAL_REPRESENTATION('',(#6066),#6070);
#6066 = LINE('',#6067,#6068);
#6067 = CARTESIAN_POINT('',(0.,-0.));
#6068 = VECTOR('',#6069,1.);
#6069 = DIRECTION('',(0.,-1.));
#6070 = ( GEOMETRIC_REPRESENTATION_CONTEXT(2) 
PARAMETRIC_REPRESENTATION_CONTEXT() REPRESENTATION_CONTEXT('2D SPACE',''
  ) );
#6071 = PCURVE('',#383,#6072);
#6072 = DEFINITIONAL_REPRESENTATION('',(#6073),#6077);
#6073 = LINE('',#6074,#6075);
#6074 = CARTESIAN_POINT('',(0.783203125,0.));
#6075 = VECTOR('',#6076,1.);
#6076 = DIRECTION('',(0.,-1.));
#6077 = ( GEOMETRIC_REPRESENTATION_CONTEXT(2) 
PARAMETRIC_REPRESENTATION_CONTEXT() REPRESENTATION_CONTEXT('2D SPACE',''
  ) );
#6078 = ORIENTED_EDGE('',*,*,#395,.T.);
#6079 = ORIENTED_EDGE('',*,*,#6007,.F.);
#6080 = ORIENTED_EDGE('',*,*,#6081,.F.);
#6081 = EDGE_CURVE('',#6057,#6008,#6082,.T.);
#6082 = SURFACE_CURVE('',#6083,(#6087,#6094),.PCURVE_S1.);
#6083 = LINE('',#6084,#6085);
#6084 = CARTESIAN_POINT('',(-13.5078125,-0.185546875,2.65));
#6085 = VECTOR('',#6086,1.);
#6086 = DIRECTION('',(-1.,0.,0.));
#6087 = PCURVE('',#411,#6088);
#6088 = DEFINITIONAL_REPRESENTATION('',(#6089),#6093);
#6089 = LINE('',#6090,#6091);
#6090 = CARTESIAN_POINT('',(0.,-0.));
#6091 = VECTOR('',#6092,1.);
#6092 = DIRECTION('',(1.,0.));
#6093 = ( GEOMETRIC_REPRESENTATION_CONTEXT(2) 
PARAMETRIC_REPRESENTATION_CONTEXT() REPRESENTATION_CONTEXT('2D SPACE',''
  ) );
#6094 = PCURVE('',#5110,#6095);
#6095 = DEFINITIONAL_REPRESENTATION('',(#6096),#6100);
#6096 = LINE('',#6097,#6098);
#6097 = CARTESIAN_POINT('',(2.380859375,1.19921875));
#6098 = VECTOR('',#6099,1.);
#6099 = DIRECTION('',(-1.,0.));
#6100 = ( GEOMETRIC_REPRESENTATION_CONTEXT(2) 
PARAMETRIC_REPRESENTATION_CONTEXT() REPRESENTATION_CONTEXT('2D SPACE',''
  ) );
#6101 = ADVANCED_FACE('',(#6102),#383,.F.);
#6102 = FACE_BOUND('',#6103,.F.);
#6103 = EDGE_LOOP('',(#6104,#6105,#6106,#6107));
#6104 = ORIENTED_EDGE('',*,*,#5073,.T.);
#6105 = ORIENTED_EDGE('',*,*,#367,.T.);
#6106 = ORIENTED_EDGE('',*,*,#6056,.F.);
#6107 = ORIENTED_EDGE('',*,*,#6108,.F.);
#6108 = EDGE_CURVE('',#5074,#6057,#6109,.T.);
#6109 = SURFACE_CURVE('',#6110,(#6114,#6121),.PCURVE_S1.);
#6110 = LINE('',#6111,#6112);
#6111 = CARTESIAN_POINT('',(-13.5078125,-0.96875,2.65));
#6112 = VECTOR('',#6113,1.);
#6113 = DIRECTION('',(0.,1.,0.));
#6114 = PCURVE('',#383,#6115);
#6115 = DEFINITIONAL_REPRESENTATION('',(#6116),#6120);
#6116 = LINE('',#6117,#6118);
#6117 = CARTESIAN_POINT('',(0.,0.));
#6118 = VECTOR('',#6119,1.);
#6119 = DIRECTION('',(1.,0.));
#6120 = ( GEOMETRIC_REPRESENTATION_CONTEXT(2) 
PARAMETRIC_REPRESENTATION_CONTEXT() REPRESENTATION_CONTEXT('2D SPACE',''
  ) );
#6121 = PCURVE('',#5110,#6122);
#6122 = DEFINITIONAL_REPRESENTATION('',(#6123),#6127);
#6123 = LINE('',#6124,#6125);
#6124 = CARTESIAN_POINT('',(2.380859375,0.416015625));
#6125 = VECTOR('',#6126,1.);
#6126 = DIRECTION('',(0.,1.));
#6127 = ( GEOMETRIC_REPRESENTATION_CONTEXT(2) 
PARAMETRIC_REPRESENTATION_CONTEXT() REPRESENTATION_CONTEXT('2D SPACE',''
  ) );
#6128 = ADVANCED_FACE('',(#6129),#1003,.F.);
#6129 = FACE_BOUND('',#6130,.F.);
#6130 = EDGE_LOOP('',(#6131,#6154,#6155,#6178));
#6131 = ORIENTED_EDGE('',*,*,#6132,.T.);
#6132 = EDGE_CURVE('',#6133,#986,#6135,.T.);
#6133 = VERTEX_POINT('',#6134);
#6134 = CARTESIAN_POINT('',(-12.341796875,-1.384765625,2.65));
#6135 = SURFACE_CURVE('',#6136,(#6140,#6147),.PCURVE_S1.);
#6136 = LINE('',#6137,#6138);
#6137 = CARTESIAN_POINT('',(-12.341796875,-1.384765625,2.65));
#6138 = VECTOR('',#6139,1.);
#6139 = DIRECTION('',(0.,0.,1.));
#6140 = PCURVE('',#1003,#6141);
#6141 = DEFINITIONAL_REPRESENTATION('',(#6142),#6146);
#6142 = LINE('',#6143,#6144);
#6143 = CARTESIAN_POINT('',(0.,-0.));
#6144 = VECTOR('',#6145,1.);
#6145 = DIRECTION('',(0.,-1.));
#6146 = ( GEOMETRIC_REPRESENTATION_CONTEXT(2) 
PARAMETRIC_REPRESENTATION_CONTEXT() REPRESENTATION_CONTEXT('2D SPACE',''
  ) );
#6147 = PCURVE('',#1197,#6148);
#6148 = DEFINITIONAL_REPRESENTATION('',(#6149),#6153);
#6149 = LINE('',#6150,#6151);
#6150 = CARTESIAN_POINT('',(0.79380776503,0.));
#6151 = VECTOR('',#6152,1.);
#6152 = DIRECTION('',(0.,-1.));
#6153 = ( GEOMETRIC_REPRESENTATION_CONTEXT(2) 
PARAMETRIC_REPRESENTATION_CONTEXT() REPRESENTATION_CONTEXT('2D SPACE',''
  ) );
#6154 = ORIENTED_EDGE('',*,*,#985,.T.);
#6155 = ORIENTED_EDGE('',*,*,#6156,.F.);
#6156 = EDGE_CURVE('',#6157,#988,#6159,.T.);
#6157 = VERTEX_POINT('',#6158);
#6158 = CARTESIAN_POINT('',(-12.7578125,-1.384765625,2.65));
#6159 = SURFACE_CURVE('',#6160,(#6164,#6171),.PCURVE_S1.);
#6160 = LINE('',#6161,#6162);
#6161 = CARTESIAN_POINT('',(-12.7578125,-1.384765625,2.65));
#6162 = VECTOR('',#6163,1.);
#6163 = DIRECTION('',(0.,0.,1.));
#6164 = PCURVE('',#1003,#6165);
#6165 = DEFINITIONAL_REPRESENTATION('',(#6166),#6170);
#6166 = LINE('',#6167,#6168);
#6167 = CARTESIAN_POINT('',(0.416015625,0.));
#6168 = VECTOR('',#6169,1.);
#6169 = DIRECTION('',(0.,-1.));
#6170 = ( GEOMETRIC_REPRESENTATION_CONTEXT(2) 
PARAMETRIC_REPRESENTATION_CONTEXT() REPRESENTATION_CONTEXT('2D SPACE',''
  ) );
#6171 = PCURVE('',#1031,#6172);
#6172 = DEFINITIONAL_REPRESENTATION('',(#6173),#6177);
#6173 = LINE('',#6174,#6175);
#6174 = CARTESIAN_POINT('',(0.,0.));
#6175 = VECTOR('',#6176,1.);
#6176 = DIRECTION('',(0.,-1.));
#6177 = ( GEOMETRIC_REPRESENTATION_CONTEXT(2) 
PARAMETRIC_REPRESENTATION_CONTEXT() REPRESENTATION_CONTEXT('2D SPACE',''
  ) );
#6178 = ORIENTED_EDGE('',*,*,#6179,.F.);
#6179 = EDGE_CURVE('',#6133,#6157,#6180,.T.);
#6180 = SURFACE_CURVE('',#6181,(#6185,#6192),.PCURVE_S1.);
#6181 = LINE('',#6182,#6183);
#6182 = CARTESIAN_POINT('',(-12.341796875,-1.384765625,2.65));
#6183 = VECTOR('',#6184,1.);
#6184 = DIRECTION('',(-1.,0.,0.));
#6185 = PCURVE('',#1003,#6186);
#6186 = DEFINITIONAL_REPRESENTATION('',(#6187),#6191);
#6187 = LINE('',#6188,#6189);
#6188 = CARTESIAN_POINT('',(0.,-0.));
#6189 = VECTOR('',#6190,1.);
#6190 = DIRECTION('',(1.,0.));
#6191 = ( GEOMETRIC_REPRESENTATION_CONTEXT(2) 
PARAMETRIC_REPRESENTATION_CONTEXT() REPRESENTATION_CONTEXT('2D SPACE',''
  ) );
#6192 = PCURVE('',#6193,#6198);
#6193 = PLANE('',#6194);
#6194 = AXIS2_PLACEMENT_3D('',#6195,#6196,#6197);
#6195 = CARTESIAN_POINT('',(-12.7890625,-1.384765625,2.65));
#6196 = DIRECTION('',(0.,0.,1.));
#6197 = DIRECTION('',(1.,0.,0.));
#6198 = DEFINITIONAL_REPRESENTATION('',(#6199),#6203);
#6199 = LINE('',#6200,#6201);
#6200 = CARTESIAN_POINT('',(0.447265625,0.));
#6201 = VECTOR('',#6202,1.);
#6202 = DIRECTION('',(-1.,0.));
#6203 = ( GEOMETRIC_REPRESENTATION_CONTEXT(2) 
PARAMETRIC_REPRESENTATION_CONTEXT() REPRESENTATION_CONTEXT('2D SPACE',''
  ) );
#6204 = ADVANCED_FACE('',(#6205),#1197,.F.);
#6205 = FACE_BOUND('',#6206,.F.);
#6206 = EDGE_LOOP('',(#6207,#6230,#6231,#6232));
#6207 = ORIENTED_EDGE('',*,*,#6208,.T.);
#6208 = EDGE_CURVE('',#6209,#1156,#6211,.T.);
#6209 = VERTEX_POINT('',#6210);
#6210 = CARTESIAN_POINT('',(-12.076171875,-0.63671875,2.65));
#6211 = SURFACE_CURVE('',#6212,(#6216,#6223),.PCURVE_S1.);
#6212 = LINE('',#6213,#6214);
#6213 = CARTESIAN_POINT('',(-12.076171875,-0.63671875,2.65));
#6214 = VECTOR('',#6215,1.);
#6215 = DIRECTION('',(0.,0.,1.));
#6216 = PCURVE('',#1197,#6217);
#6217 = DEFINITIONAL_REPRESENTATION('',(#6218),#6222);
#6218 = LINE('',#6219,#6220);
#6219 = CARTESIAN_POINT('',(0.,0.));
#6220 = VECTOR('',#6221,1.);
#6221 = DIRECTION('',(0.,-1.));
#6222 = ( GEOMETRIC_REPRESENTATION_CONTEXT(2) 
PARAMETRIC_REPRESENTATION_CONTEXT() REPRESENTATION_CONTEXT('2D SPACE',''
  ) );
#6223 = PCURVE('',#1171,#6224);
#6224 = DEFINITIONAL_REPRESENTATION('',(#6225),#6229);
#6225 = LINE('',#6226,#6227);
#6226 = CARTESIAN_POINT('',(1.314453125,0.));
#6227 = VECTOR('',#6228,1.);
#6228 = DIRECTION('',(0.,-1.));
#6229 = ( GEOMETRIC_REPRESENTATION_CONTEXT(2) 
PARAMETRIC_REPRESENTATION_CONTEXT() REPRESENTATION_CONTEXT('2D SPACE',''
  ) );
#6230 = ORIENTED_EDGE('',*,*,#1183,.T.);
#6231 = ORIENTED_EDGE('',*,*,#6132,.F.);
#6232 = ORIENTED_EDGE('',*,*,#6233,.F.);
#6233 = EDGE_CURVE('',#6209,#6133,#6234,.T.);
#6234 = SURFACE_CURVE('',#6235,(#6239,#6246),.PCURVE_S1.);
#6235 = LINE('',#6236,#6237);
#6236 = CARTESIAN_POINT('',(-12.076171875,-0.63671875,2.65));
#6237 = VECTOR('',#6238,1.);
#6238 = DIRECTION('',(-0.334621317278,-0.942352680276,0.));
#6239 = PCURVE('',#1197,#6240);
#6240 = DEFINITIONAL_REPRESENTATION('',(#6241),#6245);
#6241 = LINE('',#6242,#6243);
#6242 = CARTESIAN_POINT('',(0.,0.));
#6243 = VECTOR('',#6244,1.);
#6244 = DIRECTION('',(1.,0.));
#6245 = ( GEOMETRIC_REPRESENTATION_CONTEXT(2) 
PARAMETRIC_REPRESENTATION_CONTEXT() REPRESENTATION_CONTEXT('2D SPACE',''
  ) );
#6246 = PCURVE('',#6193,#6247);
#6247 = DEFINITIONAL_REPRESENTATION('',(#6248),#6252);
#6248 = LINE('',#6249,#6250);
#6249 = CARTESIAN_POINT('',(0.712890625,0.748046875));
#6250 = VECTOR('',#6251,1.);
#6251 = DIRECTION('',(-0.334621317278,-0.942352680276));
#6252 = ( GEOMETRIC_REPRESENTATION_CONTEXT(2) 
PARAMETRIC_REPRESENTATION_CONTEXT() REPRESENTATION_CONTEXT('2D SPACE',''
  ) );
#6253 = ADVANCED_FACE('',(#6254),#1171,.F.);
#6254 = FACE_BOUND('',#6255,.F.);
#6255 = EDGE_LOOP('',(#6256,#6279,#6280,#6281));
#6256 = ORIENTED_EDGE('',*,*,#6257,.T.);
#6257 = EDGE_CURVE('',#6258,#1128,#6260,.T.);
#6258 = VERTEX_POINT('',#6259);
#6259 = CARTESIAN_POINT('',(-10.76171875,-0.63671875,2.65));
#6260 = SURFACE_CURVE('',#6261,(#6265,#6272),.PCURVE_S1.);
#6261 = LINE('',#6262,#6263);
#6262 = CARTESIAN_POINT('',(-10.76171875,-0.63671875,2.65));
#6263 = VECTOR('',#6264,1.);
#6264 = DIRECTION('',(0.,0.,1.));
#6265 = PCURVE('',#1171,#6266);
#6266 = DEFINITIONAL_REPRESENTATION('',(#6267),#6271);
#6267 = LINE('',#6268,#6269);
#6268 = CARTESIAN_POINT('',(0.,-0.));
#6269 = VECTOR('',#6270,1.);
#6270 = DIRECTION('',(0.,-1.));
#6271 = ( GEOMETRIC_REPRESENTATION_CONTEXT(2) 
PARAMETRIC_REPRESENTATION_CONTEXT() REPRESENTATION_CONTEXT('2D SPACE',''
  ) );
#6272 = PCURVE('',#1143,#6273);
#6273 = DEFINITIONAL_REPRESENTATION('',(#6274),#6278);
#6274 = LINE('',#6275,#6276);
#6275 = CARTESIAN_POINT('',(0.79380776503,0.));
#6276 = VECTOR('',#6277,1.);
#6277 = DIRECTION('',(0.,-1.));
#6278 = ( GEOMETRIC_REPRESENTATION_CONTEXT(2) 
PARAMETRIC_REPRESENTATION_CONTEXT() REPRESENTATION_CONTEXT('2D SPACE',''
  ) );
#6279 = ORIENTED_EDGE('',*,*,#1155,.T.);
#6280 = ORIENTED_EDGE('',*,*,#6208,.F.);
#6281 = ORIENTED_EDGE('',*,*,#6282,.F.);
#6282 = EDGE_CURVE('',#6258,#6209,#6283,.T.);
#6283 = SURFACE_CURVE('',#6284,(#6288,#6295),.PCURVE_S1.);
#6284 = LINE('',#6285,#6286);
#6285 = CARTESIAN_POINT('',(-10.76171875,-0.63671875,2.65));
#6286 = VECTOR('',#6287,1.);
#6287 = DIRECTION('',(-1.,0.,0.));
#6288 = PCURVE('',#1171,#6289);
#6289 = DEFINITIONAL_REPRESENTATION('',(#6290),#6294);
#6290 = LINE('',#6291,#6292);
#6291 = CARTESIAN_POINT('',(0.,-0.));
#6292 = VECTOR('',#6293,1.);
#6293 = DIRECTION('',(1.,0.));
#6294 = ( GEOMETRIC_REPRESENTATION_CONTEXT(2) 
PARAMETRIC_REPRESENTATION_CONTEXT() REPRESENTATION_CONTEXT('2D SPACE',''
  ) );
#6295 = PCURVE('',#6193,#6296);
#6296 = DEFINITIONAL_REPRESENTATION('',(#6297),#6301);
#6297 = LINE('',#6298,#6299);
#6298 = CARTESIAN_POINT('',(2.02734375,0.748046875));
#6299 = VECTOR('',#6300,1.);
#6300 = DIRECTION('',(-1.,0.));
#6301 = ( GEOMETRIC_REPRESENTATION_CONTEXT(2) 
PARAMETRIC_REPRESENTATION_CONTEXT() REPRESENTATION_CONTEXT('2D SPACE',''
  ) );
#6302 = ADVANCED_FACE('',(#6303),#1143,.F.);
#6303 = FACE_BOUND('',#6304,.F.);
#6304 = EDGE_LOOP('',(#6305,#6328,#6329,#6330));
#6305 = ORIENTED_EDGE('',*,*,#6306,.T.);
#6306 = EDGE_CURVE('',#6307,#1100,#6309,.T.);
#6307 = VERTEX_POINT('',#6308);
#6308 = CARTESIAN_POINT('',(-10.49609375,-1.384765625,2.65));
#6309 = SURFACE_CURVE('',#6310,(#6314,#6321),.PCURVE_S1.);
#6310 = LINE('',#6311,#6312);
#6311 = CARTESIAN_POINT('',(-10.49609375,-1.384765625,2.65));
#6312 = VECTOR('',#6313,1.);
#6313 = DIRECTION('',(0.,0.,1.));
#6314 = PCURVE('',#1143,#6315);
#6315 = DEFINITIONAL_REPRESENTATION('',(#6316),#6320);
#6316 = LINE('',#6317,#6318);
#6317 = CARTESIAN_POINT('',(0.,0.));
#6318 = VECTOR('',#6319,1.);
#6319 = DIRECTION('',(0.,-1.));
#6320 = ( GEOMETRIC_REPRESENTATION_CONTEXT(2) 
PARAMETRIC_REPRESENTATION_CONTEXT() REPRESENTATION_CONTEXT('2D SPACE',''
  ) );
#6321 = PCURVE('',#1115,#6322);
#6322 = DEFINITIONAL_REPRESENTATION('',(#6323),#6327);
#6323 = LINE('',#6324,#6325);
#6324 = CARTESIAN_POINT('',(0.41015625,0.));
#6325 = VECTOR('',#6326,1.);
#6326 = DIRECTION('',(0.,-1.));
#6327 = ( GEOMETRIC_REPRESENTATION_CONTEXT(2) 
PARAMETRIC_REPRESENTATION_CONTEXT() REPRESENTATION_CONTEXT('2D SPACE',''
  ) );
#6328 = ORIENTED_EDGE('',*,*,#1127,.T.);
#6329 = ORIENTED_EDGE('',*,*,#6257,.F.);
#6330 = ORIENTED_EDGE('',*,*,#6331,.F.);
#6331 = EDGE_CURVE('',#6307,#6258,#6332,.T.);
#6332 = SURFACE_CURVE('',#6333,(#6337,#6344),.PCURVE_S1.);
#6333 = LINE('',#6334,#6335);
#6334 = CARTESIAN_POINT('',(-10.49609375,-1.384765625,2.65));
#6335 = VECTOR('',#6336,1.);
#6336 = DIRECTION('',(-0.334621317278,0.942352680276,0.));
#6337 = PCURVE('',#1143,#6338);
#6338 = DEFINITIONAL_REPRESENTATION('',(#6339),#6343);
#6339 = LINE('',#6340,#6341);
#6340 = CARTESIAN_POINT('',(0.,0.));
#6341 = VECTOR('',#6342,1.);
#6342 = DIRECTION('',(1.,0.));
#6343 = ( GEOMETRIC_REPRESENTATION_CONTEXT(2) 
PARAMETRIC_REPRESENTATION_CONTEXT() REPRESENTATION_CONTEXT('2D SPACE',''
  ) );
#6344 = PCURVE('',#6193,#6345);
#6345 = DEFINITIONAL_REPRESENTATION('',(#6346),#6350);
#6346 = LINE('',#6347,#6348);
#6347 = CARTESIAN_POINT('',(2.29296875,0.));
#6348 = VECTOR('',#6349,1.);
#6349 = DIRECTION('',(-0.334621317278,0.942352680276));
#6350 = ( GEOMETRIC_REPRESENTATION_CONTEXT(2) 
PARAMETRIC_REPRESENTATION_CONTEXT() REPRESENTATION_CONTEXT('2D SPACE',''
  ) );
#6351 = ADVANCED_FACE('',(#6352),#1115,.F.);
#6352 = FACE_BOUND('',#6353,.F.);
#6353 = EDGE_LOOP('',(#6354,#6377,#6378,#6379));
#6354 = ORIENTED_EDGE('',*,*,#6355,.T.);
#6355 = EDGE_CURVE('',#6356,#1072,#6358,.T.);
#6356 = VERTEX_POINT('',#6357);
#6357 = CARTESIAN_POINT('',(-10.0859375,-1.384765625,2.65));
#6358 = SURFACE_CURVE('',#6359,(#6363,#6370),.PCURVE_S1.);
#6359 = LINE('',#6360,#6361);
#6360 = CARTESIAN_POINT('',(-10.0859375,-1.384765625,2.65));
#6361 = VECTOR('',#6362,1.);
#6362 = DIRECTION('',(0.,0.,1.));
#6363 = PCURVE('',#1115,#6364);
#6364 = DEFINITIONAL_REPRESENTATION('',(#6365),#6369);
#6365 = LINE('',#6366,#6367);
#6366 = CARTESIAN_POINT('',(0.,-0.));
#6367 = VECTOR('',#6368,1.);
#6368 = DIRECTION('',(0.,-1.));
#6369 = ( GEOMETRIC_REPRESENTATION_CONTEXT(2) 
PARAMETRIC_REPRESENTATION_CONTEXT() REPRESENTATION_CONTEXT('2D SPACE',''
  ) );
#6370 = PCURVE('',#1087,#6371);
#6371 = DEFINITIONAL_REPRESENTATION('',(#6372),#6376);
#6372 = LINE('',#6373,#6374);
#6373 = CARTESIAN_POINT('',(3.120608486603,0.));
#6374 = VECTOR('',#6375,1.);
#6375 = DIRECTION('',(0.,-1.));
#6376 = ( GEOMETRIC_REPRESENTATION_CONTEXT(2) 
PARAMETRIC_REPRESENTATION_CONTEXT() REPRESENTATION_CONTEXT('2D SPACE',''
  ) );
#6377 = ORIENTED_EDGE('',*,*,#1099,.T.);
#6378 = ORIENTED_EDGE('',*,*,#6306,.F.);
#6379 = ORIENTED_EDGE('',*,*,#6380,.F.);
#6380 = EDGE_CURVE('',#6356,#6307,#6381,.T.);
#6381 = SURFACE_CURVE('',#6382,(#6386,#6393),.PCURVE_S1.);
#6382 = LINE('',#6383,#6384);
#6383 = CARTESIAN_POINT('',(-10.0859375,-1.384765625,2.65));
#6384 = VECTOR('',#6385,1.);
#6385 = DIRECTION('',(-1.,0.,0.));
#6386 = PCURVE('',#1115,#6387);
#6387 = DEFINITIONAL_REPRESENTATION('',(#6388),#6392);
#6388 = LINE('',#6389,#6390);
#6389 = CARTESIAN_POINT('',(0.,-0.));
#6390 = VECTOR('',#6391,1.);
#6391 = DIRECTION('',(1.,0.));
#6392 = ( GEOMETRIC_REPRESENTATION_CONTEXT(2) 
PARAMETRIC_REPRESENTATION_CONTEXT() REPRESENTATION_CONTEXT('2D SPACE',''
  ) );
#6393 = PCURVE('',#6193,#6394);
#6394 = DEFINITIONAL_REPRESENTATION('',(#6395),#6399);
#6395 = LINE('',#6396,#6397);
#6396 = CARTESIAN_POINT('',(2.703125,0.));
#6397 = VECTOR('',#6398,1.);
#6398 = DIRECTION('',(-1.,0.));
#6399 = ( GEOMETRIC_REPRESENTATION_CONTEXT(2) 
PARAMETRIC_REPRESENTATION_CONTEXT() REPRESENTATION_CONTEXT('2D SPACE',''
  ) );
#6400 = ADVANCED_FACE('',(#6401),#1087,.F.);
#6401 = FACE_BOUND('',#6402,.F.);
#6402 = EDGE_LOOP('',(#6403,#6426,#6427,#6428));
#6403 = ORIENTED_EDGE('',*,*,#6404,.T.);
#6404 = EDGE_CURVE('',#6405,#1044,#6407,.T.);
#6405 = VERTEX_POINT('',#6406);
#6406 = CARTESIAN_POINT('',(-11.197265625,1.53125,2.65));
#6407 = SURFACE_CURVE('',#6408,(#6412,#6419),.PCURVE_S1.);
#6408 = LINE('',#6409,#6410);
#6409 = CARTESIAN_POINT('',(-11.197265625,1.53125,2.65));
#6410 = VECTOR('',#6411,1.);
#6411 = DIRECTION('',(0.,0.,1.));
#6412 = PCURVE('',#1087,#6413);
#6413 = DEFINITIONAL_REPRESENTATION('',(#6414),#6418);
#6414 = LINE('',#6415,#6416);
#6415 = CARTESIAN_POINT('',(0.,0.));
#6416 = VECTOR('',#6417,1.);
#6417 = DIRECTION('',(0.,-1.));
#6418 = ( GEOMETRIC_REPRESENTATION_CONTEXT(2) 
PARAMETRIC_REPRESENTATION_CONTEXT() REPRESENTATION_CONTEXT('2D SPACE',''
  ) );
#6419 = PCURVE('',#1059,#6420);
#6420 = DEFINITIONAL_REPRESENTATION('',(#6421),#6425);
#6421 = LINE('',#6422,#6423);
#6422 = CARTESIAN_POINT('',(0.447265625,0.));
#6423 = VECTOR('',#6424,1.);
#6424 = DIRECTION('',(0.,-1.));
#6425 = ( GEOMETRIC_REPRESENTATION_CONTEXT(2) 
PARAMETRIC_REPRESENTATION_CONTEXT() REPRESENTATION_CONTEXT('2D SPACE',''
  ) );
#6426 = ORIENTED_EDGE('',*,*,#1071,.T.);
#6427 = ORIENTED_EDGE('',*,*,#6355,.F.);
#6428 = ORIENTED_EDGE('',*,*,#6429,.F.);
#6429 = EDGE_CURVE('',#6405,#6356,#6430,.T.);
#6430 = SURFACE_CURVE('',#6431,(#6435,#6442),.PCURVE_S1.);
#6431 = LINE('',#6432,#6433);
#6432 = CARTESIAN_POINT('',(-11.197265625,1.53125,2.65));
#6433 = VECTOR('',#6434,1.);
#6434 = DIRECTION('',(0.35612545751,-0.934438151251,0.));
#6435 = PCURVE('',#1087,#6436);
#6436 = DEFINITIONAL_REPRESENTATION('',(#6437),#6441);
#6437 = LINE('',#6438,#6439);
#6438 = CARTESIAN_POINT('',(0.,0.));
#6439 = VECTOR('',#6440,1.);
#6440 = DIRECTION('',(1.,0.));
#6441 = ( GEOMETRIC_REPRESENTATION_CONTEXT(2) 
PARAMETRIC_REPRESENTATION_CONTEXT() REPRESENTATION_CONTEXT('2D SPACE',''
  ) );
#6442 = PCURVE('',#6193,#6443);
#6443 = DEFINITIONAL_REPRESENTATION('',(#6444),#6448);
#6444 = LINE('',#6445,#6446);
#6445 = CARTESIAN_POINT('',(1.591796875,2.916015625));
#6446 = VECTOR('',#6447,1.);
#6447 = DIRECTION('',(0.35612545751,-0.934438151251));
#6448 = ( GEOMETRIC_REPRESENTATION_CONTEXT(2) 
PARAMETRIC_REPRESENTATION_CONTEXT() REPRESENTATION_CONTEXT('2D SPACE',''
  ) );
#6449 = ADVANCED_FACE('',(#6450),#1059,.F.);
#6450 = FACE_BOUND('',#6451,.F.);
#6451 = EDGE_LOOP('',(#6452,#6475,#6476,#6477));
#6452 = ORIENTED_EDGE('',*,*,#6453,.T.);
#6453 = EDGE_CURVE('',#6454,#1016,#6456,.T.);
#6454 = VERTEX_POINT('',#6455);
#6455 = CARTESIAN_POINT('',(-11.64453125,1.53125,2.65));
#6456 = SURFACE_CURVE('',#6457,(#6461,#6468),.PCURVE_S1.);
#6457 = LINE('',#6458,#6459);
#6458 = CARTESIAN_POINT('',(-11.64453125,1.53125,2.65));
#6459 = VECTOR('',#6460,1.);
#6460 = DIRECTION('',(0.,0.,1.));
#6461 = PCURVE('',#1059,#6462);
#6462 = DEFINITIONAL_REPRESENTATION('',(#6463),#6467);
#6463 = LINE('',#6464,#6465);
#6464 = CARTESIAN_POINT('',(0.,0.));
#6465 = VECTOR('',#6466,1.);
#6466 = DIRECTION('',(0.,-1.));
#6467 = ( GEOMETRIC_REPRESENTATION_CONTEXT(2) 
PARAMETRIC_REPRESENTATION_CONTEXT() REPRESENTATION_CONTEXT('2D SPACE',''
  ) );
#6468 = PCURVE('',#1031,#6469);
#6469 = DEFINITIONAL_REPRESENTATION('',(#6470),#6474);
#6470 = LINE('',#6471,#6472);
#6471 = CARTESIAN_POINT('',(3.121304577712,0.));
#6472 = VECTOR('',#6473,1.);
#6473 = DIRECTION('',(0.,-1.));
#6474 = ( GEOMETRIC_REPRESENTATION_CONTEXT(2) 
PARAMETRIC_REPRESENTATION_CONTEXT() REPRESENTATION_CONTEXT('2D SPACE',''
  ) );
#6475 = ORIENTED_EDGE('',*,*,#1043,.T.);
#6476 = ORIENTED_EDGE('',*,*,#6404,.F.);
#6477 = ORIENTED_EDGE('',*,*,#6478,.F.);
#6478 = EDGE_CURVE('',#6454,#6405,#6479,.T.);
#6479 = SURFACE_CURVE('',#6480,(#6484,#6491),.PCURVE_S1.);
#6480 = LINE('',#6481,#6482);
#6481 = CARTESIAN_POINT('',(-11.64453125,1.53125,2.65));
#6482 = VECTOR('',#6483,1.);
#6483 = DIRECTION('',(1.,0.,0.));
#6484 = PCURVE('',#1059,#6485);
#6485 = DEFINITIONAL_REPRESENTATION('',(#6486),#6490);
#6486 = LINE('',#6487,#6488);
#6487 = CARTESIAN_POINT('',(0.,0.));
#6488 = VECTOR('',#6489,1.);
#6489 = DIRECTION('',(1.,0.));
#6490 = ( GEOMETRIC_REPRESENTATION_CONTEXT(2) 
PARAMETRIC_REPRESENTATION_CONTEXT() REPRESENTATION_CONTEXT('2D SPACE',''
  ) );
#6491 = PCURVE('',#6193,#6492);
#6492 = DEFINITIONAL_REPRESENTATION('',(#6493),#6497);
#6493 = LINE('',#6494,#6495);
#6494 = CARTESIAN_POINT('',(1.14453125,2.916015625));
#6495 = VECTOR('',#6496,1.);
#6496 = DIRECTION('',(1.,0.));
#6497 = ( GEOMETRIC_REPRESENTATION_CONTEXT(2) 
PARAMETRIC_REPRESENTATION_CONTEXT() REPRESENTATION_CONTEXT('2D SPACE',''
  ) );
#6498 = ADVANCED_FACE('',(#6499),#1031,.F.);
#6499 = FACE_BOUND('',#6500,.F.);
#6500 = EDGE_LOOP('',(#6501,#6502,#6503,#6504));
#6501 = ORIENTED_EDGE('',*,*,#6156,.T.);
#6502 = ORIENTED_EDGE('',*,*,#1015,.T.);
#6503 = ORIENTED_EDGE('',*,*,#6453,.F.);
#6504 = ORIENTED_EDGE('',*,*,#6505,.F.);
#6505 = EDGE_CURVE('',#6157,#6454,#6506,.T.);
#6506 = SURFACE_CURVE('',#6507,(#6511,#6518),.PCURVE_S1.);
#6507 = LINE('',#6508,#6509);
#6508 = CARTESIAN_POINT('',(-12.7578125,-1.384765625,2.65));
#6509 = VECTOR('',#6510,1.);
#6510 = DIRECTION('',(0.356671776907,0.934229759512,0.));
#6511 = PCURVE('',#1031,#6512);
#6512 = DEFINITIONAL_REPRESENTATION('',(#6513),#6517);
#6513 = LINE('',#6514,#6515);
#6514 = CARTESIAN_POINT('',(0.,0.));
#6515 = VECTOR('',#6516,1.);
#6516 = DIRECTION('',(1.,0.));
#6517 = ( GEOMETRIC_REPRESENTATION_CONTEXT(2) 
PARAMETRIC_REPRESENTATION_CONTEXT() REPRESENTATION_CONTEXT('2D SPACE',''
  ) );
#6518 = PCURVE('',#6193,#6519);
#6519 = DEFINITIONAL_REPRESENTATION('',(#6520),#6524);
#6520 = LINE('',#6521,#6522);
#6521 = CARTESIAN_POINT('',(3.125E-02,0.));
#6522 = VECTOR('',#6523,1.);
#6523 = DIRECTION('',(0.356671776907,0.934229759512));
#6524 = ( GEOMETRIC_REPRESENTATION_CONTEXT(2) 
PARAMETRIC_REPRESENTATION_CONTEXT() REPRESENTATION_CONTEXT('2D SPACE',''
  ) );
#6525 = ADVANCED_FACE('',(#6526),#1229,.F.);
#6526 = FACE_BOUND('',#6527,.F.);
#6527 = EDGE_LOOP('',(#6528,#6551,#6552,#6575));
#6528 = ORIENTED_EDGE('',*,*,#6529,.T.);
#6529 = EDGE_CURVE('',#6530,#1212,#6532,.T.);
#6530 = VERTEX_POINT('',#6531);
#6531 = CARTESIAN_POINT('',(-8.34765625,1.546875,2.65));
#6532 = SURFACE_CURVE('',#6533,(#6537,#6544),.PCURVE_S1.);
#6533 = LINE('',#6534,#6535);
#6534 = CARTESIAN_POINT('',(-8.34765625,1.546875,2.65));
#6535 = VECTOR('',#6536,1.);
#6536 = DIRECTION('',(0.,0.,1.));
#6537 = PCURVE('',#1229,#6538);
#6538 = DEFINITIONAL_REPRESENTATION('',(#6539),#6543);
#6539 = LINE('',#6540,#6541);
#6540 = CARTESIAN_POINT('',(0.,0.));
#6541 = VECTOR('',#6542,1.);
#6542 = DIRECTION('',(0.,-1.));
#6543 = ( GEOMETRIC_REPRESENTATION_CONTEXT(2) 
PARAMETRIC_REPRESENTATION_CONTEXT() REPRESENTATION_CONTEXT('2D SPACE',''
  ) );
#6544 = PCURVE('',#2029,#6545);
#6545 = DEFINITIONAL_REPRESENTATION('',(#6546),#6550);
#6546 = LINE('',#6547,#6548);
#6547 = CARTESIAN_POINT('',(1.,0.));
#6548 = VECTOR('',#6549,1.);
#6549 = DIRECTION('',(0.,-1.));
#6550 = ( GEOMETRIC_REPRESENTATION_CONTEXT(2) 
PARAMETRIC_REPRESENTATION_CONTEXT() REPRESENTATION_CONTEXT('2D SPACE',''
  ) );
#6551 = ORIENTED_EDGE('',*,*,#1211,.T.);
#6552 = ORIENTED_EDGE('',*,*,#6553,.F.);
#6553 = EDGE_CURVE('',#6554,#1214,#6556,.T.);
#6554 = VERTEX_POINT('',#6555);
#6555 = CARTESIAN_POINT('',(-7.912109375,1.435546875,2.65));
#6556 = SURFACE_CURVE('',#6557,(#6561,#6568),.PCURVE_S1.);
#6557 = LINE('',#6558,#6559);
#6558 = CARTESIAN_POINT('',(-7.912109375,1.435546875,2.65));
#6559 = VECTOR('',#6560,1.);
#6560 = DIRECTION('',(0.,0.,1.));
#6561 = PCURVE('',#1229,#6562);
#6562 = DEFINITIONAL_REPRESENTATION('',(#6563),#6567);
#6563 = LINE('',#6564,#6565);
#6564 = CARTESIAN_POINT('',(1.,0.));
#6565 = VECTOR('',#6566,1.);
#6566 = DIRECTION('',(0.,-1.));
#6567 = ( GEOMETRIC_REPRESENTATION_CONTEXT(2) 
PARAMETRIC_REPRESENTATION_CONTEXT() REPRESENTATION_CONTEXT('2D SPACE',''
  ) );
#6568 = PCURVE('',#1259,#6569);
#6569 = DEFINITIONAL_REPRESENTATION('',(#6570),#6574);
#6570 = LINE('',#6571,#6572);
#6571 = CARTESIAN_POINT('',(0.,0.));
#6572 = VECTOR('',#6573,1.);
#6573 = DIRECTION('',(0.,-1.));
#6574 = ( GEOMETRIC_REPRESENTATION_CONTEXT(2) 
PARAMETRIC_REPRESENTATION_CONTEXT() REPRESENTATION_CONTEXT('2D SPACE',''
  ) );
#6575 = ORIENTED_EDGE('',*,*,#6576,.F.);
#6576 = EDGE_CURVE('',#6530,#6554,#6577,.T.);
#6577 = SURFACE_CURVE('',#6578,(#6582,#6589),.PCURVE_S1.);
#6578 = B_SPLINE_CURVE_WITH_KNOTS('',2,(#6579,#6580,#6581),
  .UNSPECIFIED.,.F.,.F.,(3,3),(0.,1.),.PIECEWISE_BEZIER_KNOTS.);
#6579 = CARTESIAN_POINT('',(-8.34765625,1.546875,2.65));
#6580 = CARTESIAN_POINT('',(-8.134765625,1.509765625,2.65));
#6581 = CARTESIAN_POINT('',(-7.912109375,1.435546875,2.65));
#6582 = PCURVE('',#1229,#6583);
#6583 = DEFINITIONAL_REPRESENTATION('',(#6584),#6588);
#6584 = LINE('',#6585,#6586);
#6585 = CARTESIAN_POINT('',(0.,0.));
#6586 = VECTOR('',#6587,1.);
#6587 = DIRECTION('',(1.,0.));
#6588 = ( GEOMETRIC_REPRESENTATION_CONTEXT(2) 
PARAMETRIC_REPRESENTATION_CONTEXT() REPRESENTATION_CONTEXT('2D SPACE',''
  ) );
#6589 = PCURVE('',#6590,#6595);
#6590 = PLANE('',#6591);
#6591 = AXIS2_PLACEMENT_3D('',#6592,#6593,#6594);
#6592 = CARTESIAN_POINT('',(-10.052734375,-1.384765625,2.65));
#6593 = DIRECTION('',(0.,0.,1.));
#6594 = DIRECTION('',(1.,0.,0.));
#6595 = DEFINITIONAL_REPRESENTATION('',(#6596),#6600);
#6596 = B_SPLINE_CURVE_WITH_KNOTS('',2,(#6597,#6598,#6599),
  .UNSPECIFIED.,.F.,.F.,(3,3),(0.,1.),.PIECEWISE_BEZIER_KNOTS.);
#6597 = CARTESIAN_POINT('',(1.705078125,2.931640625));
#6598 = CARTESIAN_POINT('',(1.91796875,2.89453125));
#6599 = CARTESIAN_POINT('',(2.140625,2.8203125));
#6600 = ( GEOMETRIC_REPRESENTATION_CONTEXT(2) 
PARAMETRIC_REPRESENTATION_CONTEXT() REPRESENTATION_CONTEXT('2D SPACE',''
  ) );
#6601 = ADVANCED_FACE('',(#6602),#2029,.F.);
#6602 = FACE_BOUND('',#6603,.F.);
#6603 = EDGE_LOOP('',(#6604,#6627,#6628,#6629));
#6604 = ORIENTED_EDGE('',*,*,#6605,.T.);
#6605 = EDGE_CURVE('',#6606,#1986,#6608,.T.);
#6606 = VERTEX_POINT('',#6607);
#6607 = CARTESIAN_POINT('',(-8.765625,1.583984375,2.65));
#6608 = SURFACE_CURVE('',#6609,(#6613,#6620),.PCURVE_S1.);
#6609 = LINE('',#6610,#6611);
#6610 = CARTESIAN_POINT('',(-8.765625,1.583984375,2.65));
#6611 = VECTOR('',#6612,1.);
#6612 = DIRECTION('',(0.,0.,1.));
#6613 = PCURVE('',#2029,#6614);
#6614 = DEFINITIONAL_REPRESENTATION('',(#6615),#6619);
#6615 = LINE('',#6616,#6617);
#6616 = CARTESIAN_POINT('',(0.,0.));
#6617 = VECTOR('',#6618,1.);
#6618 = DIRECTION('',(0.,-1.));
#6619 = ( GEOMETRIC_REPRESENTATION_CONTEXT(2) 
PARAMETRIC_REPRESENTATION_CONTEXT() REPRESENTATION_CONTEXT('2D SPACE',''
  ) );
#6620 = PCURVE('',#2001,#6621);
#6621 = DEFINITIONAL_REPRESENTATION('',(#6622),#6626);
#6622 = LINE('',#6623,#6624);
#6623 = CARTESIAN_POINT('',(1.,0.));
#6624 = VECTOR('',#6625,1.);
#6625 = DIRECTION('',(0.,-1.));
#6626 = ( GEOMETRIC_REPRESENTATION_CONTEXT(2) 
PARAMETRIC_REPRESENTATION_CONTEXT() REPRESENTATION_CONTEXT('2D SPACE',''
  ) );
#6627 = ORIENTED_EDGE('',*,*,#2015,.T.);
#6628 = ORIENTED_EDGE('',*,*,#6529,.F.);
#6629 = ORIENTED_EDGE('',*,*,#6630,.F.);
#6630 = EDGE_CURVE('',#6606,#6530,#6631,.T.);
#6631 = SURFACE_CURVE('',#6632,(#6636,#6643),.PCURVE_S1.);
#6632 = B_SPLINE_CURVE_WITH_KNOTS('',2,(#6633,#6634,#6635),
  .UNSPECIFIED.,.F.,.F.,(3,3),(0.,1.),.PIECEWISE_BEZIER_KNOTS.);
#6633 = CARTESIAN_POINT('',(-8.765625,1.583984375,2.65));
#6634 = CARTESIAN_POINT('',(-8.560546875,1.583984375,2.65));
#6635 = CARTESIAN_POINT('',(-8.34765625,1.546875,2.65));
#6636 = PCURVE('',#2029,#6637);
#6637 = DEFINITIONAL_REPRESENTATION('',(#6638),#6642);
#6638 = LINE('',#6639,#6640);
#6639 = CARTESIAN_POINT('',(0.,0.));
#6640 = VECTOR('',#6641,1.);
#6641 = DIRECTION('',(1.,0.));
#6642 = ( GEOMETRIC_REPRESENTATION_CONTEXT(2) 
PARAMETRIC_REPRESENTATION_CONTEXT() REPRESENTATION_CONTEXT('2D SPACE',''
  ) );
#6643 = PCURVE('',#6590,#6644);
#6644 = DEFINITIONAL_REPRESENTATION('',(#6645),#6649);
#6645 = B_SPLINE_CURVE_WITH_KNOTS('',2,(#6646,#6647,#6648),
  .UNSPECIFIED.,.F.,.F.,(3,3),(0.,1.),.PIECEWISE_BEZIER_KNOTS.);
#6646 = CARTESIAN_POINT('',(1.287109375,2.96875));
#6647 = CARTESIAN_POINT('',(1.4921875,2.96875));
#6648 = CARTESIAN_POINT('',(1.705078125,2.931640625));
#6649 = ( GEOMETRIC_REPRESENTATION_CONTEXT(2) 
PARAMETRIC_REPRESENTATION_CONTEXT() REPRESENTATION_CONTEXT('2D SPACE',''
  ) );
#6650 = ADVANCED_FACE('',(#6651),#2001,.F.);
#6651 = FACE_BOUND('',#6652,.F.);
#6652 = EDGE_LOOP('',(#6653,#6676,#6677,#6678));
#6653 = ORIENTED_EDGE('',*,*,#6654,.T.);
#6654 = EDGE_CURVE('',#6655,#1956,#6657,.T.);
#6655 = VERTEX_POINT('',#6656);
#6656 = CARTESIAN_POINT('',(-9.5166015625,1.361328125,2.65));
#6657 = SURFACE_CURVE('',#6658,(#6662,#6669),.PCURVE_S1.);
#6658 = LINE('',#6659,#6660);
#6659 = CARTESIAN_POINT('',(-9.5166015625,1.361328125,2.65));
#6660 = VECTOR('',#6661,1.);
#6661 = DIRECTION('',(0.,0.,1.));
#6662 = PCURVE('',#2001,#6663);
#6663 = DEFINITIONAL_REPRESENTATION('',(#6664),#6668);
#6664 = LINE('',#6665,#6666);
#6665 = CARTESIAN_POINT('',(0.,0.));
#6666 = VECTOR('',#6667,1.);
#6667 = DIRECTION('',(0.,-1.));
#6668 = ( GEOMETRIC_REPRESENTATION_CONTEXT(2) 
PARAMETRIC_REPRESENTATION_CONTEXT() REPRESENTATION_CONTEXT('2D SPACE',''
  ) );
#6669 = PCURVE('',#1971,#6670);
#6670 = DEFINITIONAL_REPRESENTATION('',(#6671),#6675);
#6671 = LINE('',#6672,#6673);
#6672 = CARTESIAN_POINT('',(1.,0.));
#6673 = VECTOR('',#6674,1.);
#6674 = DIRECTION('',(0.,-1.));
#6675 = ( GEOMETRIC_REPRESENTATION_CONTEXT(2) 
PARAMETRIC_REPRESENTATION_CONTEXT() REPRESENTATION_CONTEXT('2D SPACE',''
  ) );
#6676 = ORIENTED_EDGE('',*,*,#1985,.T.);
#6677 = ORIENTED_EDGE('',*,*,#6605,.F.);
#6678 = ORIENTED_EDGE('',*,*,#6679,.F.);
#6679 = EDGE_CURVE('',#6655,#6606,#6680,.T.);
#6680 = SURFACE_CURVE('',#6681,(#6685,#6692),.PCURVE_S1.);
#6681 = B_SPLINE_CURVE_WITH_KNOTS('',2,(#6682,#6683,#6684),
  .UNSPECIFIED.,.F.,.F.,(3,3),(0.,1.),.PIECEWISE_BEZIER_KNOTS.);
#6682 = CARTESIAN_POINT('',(-9.5166015625,1.361328125,2.65));
#6683 = CARTESIAN_POINT('',(-9.244140625,1.583984375,2.65));
#6684 = CARTESIAN_POINT('',(-8.765625,1.583984375,2.65));
#6685 = PCURVE('',#2001,#6686);
#6686 = DEFINITIONAL_REPRESENTATION('',(#6687),#6691);
#6687 = LINE('',#6688,#6689);
#6688 = CARTESIAN_POINT('',(0.,0.));
#6689 = VECTOR('',#6690,1.);
#6690 = DIRECTION('',(1.,0.));
#6691 = ( GEOMETRIC_REPRESENTATION_CONTEXT(2) 
PARAMETRIC_REPRESENTATION_CONTEXT() REPRESENTATION_CONTEXT('2D SPACE',''
  ) );
#6692 = PCURVE('',#6590,#6693);
#6693 = DEFINITIONAL_REPRESENTATION('',(#6694),#6698);
#6694 = B_SPLINE_CURVE_WITH_KNOTS('',2,(#6695,#6696,#6697),
  .UNSPECIFIED.,.F.,.F.,(3,3),(0.,1.),.PIECEWISE_BEZIER_KNOTS.);
#6695 = CARTESIAN_POINT('',(0.5361328125,2.74609375));
#6696 = CARTESIAN_POINT('',(0.80859375,2.96875));
#6697 = CARTESIAN_POINT('',(1.287109375,2.96875));
#6698 = ( GEOMETRIC_REPRESENTATION_CONTEXT(2) 
PARAMETRIC_REPRESENTATION_CONTEXT() REPRESENTATION_CONTEXT('2D SPACE',''
  ) );
#6699 = ADVANCED_FACE('',(#6700),#1971,.F.);
#6700 = FACE_BOUND('',#6701,.F.);
#6701 = EDGE_LOOP('',(#6702,#6725,#6726,#6727));
#6702 = ORIENTED_EDGE('',*,*,#6703,.T.);
#6703 = EDGE_CURVE('',#6704,#1926,#6706,.T.);
#6704 = VERTEX_POINT('',#6705);
#6705 = CARTESIAN_POINT('',(-9.7890625,0.751953125,2.65));
#6706 = SURFACE_CURVE('',#6707,(#6711,#6718),.PCURVE_S1.);
#6707 = LINE('',#6708,#6709);
#6708 = CARTESIAN_POINT('',(-9.7890625,0.751953125,2.65));
#6709 = VECTOR('',#6710,1.);
#6710 = DIRECTION('',(0.,0.,1.));
#6711 = PCURVE('',#1971,#6712);
#6712 = DEFINITIONAL_REPRESENTATION('',(#6713),#6717);
#6713 = LINE('',#6714,#6715);
#6714 = CARTESIAN_POINT('',(0.,0.));
#6715 = VECTOR('',#6716,1.);
#6716 = DIRECTION('',(0.,-1.));
#6717 = ( GEOMETRIC_REPRESENTATION_CONTEXT(2) 
PARAMETRIC_REPRESENTATION_CONTEXT() REPRESENTATION_CONTEXT('2D SPACE',''
  ) );
#6718 = PCURVE('',#1941,#6719);
#6719 = DEFINITIONAL_REPRESENTATION('',(#6720),#6724);
#6720 = LINE('',#6721,#6722);
#6721 = CARTESIAN_POINT('',(1.,0.));
#6722 = VECTOR('',#6723,1.);
#6723 = DIRECTION('',(0.,-1.));
#6724 = ( GEOMETRIC_REPRESENTATION_CONTEXT(2) 
PARAMETRIC_REPRESENTATION_CONTEXT() REPRESENTATION_CONTEXT('2D SPACE',''
  ) );
#6725 = ORIENTED_EDGE('',*,*,#1955,.T.);
#6726 = ORIENTED_EDGE('',*,*,#6654,.F.);
#6727 = ORIENTED_EDGE('',*,*,#6728,.F.);
#6728 = EDGE_CURVE('',#6704,#6655,#6729,.T.);
#6729 = SURFACE_CURVE('',#6730,(#6734,#6741),.PCURVE_S1.);
#6730 = B_SPLINE_CURVE_WITH_KNOTS('',2,(#6731,#6732,#6733),
  .UNSPECIFIED.,.F.,.F.,(3,3),(0.,1.),.PIECEWISE_BEZIER_KNOTS.);
#6731 = CARTESIAN_POINT('',(-9.7890625,0.751953125,2.65));
#6732 = CARTESIAN_POINT('',(-9.7890625,1.138671875,2.65));
#6733 = CARTESIAN_POINT('',(-9.5166015625,1.361328125,2.65));
#6734 = PCURVE('',#1971,#6735);
#6735 = DEFINITIONAL_REPRESENTATION('',(#6736),#6740);
#6736 = LINE('',#6737,#6738);
#6737 = CARTESIAN_POINT('',(0.,0.));
#6738 = VECTOR('',#6739,1.);
#6739 = DIRECTION('',(1.,0.));
#6740 = ( GEOMETRIC_REPRESENTATION_CONTEXT(2) 
PARAMETRIC_REPRESENTATION_CONTEXT() REPRESENTATION_CONTEXT('2D SPACE',''
  ) );
#6741 = PCURVE('',#6590,#6742);
#6742 = DEFINITIONAL_REPRESENTATION('',(#6743),#6747);
#6743 = B_SPLINE_CURVE_WITH_KNOTS('',2,(#6744,#6745,#6746),
  .UNSPECIFIED.,.F.,.F.,(3,3),(0.,1.),.PIECEWISE_BEZIER_KNOTS.);
#6744 = CARTESIAN_POINT('',(0.263671875,2.13671875));
#6745 = CARTESIAN_POINT('',(0.263671875,2.5234375));
#6746 = CARTESIAN_POINT('',(0.5361328125,2.74609375));
#6747 = ( GEOMETRIC_REPRESENTATION_CONTEXT(2) 
PARAMETRIC_REPRESENTATION_CONTEXT() REPRESENTATION_CONTEXT('2D SPACE',''
  ) );
#6748 = ADVANCED_FACE('',(#6749),#1941,.F.);
#6749 = FACE_BOUND('',#6750,.F.);
#6750 = EDGE_LOOP('',(#6751,#6774,#6775,#6776));
#6751 = ORIENTED_EDGE('',*,*,#6752,.T.);
#6752 = EDGE_CURVE('',#6753,#1896,#6755,.T.);
#6753 = VERTEX_POINT('',#6754);
#6754 = CARTESIAN_POINT('',(-9.591796875,0.23046875,2.65));
#6755 = SURFACE_CURVE('',#6756,(#6760,#6767),.PCURVE_S1.);
#6756 = LINE('',#6757,#6758);
#6757 = CARTESIAN_POINT('',(-9.591796875,0.23046875,2.65));
#6758 = VECTOR('',#6759,1.);
#6759 = DIRECTION('',(0.,0.,1.));
#6760 = PCURVE('',#1941,#6761);
#6761 = DEFINITIONAL_REPRESENTATION('',(#6762),#6766);
#6762 = LINE('',#6763,#6764);
#6763 = CARTESIAN_POINT('',(0.,0.));
#6764 = VECTOR('',#6765,1.);
#6765 = DIRECTION('',(0.,-1.));
#6766 = ( GEOMETRIC_REPRESENTATION_CONTEXT(2) 
PARAMETRIC_REPRESENTATION_CONTEXT() REPRESENTATION_CONTEXT('2D SPACE',''
  ) );
#6767 = PCURVE('',#1911,#6768);
#6768 = DEFINITIONAL_REPRESENTATION('',(#6769),#6773);
#6769 = LINE('',#6770,#6771);
#6770 = CARTESIAN_POINT('',(1.,0.));
#6771 = VECTOR('',#6772,1.);
#6772 = DIRECTION('',(0.,-1.));
#6773 = ( GEOMETRIC_REPRESENTATION_CONTEXT(2) 
PARAMETRIC_REPRESENTATION_CONTEXT() REPRESENTATION_CONTEXT('2D SPACE',''
  ) );
#6774 = ORIENTED_EDGE('',*,*,#1925,.T.);
#6775 = ORIENTED_EDGE('',*,*,#6703,.F.);
#6776 = ORIENTED_EDGE('',*,*,#6777,.F.);
#6777 = EDGE_CURVE('',#6753,#6704,#6778,.T.);
#6778 = SURFACE_CURVE('',#6779,(#6783,#6790),.PCURVE_S1.);
#6779 = B_SPLINE_CURVE_WITH_KNOTS('',2,(#6780,#6781,#6782),
  .UNSPECIFIED.,.F.,.F.,(3,3),(0.,1.),.PIECEWISE_BEZIER_KNOTS.);
#6780 = CARTESIAN_POINT('',(-9.591796875,0.23046875,2.65));
#6781 = CARTESIAN_POINT('',(-9.7890625,0.41796875,2.65));
#6782 = CARTESIAN_POINT('',(-9.7890625,0.751953125,2.65));
#6783 = PCURVE('',#1941,#6784);
#6784 = DEFINITIONAL_REPRESENTATION('',(#6785),#6789);
#6785 = LINE('',#6786,#6787);
#6786 = CARTESIAN_POINT('',(0.,0.));
#6787 = VECTOR('',#6788,1.);
#6788 = DIRECTION('',(1.,0.));
#6789 = ( GEOMETRIC_REPRESENTATION_CONTEXT(2) 
PARAMETRIC_REPRESENTATION_CONTEXT() REPRESENTATION_CONTEXT('2D SPACE',''
  ) );
#6790 = PCURVE('',#6590,#6791);
#6791 = DEFINITIONAL_REPRESENTATION('',(#6792),#6796);
#6792 = B_SPLINE_CURVE_WITH_KNOTS('',2,(#6793,#6794,#6795),
  .UNSPECIFIED.,.F.,.F.,(3,3),(0.,1.),.PIECEWISE_BEZIER_KNOTS.);
#6793 = CARTESIAN_POINT('',(0.4609375,1.615234375));
#6794 = CARTESIAN_POINT('',(0.263671875,1.802734375));
#6795 = CARTESIAN_POINT('',(0.263671875,2.13671875));
#6796 = ( GEOMETRIC_REPRESENTATION_CONTEXT(2) 
PARAMETRIC_REPRESENTATION_CONTEXT() REPRESENTATION_CONTEXT('2D SPACE',''
  ) );
#6797 = ADVANCED_FACE('',(#6798),#1911,.F.);
#6798 = FACE_BOUND('',#6799,.F.);
#6799 = EDGE_LOOP('',(#6800,#6823,#6824,#6825));
#6800 = ORIENTED_EDGE('',*,*,#6801,.T.);
#6801 = EDGE_CURVE('',#6802,#1868,#6804,.T.);
#6802 = VERTEX_POINT('',#6803);
#6803 = CARTESIAN_POINT('',(-8.953125,-4.4921875E-02,2.65));
#6804 = SURFACE_CURVE('',#6805,(#6809,#6816),.PCURVE_S1.);
#6805 = LINE('',#6806,#6807);
#6806 = CARTESIAN_POINT('',(-8.953125,-4.4921875E-02,2.65));
#6807 = VECTOR('',#6808,1.);
#6808 = DIRECTION('',(0.,0.,1.));
#6809 = PCURVE('',#1911,#6810);
#6810 = DEFINITIONAL_REPRESENTATION('',(#6811),#6815);
#6811 = LINE('',#6812,#6813);
#6812 = CARTESIAN_POINT('',(0.,0.));
#6813 = VECTOR('',#6814,1.);
#6814 = DIRECTION('',(0.,-1.));
#6815 = ( GEOMETRIC_REPRESENTATION_CONTEXT(2) 
PARAMETRIC_REPRESENTATION_CONTEXT() REPRESENTATION_CONTEXT('2D SPACE',''
  ) );
#6816 = PCURVE('',#1883,#6817);
#6817 = DEFINITIONAL_REPRESENTATION('',(#6818),#6822);
#6818 = LINE('',#6819,#6820);
#6819 = CARTESIAN_POINT('',(0.244764827041,0.));
#6820 = VECTOR('',#6821,1.);
#6821 = DIRECTION('',(0.,-1.));
#6822 = ( GEOMETRIC_REPRESENTATION_CONTEXT(2) 
PARAMETRIC_REPRESENTATION_CONTEXT() REPRESENTATION_CONTEXT('2D SPACE',''
  ) );
#6823 = ORIENTED_EDGE('',*,*,#1895,.T.);
#6824 = ORIENTED_EDGE('',*,*,#6752,.F.);
#6825 = ORIENTED_EDGE('',*,*,#6826,.F.);
#6826 = EDGE_CURVE('',#6802,#6753,#6827,.T.);
#6827 = SURFACE_CURVE('',#6828,(#6832,#6839),.PCURVE_S1.);
#6828 = B_SPLINE_CURVE_WITH_KNOTS('',2,(#6829,#6830,#6831),
  .UNSPECIFIED.,.F.,.F.,(3,3),(0.,1.),.PIECEWISE_BEZIER_KNOTS.);
#6829 = CARTESIAN_POINT('',(-8.953125,-4.4921875E-02,2.65));
#6830 = CARTESIAN_POINT('',(-9.39453125,4.296875E-02,2.65));
#6831 = CARTESIAN_POINT('',(-9.591796875,0.23046875,2.65));
#6832 = PCURVE('',#1911,#6833);
#6833 = DEFINITIONAL_REPRESENTATION('',(#6834),#6838);
#6834 = LINE('',#6835,#6836);
#6835 = CARTESIAN_POINT('',(0.,0.));
#6836 = VECTOR('',#6837,1.);
#6837 = DIRECTION('',(1.,0.));
#6838 = ( GEOMETRIC_REPRESENTATION_CONTEXT(2) 
PARAMETRIC_REPRESENTATION_CONTEXT() REPRESENTATION_CONTEXT('2D SPACE',''
  ) );
#6839 = PCURVE('',#6590,#6840);
#6840 = DEFINITIONAL_REPRESENTATION('',(#6841),#6845);
#6841 = B_SPLINE_CURVE_WITH_KNOTS('',2,(#6842,#6843,#6844),
  .UNSPECIFIED.,.F.,.F.,(3,3),(0.,1.),.PIECEWISE_BEZIER_KNOTS.);
#6842 = CARTESIAN_POINT('',(1.099609375,1.33984375));
#6843 = CARTESIAN_POINT('',(0.658203125,1.427734375));
#6844 = CARTESIAN_POINT('',(0.4609375,1.615234375));
#6845 = ( GEOMETRIC_REPRESENTATION_CONTEXT(2) 
PARAMETRIC_REPRESENTATION_CONTEXT() REPRESENTATION_CONTEXT('2D SPACE',''
  ) );
#6846 = ADVANCED_FACE('',(#6847),#1883,.F.);
#6847 = FACE_BOUND('',#6848,.F.);
#6848 = EDGE_LOOP('',(#6849,#6872,#6873,#6874));
#6849 = ORIENTED_EDGE('',*,*,#6850,.T.);
#6850 = EDGE_CURVE('',#6851,#1838,#6853,.T.);
#6851 = VERTEX_POINT('',#6852);
#6852 = CARTESIAN_POINT('',(-8.712890625,-9.1796875E-02,2.65));
#6853 = SURFACE_CURVE('',#6854,(#6858,#6865),.PCURVE_S1.);
#6854 = LINE('',#6855,#6856);
#6855 = CARTESIAN_POINT('',(-8.712890625,-9.1796875E-02,2.65));
#6856 = VECTOR('',#6857,1.);
#6857 = DIRECTION('',(0.,0.,1.));
#6858 = PCURVE('',#1883,#6859);
#6859 = DEFINITIONAL_REPRESENTATION('',(#6860),#6864);
#6860 = LINE('',#6861,#6862);
#6861 = CARTESIAN_POINT('',(0.,0.));
#6862 = VECTOR('',#6863,1.);
#6863 = DIRECTION('',(0.,-1.));
#6864 = ( GEOMETRIC_REPRESENTATION_CONTEXT(2) 
PARAMETRIC_REPRESENTATION_CONTEXT() REPRESENTATION_CONTEXT('2D SPACE',''
  ) );
#6865 = PCURVE('',#1853,#6866);
#6866 = DEFINITIONAL_REPRESENTATION('',(#6867),#6871);
#6867 = LINE('',#6868,#6869);
#6868 = CARTESIAN_POINT('',(1.,0.));
#6869 = VECTOR('',#6870,1.);
#6870 = DIRECTION('',(0.,-1.));
#6871 = ( GEOMETRIC_REPRESENTATION_CONTEXT(2) 
PARAMETRIC_REPRESENTATION_CONTEXT() REPRESENTATION_CONTEXT('2D SPACE',''
  ) );
#6872 = ORIENTED_EDGE('',*,*,#1867,.T.);
#6873 = ORIENTED_EDGE('',*,*,#6801,.F.);
#6874 = ORIENTED_EDGE('',*,*,#6875,.F.);
#6875 = EDGE_CURVE('',#6851,#6802,#6876,.T.);
#6876 = SURFACE_CURVE('',#6877,(#6881,#6888),.PCURVE_S1.);
#6877 = LINE('',#6878,#6879);
#6878 = CARTESIAN_POINT('',(-8.712890625,-9.1796875E-02,2.65));
#6879 = VECTOR('',#6880,1.);
#6880 = DIRECTION('',(-0.981490592026,0.19151035942,0.));
#6881 = PCURVE('',#1883,#6882);
#6882 = DEFINITIONAL_REPRESENTATION('',(#6883),#6887);
#6883 = LINE('',#6884,#6885);
#6884 = CARTESIAN_POINT('',(0.,0.));
#6885 = VECTOR('',#6886,1.);
#6886 = DIRECTION('',(1.,0.));
#6887 = ( GEOMETRIC_REPRESENTATION_CONTEXT(2) 
PARAMETRIC_REPRESENTATION_CONTEXT() REPRESENTATION_CONTEXT('2D SPACE',''
  ) );
#6888 = PCURVE('',#6590,#6889);
#6889 = DEFINITIONAL_REPRESENTATION('',(#6890),#6894);
#6890 = LINE('',#6891,#6892);
#6891 = CARTESIAN_POINT('',(1.33984375,1.29296875));
#6892 = VECTOR('',#6893,1.);
#6893 = DIRECTION('',(-0.981490592026,0.19151035942));
#6894 = ( GEOMETRIC_REPRESENTATION_CONTEXT(2) 
PARAMETRIC_REPRESENTATION_CONTEXT() REPRESENTATION_CONTEXT('2D SPACE',''
  ) );
#6895 = ADVANCED_FACE('',(#6896),#1853,.F.);
#6896 = FACE_BOUND('',#6897,.F.);
#6897 = EDGE_LOOP('',(#6898,#6921,#6922,#6923));
#6898 = ORIENTED_EDGE('',*,*,#6899,.T.);
#6899 = EDGE_CURVE('',#6900,#1808,#6902,.T.);
#6900 = VERTEX_POINT('',#6901);
#6901 = CARTESIAN_POINT('',(-8.2802734375,-0.2734375,2.65));
#6902 = SURFACE_CURVE('',#6903,(#6907,#6914),.PCURVE_S1.);
#6903 = LINE('',#6904,#6905);
#6904 = CARTESIAN_POINT('',(-8.2802734375,-0.2734375,2.65));
#6905 = VECTOR('',#6906,1.);
#6906 = DIRECTION('',(0.,0.,1.));
#6907 = PCURVE('',#1853,#6908);
#6908 = DEFINITIONAL_REPRESENTATION('',(#6909),#6913);
#6909 = LINE('',#6910,#6911);
#6910 = CARTESIAN_POINT('',(0.,0.));
#6911 = VECTOR('',#6912,1.);
#6912 = DIRECTION('',(0.,-1.));
#6913 = ( GEOMETRIC_REPRESENTATION_CONTEXT(2) 
PARAMETRIC_REPRESENTATION_CONTEXT() REPRESENTATION_CONTEXT('2D SPACE',''
  ) );
#6914 = PCURVE('',#1823,#6915);
#6915 = DEFINITIONAL_REPRESENTATION('',(#6916),#6920);
#6916 = LINE('',#6917,#6918);
#6917 = CARTESIAN_POINT('',(1.,0.));
#6918 = VECTOR('',#6919,1.);
#6919 = DIRECTION('',(0.,-1.));
#6920 = ( GEOMETRIC_REPRESENTATION_CONTEXT(2) 
PARAMETRIC_REPRESENTATION_CONTEXT() REPRESENTATION_CONTEXT('2D SPACE',''
  ) );
#6921 = ORIENTED_EDGE('',*,*,#1837,.T.);
#6922 = ORIENTED_EDGE('',*,*,#6850,.F.);
#6923 = ORIENTED_EDGE('',*,*,#6924,.F.);
#6924 = EDGE_CURVE('',#6900,#6851,#6925,.T.);
#6925 = SURFACE_CURVE('',#6926,(#6930,#6937),.PCURVE_S1.);
#6926 = B_SPLINE_CURVE_WITH_KNOTS('',2,(#6927,#6928,#6929),
  .UNSPECIFIED.,.F.,.F.,(3,3),(0.,1.),.PIECEWISE_BEZIER_KNOTS.);
#6927 = CARTESIAN_POINT('',(-8.2802734375,-0.2734375,2.65));
#6928 = CARTESIAN_POINT('',(-8.412109375,-0.15234375,2.65));
#6929 = CARTESIAN_POINT('',(-8.712890625,-9.1796875E-02,2.65));
#6930 = PCURVE('',#1853,#6931);
#6931 = DEFINITIONAL_REPRESENTATION('',(#6932),#6936);
#6932 = LINE('',#6933,#6934);
#6933 = CARTESIAN_POINT('',(0.,0.));
#6934 = VECTOR('',#6935,1.);
#6935 = DIRECTION('',(1.,0.));
#6936 = ( GEOMETRIC_REPRESENTATION_CONTEXT(2) 
PARAMETRIC_REPRESENTATION_CONTEXT() REPRESENTATION_CONTEXT('2D SPACE',''
  ) );
#6937 = PCURVE('',#6590,#6938);
#6938 = DEFINITIONAL_REPRESENTATION('',(#6939),#6943);
#6939 = B_SPLINE_CURVE_WITH_KNOTS('',2,(#6940,#6941,#6942),
  .UNSPECIFIED.,.F.,.F.,(3,3),(0.,1.),.PIECEWISE_BEZIER_KNOTS.);
#6940 = CARTESIAN_POINT('',(1.7724609375,1.111328125));
#6941 = CARTESIAN_POINT('',(1.640625,1.232421875));
#6942 = CARTESIAN_POINT('',(1.33984375,1.29296875));
#6943 = ( GEOMETRIC_REPRESENTATION_CONTEXT(2) 
PARAMETRIC_REPRESENTATION_CONTEXT() REPRESENTATION_CONTEXT('2D SPACE',''
  ) );
#6944 = ADVANCED_FACE('',(#6945),#1823,.F.);
#6945 = FACE_BOUND('',#6946,.F.);
#6946 = EDGE_LOOP('',(#6947,#6970,#6971,#6972));
#6947 = ORIENTED_EDGE('',*,*,#6948,.T.);
#6948 = EDGE_CURVE('',#6949,#1778,#6951,.T.);
#6949 = VERTEX_POINT('',#6950);
#6950 = CARTESIAN_POINT('',(-8.1484375,-0.609375,2.65));
#6951 = SURFACE_CURVE('',#6952,(#6956,#6963),.PCURVE_S1.);
#6952 = LINE('',#6953,#6954);
#6953 = CARTESIAN_POINT('',(-8.1484375,-0.609375,2.65));
#6954 = VECTOR('',#6955,1.);
#6955 = DIRECTION('',(0.,0.,1.));
#6956 = PCURVE('',#1823,#6957);
#6957 = DEFINITIONAL_REPRESENTATION('',(#6958),#6962);
#6958 = LINE('',#6959,#6960);
#6959 = CARTESIAN_POINT('',(0.,0.));
#6960 = VECTOR('',#6961,1.);
#6961 = DIRECTION('',(0.,-1.));
#6962 = ( GEOMETRIC_REPRESENTATION_CONTEXT(2) 
PARAMETRIC_REPRESENTATION_CONTEXT() REPRESENTATION_CONTEXT('2D SPACE',''
  ) );
#6963 = PCURVE('',#1793,#6964);
#6964 = DEFINITIONAL_REPRESENTATION('',(#6965),#6969);
#6965 = LINE('',#6966,#6967);
#6966 = CARTESIAN_POINT('',(1.,0.));
#6967 = VECTOR('',#6968,1.);
#6968 = DIRECTION('',(0.,-1.));
#6969 = ( GEOMETRIC_REPRESENTATION_CONTEXT(2) 
PARAMETRIC_REPRESENTATION_CONTEXT() REPRESENTATION_CONTEXT('2D SPACE',''
  ) );
#6970 = ORIENTED_EDGE('',*,*,#1807,.T.);
#6971 = ORIENTED_EDGE('',*,*,#6899,.F.);
#6972 = ORIENTED_EDGE('',*,*,#6973,.F.);
#6973 = EDGE_CURVE('',#6949,#6900,#6974,.T.);
#6974 = SURFACE_CURVE('',#6975,(#6979,#6986),.PCURVE_S1.);
#6975 = B_SPLINE_CURVE_WITH_KNOTS('',2,(#6976,#6977,#6978),
  .UNSPECIFIED.,.F.,.F.,(3,3),(0.,1.),.PIECEWISE_BEZIER_KNOTS.);
#6976 = CARTESIAN_POINT('',(-8.1484375,-0.609375,2.65));
#6977 = CARTESIAN_POINT('',(-8.1484375,-0.39453125,2.65));
#6978 = CARTESIAN_POINT('',(-8.2802734375,-0.2734375,2.65));
#6979 = PCURVE('',#1823,#6980);
#6980 = DEFINITIONAL_REPRESENTATION('',(#6981),#6985);
#6981 = LINE('',#6982,#6983);
#6982 = CARTESIAN_POINT('',(0.,0.));
#6983 = VECTOR('',#6984,1.);
#6984 = DIRECTION('',(1.,0.));
#6985 = ( GEOMETRIC_REPRESENTATION_CONTEXT(2) 
PARAMETRIC_REPRESENTATION_CONTEXT() REPRESENTATION_CONTEXT('2D SPACE',''
  ) );
#6986 = PCURVE('',#6590,#6987);
#6987 = DEFINITIONAL_REPRESENTATION('',(#6988),#6992);
#6988 = B_SPLINE_CURVE_WITH_KNOTS('',2,(#6989,#6990,#6991),
  .UNSPECIFIED.,.F.,.F.,(3,3),(0.,1.),.PIECEWISE_BEZIER_KNOTS.);
#6989 = CARTESIAN_POINT('',(1.904296875,0.775390625));
#6990 = CARTESIAN_POINT('',(1.904296875,0.990234375));
#6991 = CARTESIAN_POINT('',(1.7724609375,1.111328125));
#6992 = ( GEOMETRIC_REPRESENTATION_CONTEXT(2) 
PARAMETRIC_REPRESENTATION_CONTEXT() REPRESENTATION_CONTEXT('2D SPACE',''
  ) );
#6993 = ADVANCED_FACE('',(#6994),#1793,.F.);
#6994 = FACE_BOUND('',#6995,.F.);
#6995 = EDGE_LOOP('',(#6996,#7019,#7020,#7021));
#6996 = ORIENTED_EDGE('',*,*,#6997,.T.);
#6997 = EDGE_CURVE('',#6998,#1748,#7000,.T.);
#6998 = VERTEX_POINT('',#6999);
#6999 = CARTESIAN_POINT('',(-8.33203125,-0.98828125,2.65));
#7000 = SURFACE_CURVE('',#7001,(#7005,#7012),.PCURVE_S1.);
#7001 = LINE('',#7002,#7003);
#7002 = CARTESIAN_POINT('',(-8.33203125,-0.98828125,2.65));
#7003 = VECTOR('',#7004,1.);
#7004 = DIRECTION('',(0.,0.,1.));
#7005 = PCURVE('',#1793,#7006);
#7006 = DEFINITIONAL_REPRESENTATION('',(#7007),#7011);
#7007 = LINE('',#7008,#7009);
#7008 = CARTESIAN_POINT('',(0.,0.));
#7009 = VECTOR('',#7010,1.);
#7010 = DIRECTION('',(0.,-1.));
#7011 = ( GEOMETRIC_REPRESENTATION_CONTEXT(2) 
PARAMETRIC_REPRESENTATION_CONTEXT() REPRESENTATION_CONTEXT('2D SPACE',''
  ) );
#7012 = PCURVE('',#1763,#7013);
#7013 = DEFINITIONAL_REPRESENTATION('',(#7014),#7018);
#7014 = LINE('',#7015,#7016);
#7015 = CARTESIAN_POINT('',(1.,0.));
#7016 = VECTOR('',#7017,1.);
#7017 = DIRECTION('',(0.,-1.));
#7018 = ( GEOMETRIC_REPRESENTATION_CONTEXT(2) 
PARAMETRIC_REPRESENTATION_CONTEXT() REPRESENTATION_CONTEXT('2D SPACE',''
  ) );
#7019 = ORIENTED_EDGE('',*,*,#1777,.T.);
#7020 = ORIENTED_EDGE('',*,*,#6948,.F.);
#7021 = ORIENTED_EDGE('',*,*,#7022,.F.);
#7022 = EDGE_CURVE('',#6998,#6949,#7023,.T.);
#7023 = SURFACE_CURVE('',#7024,(#7028,#7035),.PCURVE_S1.);
#7024 = B_SPLINE_CURVE_WITH_KNOTS('',2,(#7025,#7026,#7027),
  .UNSPECIFIED.,.F.,.F.,(3,3),(0.,1.),.PIECEWISE_BEZIER_KNOTS.);
#7025 = CARTESIAN_POINT('',(-8.33203125,-0.98828125,2.65));
#7026 = CARTESIAN_POINT('',(-8.1484375,-0.85546875,2.65));
#7027 = CARTESIAN_POINT('',(-8.1484375,-0.609375,2.65));
#7028 = PCURVE('',#1793,#7029);
#7029 = DEFINITIONAL_REPRESENTATION('',(#7030),#7034);
#7030 = LINE('',#7031,#7032);
#7031 = CARTESIAN_POINT('',(0.,0.));
#7032 = VECTOR('',#7033,1.);
#7033 = DIRECTION('',(1.,0.));
#7034 = ( GEOMETRIC_REPRESENTATION_CONTEXT(2) 
PARAMETRIC_REPRESENTATION_CONTEXT() REPRESENTATION_CONTEXT('2D SPACE',''
  ) );
#7035 = PCURVE('',#6590,#7036);
#7036 = DEFINITIONAL_REPRESENTATION('',(#7037),#7041);
#7037 = B_SPLINE_CURVE_WITH_KNOTS('',2,(#7038,#7039,#7040),
  .UNSPECIFIED.,.F.,.F.,(3,3),(0.,1.),.PIECEWISE_BEZIER_KNOTS.);
#7038 = CARTESIAN_POINT('',(1.720703125,0.396484375));
#7039 = CARTESIAN_POINT('',(1.904296875,0.529296875));
#7040 = CARTESIAN_POINT('',(1.904296875,0.775390625));
#7041 = ( GEOMETRIC_REPRESENTATION_CONTEXT(2) 
PARAMETRIC_REPRESENTATION_CONTEXT() REPRESENTATION_CONTEXT('2D SPACE',''
  ) );
#7042 = ADVANCED_FACE('',(#7043),#1763,.F.);
#7043 = FACE_BOUND('',#7044,.F.);
#7044 = EDGE_LOOP('',(#7045,#7068,#7069,#7070));
#7045 = ORIENTED_EDGE('',*,*,#7046,.T.);
#7046 = EDGE_CURVE('',#7047,#1718,#7049,.T.);
#7047 = VERTEX_POINT('',#7048);
#7048 = CARTESIAN_POINT('',(-8.853515625,-1.12109375,2.65));
#7049 = SURFACE_CURVE('',#7050,(#7054,#7061),.PCURVE_S1.);
#7050 = LINE('',#7051,#7052);
#7051 = CARTESIAN_POINT('',(-8.853515625,-1.12109375,2.65));
#7052 = VECTOR('',#7053,1.);
#7053 = DIRECTION('',(0.,0.,1.));
#7054 = PCURVE('',#1763,#7055);
#7055 = DEFINITIONAL_REPRESENTATION('',(#7056),#7060);
#7056 = LINE('',#7057,#7058);
#7057 = CARTESIAN_POINT('',(0.,0.));
#7058 = VECTOR('',#7059,1.);
#7059 = DIRECTION('',(0.,-1.));
#7060 = ( GEOMETRIC_REPRESENTATION_CONTEXT(2) 
PARAMETRIC_REPRESENTATION_CONTEXT() REPRESENTATION_CONTEXT('2D SPACE',''
  ) );
#7061 = PCURVE('',#1733,#7062);
#7062 = DEFINITIONAL_REPRESENTATION('',(#7063),#7067);
#7063 = LINE('',#7064,#7065);
#7064 = CARTESIAN_POINT('',(1.,0.));
#7065 = VECTOR('',#7066,1.);
#7066 = DIRECTION('',(0.,-1.));
#7067 = ( GEOMETRIC_REPRESENTATION_CONTEXT(2) 
PARAMETRIC_REPRESENTATION_CONTEXT() REPRESENTATION_CONTEXT('2D SPACE',''
  ) );
#7068 = ORIENTED_EDGE('',*,*,#1747,.T.);
#7069 = ORIENTED_EDGE('',*,*,#6997,.F.);
#7070 = ORIENTED_EDGE('',*,*,#7071,.F.);
#7071 = EDGE_CURVE('',#7047,#6998,#7072,.T.);
#7072 = SURFACE_CURVE('',#7073,(#7077,#7084),.PCURVE_S1.);
#7073 = B_SPLINE_CURVE_WITH_KNOTS('',2,(#7074,#7075,#7076),
  .UNSPECIFIED.,.F.,.F.,(3,3),(0.,1.),.PIECEWISE_BEZIER_KNOTS.);
#7074 = CARTESIAN_POINT('',(-8.853515625,-1.12109375,2.65));
#7075 = CARTESIAN_POINT('',(-8.515625,-1.12109375,2.65));
#7076 = CARTESIAN_POINT('',(-8.33203125,-0.98828125,2.65));
#7077 = PCURVE('',#1763,#7078);
#7078 = DEFINITIONAL_REPRESENTATION('',(#7079),#7083);
#7079 = LINE('',#7080,#7081);
#7080 = CARTESIAN_POINT('',(0.,0.));
#7081 = VECTOR('',#7082,1.);
#7082 = DIRECTION('',(1.,0.));
#7083 = ( GEOMETRIC_REPRESENTATION_CONTEXT(2) 
PARAMETRIC_REPRESENTATION_CONTEXT() REPRESENTATION_CONTEXT('2D SPACE',''
  ) );
#7084 = PCURVE('',#6590,#7085);
#7085 = DEFINITIONAL_REPRESENTATION('',(#7086),#7090);
#7086 = B_SPLINE_CURVE_WITH_KNOTS('',2,(#7087,#7088,#7089),
  .UNSPECIFIED.,.F.,.F.,(3,3),(0.,1.),.PIECEWISE_BEZIER_KNOTS.);
#7087 = CARTESIAN_POINT('',(1.19921875,0.263671875));
#7088 = CARTESIAN_POINT('',(1.537109375,0.263671875));
#7089 = CARTESIAN_POINT('',(1.720703125,0.396484375));
#7090 = ( GEOMETRIC_REPRESENTATION_CONTEXT(2) 
PARAMETRIC_REPRESENTATION_CONTEXT() REPRESENTATION_CONTEXT('2D SPACE',''
  ) );
#7091 = ADVANCED_FACE('',(#7092),#1733,.F.);
#7092 = FACE_BOUND('',#7093,.F.);
#7093 = EDGE_LOOP('',(#7094,#7117,#7118,#7119));
#7094 = ORIENTED_EDGE('',*,*,#7095,.T.);
#7095 = EDGE_CURVE('',#7096,#1688,#7098,.T.);
#7096 = VERTEX_POINT('',#7097);
#7097 = CARTESIAN_POINT('',(-9.306640625,-1.052734375,2.65));
#7098 = SURFACE_CURVE('',#7099,(#7103,#7110),.PCURVE_S1.);
#7099 = LINE('',#7100,#7101);
#7100 = CARTESIAN_POINT('',(-9.306640625,-1.052734375,2.65));
#7101 = VECTOR('',#7102,1.);
#7102 = DIRECTION('',(0.,0.,1.));
#7103 = PCURVE('',#1733,#7104);
#7104 = DEFINITIONAL_REPRESENTATION('',(#7105),#7109);
#7105 = LINE('',#7106,#7107);
#7106 = CARTESIAN_POINT('',(0.,0.));
#7107 = VECTOR('',#7108,1.);
#7108 = DIRECTION('',(0.,-1.));
#7109 = ( GEOMETRIC_REPRESENTATION_CONTEXT(2) 
PARAMETRIC_REPRESENTATION_CONTEXT() REPRESENTATION_CONTEXT('2D SPACE',''
  ) );
#7110 = PCURVE('',#1703,#7111);
#7111 = DEFINITIONAL_REPRESENTATION('',(#7112),#7116);
#7112 = LINE('',#7113,#7114);
#7113 = CARTESIAN_POINT('',(1.,0.));
#7114 = VECTOR('',#7115,1.);
#7115 = DIRECTION('',(0.,-1.));
#7116 = ( GEOMETRIC_REPRESENTATION_CONTEXT(2) 
PARAMETRIC_REPRESENTATION_CONTEXT() REPRESENTATION_CONTEXT('2D SPACE',''
  ) );
#7117 = ORIENTED_EDGE('',*,*,#1717,.T.);
#7118 = ORIENTED_EDGE('',*,*,#7046,.F.);
#7119 = ORIENTED_EDGE('',*,*,#7120,.F.);
#7120 = EDGE_CURVE('',#7096,#7047,#7121,.T.);
#7121 = SURFACE_CURVE('',#7122,(#7126,#7133),.PCURVE_S1.);
#7122 = B_SPLINE_CURVE_WITH_KNOTS('',2,(#7123,#7124,#7125),
  .UNSPECIFIED.,.F.,.F.,(3,3),(0.,1.),.PIECEWISE_BEZIER_KNOTS.);
#7123 = CARTESIAN_POINT('',(-9.306640625,-1.052734375,2.65));
#7124 = CARTESIAN_POINT('',(-9.076171875,-1.12109375,2.65));
#7125 = CARTESIAN_POINT('',(-8.853515625,-1.12109375,2.65));
#7126 = PCURVE('',#1733,#7127);
#7127 = DEFINITIONAL_REPRESENTATION('',(#7128),#7132);
#7128 = LINE('',#7129,#7130);
#7129 = CARTESIAN_POINT('',(0.,0.));
#7130 = VECTOR('',#7131,1.);
#7131 = DIRECTION('',(1.,0.));
#7132 = ( GEOMETRIC_REPRESENTATION_CONTEXT(2) 
PARAMETRIC_REPRESENTATION_CONTEXT() REPRESENTATION_CONTEXT('2D SPACE',''
  ) );
#7133 = PCURVE('',#6590,#7134);
#7134 = DEFINITIONAL_REPRESENTATION('',(#7135),#7139);
#7135 = B_SPLINE_CURVE_WITH_KNOTS('',2,(#7136,#7137,#7138),
  .UNSPECIFIED.,.F.,.F.,(3,3),(0.,1.),.PIECEWISE_BEZIER_KNOTS.);
#7136 = CARTESIAN_POINT('',(0.74609375,0.33203125));
#7137 = CARTESIAN_POINT('',(0.9765625,0.263671875));
#7138 = CARTESIAN_POINT('',(1.19921875,0.263671875));
#7139 = ( GEOMETRIC_REPRESENTATION_CONTEXT(2) 
PARAMETRIC_REPRESENTATION_CONTEXT() REPRESENTATION_CONTEXT('2D SPACE',''
  ) );
#7140 = ADVANCED_FACE('',(#7141),#1703,.F.);
#7141 = FACE_BOUND('',#7142,.F.);
#7142 = EDGE_LOOP('',(#7143,#7166,#7167,#7168));
#7143 = ORIENTED_EDGE('',*,*,#7144,.T.);
#7144 = EDGE_CURVE('',#7145,#1660,#7147,.T.);
#7145 = VERTEX_POINT('',#7146);
#7146 = CARTESIAN_POINT('',(-9.77734375,-0.849609375,2.65));
#7147 = SURFACE_CURVE('',#7148,(#7152,#7159),.PCURVE_S1.);
#7148 = LINE('',#7149,#7150);
#7149 = CARTESIAN_POINT('',(-9.77734375,-0.849609375,2.65));
#7150 = VECTOR('',#7151,1.);
#7151 = DIRECTION('',(0.,0.,1.));
#7152 = PCURVE('',#1703,#7153);
#7153 = DEFINITIONAL_REPRESENTATION('',(#7154),#7158);
#7154 = LINE('',#7155,#7156);
#7155 = CARTESIAN_POINT('',(0.,0.));
#7156 = VECTOR('',#7157,1.);
#7157 = DIRECTION('',(0.,-1.));
#7158 = ( GEOMETRIC_REPRESENTATION_CONTEXT(2) 
PARAMETRIC_REPRESENTATION_CONTEXT() REPRESENTATION_CONTEXT('2D SPACE',''
  ) );
#7159 = PCURVE('',#1675,#7160);
#7160 = DEFINITIONAL_REPRESENTATION('',(#7161),#7165);
#7161 = LINE('',#7162,#7163);
#7162 = CARTESIAN_POINT('',(0.40625,0.));
#7163 = VECTOR('',#7164,1.);
#7164 = DIRECTION('',(0.,-1.));
#7165 = ( GEOMETRIC_REPRESENTATION_CONTEXT(2) 
PARAMETRIC_REPRESENTATION_CONTEXT() REPRESENTATION_CONTEXT('2D SPACE',''
  ) );
#7166 = ORIENTED_EDGE('',*,*,#1687,.T.);
#7167 = ORIENTED_EDGE('',*,*,#7095,.F.);
#7168 = ORIENTED_EDGE('',*,*,#7169,.F.);
#7169 = EDGE_CURVE('',#7145,#7096,#7170,.T.);
#7170 = SURFACE_CURVE('',#7171,(#7175,#7182),.PCURVE_S1.);
#7171 = B_SPLINE_CURVE_WITH_KNOTS('',2,(#7172,#7173,#7174),
  .UNSPECIFIED.,.F.,.F.,(3,3),(0.,1.),.PIECEWISE_BEZIER_KNOTS.);
#7172 = CARTESIAN_POINT('',(-9.77734375,-0.849609375,2.65));
#7173 = CARTESIAN_POINT('',(-9.537109375,-0.984375,2.65));
#7174 = CARTESIAN_POINT('',(-9.306640625,-1.052734375,2.65));
#7175 = PCURVE('',#1703,#7176);
#7176 = DEFINITIONAL_REPRESENTATION('',(#7177),#7181);
#7177 = LINE('',#7178,#7179);
#7178 = CARTESIAN_POINT('',(0.,0.));
#7179 = VECTOR('',#7180,1.);
#7180 = DIRECTION('',(1.,0.));
#7181 = ( GEOMETRIC_REPRESENTATION_CONTEXT(2) 
PARAMETRIC_REPRESENTATION_CONTEXT() REPRESENTATION_CONTEXT('2D SPACE',''
  ) );
#7182 = PCURVE('',#6590,#7183);
#7183 = DEFINITIONAL_REPRESENTATION('',(#7184),#7188);
#7184 = B_SPLINE_CURVE_WITH_KNOTS('',2,(#7185,#7186,#7187),
  .UNSPECIFIED.,.F.,.F.,(3,3),(0.,1.),.PIECEWISE_BEZIER_KNOTS.);
#7185 = CARTESIAN_POINT('',(0.275390625,0.53515625));
#7186 = CARTESIAN_POINT('',(0.515625,0.400390625));
#7187 = CARTESIAN_POINT('',(0.74609375,0.33203125));
#7188 = ( GEOMETRIC_REPRESENTATION_CONTEXT(2) 
PARAMETRIC_REPRESENTATION_CONTEXT() REPRESENTATION_CONTEXT('2D SPACE',''
  ) );
#7189 = ADVANCED_FACE('',(#7190),#1675,.F.);
#7190 = FACE_BOUND('',#7191,.F.);
#7191 = EDGE_LOOP('',(#7192,#7215,#7216,#7217));
#7192 = ORIENTED_EDGE('',*,*,#7193,.T.);
#7193 = EDGE_CURVE('',#7194,#1630,#7196,.T.);
#7194 = VERTEX_POINT('',#7195);
#7195 = CARTESIAN_POINT('',(-9.77734375,-1.255859375,2.65));
#7196 = SURFACE_CURVE('',#7197,(#7201,#7208),.PCURVE_S1.);
#7197 = LINE('',#7198,#7199);
#7198 = CARTESIAN_POINT('',(-9.77734375,-1.255859375,2.65));
#7199 = VECTOR('',#7200,1.);
#7200 = DIRECTION('',(0.,0.,1.));
#7201 = PCURVE('',#1675,#7202);
#7202 = DEFINITIONAL_REPRESENTATION('',(#7203),#7207);
#7203 = LINE('',#7204,#7205);
#7204 = CARTESIAN_POINT('',(0.,0.));
#7205 = VECTOR('',#7206,1.);
#7206 = DIRECTION('',(0.,-1.));
#7207 = ( GEOMETRIC_REPRESENTATION_CONTEXT(2) 
PARAMETRIC_REPRESENTATION_CONTEXT() REPRESENTATION_CONTEXT('2D SPACE',''
  ) );
#7208 = PCURVE('',#1645,#7209);
#7209 = DEFINITIONAL_REPRESENTATION('',(#7210),#7214);
#7210 = LINE('',#7211,#7212);
#7211 = CARTESIAN_POINT('',(1.,0.));
#7212 = VECTOR('',#7213,1.);
#7213 = DIRECTION('',(0.,-1.));
#7214 = ( GEOMETRIC_REPRESENTATION_CONTEXT(2) 
PARAMETRIC_REPRESENTATION_CONTEXT() REPRESENTATION_CONTEXT('2D SPACE',''
  ) );
#7215 = ORIENTED_EDGE('',*,*,#1659,.T.);
#7216 = ORIENTED_EDGE('',*,*,#7144,.F.);
#7217 = ORIENTED_EDGE('',*,*,#7218,.F.);
#7218 = EDGE_CURVE('',#7194,#7145,#7219,.T.);
#7219 = SURFACE_CURVE('',#7220,(#7224,#7231),.PCURVE_S1.);
#7220 = LINE('',#7221,#7222);
#7221 = CARTESIAN_POINT('',(-9.77734375,-1.255859375,2.65));
#7222 = VECTOR('',#7223,1.);
#7223 = DIRECTION('',(0.,1.,0.));
#7224 = PCURVE('',#1675,#7225);
#7225 = DEFINITIONAL_REPRESENTATION('',(#7226),#7230);
#7226 = LINE('',#7227,#7228);
#7227 = CARTESIAN_POINT('',(0.,0.));
#7228 = VECTOR('',#7229,1.);
#7229 = DIRECTION('',(1.,0.));
#7230 = ( GEOMETRIC_REPRESENTATION_CONTEXT(2) 
PARAMETRIC_REPRESENTATION_CONTEXT() REPRESENTATION_CONTEXT('2D SPACE',''
  ) );
#7231 = PCURVE('',#6590,#7232);
#7232 = DEFINITIONAL_REPRESENTATION('',(#7233),#7237);
#7233 = LINE('',#7234,#7235);
#7234 = CARTESIAN_POINT('',(0.275390625,0.12890625));
#7235 = VECTOR('',#7236,1.);
#7236 = DIRECTION('',(0.,1.));
#7237 = ( GEOMETRIC_REPRESENTATION_CONTEXT(2) 
PARAMETRIC_REPRESENTATION_CONTEXT() REPRESENTATION_CONTEXT('2D SPACE',''
  ) );
#7238 = ADVANCED_FACE('',(#7239),#1645,.F.);
#7239 = FACE_BOUND('',#7240,.F.);
#7240 = EDGE_LOOP('',(#7241,#7264,#7265,#7266));
#7241 = ORIENTED_EDGE('',*,*,#7242,.T.);
#7242 = EDGE_CURVE('',#7243,#1600,#7245,.T.);
#7243 = VERTEX_POINT('',#7244);
#7244 = CARTESIAN_POINT('',(-9.2939453125,-1.39453125,2.65));
#7245 = SURFACE_CURVE('',#7246,(#7250,#7257),.PCURVE_S1.);
#7246 = LINE('',#7247,#7248);
#7247 = CARTESIAN_POINT('',(-9.2939453125,-1.39453125,2.65));
#7248 = VECTOR('',#7249,1.);
#7249 = DIRECTION('',(0.,0.,1.));
#7250 = PCURVE('',#1645,#7251);
#7251 = DEFINITIONAL_REPRESENTATION('',(#7252),#7256);
#7252 = LINE('',#7253,#7254);
#7253 = CARTESIAN_POINT('',(0.,0.));
#7254 = VECTOR('',#7255,1.);
#7255 = DIRECTION('',(0.,-1.));
#7256 = ( GEOMETRIC_REPRESENTATION_CONTEXT(2) 
PARAMETRIC_REPRESENTATION_CONTEXT() REPRESENTATION_CONTEXT('2D SPACE',''
  ) );
#7257 = PCURVE('',#1615,#7258);
#7258 = DEFINITIONAL_REPRESENTATION('',(#7259),#7263);
#7259 = LINE('',#7260,#7261);
#7260 = CARTESIAN_POINT('',(1.,0.));
#7261 = VECTOR('',#7262,1.);
#7262 = DIRECTION('',(0.,-1.));
#7263 = ( GEOMETRIC_REPRESENTATION_CONTEXT(2) 
PARAMETRIC_REPRESENTATION_CONTEXT() REPRESENTATION_CONTEXT('2D SPACE',''
  ) );
#7264 = ORIENTED_EDGE('',*,*,#1629,.T.);
#7265 = ORIENTED_EDGE('',*,*,#7193,.F.);
#7266 = ORIENTED_EDGE('',*,*,#7267,.F.);
#7267 = EDGE_CURVE('',#7243,#7194,#7268,.T.);
#7268 = SURFACE_CURVE('',#7269,(#7273,#7280),.PCURVE_S1.);
#7269 = B_SPLINE_CURVE_WITH_KNOTS('',2,(#7270,#7271,#7272),
  .UNSPECIFIED.,.F.,.F.,(3,3),(0.,1.),.PIECEWISE_BEZIER_KNOTS.);
#7270 = CARTESIAN_POINT('',(-9.2939453125,-1.39453125,2.65));
#7271 = CARTESIAN_POINT('',(-9.52734375,-1.34765625,2.65));
#7272 = CARTESIAN_POINT('',(-9.77734375,-1.255859375,2.65));
#7273 = PCURVE('',#1645,#7274);
#7274 = DEFINITIONAL_REPRESENTATION('',(#7275),#7279);
#7275 = LINE('',#7276,#7277);
#7276 = CARTESIAN_POINT('',(0.,0.));
#7277 = VECTOR('',#7278,1.);
#7278 = DIRECTION('',(1.,0.));
#7279 = ( GEOMETRIC_REPRESENTATION_CONTEXT(2) 
PARAMETRIC_REPRESENTATION_CONTEXT() REPRESENTATION_CONTEXT('2D SPACE',''
  ) );
#7280 = PCURVE('',#6590,#7281);
#7281 = DEFINITIONAL_REPRESENTATION('',(#7282),#7286);
#7282 = B_SPLINE_CURVE_WITH_KNOTS('',2,(#7283,#7284,#7285),
  .UNSPECIFIED.,.F.,.F.,(3,3),(0.,1.),.PIECEWISE_BEZIER_KNOTS.);
#7283 = CARTESIAN_POINT('',(0.7587890625,-9.765625E-03));
#7284 = CARTESIAN_POINT('',(0.525390625,3.7109375E-02));
#7285 = CARTESIAN_POINT('',(0.275390625,0.12890625));
#7286 = ( GEOMETRIC_REPRESENTATION_CONTEXT(2) 
PARAMETRIC_REPRESENTATION_CONTEXT() REPRESENTATION_CONTEXT('2D SPACE',''
  ) );
#7287 = ADVANCED_FACE('',(#7288),#1615,.F.);
#7288 = FACE_BOUND('',#7289,.F.);
#7289 = EDGE_LOOP('',(#7290,#7313,#7314,#7315));
#7290 = ORIENTED_EDGE('',*,*,#7291,.T.);
#7291 = EDGE_CURVE('',#7292,#1570,#7294,.T.);
#7292 = VERTEX_POINT('',#7293);
#7293 = CARTESIAN_POINT('',(-8.853515625,-1.44140625,2.65));
#7294 = SURFACE_CURVE('',#7295,(#7299,#7306),.PCURVE_S1.);
#7295 = LINE('',#7296,#7297);
#7296 = CARTESIAN_POINT('',(-8.853515625,-1.44140625,2.65));
#7297 = VECTOR('',#7298,1.);
#7298 = DIRECTION('',(0.,0.,1.));
#7299 = PCURVE('',#1615,#7300);
#7300 = DEFINITIONAL_REPRESENTATION('',(#7301),#7305);
#7301 = LINE('',#7302,#7303);
#7302 = CARTESIAN_POINT('',(0.,0.));
#7303 = VECTOR('',#7304,1.);
#7304 = DIRECTION('',(0.,-1.));
#7305 = ( GEOMETRIC_REPRESENTATION_CONTEXT(2) 
PARAMETRIC_REPRESENTATION_CONTEXT() REPRESENTATION_CONTEXT('2D SPACE',''
  ) );
#7306 = PCURVE('',#1585,#7307);
#7307 = DEFINITIONAL_REPRESENTATION('',(#7308),#7312);
#7308 = LINE('',#7309,#7310);
#7309 = CARTESIAN_POINT('',(1.,0.));
#7310 = VECTOR('',#7311,1.);
#7311 = DIRECTION('',(0.,-1.));
#7312 = ( GEOMETRIC_REPRESENTATION_CONTEXT(2) 
PARAMETRIC_REPRESENTATION_CONTEXT() REPRESENTATION_CONTEXT('2D SPACE',''
  ) );
#7313 = ORIENTED_EDGE('',*,*,#1599,.T.);
#7314 = ORIENTED_EDGE('',*,*,#7242,.F.);
#7315 = ORIENTED_EDGE('',*,*,#7316,.F.);
#7316 = EDGE_CURVE('',#7292,#7243,#7317,.T.);
#7317 = SURFACE_CURVE('',#7318,(#7322,#7329),.PCURVE_S1.);
#7318 = B_SPLINE_CURVE_WITH_KNOTS('',2,(#7319,#7320,#7321),
  .UNSPECIFIED.,.F.,.F.,(3,3),(0.,1.),.PIECEWISE_BEZIER_KNOTS.);
#7319 = CARTESIAN_POINT('',(-8.853515625,-1.44140625,2.65));
#7320 = CARTESIAN_POINT('',(-9.060546875,-1.44140625,2.65));
#7321 = CARTESIAN_POINT('',(-9.2939453125,-1.39453125,2.65));
#7322 = PCURVE('',#1615,#7323);
#7323 = DEFINITIONAL_REPRESENTATION('',(#7324),#7328);
#7324 = LINE('',#7325,#7326);
#7325 = CARTESIAN_POINT('',(0.,0.));
#7326 = VECTOR('',#7327,1.);
#7327 = DIRECTION('',(1.,0.));
#7328 = ( GEOMETRIC_REPRESENTATION_CONTEXT(2) 
PARAMETRIC_REPRESENTATION_CONTEXT() REPRESENTATION_CONTEXT('2D SPACE',''
  ) );
#7329 = PCURVE('',#6590,#7330);
#7330 = DEFINITIONAL_REPRESENTATION('',(#7331),#7335);
#7331 = B_SPLINE_CURVE_WITH_KNOTS('',2,(#7332,#7333,#7334),
  .UNSPECIFIED.,.F.,.F.,(3,3),(0.,1.),.PIECEWISE_BEZIER_KNOTS.);
#7332 = CARTESIAN_POINT('',(1.19921875,-5.6640625E-02));
#7333 = CARTESIAN_POINT('',(0.9921875,-5.6640625E-02));
#7334 = CARTESIAN_POINT('',(0.7587890625,-9.765625E-03));
#7335 = ( GEOMETRIC_REPRESENTATION_CONTEXT(2) 
PARAMETRIC_REPRESENTATION_CONTEXT() REPRESENTATION_CONTEXT('2D SPACE',''
  ) );
#7336 = ADVANCED_FACE('',(#7337),#1585,.F.);
#7337 = FACE_BOUND('',#7338,.F.);
#7338 = EDGE_LOOP('',(#7339,#7362,#7363,#7364));
#7339 = ORIENTED_EDGE('',*,*,#7340,.T.);
#7340 = EDGE_CURVE('',#7341,#1540,#7343,.T.);
#7341 = VERTEX_POINT('',#7342);
#7342 = CARTESIAN_POINT('',(-8.0205078125,-1.22265625,2.65));
#7343 = SURFACE_CURVE('',#7344,(#7348,#7355),.PCURVE_S1.);
#7344 = LINE('',#7345,#7346);
#7345 = CARTESIAN_POINT('',(-8.0205078125,-1.22265625,2.65));
#7346 = VECTOR('',#7347,1.);
#7347 = DIRECTION('',(0.,0.,1.));
#7348 = PCURVE('',#1585,#7349);
#7349 = DEFINITIONAL_REPRESENTATION('',(#7350),#7354);
#7350 = LINE('',#7351,#7352);
#7351 = CARTESIAN_POINT('',(0.,0.));
#7352 = VECTOR('',#7353,1.);
#7353 = DIRECTION('',(0.,-1.));
#7354 = ( GEOMETRIC_REPRESENTATION_CONTEXT(2) 
PARAMETRIC_REPRESENTATION_CONTEXT() REPRESENTATION_CONTEXT('2D SPACE',''
  ) );
#7355 = PCURVE('',#1555,#7356);
#7356 = DEFINITIONAL_REPRESENTATION('',(#7357),#7361);
#7357 = LINE('',#7358,#7359);
#7358 = CARTESIAN_POINT('',(1.,0.));
#7359 = VECTOR('',#7360,1.);
#7360 = DIRECTION('',(0.,-1.));
#7361 = ( GEOMETRIC_REPRESENTATION_CONTEXT(2) 
PARAMETRIC_REPRESENTATION_CONTEXT() REPRESENTATION_CONTEXT('2D SPACE',''
  ) );
#7362 = ORIENTED_EDGE('',*,*,#1569,.T.);
#7363 = ORIENTED_EDGE('',*,*,#7291,.F.);
#7364 = ORIENTED_EDGE('',*,*,#7365,.F.);
#7365 = EDGE_CURVE('',#7341,#7292,#7366,.T.);
#7366 = SURFACE_CURVE('',#7367,(#7371,#7378),.PCURVE_S1.);
#7367 = B_SPLINE_CURVE_WITH_KNOTS('',2,(#7368,#7369,#7370),
  .UNSPECIFIED.,.F.,.F.,(3,3),(0.,1.),.PIECEWISE_BEZIER_KNOTS.);
#7368 = CARTESIAN_POINT('',(-8.0205078125,-1.22265625,2.65));
#7369 = CARTESIAN_POINT('',(-8.3046875,-1.44140625,2.65));
#7370 = CARTESIAN_POINT('',(-8.853515625,-1.44140625,2.65));
#7371 = PCURVE('',#1585,#7372);
#7372 = DEFINITIONAL_REPRESENTATION('',(#7373),#7377);
#7373 = LINE('',#7374,#7375);
#7374 = CARTESIAN_POINT('',(0.,0.));
#7375 = VECTOR('',#7376,1.);
#7376 = DIRECTION('',(1.,0.));
#7377 = ( GEOMETRIC_REPRESENTATION_CONTEXT(2) 
PARAMETRIC_REPRESENTATION_CONTEXT() REPRESENTATION_CONTEXT('2D SPACE',''
  ) );
#7378 = PCURVE('',#6590,#7379);
#7379 = DEFINITIONAL_REPRESENTATION('',(#7380),#7384);
#7380 = B_SPLINE_CURVE_WITH_KNOTS('',2,(#7381,#7382,#7383),
  .UNSPECIFIED.,.F.,.F.,(3,3),(0.,1.),.PIECEWISE_BEZIER_KNOTS.);
#7381 = CARTESIAN_POINT('',(2.0322265625,0.162109375));
#7382 = CARTESIAN_POINT('',(1.748046875,-5.6640625E-02));
#7383 = CARTESIAN_POINT('',(1.19921875,-5.6640625E-02));
#7384 = ( GEOMETRIC_REPRESENTATION_CONTEXT(2) 
PARAMETRIC_REPRESENTATION_CONTEXT() REPRESENTATION_CONTEXT('2D SPACE',''
  ) );
#7385 = ADVANCED_FACE('',(#7386),#1555,.F.);
#7386 = FACE_BOUND('',#7387,.F.);
#7387 = EDGE_LOOP('',(#7388,#7411,#7412,#7413));
#7388 = ORIENTED_EDGE('',*,*,#7389,.T.);
#7389 = EDGE_CURVE('',#7390,#1510,#7392,.T.);
#7390 = VERTEX_POINT('',#7391);
#7391 = CARTESIAN_POINT('',(-7.736328125,-0.580078125,2.65));
#7392 = SURFACE_CURVE('',#7393,(#7397,#7404),.PCURVE_S1.);
#7393 = LINE('',#7394,#7395);
#7394 = CARTESIAN_POINT('',(-7.736328125,-0.580078125,2.65));
#7395 = VECTOR('',#7396,1.);
#7396 = DIRECTION('',(0.,0.,1.));
#7397 = PCURVE('',#1555,#7398);
#7398 = DEFINITIONAL_REPRESENTATION('',(#7399),#7403);
#7399 = LINE('',#7400,#7401);
#7400 = CARTESIAN_POINT('',(0.,0.));
#7401 = VECTOR('',#7402,1.);
#7402 = DIRECTION('',(0.,-1.));
#7403 = ( GEOMETRIC_REPRESENTATION_CONTEXT(2) 
PARAMETRIC_REPRESENTATION_CONTEXT() REPRESENTATION_CONTEXT('2D SPACE',''
  ) );
#7404 = PCURVE('',#1525,#7405);
#7405 = DEFINITIONAL_REPRESENTATION('',(#7406),#7410);
#7406 = LINE('',#7407,#7408);
#7407 = CARTESIAN_POINT('',(1.,0.));
#7408 = VECTOR('',#7409,1.);
#7409 = DIRECTION('',(0.,-1.));
#7410 = ( GEOMETRIC_REPRESENTATION_CONTEXT(2) 
PARAMETRIC_REPRESENTATION_CONTEXT() REPRESENTATION_CONTEXT('2D SPACE',''
  ) );
#7411 = ORIENTED_EDGE('',*,*,#1539,.T.);
#7412 = ORIENTED_EDGE('',*,*,#7340,.F.);
#7413 = ORIENTED_EDGE('',*,*,#7414,.F.);
#7414 = EDGE_CURVE('',#7390,#7341,#7415,.T.);
#7415 = SURFACE_CURVE('',#7416,(#7420,#7427),.PCURVE_S1.);
#7416 = B_SPLINE_CURVE_WITH_KNOTS('',2,(#7417,#7418,#7419),
  .UNSPECIFIED.,.F.,.F.,(3,3),(0.,1.),.PIECEWISE_BEZIER_KNOTS.);
#7417 = CARTESIAN_POINT('',(-7.736328125,-0.580078125,2.65));
#7418 = CARTESIAN_POINT('',(-7.736328125,-1.00390625,2.65));
#7419 = CARTESIAN_POINT('',(-8.0205078125,-1.22265625,2.65));
#7420 = PCURVE('',#1555,#7421);
#7421 = DEFINITIONAL_REPRESENTATION('',(#7422),#7426);
#7422 = LINE('',#7423,#7424);
#7423 = CARTESIAN_POINT('',(0.,0.));
#7424 = VECTOR('',#7425,1.);
#7425 = DIRECTION('',(1.,0.));
#7426 = ( GEOMETRIC_REPRESENTATION_CONTEXT(2) 
PARAMETRIC_REPRESENTATION_CONTEXT() REPRESENTATION_CONTEXT('2D SPACE',''
  ) );
#7427 = PCURVE('',#6590,#7428);
#7428 = DEFINITIONAL_REPRESENTATION('',(#7429),#7433);
#7429 = B_SPLINE_CURVE_WITH_KNOTS('',2,(#7430,#7431,#7432),
  .UNSPECIFIED.,.F.,.F.,(3,3),(0.,1.),.PIECEWISE_BEZIER_KNOTS.);
#7430 = CARTESIAN_POINT('',(2.31640625,0.8046875));
#7431 = CARTESIAN_POINT('',(2.31640625,0.380859375));
#7432 = CARTESIAN_POINT('',(2.0322265625,0.162109375));
#7433 = ( GEOMETRIC_REPRESENTATION_CONTEXT(2) 
PARAMETRIC_REPRESENTATION_CONTEXT() REPRESENTATION_CONTEXT('2D SPACE',''
  ) );
#7434 = ADVANCED_FACE('',(#7435),#1525,.F.);
#7435 = FACE_BOUND('',#7436,.F.);
#7436 = EDGE_LOOP('',(#7437,#7460,#7461,#7462));
#7437 = ORIENTED_EDGE('',*,*,#7438,.T.);
#7438 = EDGE_CURVE('',#7439,#1480,#7441,.T.);
#7439 = VERTEX_POINT('',#7440);
#7440 = CARTESIAN_POINT('',(-7.9462890625,-1.26953125E-02,2.65));
#7441 = SURFACE_CURVE('',#7442,(#7446,#7453),.PCURVE_S1.);
#7442 = LINE('',#7443,#7444);
#7443 = CARTESIAN_POINT('',(-7.9462890625,-1.26953125E-02,2.65));
#7444 = VECTOR('',#7445,1.);
#7445 = DIRECTION('',(0.,0.,1.));
#7446 = PCURVE('',#1525,#7447);
#7447 = DEFINITIONAL_REPRESENTATION('',(#7448),#7452);
#7448 = LINE('',#7449,#7450);
#7449 = CARTESIAN_POINT('',(0.,0.));
#7450 = VECTOR('',#7451,1.);
#7451 = DIRECTION('',(0.,-1.));
#7452 = ( GEOMETRIC_REPRESENTATION_CONTEXT(2) 
PARAMETRIC_REPRESENTATION_CONTEXT() REPRESENTATION_CONTEXT('2D SPACE',''
  ) );
#7453 = PCURVE('',#1495,#7454);
#7454 = DEFINITIONAL_REPRESENTATION('',(#7455),#7459);
#7455 = LINE('',#7456,#7457);
#7456 = CARTESIAN_POINT('',(1.,0.));
#7457 = VECTOR('',#7458,1.);
#7458 = DIRECTION('',(0.,-1.));
#7459 = ( GEOMETRIC_REPRESENTATION_CONTEXT(2) 
PARAMETRIC_REPRESENTATION_CONTEXT() REPRESENTATION_CONTEXT('2D SPACE',''
  ) );
#7460 = ORIENTED_EDGE('',*,*,#1509,.T.);
#7461 = ORIENTED_EDGE('',*,*,#7389,.F.);
#7462 = ORIENTED_EDGE('',*,*,#7463,.F.);
#7463 = EDGE_CURVE('',#7439,#7390,#7464,.T.);
#7464 = SURFACE_CURVE('',#7465,(#7469,#7476),.PCURVE_S1.);
#7465 = B_SPLINE_CURVE_WITH_KNOTS('',2,(#7466,#7467,#7468),
  .UNSPECIFIED.,.F.,.F.,(3,3),(0.,1.),.PIECEWISE_BEZIER_KNOTS.);
#7466 = CARTESIAN_POINT('',(-7.9462890625,-1.26953125E-02,2.65));
#7467 = CARTESIAN_POINT('',(-7.736328125,-0.224609375,2.65));
#7468 = CARTESIAN_POINT('',(-7.736328125,-0.580078125,2.65));
#7469 = PCURVE('',#1525,#7470);
#7470 = DEFINITIONAL_REPRESENTATION('',(#7471),#7475);
#7471 = LINE('',#7472,#7473);
#7472 = CARTESIAN_POINT('',(0.,0.));
#7473 = VECTOR('',#7474,1.);
#7474 = DIRECTION('',(1.,0.));
#7475 = ( GEOMETRIC_REPRESENTATION_CONTEXT(2) 
PARAMETRIC_REPRESENTATION_CONTEXT() REPRESENTATION_CONTEXT('2D SPACE',''
  ) );
#7476 = PCURVE('',#6590,#7477);
#7477 = DEFINITIONAL_REPRESENTATION('',(#7478),#7482);
#7478 = B_SPLINE_CURVE_WITH_KNOTS('',2,(#7479,#7480,#7481),
  .UNSPECIFIED.,.F.,.F.,(3,3),(0.,1.),.PIECEWISE_BEZIER_KNOTS.);
#7479 = CARTESIAN_POINT('',(2.1064453125,1.3720703125));
#7480 = CARTESIAN_POINT('',(2.31640625,1.16015625));
#7481 = CARTESIAN_POINT('',(2.31640625,0.8046875));
#7482 = ( GEOMETRIC_REPRESENTATION_CONTEXT(2) 
PARAMETRIC_REPRESENTATION_CONTEXT() REPRESENTATION_CONTEXT('2D SPACE',''
  ) );
#7483 = ADVANCED_FACE('',(#7484),#1495,.F.);
#7484 = FACE_BOUND('',#7485,.F.);
#7485 = EDGE_LOOP('',(#7486,#7509,#7510,#7511));
#7486 = ORIENTED_EDGE('',*,*,#7487,.T.);
#7487 = EDGE_CURVE('',#7488,#1452,#7490,.T.);
#7488 = VERTEX_POINT('',#7489);
#7489 = CARTESIAN_POINT('',(-8.59765625,0.283203125,2.65));
#7490 = SURFACE_CURVE('',#7491,(#7495,#7502),.PCURVE_S1.);
#7491 = LINE('',#7492,#7493);
#7492 = CARTESIAN_POINT('',(-8.59765625,0.283203125,2.65));
#7493 = VECTOR('',#7494,1.);
#7494 = DIRECTION('',(0.,0.,1.));
#7495 = PCURVE('',#1495,#7496);
#7496 = DEFINITIONAL_REPRESENTATION('',(#7497),#7501);
#7497 = LINE('',#7498,#7499);
#7498 = CARTESIAN_POINT('',(0.,0.));
#7499 = VECTOR('',#7500,1.);
#7500 = DIRECTION('',(0.,-1.));
#7501 = ( GEOMETRIC_REPRESENTATION_CONTEXT(2) 
PARAMETRIC_REPRESENTATION_CONTEXT() REPRESENTATION_CONTEXT('2D SPACE',''
  ) );
#7502 = PCURVE('',#1467,#7503);
#7503 = DEFINITIONAL_REPRESENTATION('',(#7504),#7508);
#7504 = LINE('',#7505,#7506);
#7505 = CARTESIAN_POINT('',(0.243232686727,0.));
#7506 = VECTOR('',#7507,1.);
#7507 = DIRECTION('',(0.,-1.));
#7508 = ( GEOMETRIC_REPRESENTATION_CONTEXT(2) 
PARAMETRIC_REPRESENTATION_CONTEXT() REPRESENTATION_CONTEXT('2D SPACE',''
  ) );
#7509 = ORIENTED_EDGE('',*,*,#1479,.T.);
#7510 = ORIENTED_EDGE('',*,*,#7438,.F.);
#7511 = ORIENTED_EDGE('',*,*,#7512,.F.);
#7512 = EDGE_CURVE('',#7488,#7439,#7513,.T.);
#7513 = SURFACE_CURVE('',#7514,(#7518,#7525),.PCURVE_S1.);
#7514 = B_SPLINE_CURVE_WITH_KNOTS('',2,(#7515,#7516,#7517),
  .UNSPECIFIED.,.F.,.F.,(3,3),(0.,1.),.PIECEWISE_BEZIER_KNOTS.);
#7515 = CARTESIAN_POINT('',(-8.59765625,0.283203125,2.65));
#7516 = CARTESIAN_POINT('',(-8.15625,0.19921875,2.65));
#7517 = CARTESIAN_POINT('',(-7.9462890625,-1.26953125E-02,2.65));
#7518 = PCURVE('',#1495,#7519);
#7519 = DEFINITIONAL_REPRESENTATION('',(#7520),#7524);
#7520 = LINE('',#7521,#7522);
#7521 = CARTESIAN_POINT('',(0.,0.));
#7522 = VECTOR('',#7523,1.);
#7523 = DIRECTION('',(1.,0.));
#7524 = ( GEOMETRIC_REPRESENTATION_CONTEXT(2) 
PARAMETRIC_REPRESENTATION_CONTEXT() REPRESENTATION_CONTEXT('2D SPACE',''
  ) );
#7525 = PCURVE('',#6590,#7526);
#7526 = DEFINITIONAL_REPRESENTATION('',(#7527),#7531);
#7527 = B_SPLINE_CURVE_WITH_KNOTS('',2,(#7528,#7529,#7530),
  .UNSPECIFIED.,.F.,.F.,(3,3),(0.,1.),.PIECEWISE_BEZIER_KNOTS.);
#7528 = CARTESIAN_POINT('',(1.455078125,1.66796875));
#7529 = CARTESIAN_POINT('',(1.896484375,1.583984375));
#7530 = CARTESIAN_POINT('',(2.1064453125,1.3720703125));
#7531 = ( GEOMETRIC_REPRESENTATION_CONTEXT(2) 
PARAMETRIC_REPRESENTATION_CONTEXT() REPRESENTATION_CONTEXT('2D SPACE',''
  ) );
#7532 = ADVANCED_FACE('',(#7533),#1467,.F.);
#7533 = FACE_BOUND('',#7534,.F.);
#7534 = EDGE_LOOP('',(#7535,#7558,#7559,#7560));
#7535 = ORIENTED_EDGE('',*,*,#7536,.T.);
#7536 = EDGE_CURVE('',#7537,#1422,#7539,.T.);
#7537 = VERTEX_POINT('',#7538);
#7538 = CARTESIAN_POINT('',(-8.8359375,0.33203125,2.65));
#7539 = SURFACE_CURVE('',#7540,(#7544,#7551),.PCURVE_S1.);
#7540 = LINE('',#7541,#7542);
#7541 = CARTESIAN_POINT('',(-8.8359375,0.33203125,2.65));
#7542 = VECTOR('',#7543,1.);
#7543 = DIRECTION('',(0.,0.,1.));
#7544 = PCURVE('',#1467,#7545);
#7545 = DEFINITIONAL_REPRESENTATION('',(#7546),#7550);
#7546 = LINE('',#7547,#7548);
#7547 = CARTESIAN_POINT('',(0.,0.));
#7548 = VECTOR('',#7549,1.);
#7549 = DIRECTION('',(0.,-1.));
#7550 = ( GEOMETRIC_REPRESENTATION_CONTEXT(2) 
PARAMETRIC_REPRESENTATION_CONTEXT() REPRESENTATION_CONTEXT('2D SPACE',''
  ) );
#7551 = PCURVE('',#1437,#7552);
#7552 = DEFINITIONAL_REPRESENTATION('',(#7553),#7557);
#7553 = LINE('',#7554,#7555);
#7554 = CARTESIAN_POINT('',(1.,0.));
#7555 = VECTOR('',#7556,1.);
#7556 = DIRECTION('',(0.,-1.));
#7557 = ( GEOMETRIC_REPRESENTATION_CONTEXT(2) 
PARAMETRIC_REPRESENTATION_CONTEXT() REPRESENTATION_CONTEXT('2D SPACE',''
  ) );
#7558 = ORIENTED_EDGE('',*,*,#1451,.T.);
#7559 = ORIENTED_EDGE('',*,*,#7487,.F.);
#7560 = ORIENTED_EDGE('',*,*,#7561,.F.);
#7561 = EDGE_CURVE('',#7537,#7488,#7562,.T.);
#7562 = SURFACE_CURVE('',#7563,(#7567,#7574),.PCURVE_S1.);
#7563 = LINE('',#7564,#7565);
#7564 = CARTESIAN_POINT('',(-8.8359375,0.33203125,2.65));
#7565 = VECTOR('',#7566,1.);
#7566 = DIRECTION('',(0.97964320999,-0.200746559424,0.));
#7567 = PCURVE('',#1467,#7568);
#7568 = DEFINITIONAL_REPRESENTATION('',(#7569),#7573);
#7569 = LINE('',#7570,#7571);
#7570 = CARTESIAN_POINT('',(0.,0.));
#7571 = VECTOR('',#7572,1.);
#7572 = DIRECTION('',(1.,0.));
#7573 = ( GEOMETRIC_REPRESENTATION_CONTEXT(2) 
PARAMETRIC_REPRESENTATION_CONTEXT() REPRESENTATION_CONTEXT('2D SPACE',''
  ) );
#7574 = PCURVE('',#6590,#7575);
#7575 = DEFINITIONAL_REPRESENTATION('',(#7576),#7580);
#7576 = LINE('',#7577,#7578);
#7577 = CARTESIAN_POINT('',(1.216796875,1.716796875));
#7578 = VECTOR('',#7579,1.);
#7579 = DIRECTION('',(0.97964320999,-0.200746559424));
#7580 = ( GEOMETRIC_REPRESENTATION_CONTEXT(2) 
PARAMETRIC_REPRESENTATION_CONTEXT() REPRESENTATION_CONTEXT('2D SPACE',''
  ) );
#7581 = ADVANCED_FACE('',(#7582),#1437,.F.);
#7582 = FACE_BOUND('',#7583,.F.);
#7583 = EDGE_LOOP('',(#7584,#7607,#7608,#7609));
#7584 = ORIENTED_EDGE('',*,*,#7585,.T.);
#7585 = EDGE_CURVE('',#7586,#1392,#7588,.T.);
#7586 = VERTEX_POINT('',#7587);
#7587 = CARTESIAN_POINT('',(-9.2763671875,0.4912109375,2.65));
#7588 = SURFACE_CURVE('',#7589,(#7593,#7600),.PCURVE_S1.);
#7589 = LINE('',#7590,#7591);
#7590 = CARTESIAN_POINT('',(-9.2763671875,0.4912109375,2.65));
#7591 = VECTOR('',#7592,1.);
#7592 = DIRECTION('',(0.,0.,1.));
#7593 = PCURVE('',#1437,#7594);
#7594 = DEFINITIONAL_REPRESENTATION('',(#7595),#7599);
#7595 = LINE('',#7596,#7597);
#7596 = CARTESIAN_POINT('',(0.,0.));
#7597 = VECTOR('',#7598,1.);
#7598 = DIRECTION('',(0.,-1.));
#7599 = ( GEOMETRIC_REPRESENTATION_CONTEXT(2) 
PARAMETRIC_REPRESENTATION_CONTEXT() REPRESENTATION_CONTEXT('2D SPACE',''
  ) );
#7600 = PCURVE('',#1407,#7601);
#7601 = DEFINITIONAL_REPRESENTATION('',(#7602),#7606);
#7602 = LINE('',#7603,#7604);
#7603 = CARTESIAN_POINT('',(1.,0.));
#7604 = VECTOR('',#7605,1.);
#7605 = DIRECTION('',(0.,-1.));
#7606 = ( GEOMETRIC_REPRESENTATION_CONTEXT(2) 
PARAMETRIC_REPRESENTATION_CONTEXT() REPRESENTATION_CONTEXT('2D SPACE',''
  ) );
#7607 = ORIENTED_EDGE('',*,*,#1421,.T.);
#7608 = ORIENTED_EDGE('',*,*,#7536,.F.);
#7609 = ORIENTED_EDGE('',*,*,#7610,.F.);
#7610 = EDGE_CURVE('',#7586,#7537,#7611,.T.);
#7611 = SURFACE_CURVE('',#7612,(#7616,#7623),.PCURVE_S1.);
#7612 = B_SPLINE_CURVE_WITH_KNOTS('',2,(#7613,#7614,#7615),
  .UNSPECIFIED.,.F.,.F.,(3,3),(0.,1.),.PIECEWISE_BEZIER_KNOTS.);
#7613 = CARTESIAN_POINT('',(-9.2763671875,0.4912109375,2.65));
#7614 = CARTESIAN_POINT('',(-9.16015625,0.392578125,2.65));
#7615 = CARTESIAN_POINT('',(-8.8359375,0.33203125,2.65));
#7616 = PCURVE('',#1437,#7617);
#7617 = DEFINITIONAL_REPRESENTATION('',(#7618),#7622);
#7618 = LINE('',#7619,#7620);
#7619 = CARTESIAN_POINT('',(0.,0.));
#7620 = VECTOR('',#7621,1.);
#7621 = DIRECTION('',(1.,0.));
#7622 = ( GEOMETRIC_REPRESENTATION_CONTEXT(2) 
PARAMETRIC_REPRESENTATION_CONTEXT() REPRESENTATION_CONTEXT('2D SPACE',''
  ) );
#7623 = PCURVE('',#6590,#7624);
#7624 = DEFINITIONAL_REPRESENTATION('',(#7625),#7629);
#7625 = B_SPLINE_CURVE_WITH_KNOTS('',2,(#7626,#7627,#7628),
  .UNSPECIFIED.,.F.,.F.,(3,3),(0.,1.),.PIECEWISE_BEZIER_KNOTS.);
#7626 = CARTESIAN_POINT('',(0.7763671875,1.8759765625));
#7627 = CARTESIAN_POINT('',(0.892578125,1.77734375));
#7628 = CARTESIAN_POINT('',(1.216796875,1.716796875));
#7629 = ( GEOMETRIC_REPRESENTATION_CONTEXT(2) 
PARAMETRIC_REPRESENTATION_CONTEXT() REPRESENTATION_CONTEXT('2D SPACE',''
  ) );
#7630 = ADVANCED_FACE('',(#7631),#1407,.F.);
#7631 = FACE_BOUND('',#7632,.F.);
#7632 = EDGE_LOOP('',(#7633,#7656,#7657,#7658));
#7633 = ORIENTED_EDGE('',*,*,#7634,.T.);
#7634 = EDGE_CURVE('',#7635,#1362,#7637,.T.);
#7635 = VERTEX_POINT('',#7636);
#7636 = CARTESIAN_POINT('',(-9.392578125,0.783203125,2.65));
#7637 = SURFACE_CURVE('',#7638,(#7642,#7649),.PCURVE_S1.);
#7638 = LINE('',#7639,#7640);
#7639 = CARTESIAN_POINT('',(-9.392578125,0.783203125,2.65));
#7640 = VECTOR('',#7641,1.);
#7641 = DIRECTION('',(0.,0.,1.));
#7642 = PCURVE('',#1407,#7643);
#7643 = DEFINITIONAL_REPRESENTATION('',(#7644),#7648);
#7644 = LINE('',#7645,#7646);
#7645 = CARTESIAN_POINT('',(0.,0.));
#7646 = VECTOR('',#7647,1.);
#7647 = DIRECTION('',(0.,-1.));
#7648 = ( GEOMETRIC_REPRESENTATION_CONTEXT(2) 
PARAMETRIC_REPRESENTATION_CONTEXT() REPRESENTATION_CONTEXT('2D SPACE',''
  ) );
#7649 = PCURVE('',#1377,#7650);
#7650 = DEFINITIONAL_REPRESENTATION('',(#7651),#7655);
#7651 = LINE('',#7652,#7653);
#7652 = CARTESIAN_POINT('',(1.,0.));
#7653 = VECTOR('',#7654,1.);
#7654 = DIRECTION('',(0.,-1.));
#7655 = ( GEOMETRIC_REPRESENTATION_CONTEXT(2) 
PARAMETRIC_REPRESENTATION_CONTEXT() REPRESENTATION_CONTEXT('2D SPACE',''
  ) );
#7656 = ORIENTED_EDGE('',*,*,#1391,.T.);
#7657 = ORIENTED_EDGE('',*,*,#7585,.F.);
#7658 = ORIENTED_EDGE('',*,*,#7659,.F.);
#7659 = EDGE_CURVE('',#7635,#7586,#7660,.T.);
#7660 = SURFACE_CURVE('',#7661,(#7665,#7672),.PCURVE_S1.);
#7661 = B_SPLINE_CURVE_WITH_KNOTS('',2,(#7662,#7663,#7664),
  .UNSPECIFIED.,.F.,.F.,(3,3),(0.,1.),.PIECEWISE_BEZIER_KNOTS.);
#7662 = CARTESIAN_POINT('',(-9.392578125,0.783203125,2.65));
#7663 = CARTESIAN_POINT('',(-9.392578125,0.58984375,2.65));
#7664 = CARTESIAN_POINT('',(-9.2763671875,0.4912109375,2.65));
#7665 = PCURVE('',#1407,#7666);
#7666 = DEFINITIONAL_REPRESENTATION('',(#7667),#7671);
#7667 = LINE('',#7668,#7669);
#7668 = CARTESIAN_POINT('',(0.,0.));
#7669 = VECTOR('',#7670,1.);
#7670 = DIRECTION('',(1.,0.));
#7671 = ( GEOMETRIC_REPRESENTATION_CONTEXT(2) 
PARAMETRIC_REPRESENTATION_CONTEXT() REPRESENTATION_CONTEXT('2D SPACE',''
  ) );
#7672 = PCURVE('',#6590,#7673);
#7673 = DEFINITIONAL_REPRESENTATION('',(#7674),#7678);
#7674 = B_SPLINE_CURVE_WITH_KNOTS('',2,(#7675,#7676,#7677),
  .UNSPECIFIED.,.F.,.F.,(3,3),(0.,1.),.PIECEWISE_BEZIER_KNOTS.);
#7675 = CARTESIAN_POINT('',(0.66015625,2.16796875));
#7676 = CARTESIAN_POINT('',(0.66015625,1.974609375));
#7677 = CARTESIAN_POINT('',(0.7763671875,1.8759765625));
#7678 = ( GEOMETRIC_REPRESENTATION_CONTEXT(2) 
PARAMETRIC_REPRESENTATION_CONTEXT() REPRESENTATION_CONTEXT('2D SPACE',''
  ) );
#7679 = ADVANCED_FACE('',(#7680),#1377,.F.);
#7680 = FACE_BOUND('',#7681,.F.);
#7681 = EDGE_LOOP('',(#7682,#7705,#7706,#7707));
#7682 = ORIENTED_EDGE('',*,*,#7683,.T.);
#7683 = EDGE_CURVE('',#7684,#1332,#7686,.T.);
#7684 = VERTEX_POINT('',#7685);
#7685 = CARTESIAN_POINT('',(-9.2177734375,1.138671875,2.65));
#7686 = SURFACE_CURVE('',#7687,(#7691,#7698),.PCURVE_S1.);
#7687 = LINE('',#7688,#7689);
#7688 = CARTESIAN_POINT('',(-9.2177734375,1.138671875,2.65));
#7689 = VECTOR('',#7690,1.);
#7690 = DIRECTION('',(0.,0.,1.));
#7691 = PCURVE('',#1377,#7692);
#7692 = DEFINITIONAL_REPRESENTATION('',(#7693),#7697);
#7693 = LINE('',#7694,#7695);
#7694 = CARTESIAN_POINT('',(0.,0.));
#7695 = VECTOR('',#7696,1.);
#7696 = DIRECTION('',(0.,-1.));
#7697 = ( GEOMETRIC_REPRESENTATION_CONTEXT(2) 
PARAMETRIC_REPRESENTATION_CONTEXT() REPRESENTATION_CONTEXT('2D SPACE',''
  ) );
#7698 = PCURVE('',#1347,#7699);
#7699 = DEFINITIONAL_REPRESENTATION('',(#7700),#7704);
#7700 = LINE('',#7701,#7702);
#7701 = CARTESIAN_POINT('',(1.,0.));
#7702 = VECTOR('',#7703,1.);
#7703 = DIRECTION('',(0.,-1.));
#7704 = ( GEOMETRIC_REPRESENTATION_CONTEXT(2) 
PARAMETRIC_REPRESENTATION_CONTEXT() REPRESENTATION_CONTEXT('2D SPACE',''
  ) );
#7705 = ORIENTED_EDGE('',*,*,#1361,.T.);
#7706 = ORIENTED_EDGE('',*,*,#7634,.F.);
#7707 = ORIENTED_EDGE('',*,*,#7708,.F.);
#7708 = EDGE_CURVE('',#7684,#7635,#7709,.T.);
#7709 = SURFACE_CURVE('',#7710,(#7714,#7721),.PCURVE_S1.);
#7710 = B_SPLINE_CURVE_WITH_KNOTS('',2,(#7711,#7712,#7713),
  .UNSPECIFIED.,.F.,.F.,(3,3),(0.,1.),.PIECEWISE_BEZIER_KNOTS.);
#7711 = CARTESIAN_POINT('',(-9.2177734375,1.138671875,2.65));
#7712 = CARTESIAN_POINT('',(-9.392578125,1.013671875,2.65));
#7713 = CARTESIAN_POINT('',(-9.392578125,0.783203125,2.65));
#7714 = PCURVE('',#1377,#7715);
#7715 = DEFINITIONAL_REPRESENTATION('',(#7716),#7720);
#7716 = LINE('',#7717,#7718);
#7717 = CARTESIAN_POINT('',(0.,0.));
#7718 = VECTOR('',#7719,1.);
#7719 = DIRECTION('',(1.,0.));
#7720 = ( GEOMETRIC_REPRESENTATION_CONTEXT(2) 
PARAMETRIC_REPRESENTATION_CONTEXT() REPRESENTATION_CONTEXT('2D SPACE',''
  ) );
#7721 = PCURVE('',#6590,#7722);
#7722 = DEFINITIONAL_REPRESENTATION('',(#7723),#7727);
#7723 = B_SPLINE_CURVE_WITH_KNOTS('',2,(#7724,#7725,#7726),
  .UNSPECIFIED.,.F.,.F.,(3,3),(0.,1.),.PIECEWISE_BEZIER_KNOTS.);
#7724 = CARTESIAN_POINT('',(0.8349609375,2.5234375));
#7725 = CARTESIAN_POINT('',(0.66015625,2.3984375));
#7726 = CARTESIAN_POINT('',(0.66015625,2.16796875));
#7727 = ( GEOMETRIC_REPRESENTATION_CONTEXT(2) 
PARAMETRIC_REPRESENTATION_CONTEXT() REPRESENTATION_CONTEXT('2D SPACE',''
  ) );
#7728 = ADVANCED_FACE('',(#7729),#1347,.F.);
#7729 = FACE_BOUND('',#7730,.F.);
#7730 = EDGE_LOOP('',(#7731,#7754,#7755,#7756));
#7731 = ORIENTED_EDGE('',*,*,#7732,.T.);
#7732 = EDGE_CURVE('',#7733,#1302,#7735,.T.);
#7733 = VERTEX_POINT('',#7734);
#7734 = CARTESIAN_POINT('',(-8.720703125,1.263671875,2.65));
#7735 = SURFACE_CURVE('',#7736,(#7740,#7747),.PCURVE_S1.);
#7736 = LINE('',#7737,#7738);
#7737 = CARTESIAN_POINT('',(-8.720703125,1.263671875,2.65));
#7738 = VECTOR('',#7739,1.);
#7739 = DIRECTION('',(0.,0.,1.));
#7740 = PCURVE('',#1347,#7741);
#7741 = DEFINITIONAL_REPRESENTATION('',(#7742),#7746);
#7742 = LINE('',#7743,#7744);
#7743 = CARTESIAN_POINT('',(0.,0.));
#7744 = VECTOR('',#7745,1.);
#7745 = DIRECTION('',(0.,-1.));
#7746 = ( GEOMETRIC_REPRESENTATION_CONTEXT(2) 
PARAMETRIC_REPRESENTATION_CONTEXT() REPRESENTATION_CONTEXT('2D SPACE',''
  ) );
#7747 = PCURVE('',#1317,#7748);
#7748 = DEFINITIONAL_REPRESENTATION('',(#7749),#7753);
#7749 = LINE('',#7750,#7751);
#7750 = CARTESIAN_POINT('',(1.,0.));
#7751 = VECTOR('',#7752,1.);
#7752 = DIRECTION('',(0.,-1.));
#7753 = ( GEOMETRIC_REPRESENTATION_CONTEXT(2) 
PARAMETRIC_REPRESENTATION_CONTEXT() REPRESENTATION_CONTEXT('2D SPACE',''
  ) );
#7754 = ORIENTED_EDGE('',*,*,#1331,.T.);
#7755 = ORIENTED_EDGE('',*,*,#7683,.F.);
#7756 = ORIENTED_EDGE('',*,*,#7757,.F.);
#7757 = EDGE_CURVE('',#7733,#7684,#7758,.T.);
#7758 = SURFACE_CURVE('',#7759,(#7763,#7770),.PCURVE_S1.);
#7759 = B_SPLINE_CURVE_WITH_KNOTS('',2,(#7760,#7761,#7762),
  .UNSPECIFIED.,.F.,.F.,(3,3),(0.,1.),.PIECEWISE_BEZIER_KNOTS.);
#7760 = CARTESIAN_POINT('',(-8.720703125,1.263671875,2.65));
#7761 = CARTESIAN_POINT('',(-9.04296875,1.263671875,2.65));
#7762 = CARTESIAN_POINT('',(-9.2177734375,1.138671875,2.65));
#7763 = PCURVE('',#1347,#7764);
#7764 = DEFINITIONAL_REPRESENTATION('',(#7765),#7769);
#7765 = LINE('',#7766,#7767);
#7766 = CARTESIAN_POINT('',(0.,0.));
#7767 = VECTOR('',#7768,1.);
#7768 = DIRECTION('',(1.,0.));
#7769 = ( GEOMETRIC_REPRESENTATION_CONTEXT(2) 
PARAMETRIC_REPRESENTATION_CONTEXT() REPRESENTATION_CONTEXT('2D SPACE',''
  ) );
#7770 = PCURVE('',#6590,#7771);
#7771 = DEFINITIONAL_REPRESENTATION('',(#7772),#7776);
#7772 = B_SPLINE_CURVE_WITH_KNOTS('',2,(#7773,#7774,#7775),
  .UNSPECIFIED.,.F.,.F.,(3,3),(0.,1.),.PIECEWISE_BEZIER_KNOTS.);
#7773 = CARTESIAN_POINT('',(1.33203125,2.6484375));
#7774 = CARTESIAN_POINT('',(1.009765625,2.6484375));
#7775 = CARTESIAN_POINT('',(0.8349609375,2.5234375));
#7776 = ( GEOMETRIC_REPRESENTATION_CONTEXT(2) 
PARAMETRIC_REPRESENTATION_CONTEXT() REPRESENTATION_CONTEXT('2D SPACE',''
  ) );
#7777 = ADVANCED_FACE('',(#7778),#1317,.F.);
#7778 = FACE_BOUND('',#7779,.F.);
#7779 = EDGE_LOOP('',(#7780,#7803,#7804,#7805));
#7780 = ORIENTED_EDGE('',*,*,#7781,.T.);
#7781 = EDGE_CURVE('',#7782,#1272,#7784,.T.);
#7782 = VERTEX_POINT('',#7783);
#7783 = CARTESIAN_POINT('',(-8.3359375,1.2109375,2.65));
#7784 = SURFACE_CURVE('',#7785,(#7789,#7796),.PCURVE_S1.);
#7785 = LINE('',#7786,#7787);
#7786 = CARTESIAN_POINT('',(-8.3359375,1.2109375,2.65));
#7787 = VECTOR('',#7788,1.);
#7788 = DIRECTION('',(0.,0.,1.));
#7789 = PCURVE('',#1317,#7790);
#7790 = DEFINITIONAL_REPRESENTATION('',(#7791),#7795);
#7791 = LINE('',#7792,#7793);
#7792 = CARTESIAN_POINT('',(0.,0.));
#7793 = VECTOR('',#7794,1.);
#7794 = DIRECTION('',(0.,-1.));
#7795 = ( GEOMETRIC_REPRESENTATION_CONTEXT(2) 
PARAMETRIC_REPRESENTATION_CONTEXT() REPRESENTATION_CONTEXT('2D SPACE',''
  ) );
#7796 = PCURVE('',#1287,#7797);
#7797 = DEFINITIONAL_REPRESENTATION('',(#7798),#7802);
#7798 = LINE('',#7799,#7800);
#7799 = CARTESIAN_POINT('',(1.,0.));
#7800 = VECTOR('',#7801,1.);
#7801 = DIRECTION('',(0.,-1.));
#7802 = ( GEOMETRIC_REPRESENTATION_CONTEXT(2) 
PARAMETRIC_REPRESENTATION_CONTEXT() REPRESENTATION_CONTEXT('2D SPACE',''
  ) );
#7803 = ORIENTED_EDGE('',*,*,#1301,.T.);
#7804 = ORIENTED_EDGE('',*,*,#7732,.F.);
#7805 = ORIENTED_EDGE('',*,*,#7806,.F.);
#7806 = EDGE_CURVE('',#7782,#7733,#7807,.T.);
#7807 = SURFACE_CURVE('',#7808,(#7812,#7819),.PCURVE_S1.);
#7808 = B_SPLINE_CURVE_WITH_KNOTS('',2,(#7809,#7810,#7811),
  .UNSPECIFIED.,.F.,.F.,(3,3),(0.,1.),.PIECEWISE_BEZIER_KNOTS.);
#7809 = CARTESIAN_POINT('',(-8.3359375,1.2109375,2.65));
#7810 = CARTESIAN_POINT('',(-8.53515625,1.263671875,2.65));
#7811 = CARTESIAN_POINT('',(-8.720703125,1.263671875,2.65));
#7812 = PCURVE('',#1317,#7813);
#7813 = DEFINITIONAL_REPRESENTATION('',(#7814),#7818);
#7814 = LINE('',#7815,#7816);
#7815 = CARTESIAN_POINT('',(0.,0.));
#7816 = VECTOR('',#7817,1.);
#7817 = DIRECTION('',(1.,0.));
#7818 = ( GEOMETRIC_REPRESENTATION_CONTEXT(2) 
PARAMETRIC_REPRESENTATION_CONTEXT() REPRESENTATION_CONTEXT('2D SPACE',''
  ) );
#7819 = PCURVE('',#6590,#7820);
#7820 = DEFINITIONAL_REPRESENTATION('',(#7821),#7825);
#7821 = B_SPLINE_CURVE_WITH_KNOTS('',2,(#7822,#7823,#7824),
  .UNSPECIFIED.,.F.,.F.,(3,3),(0.,1.),.PIECEWISE_BEZIER_KNOTS.);
#7822 = CARTESIAN_POINT('',(1.716796875,2.595703125));
#7823 = CARTESIAN_POINT('',(1.517578125,2.6484375));
#7824 = CARTESIAN_POINT('',(1.33203125,2.6484375));
#7825 = ( GEOMETRIC_REPRESENTATION_CONTEXT(2) 
PARAMETRIC_REPRESENTATION_CONTEXT() REPRESENTATION_CONTEXT('2D SPACE',''
  ) );
#7826 = ADVANCED_FACE('',(#7827),#1287,.F.);
#7827 = FACE_BOUND('',#7828,.F.);
#7828 = EDGE_LOOP('',(#7829,#7852,#7853,#7854));
#7829 = ORIENTED_EDGE('',*,*,#7830,.T.);
#7830 = EDGE_CURVE('',#7831,#1244,#7833,.T.);
#7831 = VERTEX_POINT('',#7832);
#7832 = CARTESIAN_POINT('',(-7.912109375,1.05078125,2.65));
#7833 = SURFACE_CURVE('',#7834,(#7838,#7845),.PCURVE_S1.);
#7834 = LINE('',#7835,#7836);
#7835 = CARTESIAN_POINT('',(-7.912109375,1.05078125,2.65));
#7836 = VECTOR('',#7837,1.);
#7837 = DIRECTION('',(0.,0.,1.));
#7838 = PCURVE('',#1287,#7839);
#7839 = DEFINITIONAL_REPRESENTATION('',(#7840),#7844);
#7840 = LINE('',#7841,#7842);
#7841 = CARTESIAN_POINT('',(0.,0.));
#7842 = VECTOR('',#7843,1.);
#7843 = DIRECTION('',(0.,-1.));
#7844 = ( GEOMETRIC_REPRESENTATION_CONTEXT(2) 
PARAMETRIC_REPRESENTATION_CONTEXT() REPRESENTATION_CONTEXT('2D SPACE',''
  ) );
#7845 = PCURVE('',#1259,#7846);
#7846 = DEFINITIONAL_REPRESENTATION('',(#7847),#7851);
#7847 = LINE('',#7848,#7849);
#7848 = CARTESIAN_POINT('',(0.384765625,0.));
#7849 = VECTOR('',#7850,1.);
#7850 = DIRECTION('',(0.,-1.));
#7851 = ( GEOMETRIC_REPRESENTATION_CONTEXT(2) 
PARAMETRIC_REPRESENTATION_CONTEXT() REPRESENTATION_CONTEXT('2D SPACE',''
  ) );
#7852 = ORIENTED_EDGE('',*,*,#1271,.T.);
#7853 = ORIENTED_EDGE('',*,*,#7781,.F.);
#7854 = ORIENTED_EDGE('',*,*,#7855,.F.);
#7855 = EDGE_CURVE('',#7831,#7782,#7856,.T.);
#7856 = SURFACE_CURVE('',#7857,(#7861,#7868),.PCURVE_S1.);
#7857 = B_SPLINE_CURVE_WITH_KNOTS('',2,(#7858,#7859,#7860),
  .UNSPECIFIED.,.F.,.F.,(3,3),(0.,1.),.PIECEWISE_BEZIER_KNOTS.);
#7858 = CARTESIAN_POINT('',(-7.912109375,1.05078125,2.65));
#7859 = CARTESIAN_POINT('',(-8.13671875,1.158203125,2.65));
#7860 = CARTESIAN_POINT('',(-8.3359375,1.2109375,2.65));
#7861 = PCURVE('',#1287,#7862);
#7862 = DEFINITIONAL_REPRESENTATION('',(#7863),#7867);
#7863 = LINE('',#7864,#7865);
#7864 = CARTESIAN_POINT('',(0.,0.));
#7865 = VECTOR('',#7866,1.);
#7866 = DIRECTION('',(1.,0.));
#7867 = ( GEOMETRIC_REPRESENTATION_CONTEXT(2) 
PARAMETRIC_REPRESENTATION_CONTEXT() REPRESENTATION_CONTEXT('2D SPACE',''
  ) );
#7868 = PCURVE('',#6590,#7869);
#7869 = DEFINITIONAL_REPRESENTATION('',(#7870),#7874);
#7870 = B_SPLINE_CURVE_WITH_KNOTS('',2,(#7871,#7872,#7873),
  .UNSPECIFIED.,.F.,.F.,(3,3),(0.,1.),.PIECEWISE_BEZIER_KNOTS.);
#7871 = CARTESIAN_POINT('',(2.140625,2.435546875));
#7872 = CARTESIAN_POINT('',(1.916015625,2.54296875));
#7873 = CARTESIAN_POINT('',(1.716796875,2.595703125));
#7874 = ( GEOMETRIC_REPRESENTATION_CONTEXT(2) 
PARAMETRIC_REPRESENTATION_CONTEXT() REPRESENTATION_CONTEXT('2D SPACE',''
  ) );
#7875 = ADVANCED_FACE('',(#7876),#1259,.F.);
#7876 = FACE_BOUND('',#7877,.F.);
#7877 = EDGE_LOOP('',(#7878,#7879,#7880,#7881));
#7878 = ORIENTED_EDGE('',*,*,#6553,.T.);
#7879 = ORIENTED_EDGE('',*,*,#1243,.T.);
#7880 = ORIENTED_EDGE('',*,*,#7830,.F.);
#7881 = ORIENTED_EDGE('',*,*,#7882,.F.);
#7882 = EDGE_CURVE('',#6554,#7831,#7883,.T.);
#7883 = SURFACE_CURVE('',#7884,(#7888,#7895),.PCURVE_S1.);
#7884 = LINE('',#7885,#7886);
#7885 = CARTESIAN_POINT('',(-7.912109375,1.435546875,2.65));
#7886 = VECTOR('',#7887,1.);
#7887 = DIRECTION('',(0.,-1.,0.));
#7888 = PCURVE('',#1259,#7889);
#7889 = DEFINITIONAL_REPRESENTATION('',(#7890),#7894);
#7890 = LINE('',#7891,#7892);
#7891 = CARTESIAN_POINT('',(0.,0.));
#7892 = VECTOR('',#7893,1.);
#7893 = DIRECTION('',(1.,0.));
#7894 = ( GEOMETRIC_REPRESENTATION_CONTEXT(2) 
PARAMETRIC_REPRESENTATION_CONTEXT() REPRESENTATION_CONTEXT('2D SPACE',''
  ) );
#7895 = PCURVE('',#6590,#7896);
#7896 = DEFINITIONAL_REPRESENTATION('',(#7897),#7901);
#7897 = LINE('',#7898,#7899);
#7898 = CARTESIAN_POINT('',(2.140625,2.8203125));
#7899 = VECTOR('',#7900,1.);
#7900 = DIRECTION('',(0.,-1.));
#7901 = ( GEOMETRIC_REPRESENTATION_CONTEXT(2) 
PARAMETRIC_REPRESENTATION_CONTEXT() REPRESENTATION_CONTEXT('2D SPACE',''
  ) );
#7902 = ADVANCED_FACE('',(#7903),#2063,.F.);
#7903 = FACE_BOUND('',#7904,.F.);
#7904 = EDGE_LOOP('',(#7905,#7928,#7929,#7952));
#7905 = ORIENTED_EDGE('',*,*,#7906,.T.);
#7906 = EDGE_CURVE('',#7907,#2046,#7909,.T.);
#7907 = VERTEX_POINT('',#7908);
#7908 = CARTESIAN_POINT('',(-6.7265625,-1.384765625,2.65));
#7909 = SURFACE_CURVE('',#7910,(#7914,#7921),.PCURVE_S1.);
#7910 = LINE('',#7911,#7912);
#7911 = CARTESIAN_POINT('',(-6.7265625,-1.384765625,2.65));
#7912 = VECTOR('',#7913,1.);
#7913 = DIRECTION('',(0.,0.,1.));
#7914 = PCURVE('',#2063,#7915);
#7915 = DEFINITIONAL_REPRESENTATION('',(#7916),#7920);
#7916 = LINE('',#7917,#7918);
#7917 = CARTESIAN_POINT('',(0.,-0.));
#7918 = VECTOR('',#7919,1.);
#7919 = DIRECTION('',(0.,-1.));
#7920 = ( GEOMETRIC_REPRESENTATION_CONTEXT(2) 
PARAMETRIC_REPRESENTATION_CONTEXT() REPRESENTATION_CONTEXT('2D SPACE',''
  ) );
#7921 = PCURVE('',#2341,#7922);
#7922 = DEFINITIONAL_REPRESENTATION('',(#7923),#7927);
#7923 = LINE('',#7924,#7925);
#7924 = CARTESIAN_POINT('',(1.404296875,0.));
#7925 = VECTOR('',#7926,1.);
#7926 = DIRECTION('',(0.,-1.));
#7927 = ( GEOMETRIC_REPRESENTATION_CONTEXT(2) 
PARAMETRIC_REPRESENTATION_CONTEXT() REPRESENTATION_CONTEXT('2D SPACE',''
  ) );
#7928 = ORIENTED_EDGE('',*,*,#2045,.T.);
#7929 = ORIENTED_EDGE('',*,*,#7930,.F.);
#7930 = EDGE_CURVE('',#7931,#2048,#7933,.T.);
#7931 = VERTEX_POINT('',#7932);
#7932 = CARTESIAN_POINT('',(-7.12109375,-1.384765625,2.65));
#7933 = SURFACE_CURVE('',#7934,(#7938,#7945),.PCURVE_S1.);
#7934 = LINE('',#7935,#7936);
#7935 = CARTESIAN_POINT('',(-7.12109375,-1.384765625,2.65));
#7936 = VECTOR('',#7937,1.);
#7937 = DIRECTION('',(0.,0.,1.));
#7938 = PCURVE('',#2063,#7939);
#7939 = DEFINITIONAL_REPRESENTATION('',(#7940),#7944);
#7940 = LINE('',#7941,#7942);
#7941 = CARTESIAN_POINT('',(0.39453125,0.));
#7942 = VECTOR('',#7943,1.);
#7943 = DIRECTION('',(0.,-1.));
#7944 = ( GEOMETRIC_REPRESENTATION_CONTEXT(2) 
PARAMETRIC_REPRESENTATION_CONTEXT() REPRESENTATION_CONTEXT('2D SPACE',''
  ) );
#7945 = PCURVE('',#2091,#7946);
#7946 = DEFINITIONAL_REPRESENTATION('',(#7947),#7951);
#7947 = LINE('',#7948,#7949);
#7948 = CARTESIAN_POINT('',(0.,0.));
#7949 = VECTOR('',#7950,1.);
#7950 = DIRECTION('',(0.,-1.));
#7951 = ( GEOMETRIC_REPRESENTATION_CONTEXT(2) 
PARAMETRIC_REPRESENTATION_CONTEXT() REPRESENTATION_CONTEXT('2D SPACE',''
  ) );
#7952 = ORIENTED_EDGE('',*,*,#7953,.F.);
#7953 = EDGE_CURVE('',#7907,#7931,#7954,.T.);
#7954 = SURFACE_CURVE('',#7955,(#7959,#7966),.PCURVE_S1.);
#7955 = LINE('',#7956,#7957);
#7956 = CARTESIAN_POINT('',(-6.7265625,-1.384765625,2.65));
#7957 = VECTOR('',#7958,1.);
#7958 = DIRECTION('',(-1.,0.,0.));
#7959 = PCURVE('',#2063,#7960);
#7960 = DEFINITIONAL_REPRESENTATION('',(#7961),#7965);
#7961 = LINE('',#7962,#7963);
#7962 = CARTESIAN_POINT('',(0.,-0.));
#7963 = VECTOR('',#7964,1.);
#7964 = DIRECTION('',(1.,0.));
#7965 = ( GEOMETRIC_REPRESENTATION_CONTEXT(2) 
PARAMETRIC_REPRESENTATION_CONTEXT() REPRESENTATION_CONTEXT('2D SPACE',''
  ) );
#7966 = PCURVE('',#7967,#7972);
#7967 = PLANE('',#7968);
#7968 = AXIS2_PLACEMENT_3D('',#7969,#7970,#7971);
#7969 = CARTESIAN_POINT('',(-7.513671875,-1.384765625,2.65));
#7970 = DIRECTION('',(0.,0.,1.));
#7971 = DIRECTION('',(1.,0.,0.));
#7972 = DEFINITIONAL_REPRESENTATION('',(#7973),#7977);
#7973 = LINE('',#7974,#7975);
#7974 = CARTESIAN_POINT('',(0.787109375,0.));
#7975 = VECTOR('',#7976,1.);
#7976 = DIRECTION('',(-1.,0.));
#7977 = ( GEOMETRIC_REPRESENTATION_CONTEXT(2) 
PARAMETRIC_REPRESENTATION_CONTEXT() REPRESENTATION_CONTEXT('2D SPACE',''
  ) );
#7978 = ADVANCED_FACE('',(#7979),#2341,.F.);
#7979 = FACE_BOUND('',#7980,.F.);
#7980 = EDGE_LOOP('',(#7981,#8004,#8005,#8006));
#7981 = ORIENTED_EDGE('',*,*,#7982,.T.);
#7982 = EDGE_CURVE('',#7983,#2300,#7985,.T.);
#7983 = VERTEX_POINT('',#7984);
#7984 = CARTESIAN_POINT('',(-6.7265625,1.953125E-02,2.65));
#7985 = SURFACE_CURVE('',#7986,(#7990,#7997),.PCURVE_S1.);
#7986 = LINE('',#7987,#7988);
#7987 = CARTESIAN_POINT('',(-6.7265625,1.953125E-02,2.65));
#7988 = VECTOR('',#7989,1.);
#7989 = DIRECTION('',(0.,0.,1.));
#7990 = PCURVE('',#2341,#7991);
#7991 = DEFINITIONAL_REPRESENTATION('',(#7992),#7996);
#7992 = LINE('',#7993,#7994);
#7993 = CARTESIAN_POINT('',(0.,0.));
#7994 = VECTOR('',#7995,1.);
#7995 = DIRECTION('',(0.,-1.));
#7996 = ( GEOMETRIC_REPRESENTATION_CONTEXT(2) 
PARAMETRIC_REPRESENTATION_CONTEXT() REPRESENTATION_CONTEXT('2D SPACE',''
  ) );
#7997 = PCURVE('',#2315,#7998);
#7998 = DEFINITIONAL_REPRESENTATION('',(#7999),#8003);
#7999 = LINE('',#8000,#8001);
#8000 = CARTESIAN_POINT('',(1.983215473851,0.));
#8001 = VECTOR('',#8002,1.);
#8002 = DIRECTION('',(0.,-1.));
#8003 = ( GEOMETRIC_REPRESENTATION_CONTEXT(2) 
PARAMETRIC_REPRESENTATION_CONTEXT() REPRESENTATION_CONTEXT('2D SPACE',''
  ) );
#8004 = ORIENTED_EDGE('',*,*,#2327,.T.);
#8005 = ORIENTED_EDGE('',*,*,#7906,.F.);
#8006 = ORIENTED_EDGE('',*,*,#8007,.F.);
#8007 = EDGE_CURVE('',#7983,#7907,#8008,.T.);
#8008 = SURFACE_CURVE('',#8009,(#8013,#8020),.PCURVE_S1.);
#8009 = LINE('',#8010,#8011);
#8010 = CARTESIAN_POINT('',(-6.7265625,1.953125E-02,2.65));
#8011 = VECTOR('',#8012,1.);
#8012 = DIRECTION('',(0.,-1.,0.));
#8013 = PCURVE('',#2341,#8014);
#8014 = DEFINITIONAL_REPRESENTATION('',(#8015),#8019);
#8015 = LINE('',#8016,#8017);
#8016 = CARTESIAN_POINT('',(0.,0.));
#8017 = VECTOR('',#8018,1.);
#8018 = DIRECTION('',(1.,0.));
#8019 = ( GEOMETRIC_REPRESENTATION_CONTEXT(2) 
PARAMETRIC_REPRESENTATION_CONTEXT() REPRESENTATION_CONTEXT('2D SPACE',''
  ) );
#8020 = PCURVE('',#7967,#8021);
#8021 = DEFINITIONAL_REPRESENTATION('',(#8022),#8026);
#8022 = LINE('',#8023,#8024);
#8023 = CARTESIAN_POINT('',(0.787109375,1.404296875));
#8024 = VECTOR('',#8025,1.);
#8025 = DIRECTION('',(0.,-1.));
#8026 = ( GEOMETRIC_REPRESENTATION_CONTEXT(2) 
PARAMETRIC_REPRESENTATION_CONTEXT() REPRESENTATION_CONTEXT('2D SPACE',''
  ) );
#8027 = ADVANCED_FACE('',(#8028),#2315,.F.);
#8028 = FACE_BOUND('',#8029,.F.);
#8029 = EDGE_LOOP('',(#8030,#8053,#8054,#8055));
#8030 = ORIENTED_EDGE('',*,*,#8031,.T.);
#8031 = EDGE_CURVE('',#8032,#2272,#8034,.T.);
#8032 = VERTEX_POINT('',#8033);
#8033 = CARTESIAN_POINT('',(-5.326171875,-1.384765625,2.65));
#8034 = SURFACE_CURVE('',#8035,(#8039,#8046),.PCURVE_S1.);
#8035 = LINE('',#8036,#8037);
#8036 = CARTESIAN_POINT('',(-5.326171875,-1.384765625,2.65));
#8037 = VECTOR('',#8038,1.);
#8038 = DIRECTION('',(0.,0.,1.));
#8039 = PCURVE('',#2315,#8040);
#8040 = DEFINITIONAL_REPRESENTATION('',(#8041),#8045);
#8041 = LINE('',#8042,#8043);
#8042 = CARTESIAN_POINT('',(0.,0.));
#8043 = VECTOR('',#8044,1.);
#8044 = DIRECTION('',(0.,-1.));
#8045 = ( GEOMETRIC_REPRESENTATION_CONTEXT(2) 
PARAMETRIC_REPRESENTATION_CONTEXT() REPRESENTATION_CONTEXT('2D SPACE',''
  ) );
#8046 = PCURVE('',#2287,#8047);
#8047 = DEFINITIONAL_REPRESENTATION('',(#8048),#8052);
#8048 = LINE('',#8049,#8050);
#8049 = CARTESIAN_POINT('',(0.51953125,0.));
#8050 = VECTOR('',#8051,1.);
#8051 = DIRECTION('',(0.,-1.));
#8052 = ( GEOMETRIC_REPRESENTATION_CONTEXT(2) 
PARAMETRIC_REPRESENTATION_CONTEXT() REPRESENTATION_CONTEXT('2D SPACE',''
  ) );
#8053 = ORIENTED_EDGE('',*,*,#2299,.T.);
#8054 = ORIENTED_EDGE('',*,*,#7982,.F.);
#8055 = ORIENTED_EDGE('',*,*,#8056,.F.);
#8056 = EDGE_CURVE('',#8032,#7983,#8057,.T.);
#8057 = SURFACE_CURVE('',#8058,(#8062,#8069),.PCURVE_S1.);
#8058 = LINE('',#8059,#8060);
#8059 = CARTESIAN_POINT('',(-5.326171875,-1.384765625,2.65));
#8060 = VECTOR('',#8061,1.);
#8061 = DIRECTION('',(-0.706121267943,0.708090922805,0.));
#8062 = PCURVE('',#2315,#8063);
#8063 = DEFINITIONAL_REPRESENTATION('',(#8064),#8068);
#8064 = LINE('',#8065,#8066);
#8065 = CARTESIAN_POINT('',(0.,0.));
#8066 = VECTOR('',#8067,1.);
#8067 = DIRECTION('',(1.,0.));
#8068 = ( GEOMETRIC_REPRESENTATION_CONTEXT(2) 
PARAMETRIC_REPRESENTATION_CONTEXT() REPRESENTATION_CONTEXT('2D SPACE',''
  ) );
#8069 = PCURVE('',#7967,#8070);
#8070 = DEFINITIONAL_REPRESENTATION('',(#8071),#8075);
#8071 = LINE('',#8072,#8073);
#8072 = CARTESIAN_POINT('',(2.1875,0.));
#8073 = VECTOR('',#8074,1.);
#8074 = DIRECTION('',(-0.706121267943,0.708090922805));
#8075 = ( GEOMETRIC_REPRESENTATION_CONTEXT(2) 
PARAMETRIC_REPRESENTATION_CONTEXT() REPRESENTATION_CONTEXT('2D SPACE',''
  ) );
#8076 = ADVANCED_FACE('',(#8077),#2287,.F.);
#8077 = FACE_BOUND('',#8078,.F.);
#8078 = EDGE_LOOP('',(#8079,#8102,#8103,#8104));
#8079 = ORIENTED_EDGE('',*,*,#8080,.T.);
#8080 = EDGE_CURVE('',#8081,#2244,#8083,.T.);
#8081 = VERTEX_POINT('',#8082);
#8082 = CARTESIAN_POINT('',(-4.806640625,-1.384765625,2.65));
#8083 = SURFACE_CURVE('',#8084,(#8088,#8095),.PCURVE_S1.);
#8084 = LINE('',#8085,#8086);
#8085 = CARTESIAN_POINT('',(-4.806640625,-1.384765625,2.65));
#8086 = VECTOR('',#8087,1.);
#8087 = DIRECTION('',(0.,0.,1.));
#8088 = PCURVE('',#2287,#8089);
#8089 = DEFINITIONAL_REPRESENTATION('',(#8090),#8094);
#8090 = LINE('',#8091,#8092);
#8091 = CARTESIAN_POINT('',(0.,-0.));
#8092 = VECTOR('',#8093,1.);
#8093 = DIRECTION('',(0.,-1.));
#8094 = ( GEOMETRIC_REPRESENTATION_CONTEXT(2) 
PARAMETRIC_REPRESENTATION_CONTEXT() REPRESENTATION_CONTEXT('2D SPACE',''
  ) );
#8095 = PCURVE('',#2259,#8096);
#8096 = DEFINITIONAL_REPRESENTATION('',(#8097),#8101);
#8097 = LINE('',#8098,#8099);
#8098 = CARTESIAN_POINT('',(2.197282986043,0.));
#8099 = VECTOR('',#8100,1.);
#8100 = DIRECTION('',(0.,-1.));
#8101 = ( GEOMETRIC_REPRESENTATION_CONTEXT(2) 
PARAMETRIC_REPRESENTATION_CONTEXT() REPRESENTATION_CONTEXT('2D SPACE',''
  ) );
#8102 = ORIENTED_EDGE('',*,*,#2271,.T.);
#8103 = ORIENTED_EDGE('',*,*,#8031,.F.);
#8104 = ORIENTED_EDGE('',*,*,#8105,.F.);
#8105 = EDGE_CURVE('',#8081,#8032,#8106,.T.);
#8106 = SURFACE_CURVE('',#8107,(#8111,#8118),.PCURVE_S1.);
#8107 = LINE('',#8108,#8109);
#8108 = CARTESIAN_POINT('',(-4.806640625,-1.384765625,2.65));
#8109 = VECTOR('',#8110,1.);
#8110 = DIRECTION('',(-1.,0.,0.));
#8111 = PCURVE('',#2287,#8112);
#8112 = DEFINITIONAL_REPRESENTATION('',(#8113),#8117);
#8113 = LINE('',#8114,#8115);
#8114 = CARTESIAN_POINT('',(0.,-0.));
#8115 = VECTOR('',#8116,1.);
#8116 = DIRECTION('',(1.,0.));
#8117 = ( GEOMETRIC_REPRESENTATION_CONTEXT(2) 
PARAMETRIC_REPRESENTATION_CONTEXT() REPRESENTATION_CONTEXT('2D SPACE',''
  ) );
#8118 = PCURVE('',#7967,#8119);
#8119 = DEFINITIONAL_REPRESENTATION('',(#8120),#8124);
#8120 = LINE('',#8121,#8122);
#8121 = CARTESIAN_POINT('',(2.70703125,0.));
#8122 = VECTOR('',#8123,1.);
#8123 = DIRECTION('',(-1.,0.));
#8124 = ( GEOMETRIC_REPRESENTATION_CONTEXT(2) 
PARAMETRIC_REPRESENTATION_CONTEXT() REPRESENTATION_CONTEXT('2D SPACE',''
  ) );
#8125 = ADVANCED_FACE('',(#8126),#2259,.F.);
#8126 = FACE_BOUND('',#8127,.F.);
#8127 = EDGE_LOOP('',(#8128,#8151,#8152,#8153));
#8128 = ORIENTED_EDGE('',*,*,#8129,.T.);
#8129 = EDGE_CURVE('',#8130,#2216,#8132,.T.);
#8130 = VERTEX_POINT('',#8131);
#8131 = CARTESIAN_POINT('',(-6.357421875,0.171875,2.65));
#8132 = SURFACE_CURVE('',#8133,(#8137,#8144),.PCURVE_S1.);
#8133 = LINE('',#8134,#8135);
#8134 = CARTESIAN_POINT('',(-6.357421875,0.171875,2.65));
#8135 = VECTOR('',#8136,1.);
#8136 = DIRECTION('',(0.,0.,1.));
#8137 = PCURVE('',#2259,#8138);
#8138 = DEFINITIONAL_REPRESENTATION('',(#8139),#8143);
#8139 = LINE('',#8140,#8141);
#8140 = CARTESIAN_POINT('',(0.,0.));
#8141 = VECTOR('',#8142,1.);
#8142 = DIRECTION('',(0.,-1.));
#8143 = ( GEOMETRIC_REPRESENTATION_CONTEXT(2) 
PARAMETRIC_REPRESENTATION_CONTEXT() REPRESENTATION_CONTEXT('2D SPACE',''
  ) );
#8144 = PCURVE('',#2231,#8145);
#8145 = DEFINITIONAL_REPRESENTATION('',(#8146),#8150);
#8146 = LINE('',#8147,#8148);
#8147 = CARTESIAN_POINT('',(1.985567470506,0.));
#8148 = VECTOR('',#8149,1.);
#8149 = DIRECTION('',(0.,-1.));
#8150 = ( GEOMETRIC_REPRESENTATION_CONTEXT(2) 
PARAMETRIC_REPRESENTATION_CONTEXT() REPRESENTATION_CONTEXT('2D SPACE',''
  ) );
#8151 = ORIENTED_EDGE('',*,*,#2243,.T.);
#8152 = ORIENTED_EDGE('',*,*,#8080,.F.);
#8153 = ORIENTED_EDGE('',*,*,#8154,.F.);
#8154 = EDGE_CURVE('',#8130,#8081,#8155,.T.);
#8155 = SURFACE_CURVE('',#8156,(#8160,#8167),.PCURVE_S1.);
#8156 = LINE('',#8157,#8158);
#8157 = CARTESIAN_POINT('',(-6.357421875,0.171875,2.65));
#8158 = VECTOR('',#8159,1.);
#8159 = DIRECTION('',(0.705772201328,-0.708438846925,0.));
#8160 = PCURVE('',#2259,#8161);
#8161 = DEFINITIONAL_REPRESENTATION('',(#8162),#8166);
#8162 = LINE('',#8163,#8164);
#8163 = CARTESIAN_POINT('',(0.,0.));
#8164 = VECTOR('',#8165,1.);
#8165 = DIRECTION('',(1.,0.));
#8166 = ( GEOMETRIC_REPRESENTATION_CONTEXT(2) 
PARAMETRIC_REPRESENTATION_CONTEXT() REPRESENTATION_CONTEXT('2D SPACE',''
  ) );
#8167 = PCURVE('',#7967,#8168);
#8168 = DEFINITIONAL_REPRESENTATION('',(#8169),#8173);
#8169 = LINE('',#8170,#8171);
#8170 = CARTESIAN_POINT('',(1.15625,1.556640625));
#8171 = VECTOR('',#8172,1.);
#8172 = DIRECTION('',(0.705772201328,-0.708438846925));
#8173 = ( GEOMETRIC_REPRESENTATION_CONTEXT(2) 
PARAMETRIC_REPRESENTATION_CONTEXT() REPRESENTATION_CONTEXT('2D SPACE',''
  ) );
#8174 = ADVANCED_FACE('',(#8175),#2231,.F.);
#8175 = FACE_BOUND('',#8176,.F.);
#8176 = EDGE_LOOP('',(#8177,#8200,#8201,#8202));
#8177 = ORIENTED_EDGE('',*,*,#8178,.T.);
#8178 = EDGE_CURVE('',#8179,#2188,#8181,.T.);
#8179 = VERTEX_POINT('',#8180);
#8180 = CARTESIAN_POINT('',(-4.91015625,1.53125,2.65));
#8181 = SURFACE_CURVE('',#8182,(#8186,#8193),.PCURVE_S1.);
#8182 = LINE('',#8183,#8184);
#8183 = CARTESIAN_POINT('',(-4.91015625,1.53125,2.65));
#8184 = VECTOR('',#8185,1.);
#8185 = DIRECTION('',(0.,0.,1.));
#8186 = PCURVE('',#2231,#8187);
#8187 = DEFINITIONAL_REPRESENTATION('',(#8188),#8192);
#8188 = LINE('',#8189,#8190);
#8189 = CARTESIAN_POINT('',(0.,0.));
#8190 = VECTOR('',#8191,1.);
#8191 = DIRECTION('',(0.,-1.));
#8192 = ( GEOMETRIC_REPRESENTATION_CONTEXT(2) 
PARAMETRIC_REPRESENTATION_CONTEXT() REPRESENTATION_CONTEXT('2D SPACE',''
  ) );
#8193 = PCURVE('',#2203,#8194);
#8194 = DEFINITIONAL_REPRESENTATION('',(#8195),#8199);
#8195 = LINE('',#8196,#8197);
#8196 = CARTESIAN_POINT('',(0.5078125,0.));
#8197 = VECTOR('',#8198,1.);
#8198 = DIRECTION('',(0.,-1.));
#8199 = ( GEOMETRIC_REPRESENTATION_CONTEXT(2) 
PARAMETRIC_REPRESENTATION_CONTEXT() REPRESENTATION_CONTEXT('2D SPACE',''
  ) );
#8200 = ORIENTED_EDGE('',*,*,#2215,.T.);
#8201 = ORIENTED_EDGE('',*,*,#8129,.F.);
#8202 = ORIENTED_EDGE('',*,*,#8203,.F.);
#8203 = EDGE_CURVE('',#8179,#8130,#8204,.T.);
#8204 = SURFACE_CURVE('',#8205,(#8209,#8216),.PCURVE_S1.);
#8205 = LINE('',#8206,#8207);
#8206 = CARTESIAN_POINT('',(-4.91015625,1.53125,2.65));
#8207 = VECTOR('',#8208,1.);
#8208 = DIRECTION('',(-0.72889269516,-0.684627956588,0.));
#8209 = PCURVE('',#2231,#8210);
#8210 = DEFINITIONAL_REPRESENTATION('',(#8211),#8215);
#8211 = LINE('',#8212,#8213);
#8212 = CARTESIAN_POINT('',(0.,0.));
#8213 = VECTOR('',#8214,1.);
#8214 = DIRECTION('',(1.,0.));
#8215 = ( GEOMETRIC_REPRESENTATION_CONTEXT(2) 
PARAMETRIC_REPRESENTATION_CONTEXT() REPRESENTATION_CONTEXT('2D SPACE',''
  ) );
#8216 = PCURVE('',#7967,#8217);
#8217 = DEFINITIONAL_REPRESENTATION('',(#8218),#8222);
#8218 = LINE('',#8219,#8220);
#8219 = CARTESIAN_POINT('',(2.603515625,2.916015625));
#8220 = VECTOR('',#8221,1.);
#8221 = DIRECTION('',(-0.72889269516,-0.684627956588));
#8222 = ( GEOMETRIC_REPRESENTATION_CONTEXT(2) 
PARAMETRIC_REPRESENTATION_CONTEXT() REPRESENTATION_CONTEXT('2D SPACE',''
  ) );
#8223 = ADVANCED_FACE('',(#8224),#2203,.F.);
#8224 = FACE_BOUND('',#8225,.F.);
#8225 = EDGE_LOOP('',(#8226,#8249,#8250,#8251));
#8226 = ORIENTED_EDGE('',*,*,#8227,.T.);
#8227 = EDGE_CURVE('',#8228,#2160,#8230,.T.);
#8228 = VERTEX_POINT('',#8229);
#8229 = CARTESIAN_POINT('',(-5.41796875,1.53125,2.65));
#8230 = SURFACE_CURVE('',#8231,(#8235,#8242),.PCURVE_S1.);
#8231 = LINE('',#8232,#8233);
#8232 = CARTESIAN_POINT('',(-5.41796875,1.53125,2.65));
#8233 = VECTOR('',#8234,1.);
#8234 = DIRECTION('',(0.,0.,1.));
#8235 = PCURVE('',#2203,#8236);
#8236 = DEFINITIONAL_REPRESENTATION('',(#8237),#8241);
#8237 = LINE('',#8238,#8239);
#8238 = CARTESIAN_POINT('',(0.,0.));
#8239 = VECTOR('',#8240,1.);
#8240 = DIRECTION('',(0.,-1.));
#8241 = ( GEOMETRIC_REPRESENTATION_CONTEXT(2) 
PARAMETRIC_REPRESENTATION_CONTEXT() REPRESENTATION_CONTEXT('2D SPACE',''
  ) );
#8242 = PCURVE('',#2175,#8243);
#8243 = DEFINITIONAL_REPRESENTATION('',(#8244),#8248);
#8244 = LINE('',#8245,#8246);
#8245 = CARTESIAN_POINT('',(1.797576501993,0.));
#8246 = VECTOR('',#8247,1.);
#8247 = DIRECTION('',(0.,-1.));
#8248 = ( GEOMETRIC_REPRESENTATION_CONTEXT(2) 
PARAMETRIC_REPRESENTATION_CONTEXT() REPRESENTATION_CONTEXT('2D SPACE',''
  ) );
#8249 = ORIENTED_EDGE('',*,*,#2187,.T.);
#8250 = ORIENTED_EDGE('',*,*,#8178,.F.);
#8251 = ORIENTED_EDGE('',*,*,#8252,.F.);
#8252 = EDGE_CURVE('',#8228,#8179,#8253,.T.);
#8253 = SURFACE_CURVE('',#8254,(#8258,#8265),.PCURVE_S1.);
#8254 = LINE('',#8255,#8256);
#8255 = CARTESIAN_POINT('',(-5.41796875,1.53125,2.65));
#8256 = VECTOR('',#8257,1.);
#8257 = DIRECTION('',(1.,0.,0.));
#8258 = PCURVE('',#2203,#8259);
#8259 = DEFINITIONAL_REPRESENTATION('',(#8260),#8264);
#8260 = LINE('',#8261,#8262);
#8261 = CARTESIAN_POINT('',(0.,0.));
#8262 = VECTOR('',#8263,1.);
#8263 = DIRECTION('',(1.,0.));
#8264 = ( GEOMETRIC_REPRESENTATION_CONTEXT(2) 
PARAMETRIC_REPRESENTATION_CONTEXT() REPRESENTATION_CONTEXT('2D SPACE',''
  ) );
#8265 = PCURVE('',#7967,#8266);
#8266 = DEFINITIONAL_REPRESENTATION('',(#8267),#8271);
#8267 = LINE('',#8268,#8269);
#8268 = CARTESIAN_POINT('',(2.095703125,2.916015625));
#8269 = VECTOR('',#8270,1.);
#8270 = DIRECTION('',(1.,0.));
#8271 = ( GEOMETRIC_REPRESENTATION_CONTEXT(2) 
PARAMETRIC_REPRESENTATION_CONTEXT() REPRESENTATION_CONTEXT('2D SPACE',''
  ) );
#8272 = ADVANCED_FACE('',(#8273),#2175,.F.);
#8273 = FACE_BOUND('',#8274,.F.);
#8274 = EDGE_LOOP('',(#8275,#8298,#8299,#8300));
#8275 = ORIENTED_EDGE('',*,*,#8276,.T.);
#8276 = EDGE_CURVE('',#8277,#2132,#8279,.T.);
#8277 = VERTEX_POINT('',#8278);
#8278 = CARTESIAN_POINT('',(-6.7265625,0.298828125,2.65));
#8279 = SURFACE_CURVE('',#8280,(#8284,#8291),.PCURVE_S1.);
#8280 = LINE('',#8281,#8282);
#8281 = CARTESIAN_POINT('',(-6.7265625,0.298828125,2.65));
#8282 = VECTOR('',#8283,1.);
#8283 = DIRECTION('',(0.,0.,1.));
#8284 = PCURVE('',#2175,#8285);
#8285 = DEFINITIONAL_REPRESENTATION('',(#8286),#8290);
#8286 = LINE('',#8287,#8288);
#8287 = CARTESIAN_POINT('',(0.,0.));
#8288 = VECTOR('',#8289,1.);
#8289 = DIRECTION('',(0.,-1.));
#8290 = ( GEOMETRIC_REPRESENTATION_CONTEXT(2) 
PARAMETRIC_REPRESENTATION_CONTEXT() REPRESENTATION_CONTEXT('2D SPACE',''
  ) );
#8291 = PCURVE('',#2147,#8292);
#8292 = DEFINITIONAL_REPRESENTATION('',(#8293),#8297);
#8293 = LINE('',#8294,#8295);
#8294 = CARTESIAN_POINT('',(1.232421875,0.));
#8295 = VECTOR('',#8296,1.);
#8296 = DIRECTION('',(0.,-1.));
#8297 = ( GEOMETRIC_REPRESENTATION_CONTEXT(2) 
PARAMETRIC_REPRESENTATION_CONTEXT() REPRESENTATION_CONTEXT('2D SPACE',''
  ) );
#8298 = ORIENTED_EDGE('',*,*,#2159,.T.);
#8299 = ORIENTED_EDGE('',*,*,#8227,.F.);
#8300 = ORIENTED_EDGE('',*,*,#8301,.F.);
#8301 = EDGE_CURVE('',#8277,#8228,#8302,.T.);
#8302 = SURFACE_CURVE('',#8303,(#8307,#8314),.PCURVE_S1.);
#8303 = LINE('',#8304,#8305);
#8304 = CARTESIAN_POINT('',(-6.7265625,0.298828125,2.65));
#8305 = VECTOR('',#8306,1.);
#8306 = DIRECTION('',(0.727976666667,0.685601905473,0.));
#8307 = PCURVE('',#2175,#8308);
#8308 = DEFINITIONAL_REPRESENTATION('',(#8309),#8313);
#8309 = LINE('',#8310,#8311);
#8310 = CARTESIAN_POINT('',(0.,0.));
#8311 = VECTOR('',#8312,1.);
#8312 = DIRECTION('',(1.,0.));
#8313 = ( GEOMETRIC_REPRESENTATION_CONTEXT(2) 
PARAMETRIC_REPRESENTATION_CONTEXT() REPRESENTATION_CONTEXT('2D SPACE',''
  ) );
#8314 = PCURVE('',#7967,#8315);
#8315 = DEFINITIONAL_REPRESENTATION('',(#8316),#8320);
#8316 = LINE('',#8317,#8318);
#8317 = CARTESIAN_POINT('',(0.787109375,1.68359375));
#8318 = VECTOR('',#8319,1.);
#8319 = DIRECTION('',(0.727976666667,0.685601905473));
#8320 = ( GEOMETRIC_REPRESENTATION_CONTEXT(2) 
PARAMETRIC_REPRESENTATION_CONTEXT() REPRESENTATION_CONTEXT('2D SPACE',''
  ) );
#8321 = ADVANCED_FACE('',(#8322),#2147,.F.);
#8322 = FACE_BOUND('',#8323,.F.);
#8323 = EDGE_LOOP('',(#8324,#8347,#8348,#8349));
#8324 = ORIENTED_EDGE('',*,*,#8325,.T.);
#8325 = EDGE_CURVE('',#8326,#2104,#8328,.T.);
#8326 = VERTEX_POINT('',#8327);
#8327 = CARTESIAN_POINT('',(-6.7265625,1.53125,2.65));
#8328 = SURFACE_CURVE('',#8329,(#8333,#8340),.PCURVE_S1.);
#8329 = LINE('',#8330,#8331);
#8330 = CARTESIAN_POINT('',(-6.7265625,1.53125,2.65));
#8331 = VECTOR('',#8332,1.);
#8332 = DIRECTION('',(0.,0.,1.));
#8333 = PCURVE('',#2147,#8334);
#8334 = DEFINITIONAL_REPRESENTATION('',(#8335),#8339);
#8335 = LINE('',#8336,#8337);
#8336 = CARTESIAN_POINT('',(0.,0.));
#8337 = VECTOR('',#8338,1.);
#8338 = DIRECTION('',(0.,-1.));
#8339 = ( GEOMETRIC_REPRESENTATION_CONTEXT(2) 
PARAMETRIC_REPRESENTATION_CONTEXT() REPRESENTATION_CONTEXT('2D SPACE',''
  ) );
#8340 = PCURVE('',#2119,#8341);
#8341 = DEFINITIONAL_REPRESENTATION('',(#8342),#8346);
#8342 = LINE('',#8343,#8344);
#8343 = CARTESIAN_POINT('',(0.39453125,0.));
#8344 = VECTOR('',#8345,1.);
#8345 = DIRECTION('',(0.,-1.));
#8346 = ( GEOMETRIC_REPRESENTATION_CONTEXT(2) 
PARAMETRIC_REPRESENTATION_CONTEXT() REPRESENTATION_CONTEXT('2D SPACE',''
  ) );
#8347 = ORIENTED_EDGE('',*,*,#2131,.T.);
#8348 = ORIENTED_EDGE('',*,*,#8276,.F.);
#8349 = ORIENTED_EDGE('',*,*,#8350,.F.);
#8350 = EDGE_CURVE('',#8326,#8277,#8351,.T.);
#8351 = SURFACE_CURVE('',#8352,(#8356,#8363),.PCURVE_S1.);
#8352 = LINE('',#8353,#8354);
#8353 = CARTESIAN_POINT('',(-6.7265625,1.53125,2.65));
#8354 = VECTOR('',#8355,1.);
#8355 = DIRECTION('',(0.,-1.,0.));
#8356 = PCURVE('',#2147,#8357);
#8357 = DEFINITIONAL_REPRESENTATION('',(#8358),#8362);
#8358 = LINE('',#8359,#8360);
#8359 = CARTESIAN_POINT('',(0.,0.));
#8360 = VECTOR('',#8361,1.);
#8361 = DIRECTION('',(1.,0.));
#8362 = ( GEOMETRIC_REPRESENTATION_CONTEXT(2) 
PARAMETRIC_REPRESENTATION_CONTEXT() REPRESENTATION_CONTEXT('2D SPACE',''
  ) );
#8363 = PCURVE('',#7967,#8364);
#8364 = DEFINITIONAL_REPRESENTATION('',(#8365),#8369);
#8365 = LINE('',#8366,#8367);
#8366 = CARTESIAN_POINT('',(0.787109375,2.916015625));
#8367 = VECTOR('',#8368,1.);
#8368 = DIRECTION('',(0.,-1.));
#8369 = ( GEOMETRIC_REPRESENTATION_CONTEXT(2) 
PARAMETRIC_REPRESENTATION_CONTEXT() REPRESENTATION_CONTEXT('2D SPACE',''
  ) );
#8370 = ADVANCED_FACE('',(#8371),#2119,.F.);
#8371 = FACE_BOUND('',#8372,.F.);
#8372 = EDGE_LOOP('',(#8373,#8396,#8397,#8398));
#8373 = ORIENTED_EDGE('',*,*,#8374,.T.);
#8374 = EDGE_CURVE('',#8375,#2076,#8377,.T.);
#8375 = VERTEX_POINT('',#8376);
#8376 = CARTESIAN_POINT('',(-7.12109375,1.53125,2.65));
#8377 = SURFACE_CURVE('',#8378,(#8382,#8389),.PCURVE_S1.);
#8378 = LINE('',#8379,#8380);
#8379 = CARTESIAN_POINT('',(-7.12109375,1.53125,2.65));
#8380 = VECTOR('',#8381,1.);
#8381 = DIRECTION('',(0.,0.,1.));
#8382 = PCURVE('',#2119,#8383);
#8383 = DEFINITIONAL_REPRESENTATION('',(#8384),#8388);
#8384 = LINE('',#8385,#8386);
#8385 = CARTESIAN_POINT('',(0.,0.));
#8386 = VECTOR('',#8387,1.);
#8387 = DIRECTION('',(0.,-1.));
#8388 = ( GEOMETRIC_REPRESENTATION_CONTEXT(2) 
PARAMETRIC_REPRESENTATION_CONTEXT() REPRESENTATION_CONTEXT('2D SPACE',''
  ) );
#8389 = PCURVE('',#2091,#8390);
#8390 = DEFINITIONAL_REPRESENTATION('',(#8391),#8395);
#8391 = LINE('',#8392,#8393);
#8392 = CARTESIAN_POINT('',(2.916015625,0.));
#8393 = VECTOR('',#8394,1.);
#8394 = DIRECTION('',(0.,-1.));
#8395 = ( GEOMETRIC_REPRESENTATION_CONTEXT(2) 
PARAMETRIC_REPRESENTATION_CONTEXT() REPRESENTATION_CONTEXT('2D SPACE',''
  ) );
#8396 = ORIENTED_EDGE('',*,*,#2103,.T.);
#8397 = ORIENTED_EDGE('',*,*,#8325,.F.);
#8398 = ORIENTED_EDGE('',*,*,#8399,.F.);
#8399 = EDGE_CURVE('',#8375,#8326,#8400,.T.);
#8400 = SURFACE_CURVE('',#8401,(#8405,#8412),.PCURVE_S1.);
#8401 = LINE('',#8402,#8403);
#8402 = CARTESIAN_POINT('',(-7.12109375,1.53125,2.65));
#8403 = VECTOR('',#8404,1.);
#8404 = DIRECTION('',(1.,0.,0.));
#8405 = PCURVE('',#2119,#8406);
#8406 = DEFINITIONAL_REPRESENTATION('',(#8407),#8411);
#8407 = LINE('',#8408,#8409);
#8408 = CARTESIAN_POINT('',(0.,0.));
#8409 = VECTOR('',#8410,1.);
#8410 = DIRECTION('',(1.,0.));
#8411 = ( GEOMETRIC_REPRESENTATION_CONTEXT(2) 
PARAMETRIC_REPRESENTATION_CONTEXT() REPRESENTATION_CONTEXT('2D SPACE',''
  ) );
#8412 = PCURVE('',#7967,#8413);
#8413 = DEFINITIONAL_REPRESENTATION('',(#8414),#8418);
#8414 = LINE('',#8415,#8416);
#8415 = CARTESIAN_POINT('',(0.392578125,2.916015625));
#8416 = VECTOR('',#8417,1.);
#8417 = DIRECTION('',(1.,0.));
#8418 = ( GEOMETRIC_REPRESENTATION_CONTEXT(2) 
PARAMETRIC_REPRESENTATION_CONTEXT() REPRESENTATION_CONTEXT('2D SPACE',''
  ) );
#8419 = ADVANCED_FACE('',(#8420),#2091,.F.);
#8420 = FACE_BOUND('',#8421,.F.);
#8421 = EDGE_LOOP('',(#8422,#8423,#8424,#8425));
#8422 = ORIENTED_EDGE('',*,*,#7930,.T.);
#8423 = ORIENTED_EDGE('',*,*,#2075,.T.);
#8424 = ORIENTED_EDGE('',*,*,#8374,.F.);
#8425 = ORIENTED_EDGE('',*,*,#8426,.F.);
#8426 = EDGE_CURVE('',#7931,#8375,#8427,.T.);
#8427 = SURFACE_CURVE('',#8428,(#8432,#8439),.PCURVE_S1.);
#8428 = LINE('',#8429,#8430);
#8429 = CARTESIAN_POINT('',(-7.12109375,-1.384765625,2.65));
#8430 = VECTOR('',#8431,1.);
#8431 = DIRECTION('',(0.,1.,0.));
#8432 = PCURVE('',#2091,#8433);
#8433 = DEFINITIONAL_REPRESENTATION('',(#8434),#8438);
#8434 = LINE('',#8435,#8436);
#8435 = CARTESIAN_POINT('',(0.,0.));
#8436 = VECTOR('',#8437,1.);
#8437 = DIRECTION('',(1.,0.));
#8438 = ( GEOMETRIC_REPRESENTATION_CONTEXT(2) 
PARAMETRIC_REPRESENTATION_CONTEXT() REPRESENTATION_CONTEXT('2D SPACE',''
  ) );
#8439 = PCURVE('',#7967,#8440);
#8440 = DEFINITIONAL_REPRESENTATION('',(#8441),#8445);
#8441 = LINE('',#8442,#8443);
#8442 = CARTESIAN_POINT('',(0.392578125,0.));
#8443 = VECTOR('',#8444,1.);
#8444 = DIRECTION('',(0.,1.));
#8445 = ( GEOMETRIC_REPRESENTATION_CONTEXT(2) 
PARAMETRIC_REPRESENTATION_CONTEXT() REPRESENTATION_CONTEXT('2D SPACE',''
  ) );
#8446 = ADVANCED_FACE('',(#8447),#2373,.F.);
#8447 = FACE_BOUND('',#8448,.F.);
#8448 = EDGE_LOOP('',(#8449,#8472,#8473,#8496));
#8449 = ORIENTED_EDGE('',*,*,#8450,.T.);
#8450 = EDGE_CURVE('',#8451,#2356,#8453,.T.);
#8451 = VERTEX_POINT('',#8452);
#8452 = CARTESIAN_POINT('',(-2.619140625,-1.384765625,2.65));
#8453 = SURFACE_CURVE('',#8454,(#8458,#8465),.PCURVE_S1.);
#8454 = LINE('',#8455,#8456);
#8455 = CARTESIAN_POINT('',(-2.619140625,-1.384765625,2.65));
#8456 = VECTOR('',#8457,1.);
#8457 = DIRECTION('',(0.,0.,1.));
#8458 = PCURVE('',#2373,#8459);
#8459 = DEFINITIONAL_REPRESENTATION('',(#8460),#8464);
#8460 = LINE('',#8461,#8462);
#8461 = CARTESIAN_POINT('',(0.,-0.));
#8462 = VECTOR('',#8463,1.);
#8463 = DIRECTION('',(0.,-1.));
#8464 = ( GEOMETRIC_REPRESENTATION_CONTEXT(2) 
PARAMETRIC_REPRESENTATION_CONTEXT() REPRESENTATION_CONTEXT('2D SPACE',''
  ) );
#8465 = PCURVE('',#2679,#8466);
#8466 = DEFINITIONAL_REPRESENTATION('',(#8467),#8471);
#8467 = LINE('',#8468,#8469);
#8468 = CARTESIAN_POINT('',(0.33203125,0.));
#8469 = VECTOR('',#8470,1.);
#8470 = DIRECTION('',(0.,-1.));
#8471 = ( GEOMETRIC_REPRESENTATION_CONTEXT(2) 
PARAMETRIC_REPRESENTATION_CONTEXT() REPRESENTATION_CONTEXT('2D SPACE',''
  ) );
#8472 = ORIENTED_EDGE('',*,*,#2355,.T.);
#8473 = ORIENTED_EDGE('',*,*,#8474,.F.);
#8474 = EDGE_CURVE('',#8475,#2358,#8477,.T.);
#8475 = VERTEX_POINT('',#8476);
#8476 = CARTESIAN_POINT('',(-4.498046875,-1.384765625,2.65));
#8477 = SURFACE_CURVE('',#8478,(#8482,#8489),.PCURVE_S1.);
#8478 = LINE('',#8479,#8480);
#8479 = CARTESIAN_POINT('',(-4.498046875,-1.384765625,2.65));
#8480 = VECTOR('',#8481,1.);
#8481 = DIRECTION('',(0.,0.,1.));
#8482 = PCURVE('',#2373,#8483);
#8483 = DEFINITIONAL_REPRESENTATION('',(#8484),#8488);
#8484 = LINE('',#8485,#8486);
#8485 = CARTESIAN_POINT('',(1.87890625,0.));
#8486 = VECTOR('',#8487,1.);
#8487 = DIRECTION('',(0.,-1.));
#8488 = ( GEOMETRIC_REPRESENTATION_CONTEXT(2) 
PARAMETRIC_REPRESENTATION_CONTEXT() REPRESENTATION_CONTEXT('2D SPACE',''
  ) );
#8489 = PCURVE('',#2401,#8490);
#8490 = DEFINITIONAL_REPRESENTATION('',(#8491),#8495);
#8491 = LINE('',#8492,#8493);
#8492 = CARTESIAN_POINT('',(0.,0.));
#8493 = VECTOR('',#8494,1.);
#8494 = DIRECTION('',(0.,-1.));
#8495 = ( GEOMETRIC_REPRESENTATION_CONTEXT(2) 
PARAMETRIC_REPRESENTATION_CONTEXT() REPRESENTATION_CONTEXT('2D SPACE',''
  ) );
#8496 = ORIENTED_EDGE('',*,*,#8497,.F.);
#8497 = EDGE_CURVE('',#8451,#8475,#8498,.T.);
#8498 = SURFACE_CURVE('',#8499,(#8503,#8510),.PCURVE_S1.);
#8499 = LINE('',#8500,#8501);
#8500 = CARTESIAN_POINT('',(-2.619140625,-1.384765625,2.65));
#8501 = VECTOR('',#8502,1.);
#8502 = DIRECTION('',(-1.,0.,0.));
#8503 = PCURVE('',#2373,#8504);
#8504 = DEFINITIONAL_REPRESENTATION('',(#8505),#8509);
#8505 = LINE('',#8506,#8507);
#8506 = CARTESIAN_POINT('',(0.,-0.));
#8507 = VECTOR('',#8508,1.);
#8508 = DIRECTION('',(1.,0.));
#8509 = ( GEOMETRIC_REPRESENTATION_CONTEXT(2) 
PARAMETRIC_REPRESENTATION_CONTEXT() REPRESENTATION_CONTEXT('2D SPACE',''
  ) );
#8510 = PCURVE('',#8511,#8516);
#8511 = PLANE('',#8512);
#8512 = AXIS2_PLACEMENT_3D('',#8513,#8514,#8515);
#8513 = CARTESIAN_POINT('',(-4.890625,-1.384765625,2.65));
#8514 = DIRECTION('',(0.,0.,1.));
#8515 = DIRECTION('',(1.,0.,0.));
#8516 = DEFINITIONAL_REPRESENTATION('',(#8517),#8521);
#8517 = LINE('',#8518,#8519);
#8518 = CARTESIAN_POINT('',(2.271484375,0.));
#8519 = VECTOR('',#8520,1.);
#8520 = DIRECTION('',(-1.,0.));
#8521 = ( GEOMETRIC_REPRESENTATION_CONTEXT(2) 
PARAMETRIC_REPRESENTATION_CONTEXT() REPRESENTATION_CONTEXT('2D SPACE',''
  ) );
#8522 = ADVANCED_FACE('',(#8523),#2679,.F.);
#8523 = FACE_BOUND('',#8524,.F.);
#8524 = EDGE_LOOP('',(#8525,#8548,#8549,#8550));
#8525 = ORIENTED_EDGE('',*,*,#8526,.T.);
#8526 = EDGE_CURVE('',#8527,#2638,#8529,.T.);
#8527 = VERTEX_POINT('',#8528);
#8528 = CARTESIAN_POINT('',(-2.619140625,-1.052734375,2.65));
#8529 = SURFACE_CURVE('',#8530,(#8534,#8541),.PCURVE_S1.);
#8530 = LINE('',#8531,#8532);
#8531 = CARTESIAN_POINT('',(-2.619140625,-1.052734375,2.65));
#8532 = VECTOR('',#8533,1.);
#8533 = DIRECTION('',(0.,0.,1.));
#8534 = PCURVE('',#2679,#8535);
#8535 = DEFINITIONAL_REPRESENTATION('',(#8536),#8540);
#8536 = LINE('',#8537,#8538);
#8537 = CARTESIAN_POINT('',(0.,0.));
#8538 = VECTOR('',#8539,1.);
#8539 = DIRECTION('',(0.,-1.));
#8540 = ( GEOMETRIC_REPRESENTATION_CONTEXT(2) 
PARAMETRIC_REPRESENTATION_CONTEXT() REPRESENTATION_CONTEXT('2D SPACE',''
  ) );
#8541 = PCURVE('',#2653,#8542);
#8542 = DEFINITIONAL_REPRESENTATION('',(#8543),#8547);
#8543 = LINE('',#8544,#8545);
#8544 = CARTESIAN_POINT('',(1.484375,0.));
#8545 = VECTOR('',#8546,1.);
#8546 = DIRECTION('',(0.,-1.));
#8547 = ( GEOMETRIC_REPRESENTATION_CONTEXT(2) 
PARAMETRIC_REPRESENTATION_CONTEXT() REPRESENTATION_CONTEXT('2D SPACE',''
  ) );
#8548 = ORIENTED_EDGE('',*,*,#2665,.T.);
#8549 = ORIENTED_EDGE('',*,*,#8450,.F.);
#8550 = ORIENTED_EDGE('',*,*,#8551,.F.);
#8551 = EDGE_CURVE('',#8527,#8451,#8552,.T.);
#8552 = SURFACE_CURVE('',#8553,(#8557,#8564),.PCURVE_S1.);
#8553 = LINE('',#8554,#8555);
#8554 = CARTESIAN_POINT('',(-2.619140625,-1.052734375,2.65));
#8555 = VECTOR('',#8556,1.);
#8556 = DIRECTION('',(0.,-1.,0.));
#8557 = PCURVE('',#2679,#8558);
#8558 = DEFINITIONAL_REPRESENTATION('',(#8559),#8563);
#8559 = LINE('',#8560,#8561);
#8560 = CARTESIAN_POINT('',(0.,0.));
#8561 = VECTOR('',#8562,1.);
#8562 = DIRECTION('',(1.,0.));
#8563 = ( GEOMETRIC_REPRESENTATION_CONTEXT(2) 
PARAMETRIC_REPRESENTATION_CONTEXT() REPRESENTATION_CONTEXT('2D SPACE',''
  ) );
#8564 = PCURVE('',#8511,#8565);
#8565 = DEFINITIONAL_REPRESENTATION('',(#8566),#8570);
#8566 = LINE('',#8567,#8568);
#8567 = CARTESIAN_POINT('',(2.271484375,0.33203125));
#8568 = VECTOR('',#8569,1.);
#8569 = DIRECTION('',(0.,-1.));
#8570 = ( GEOMETRIC_REPRESENTATION_CONTEXT(2) 
PARAMETRIC_REPRESENTATION_CONTEXT() REPRESENTATION_CONTEXT('2D SPACE',''
  ) );
#8571 = ADVANCED_FACE('',(#8572),#2653,.F.);
#8572 = FACE_BOUND('',#8573,.F.);
#8573 = EDGE_LOOP('',(#8574,#8597,#8598,#8599));
#8574 = ORIENTED_EDGE('',*,*,#8575,.T.);
#8575 = EDGE_CURVE('',#8576,#2610,#8578,.T.);
#8576 = VERTEX_POINT('',#8577);
#8577 = CARTESIAN_POINT('',(-4.103515625,-1.052734375,2.65));
#8578 = SURFACE_CURVE('',#8579,(#8583,#8590),.PCURVE_S1.);
#8579 = LINE('',#8580,#8581);
#8580 = CARTESIAN_POINT('',(-4.103515625,-1.052734375,2.65));
#8581 = VECTOR('',#8582,1.);
#8582 = DIRECTION('',(0.,0.,1.));
#8583 = PCURVE('',#2653,#8584);
#8584 = DEFINITIONAL_REPRESENTATION('',(#8585),#8589);
#8585 = LINE('',#8586,#8587);
#8586 = CARTESIAN_POINT('',(0.,0.));
#8587 = VECTOR('',#8588,1.);
#8588 = DIRECTION('',(0.,-1.));
#8589 = ( GEOMETRIC_REPRESENTATION_CONTEXT(2) 
PARAMETRIC_REPRESENTATION_CONTEXT() REPRESENTATION_CONTEXT('2D SPACE',''
  ) );
#8590 = PCURVE('',#2625,#8591);
#8591 = DEFINITIONAL_REPRESENTATION('',(#8592),#8596);
#8592 = LINE('',#8593,#8594);
#8593 = CARTESIAN_POINT('',(1.056640625,0.));
#8594 = VECTOR('',#8595,1.);
#8595 = DIRECTION('',(0.,-1.));
#8596 = ( GEOMETRIC_REPRESENTATION_CONTEXT(2) 
PARAMETRIC_REPRESENTATION_CONTEXT() REPRESENTATION_CONTEXT('2D SPACE',''
  ) );
#8597 = ORIENTED_EDGE('',*,*,#2637,.T.);
#8598 = ORIENTED_EDGE('',*,*,#8526,.F.);
#8599 = ORIENTED_EDGE('',*,*,#8600,.F.);
#8600 = EDGE_CURVE('',#8576,#8527,#8601,.T.);
#8601 = SURFACE_CURVE('',#8602,(#8606,#8613),.PCURVE_S1.);
#8602 = LINE('',#8603,#8604);
#8603 = CARTESIAN_POINT('',(-4.103515625,-1.052734375,2.65));
#8604 = VECTOR('',#8605,1.);
#8605 = DIRECTION('',(1.,0.,0.));
#8606 = PCURVE('',#2653,#8607);
#8607 = DEFINITIONAL_REPRESENTATION('',(#8608),#8612);
#8608 = LINE('',#8609,#8610);
#8609 = CARTESIAN_POINT('',(0.,0.));
#8610 = VECTOR('',#8611,1.);
#8611 = DIRECTION('',(1.,0.));
#8612 = ( GEOMETRIC_REPRESENTATION_CONTEXT(2) 
PARAMETRIC_REPRESENTATION_CONTEXT() REPRESENTATION_CONTEXT('2D SPACE',''
  ) );
#8613 = PCURVE('',#8511,#8614);
#8614 = DEFINITIONAL_REPRESENTATION('',(#8615),#8619);
#8615 = LINE('',#8616,#8617);
#8616 = CARTESIAN_POINT('',(0.787109375,0.33203125));
#8617 = VECTOR('',#8618,1.);
#8618 = DIRECTION('',(1.,0.));
#8619 = ( GEOMETRIC_REPRESENTATION_CONTEXT(2) 
PARAMETRIC_REPRESENTATION_CONTEXT() REPRESENTATION_CONTEXT('2D SPACE',''
  ) );
#8620 = ADVANCED_FACE('',(#8621),#2625,.F.);
#8621 = FACE_BOUND('',#8622,.F.);
#8622 = EDGE_LOOP('',(#8623,#8646,#8647,#8648));
#8623 = ORIENTED_EDGE('',*,*,#8624,.T.);
#8624 = EDGE_CURVE('',#8625,#2582,#8627,.T.);
#8625 = VERTEX_POINT('',#8626);
#8626 = CARTESIAN_POINT('',(-4.103515625,3.90625E-03,2.65));
#8627 = SURFACE_CURVE('',#8628,(#8632,#8639),.PCURVE_S1.);
#8628 = LINE('',#8629,#8630);
#8629 = CARTESIAN_POINT('',(-4.103515625,3.90625E-03,2.65));
#8630 = VECTOR('',#8631,1.);
#8631 = DIRECTION('',(0.,0.,1.));
#8632 = PCURVE('',#2625,#8633);
#8633 = DEFINITIONAL_REPRESENTATION('',(#8634),#8638);
#8634 = LINE('',#8635,#8636);
#8635 = CARTESIAN_POINT('',(0.,0.));
#8636 = VECTOR('',#8637,1.);
#8637 = DIRECTION('',(0.,-1.));
#8638 = ( GEOMETRIC_REPRESENTATION_CONTEXT(2) 
PARAMETRIC_REPRESENTATION_CONTEXT() REPRESENTATION_CONTEXT('2D SPACE',''
  ) );
#8639 = PCURVE('',#2597,#8640);
#8640 = DEFINITIONAL_REPRESENTATION('',(#8641),#8645);
#8641 = LINE('',#8642,#8643);
#8642 = CARTESIAN_POINT('',(1.388671875,0.));
#8643 = VECTOR('',#8644,1.);
#8644 = DIRECTION('',(0.,-1.));
#8645 = ( GEOMETRIC_REPRESENTATION_CONTEXT(2) 
PARAMETRIC_REPRESENTATION_CONTEXT() REPRESENTATION_CONTEXT('2D SPACE',''
  ) );
#8646 = ORIENTED_EDGE('',*,*,#2609,.T.);
#8647 = ORIENTED_EDGE('',*,*,#8575,.F.);
#8648 = ORIENTED_EDGE('',*,*,#8649,.F.);
#8649 = EDGE_CURVE('',#8625,#8576,#8650,.T.);
#8650 = SURFACE_CURVE('',#8651,(#8655,#8662),.PCURVE_S1.);
#8651 = LINE('',#8652,#8653);
#8652 = CARTESIAN_POINT('',(-4.103515625,3.90625E-03,2.65));
#8653 = VECTOR('',#8654,1.);
#8654 = DIRECTION('',(0.,-1.,0.));
#8655 = PCURVE('',#2625,#8656);
#8656 = DEFINITIONAL_REPRESENTATION('',(#8657),#8661);
#8657 = LINE('',#8658,#8659);
#8658 = CARTESIAN_POINT('',(0.,0.));
#8659 = VECTOR('',#8660,1.);
#8660 = DIRECTION('',(1.,0.));
#8661 = ( GEOMETRIC_REPRESENTATION_CONTEXT(2) 
PARAMETRIC_REPRESENTATION_CONTEXT() REPRESENTATION_CONTEXT('2D SPACE',''
  ) );
#8662 = PCURVE('',#8511,#8663);
#8663 = DEFINITIONAL_REPRESENTATION('',(#8664),#8668);
#8664 = LINE('',#8665,#8666);
#8665 = CARTESIAN_POINT('',(0.787109375,1.388671875));
#8666 = VECTOR('',#8667,1.);
#8667 = DIRECTION('',(0.,-1.));
#8668 = ( GEOMETRIC_REPRESENTATION_CONTEXT(2) 
PARAMETRIC_REPRESENTATION_CONTEXT() REPRESENTATION_CONTEXT('2D SPACE',''
  ) );
#8669 = ADVANCED_FACE('',(#8670),#2597,.F.);
#8670 = FACE_BOUND('',#8671,.F.);
#8671 = EDGE_LOOP('',(#8672,#8695,#8696,#8697));
#8672 = ORIENTED_EDGE('',*,*,#8673,.T.);
#8673 = EDGE_CURVE('',#8674,#2554,#8676,.T.);
#8674 = VERTEX_POINT('',#8675);
#8675 = CARTESIAN_POINT('',(-2.71484375,3.90625E-03,2.65));
#8676 = SURFACE_CURVE('',#8677,(#8681,#8688),.PCURVE_S1.);
#8677 = LINE('',#8678,#8679);
#8678 = CARTESIAN_POINT('',(-2.71484375,3.90625E-03,2.65));
#8679 = VECTOR('',#8680,1.);
#8680 = DIRECTION('',(0.,0.,1.));
#8681 = PCURVE('',#2597,#8682);
#8682 = DEFINITIONAL_REPRESENTATION('',(#8683),#8687);
#8683 = LINE('',#8684,#8685);
#8684 = CARTESIAN_POINT('',(0.,-0.));
#8685 = VECTOR('',#8686,1.);
#8686 = DIRECTION('',(0.,-1.));
#8687 = ( GEOMETRIC_REPRESENTATION_CONTEXT(2) 
PARAMETRIC_REPRESENTATION_CONTEXT() REPRESENTATION_CONTEXT('2D SPACE',''
  ) );
#8688 = PCURVE('',#2569,#8689);
#8689 = DEFINITIONAL_REPRESENTATION('',(#8690),#8694);
#8690 = LINE('',#8691,#8692);
#8691 = CARTESIAN_POINT('',(0.33203125,0.));
#8692 = VECTOR('',#8693,1.);
#8693 = DIRECTION('',(0.,-1.));
#8694 = ( GEOMETRIC_REPRESENTATION_CONTEXT(2) 
PARAMETRIC_REPRESENTATION_CONTEXT() REPRESENTATION_CONTEXT('2D SPACE',''
  ) );
#8695 = ORIENTED_EDGE('',*,*,#2581,.T.);
#8696 = ORIENTED_EDGE('',*,*,#8624,.F.);
#8697 = ORIENTED_EDGE('',*,*,#8698,.F.);
#8698 = EDGE_CURVE('',#8674,#8625,#8699,.T.);
#8699 = SURFACE_CURVE('',#8700,(#8704,#8711),.PCURVE_S1.);
#8700 = LINE('',#8701,#8702);
#8701 = CARTESIAN_POINT('',(-2.71484375,3.90625E-03,2.65));
#8702 = VECTOR('',#8703,1.);
#8703 = DIRECTION('',(-1.,0.,0.));
#8704 = PCURVE('',#2597,#8705);
#8705 = DEFINITIONAL_REPRESENTATION('',(#8706),#8710);
#8706 = LINE('',#8707,#8708);
#8707 = CARTESIAN_POINT('',(0.,-0.));
#8708 = VECTOR('',#8709,1.);
#8709 = DIRECTION('',(1.,0.));
#8710 = ( GEOMETRIC_REPRESENTATION_CONTEXT(2) 
PARAMETRIC_REPRESENTATION_CONTEXT() REPRESENTATION_CONTEXT('2D SPACE',''
  ) );
#8711 = PCURVE('',#8511,#8712);
#8712 = DEFINITIONAL_REPRESENTATION('',(#8713),#8717);
#8713 = LINE('',#8714,#8715);
#8714 = CARTESIAN_POINT('',(2.17578125,1.388671875));
#8715 = VECTOR('',#8716,1.);
#8716 = DIRECTION('',(-1.,0.));
#8717 = ( GEOMETRIC_REPRESENTATION_CONTEXT(2) 
PARAMETRIC_REPRESENTATION_CONTEXT() REPRESENTATION_CONTEXT('2D SPACE',''
  ) );
#8718 = ADVANCED_FACE('',(#8719),#2569,.F.);
#8719 = FACE_BOUND('',#8720,.F.);
#8720 = EDGE_LOOP('',(#8721,#8744,#8745,#8746));
#8721 = ORIENTED_EDGE('',*,*,#8722,.T.);
#8722 = EDGE_CURVE('',#8723,#2526,#8725,.T.);
#8723 = VERTEX_POINT('',#8724);
#8724 = CARTESIAN_POINT('',(-2.71484375,0.3359375,2.65));
#8725 = SURFACE_CURVE('',#8726,(#8730,#8737),.PCURVE_S1.);
#8726 = LINE('',#8727,#8728);
#8727 = CARTESIAN_POINT('',(-2.71484375,0.3359375,2.65));
#8728 = VECTOR('',#8729,1.);
#8729 = DIRECTION('',(0.,0.,1.));
#8730 = PCURVE('',#2569,#8731);
#8731 = DEFINITIONAL_REPRESENTATION('',(#8732),#8736);
#8732 = LINE('',#8733,#8734);
#8733 = CARTESIAN_POINT('',(0.,0.));
#8734 = VECTOR('',#8735,1.);
#8735 = DIRECTION('',(0.,-1.));
#8736 = ( GEOMETRIC_REPRESENTATION_CONTEXT(2) 
PARAMETRIC_REPRESENTATION_CONTEXT() REPRESENTATION_CONTEXT('2D SPACE',''
  ) );
#8737 = PCURVE('',#2541,#8738);
#8738 = DEFINITIONAL_REPRESENTATION('',(#8739),#8743);
#8739 = LINE('',#8740,#8741);
#8740 = CARTESIAN_POINT('',(1.388671875,0.));
#8741 = VECTOR('',#8742,1.);
#8742 = DIRECTION('',(0.,-1.));
#8743 = ( GEOMETRIC_REPRESENTATION_CONTEXT(2) 
PARAMETRIC_REPRESENTATION_CONTEXT() REPRESENTATION_CONTEXT('2D SPACE',''
  ) );
#8744 = ORIENTED_EDGE('',*,*,#2553,.T.);
#8745 = ORIENTED_EDGE('',*,*,#8673,.F.);
#8746 = ORIENTED_EDGE('',*,*,#8747,.F.);
#8747 = EDGE_CURVE('',#8723,#8674,#8748,.T.);
#8748 = SURFACE_CURVE('',#8749,(#8753,#8760),.PCURVE_S1.);
#8749 = LINE('',#8750,#8751);
#8750 = CARTESIAN_POINT('',(-2.71484375,0.3359375,2.65));
#8751 = VECTOR('',#8752,1.);
#8752 = DIRECTION('',(0.,-1.,0.));
#8753 = PCURVE('',#2569,#8754);
#8754 = DEFINITIONAL_REPRESENTATION('',(#8755),#8759);
#8755 = LINE('',#8756,#8757);
#8756 = CARTESIAN_POINT('',(0.,0.));
#8757 = VECTOR('',#8758,1.);
#8758 = DIRECTION('',(1.,0.));
#8759 = ( GEOMETRIC_REPRESENTATION_CONTEXT(2) 
PARAMETRIC_REPRESENTATION_CONTEXT() REPRESENTATION_CONTEXT('2D SPACE',''
  ) );
#8760 = PCURVE('',#8511,#8761);
#8761 = DEFINITIONAL_REPRESENTATION('',(#8762),#8766);
#8762 = LINE('',#8763,#8764);
#8763 = CARTESIAN_POINT('',(2.17578125,1.720703125));
#8764 = VECTOR('',#8765,1.);
#8765 = DIRECTION('',(0.,-1.));
#8766 = ( GEOMETRIC_REPRESENTATION_CONTEXT(2) 
PARAMETRIC_REPRESENTATION_CONTEXT() REPRESENTATION_CONTEXT('2D SPACE',''
  ) );
#8767 = ADVANCED_FACE('',(#8768),#2541,.F.);
#8768 = FACE_BOUND('',#8769,.F.);
#8769 = EDGE_LOOP('',(#8770,#8793,#8794,#8795));
#8770 = ORIENTED_EDGE('',*,*,#8771,.T.);
#8771 = EDGE_CURVE('',#8772,#2498,#8774,.T.);
#8772 = VERTEX_POINT('',#8773);
#8773 = CARTESIAN_POINT('',(-4.103515625,0.3359375,2.65));
#8774 = SURFACE_CURVE('',#8775,(#8779,#8786),.PCURVE_S1.);
#8775 = LINE('',#8776,#8777);
#8776 = CARTESIAN_POINT('',(-4.103515625,0.3359375,2.65));
#8777 = VECTOR('',#8778,1.);
#8778 = DIRECTION('',(0.,0.,1.));
#8779 = PCURVE('',#2541,#8780);
#8780 = DEFINITIONAL_REPRESENTATION('',(#8781),#8785);
#8781 = LINE('',#8782,#8783);
#8782 = CARTESIAN_POINT('',(0.,0.));
#8783 = VECTOR('',#8784,1.);
#8784 = DIRECTION('',(0.,-1.));
#8785 = ( GEOMETRIC_REPRESENTATION_CONTEXT(2) 
PARAMETRIC_REPRESENTATION_CONTEXT() REPRESENTATION_CONTEXT('2D SPACE',''
  ) );
#8786 = PCURVE('',#2513,#8787);
#8787 = DEFINITIONAL_REPRESENTATION('',(#8788),#8792);
#8788 = LINE('',#8789,#8790);
#8789 = CARTESIAN_POINT('',(0.86328125,0.));
#8790 = VECTOR('',#8791,1.);
#8791 = DIRECTION('',(0.,-1.));
#8792 = ( GEOMETRIC_REPRESENTATION_CONTEXT(2) 
PARAMETRIC_REPRESENTATION_CONTEXT() REPRESENTATION_CONTEXT('2D SPACE',''
  ) );
#8793 = ORIENTED_EDGE('',*,*,#2525,.T.);
#8794 = ORIENTED_EDGE('',*,*,#8722,.F.);
#8795 = ORIENTED_EDGE('',*,*,#8796,.F.);
#8796 = EDGE_CURVE('',#8772,#8723,#8797,.T.);
#8797 = SURFACE_CURVE('',#8798,(#8802,#8809),.PCURVE_S1.);
#8798 = LINE('',#8799,#8800);
#8799 = CARTESIAN_POINT('',(-4.103515625,0.3359375,2.65));
#8800 = VECTOR('',#8801,1.);
#8801 = DIRECTION('',(1.,0.,0.));
#8802 = PCURVE('',#2541,#8803);
#8803 = DEFINITIONAL_REPRESENTATION('',(#8804),#8808);
#8804 = LINE('',#8805,#8806);
#8805 = CARTESIAN_POINT('',(0.,0.));
#8806 = VECTOR('',#8807,1.);
#8807 = DIRECTION('',(1.,0.));
#8808 = ( GEOMETRIC_REPRESENTATION_CONTEXT(2) 
PARAMETRIC_REPRESENTATION_CONTEXT() REPRESENTATION_CONTEXT('2D SPACE',''
  ) );
#8809 = PCURVE('',#8511,#8810);
#8810 = DEFINITIONAL_REPRESENTATION('',(#8811),#8815);
#8811 = LINE('',#8812,#8813);
#8812 = CARTESIAN_POINT('',(0.787109375,1.720703125));
#8813 = VECTOR('',#8814,1.);
#8814 = DIRECTION('',(1.,0.));
#8815 = ( GEOMETRIC_REPRESENTATION_CONTEXT(2) 
PARAMETRIC_REPRESENTATION_CONTEXT() REPRESENTATION_CONTEXT('2D SPACE',''
  ) );
#8816 = ADVANCED_FACE('',(#8817),#2513,.F.);
#8817 = FACE_BOUND('',#8818,.F.);
#8818 = EDGE_LOOP('',(#8819,#8842,#8843,#8844));
#8819 = ORIENTED_EDGE('',*,*,#8820,.T.);
#8820 = EDGE_CURVE('',#8821,#2470,#8823,.T.);
#8821 = VERTEX_POINT('',#8822);
#8822 = CARTESIAN_POINT('',(-4.103515625,1.19921875,2.65));
#8823 = SURFACE_CURVE('',#8824,(#8828,#8835),.PCURVE_S1.);
#8824 = LINE('',#8825,#8826);
#8825 = CARTESIAN_POINT('',(-4.103515625,1.19921875,2.65));
#8826 = VECTOR('',#8827,1.);
#8827 = DIRECTION('',(0.,0.,1.));
#8828 = PCURVE('',#2513,#8829);
#8829 = DEFINITIONAL_REPRESENTATION('',(#8830),#8834);
#8830 = LINE('',#8831,#8832);
#8831 = CARTESIAN_POINT('',(0.,0.));
#8832 = VECTOR('',#8833,1.);
#8833 = DIRECTION('',(0.,-1.));
#8834 = ( GEOMETRIC_REPRESENTATION_CONTEXT(2) 
PARAMETRIC_REPRESENTATION_CONTEXT() REPRESENTATION_CONTEXT('2D SPACE',''
  ) );
#8835 = PCURVE('',#2485,#8836);
#8836 = DEFINITIONAL_REPRESENTATION('',(#8837),#8841);
#8837 = LINE('',#8838,#8839);
#8838 = CARTESIAN_POINT('',(1.44921875,0.));
#8839 = VECTOR('',#8840,1.);
#8840 = DIRECTION('',(0.,-1.));
#8841 = ( GEOMETRIC_REPRESENTATION_CONTEXT(2) 
PARAMETRIC_REPRESENTATION_CONTEXT() REPRESENTATION_CONTEXT('2D SPACE',''
  ) );
#8842 = ORIENTED_EDGE('',*,*,#2497,.T.);
#8843 = ORIENTED_EDGE('',*,*,#8771,.F.);
#8844 = ORIENTED_EDGE('',*,*,#8845,.F.);
#8845 = EDGE_CURVE('',#8821,#8772,#8846,.T.);
#8846 = SURFACE_CURVE('',#8847,(#8851,#8858),.PCURVE_S1.);
#8847 = LINE('',#8848,#8849);
#8848 = CARTESIAN_POINT('',(-4.103515625,1.19921875,2.65));
#8849 = VECTOR('',#8850,1.);
#8850 = DIRECTION('',(0.,-1.,0.));
#8851 = PCURVE('',#2513,#8852);
#8852 = DEFINITIONAL_REPRESENTATION('',(#8853),#8857);
#8853 = LINE('',#8854,#8855);
#8854 = CARTESIAN_POINT('',(0.,0.));
#8855 = VECTOR('',#8856,1.);
#8856 = DIRECTION('',(1.,0.));
#8857 = ( GEOMETRIC_REPRESENTATION_CONTEXT(2) 
PARAMETRIC_REPRESENTATION_CONTEXT() REPRESENTATION_CONTEXT('2D SPACE',''
  ) );
#8858 = PCURVE('',#8511,#8859);
#8859 = DEFINITIONAL_REPRESENTATION('',(#8860),#8864);
#8860 = LINE('',#8861,#8862);
#8861 = CARTESIAN_POINT('',(0.787109375,2.583984375));
#8862 = VECTOR('',#8863,1.);
#8863 = DIRECTION('',(0.,-1.));
#8864 = ( GEOMETRIC_REPRESENTATION_CONTEXT(2) 
PARAMETRIC_REPRESENTATION_CONTEXT() REPRESENTATION_CONTEXT('2D SPACE',''
  ) );
#8865 = ADVANCED_FACE('',(#8866),#2485,.F.);
#8866 = FACE_BOUND('',#8867,.F.);
#8867 = EDGE_LOOP('',(#8868,#8891,#8892,#8893));
#8868 = ORIENTED_EDGE('',*,*,#8869,.T.);
#8869 = EDGE_CURVE('',#8870,#2442,#8872,.T.);
#8870 = VERTEX_POINT('',#8871);
#8871 = CARTESIAN_POINT('',(-2.654296875,1.19921875,2.65));
#8872 = SURFACE_CURVE('',#8873,(#8877,#8884),.PCURVE_S1.);
#8873 = LINE('',#8874,#8875);
#8874 = CARTESIAN_POINT('',(-2.654296875,1.19921875,2.65));
#8875 = VECTOR('',#8876,1.);
#8876 = DIRECTION('',(0.,0.,1.));
#8877 = PCURVE('',#2485,#8878);
#8878 = DEFINITIONAL_REPRESENTATION('',(#8879),#8883);
#8879 = LINE('',#8880,#8881);
#8880 = CARTESIAN_POINT('',(0.,-0.));
#8881 = VECTOR('',#8882,1.);
#8882 = DIRECTION('',(0.,-1.));
#8883 = ( GEOMETRIC_REPRESENTATION_CONTEXT(2) 
PARAMETRIC_REPRESENTATION_CONTEXT() REPRESENTATION_CONTEXT('2D SPACE',''
  ) );
#8884 = PCURVE('',#2457,#8885);
#8885 = DEFINITIONAL_REPRESENTATION('',(#8886),#8890);
#8886 = LINE('',#8887,#8888);
#8887 = CARTESIAN_POINT('',(0.33203125,0.));
#8888 = VECTOR('',#8889,1.);
#8889 = DIRECTION('',(0.,-1.));
#8890 = ( GEOMETRIC_REPRESENTATION_CONTEXT(2) 
PARAMETRIC_REPRESENTATION_CONTEXT() REPRESENTATION_CONTEXT('2D SPACE',''
  ) );
#8891 = ORIENTED_EDGE('',*,*,#2469,.T.);
#8892 = ORIENTED_EDGE('',*,*,#8820,.F.);
#8893 = ORIENTED_EDGE('',*,*,#8894,.F.);
#8894 = EDGE_CURVE('',#8870,#8821,#8895,.T.);
#8895 = SURFACE_CURVE('',#8896,(#8900,#8907),.PCURVE_S1.);
#8896 = LINE('',#8897,#8898);
#8897 = CARTESIAN_POINT('',(-2.654296875,1.19921875,2.65));
#8898 = VECTOR('',#8899,1.);
#8899 = DIRECTION('',(-1.,0.,0.));
#8900 = PCURVE('',#2485,#8901);
#8901 = DEFINITIONAL_REPRESENTATION('',(#8902),#8906);
#8902 = LINE('',#8903,#8904);
#8903 = CARTESIAN_POINT('',(0.,-0.));
#8904 = VECTOR('',#8905,1.);
#8905 = DIRECTION('',(1.,0.));
#8906 = ( GEOMETRIC_REPRESENTATION_CONTEXT(2) 
PARAMETRIC_REPRESENTATION_CONTEXT() REPRESENTATION_CONTEXT('2D SPACE',''
  ) );
#8907 = PCURVE('',#8511,#8908);
#8908 = DEFINITIONAL_REPRESENTATION('',(#8909),#8913);
#8909 = LINE('',#8910,#8911);
#8910 = CARTESIAN_POINT('',(2.236328125,2.583984375));
#8911 = VECTOR('',#8912,1.);
#8912 = DIRECTION('',(-1.,0.));
#8913 = ( GEOMETRIC_REPRESENTATION_CONTEXT(2) 
PARAMETRIC_REPRESENTATION_CONTEXT() REPRESENTATION_CONTEXT('2D SPACE',''
  ) );
#8914 = ADVANCED_FACE('',(#8915),#2457,.F.);
#8915 = FACE_BOUND('',#8916,.F.);
#8916 = EDGE_LOOP('',(#8917,#8940,#8941,#8942));
#8917 = ORIENTED_EDGE('',*,*,#8918,.T.);
#8918 = EDGE_CURVE('',#8919,#2414,#8921,.T.);
#8919 = VERTEX_POINT('',#8920);
#8920 = CARTESIAN_POINT('',(-2.654296875,1.53125,2.65));
#8921 = SURFACE_CURVE('',#8922,(#8926,#8933),.PCURVE_S1.);
#8922 = LINE('',#8923,#8924);
#8923 = CARTESIAN_POINT('',(-2.654296875,1.53125,2.65));
#8924 = VECTOR('',#8925,1.);
#8925 = DIRECTION('',(0.,0.,1.));
#8926 = PCURVE('',#2457,#8927);
#8927 = DEFINITIONAL_REPRESENTATION('',(#8928),#8932);
#8928 = LINE('',#8929,#8930);
#8929 = CARTESIAN_POINT('',(0.,0.));
#8930 = VECTOR('',#8931,1.);
#8931 = DIRECTION('',(0.,-1.));
#8932 = ( GEOMETRIC_REPRESENTATION_CONTEXT(2) 
PARAMETRIC_REPRESENTATION_CONTEXT() REPRESENTATION_CONTEXT('2D SPACE',''
  ) );
#8933 = PCURVE('',#2429,#8934);
#8934 = DEFINITIONAL_REPRESENTATION('',(#8935),#8939);
#8935 = LINE('',#8936,#8937);
#8936 = CARTESIAN_POINT('',(1.84375,0.));
#8937 = VECTOR('',#8938,1.);
#8938 = DIRECTION('',(0.,-1.));
#8939 = ( GEOMETRIC_REPRESENTATION_CONTEXT(2) 
PARAMETRIC_REPRESENTATION_CONTEXT() REPRESENTATION_CONTEXT('2D SPACE',''
  ) );
#8940 = ORIENTED_EDGE('',*,*,#2441,.T.);
#8941 = ORIENTED_EDGE('',*,*,#8869,.F.);
#8942 = ORIENTED_EDGE('',*,*,#8943,.F.);
#8943 = EDGE_CURVE('',#8919,#8870,#8944,.T.);
#8944 = SURFACE_CURVE('',#8945,(#8949,#8956),.PCURVE_S1.);
#8945 = LINE('',#8946,#8947);
#8946 = CARTESIAN_POINT('',(-2.654296875,1.53125,2.65));
#8947 = VECTOR('',#8948,1.);
#8948 = DIRECTION('',(0.,-1.,0.));
#8949 = PCURVE('',#2457,#8950);
#8950 = DEFINITIONAL_REPRESENTATION('',(#8951),#8955);
#8951 = LINE('',#8952,#8953);
#8952 = CARTESIAN_POINT('',(0.,0.));
#8953 = VECTOR('',#8954,1.);
#8954 = DIRECTION('',(1.,0.));
#8955 = ( GEOMETRIC_REPRESENTATION_CONTEXT(2) 
PARAMETRIC_REPRESENTATION_CONTEXT() REPRESENTATION_CONTEXT('2D SPACE',''
  ) );
#8956 = PCURVE('',#8511,#8957);
#8957 = DEFINITIONAL_REPRESENTATION('',(#8958),#8962);
#8958 = LINE('',#8959,#8960);
#8959 = CARTESIAN_POINT('',(2.236328125,2.916015625));
#8960 = VECTOR('',#8961,1.);
#8961 = DIRECTION('',(0.,-1.));
#8962 = ( GEOMETRIC_REPRESENTATION_CONTEXT(2) 
PARAMETRIC_REPRESENTATION_CONTEXT() REPRESENTATION_CONTEXT('2D SPACE',''
  ) );
#8963 = ADVANCED_FACE('',(#8964),#2429,.F.);
#8964 = FACE_BOUND('',#8965,.F.);
#8965 = EDGE_LOOP('',(#8966,#8989,#8990,#8991));
#8966 = ORIENTED_EDGE('',*,*,#8967,.T.);
#8967 = EDGE_CURVE('',#8968,#2386,#8970,.T.);
#8968 = VERTEX_POINT('',#8969);
#8969 = CARTESIAN_POINT('',(-4.498046875,1.53125,2.65));
#8970 = SURFACE_CURVE('',#8971,(#8975,#8982),.PCURVE_S1.);
#8971 = LINE('',#8972,#8973);
#8972 = CARTESIAN_POINT('',(-4.498046875,1.53125,2.65));
#8973 = VECTOR('',#8974,1.);
#8974 = DIRECTION('',(0.,0.,1.));
#8975 = PCURVE('',#2429,#8976);
#8976 = DEFINITIONAL_REPRESENTATION('',(#8977),#8981);
#8977 = LINE('',#8978,#8979);
#8978 = CARTESIAN_POINT('',(0.,0.));
#8979 = VECTOR('',#8980,1.);
#8980 = DIRECTION('',(0.,-1.));
#8981 = ( GEOMETRIC_REPRESENTATION_CONTEXT(2) 
PARAMETRIC_REPRESENTATION_CONTEXT() REPRESENTATION_CONTEXT('2D SPACE',''
  ) );
#8982 = PCURVE('',#2401,#8983);
#8983 = DEFINITIONAL_REPRESENTATION('',(#8984),#8988);
#8984 = LINE('',#8985,#8986);
#8985 = CARTESIAN_POINT('',(2.916015625,0.));
#8986 = VECTOR('',#8987,1.);
#8987 = DIRECTION('',(0.,-1.));
#8988 = ( GEOMETRIC_REPRESENTATION_CONTEXT(2) 
PARAMETRIC_REPRESENTATION_CONTEXT() REPRESENTATION_CONTEXT('2D SPACE',''
  ) );
#8989 = ORIENTED_EDGE('',*,*,#2413,.T.);
#8990 = ORIENTED_EDGE('',*,*,#8918,.F.);
#8991 = ORIENTED_EDGE('',*,*,#8992,.F.);
#8992 = EDGE_CURVE('',#8968,#8919,#8993,.T.);
#8993 = SURFACE_CURVE('',#8994,(#8998,#9005),.PCURVE_S1.);
#8994 = LINE('',#8995,#8996);
#8995 = CARTESIAN_POINT('',(-4.498046875,1.53125,2.65));
#8996 = VECTOR('',#8997,1.);
#8997 = DIRECTION('',(1.,0.,0.));
#8998 = PCURVE('',#2429,#8999);
#8999 = DEFINITIONAL_REPRESENTATION('',(#9000),#9004);
#9000 = LINE('',#9001,#9002);
#9001 = CARTESIAN_POINT('',(0.,0.));
#9002 = VECTOR('',#9003,1.);
#9003 = DIRECTION('',(1.,0.));
#9004 = ( GEOMETRIC_REPRESENTATION_CONTEXT(2) 
PARAMETRIC_REPRESENTATION_CONTEXT() REPRESENTATION_CONTEXT('2D SPACE',''
  ) );
#9005 = PCURVE('',#8511,#9006);
#9006 = DEFINITIONAL_REPRESENTATION('',(#9007),#9011);
#9007 = LINE('',#9008,#9009);
#9008 = CARTESIAN_POINT('',(0.392578125,2.916015625));
#9009 = VECTOR('',#9010,1.);
#9010 = DIRECTION('',(1.,0.));
#9011 = ( GEOMETRIC_REPRESENTATION_CONTEXT(2) 
PARAMETRIC_REPRESENTATION_CONTEXT() REPRESENTATION_CONTEXT('2D SPACE',''
  ) );
#9012 = ADVANCED_FACE('',(#9013),#2401,.F.);
#9013 = FACE_BOUND('',#9014,.F.);
#9014 = EDGE_LOOP('',(#9015,#9016,#9017,#9018));
#9015 = ORIENTED_EDGE('',*,*,#8474,.T.);
#9016 = ORIENTED_EDGE('',*,*,#2385,.T.);
#9017 = ORIENTED_EDGE('',*,*,#8967,.F.);
#9018 = ORIENTED_EDGE('',*,*,#9019,.F.);
#9019 = EDGE_CURVE('',#8475,#8968,#9020,.T.);
#9020 = SURFACE_CURVE('',#9021,(#9025,#9032),.PCURVE_S1.);
#9021 = LINE('',#9022,#9023);
#9022 = CARTESIAN_POINT('',(-4.498046875,-1.384765625,2.65));
#9023 = VECTOR('',#9024,1.);
#9024 = DIRECTION('',(0.,1.,0.));
#9025 = PCURVE('',#2401,#9026);
#9026 = DEFINITIONAL_REPRESENTATION('',(#9027),#9031);
#9027 = LINE('',#9028,#9029);
#9028 = CARTESIAN_POINT('',(0.,0.));
#9029 = VECTOR('',#9030,1.);
#9030 = DIRECTION('',(1.,0.));
#9031 = ( GEOMETRIC_REPRESENTATION_CONTEXT(2) 
PARAMETRIC_REPRESENTATION_CONTEXT() REPRESENTATION_CONTEXT('2D SPACE',''
  ) );
#9032 = PCURVE('',#8511,#9033);
#9033 = DEFINITIONAL_REPRESENTATION('',(#9034),#9038);
#9034 = LINE('',#9035,#9036);
#9035 = CARTESIAN_POINT('',(0.392578125,0.));
#9036 = VECTOR('',#9037,1.);
#9037 = DIRECTION('',(0.,1.));
#9038 = ( GEOMETRIC_REPRESENTATION_CONTEXT(2) 
PARAMETRIC_REPRESENTATION_CONTEXT() REPRESENTATION_CONTEXT('2D SPACE',''
  ) );
#9039 = ADVANCED_FACE('',(#9040),#2711,.F.);
#9040 = FACE_BOUND('',#9041,.F.);
#9041 = EDGE_LOOP('',(#9042,#9065,#9066,#9089));
#9042 = ORIENTED_EDGE('',*,*,#9043,.T.);
#9043 = EDGE_CURVE('',#9044,#2694,#9046,.T.);
#9044 = VERTEX_POINT('',#9045);
#9045 = CARTESIAN_POINT('',(-1.33984375,1.19921875,2.65));
#9046 = SURFACE_CURVE('',#9047,(#9051,#9058),.PCURVE_S1.);
#9047 = LINE('',#9048,#9049);
#9048 = CARTESIAN_POINT('',(-1.33984375,1.19921875,2.65));
#9049 = VECTOR('',#9050,1.);
#9050 = DIRECTION('',(0.,0.,1.));
#9051 = PCURVE('',#2711,#9052);
#9052 = DEFINITIONAL_REPRESENTATION('',(#9053),#9057);
#9053 = LINE('',#9054,#9055);
#9054 = CARTESIAN_POINT('',(0.,-0.));
#9055 = VECTOR('',#9056,1.);
#9056 = DIRECTION('',(0.,-1.));
#9057 = ( GEOMETRIC_REPRESENTATION_CONTEXT(2) 
PARAMETRIC_REPRESENTATION_CONTEXT() REPRESENTATION_CONTEXT('2D SPACE',''
  ) );
#9058 = PCURVE('',#2905,#9059);
#9059 = DEFINITIONAL_REPRESENTATION('',(#9060),#9064);
#9060 = LINE('',#9061,#9062);
#9061 = CARTESIAN_POINT('',(2.583984375,0.));
#9062 = VECTOR('',#9063,1.);
#9063 = DIRECTION('',(0.,-1.));
#9064 = ( GEOMETRIC_REPRESENTATION_CONTEXT(2) 
PARAMETRIC_REPRESENTATION_CONTEXT() REPRESENTATION_CONTEXT('2D SPACE',''
  ) );
#9065 = ORIENTED_EDGE('',*,*,#2693,.T.);
#9066 = ORIENTED_EDGE('',*,*,#9067,.F.);
#9067 = EDGE_CURVE('',#9068,#2696,#9070,.T.);
#9068 = VERTEX_POINT('',#9069);
#9069 = CARTESIAN_POINT('',(-2.375,1.19921875,2.65));
#9070 = SURFACE_CURVE('',#9071,(#9075,#9082),.PCURVE_S1.);
#9071 = LINE('',#9072,#9073);
#9072 = CARTESIAN_POINT('',(-2.375,1.19921875,2.65));
#9073 = VECTOR('',#9074,1.);
#9074 = DIRECTION('',(0.,0.,1.));
#9075 = PCURVE('',#2711,#9076);
#9076 = DEFINITIONAL_REPRESENTATION('',(#9077),#9081);
#9077 = LINE('',#9078,#9079);
#9078 = CARTESIAN_POINT('',(1.03515625,0.));
#9079 = VECTOR('',#9080,1.);
#9080 = DIRECTION('',(0.,-1.));
#9081 = ( GEOMETRIC_REPRESENTATION_CONTEXT(2) 
PARAMETRIC_REPRESENTATION_CONTEXT() REPRESENTATION_CONTEXT('2D SPACE',''
  ) );
#9082 = PCURVE('',#2739,#9083);
#9083 = DEFINITIONAL_REPRESENTATION('',(#9084),#9088);
#9084 = LINE('',#9085,#9086);
#9085 = CARTESIAN_POINT('',(0.,0.));
#9086 = VECTOR('',#9087,1.);
#9087 = DIRECTION('',(0.,-1.));
#9088 = ( GEOMETRIC_REPRESENTATION_CONTEXT(2) 
PARAMETRIC_REPRESENTATION_CONTEXT() REPRESENTATION_CONTEXT('2D SPACE',''
  ) );
#9089 = ORIENTED_EDGE('',*,*,#9090,.F.);
#9090 = EDGE_CURVE('',#9044,#9068,#9091,.T.);
#9091 = SURFACE_CURVE('',#9092,(#9096,#9103),.PCURVE_S1.);
#9092 = LINE('',#9093,#9094);
#9093 = CARTESIAN_POINT('',(-1.33984375,1.19921875,2.65));
#9094 = VECTOR('',#9095,1.);
#9095 = DIRECTION('',(-1.,0.,0.));
#9096 = PCURVE('',#2711,#9097);
#9097 = DEFINITIONAL_REPRESENTATION('',(#9098),#9102);
#9098 = LINE('',#9099,#9100);
#9099 = CARTESIAN_POINT('',(0.,-0.));
#9100 = VECTOR('',#9101,1.);
#9101 = DIRECTION('',(1.,0.));
#9102 = ( GEOMETRIC_REPRESENTATION_CONTEXT(2) 
PARAMETRIC_REPRESENTATION_CONTEXT() REPRESENTATION_CONTEXT('2D SPACE',''
  ) );
#9103 = PCURVE('',#9104,#9109);
#9104 = PLANE('',#9105);
#9105 = AXIS2_PLACEMENT_3D('',#9106,#9107,#9108);
#9106 = CARTESIAN_POINT('',(-2.36328125,-1.384765625,2.65));
#9107 = DIRECTION('',(0.,0.,1.));
#9108 = DIRECTION('',(1.,0.,0.));
#9109 = DEFINITIONAL_REPRESENTATION('',(#9110),#9114);
#9110 = LINE('',#9111,#9112);
#9111 = CARTESIAN_POINT('',(1.0234375,2.583984375));
#9112 = VECTOR('',#9113,1.);
#9113 = DIRECTION('',(-1.,0.));
#9114 = ( GEOMETRIC_REPRESENTATION_CONTEXT(2) 
PARAMETRIC_REPRESENTATION_CONTEXT() REPRESENTATION_CONTEXT('2D SPACE',''
  ) );
#9115 = ADVANCED_FACE('',(#9116),#2905,.F.);
#9116 = FACE_BOUND('',#9117,.F.);
#9117 = EDGE_LOOP('',(#9118,#9141,#9142,#9143));
#9118 = ORIENTED_EDGE('',*,*,#9119,.T.);
#9119 = EDGE_CURVE('',#9120,#2864,#9122,.T.);
#9120 = VERTEX_POINT('',#9121);
#9121 = CARTESIAN_POINT('',(-1.33984375,-1.384765625,2.65));
#9122 = SURFACE_CURVE('',#9123,(#9127,#9134),.PCURVE_S1.);
#9123 = LINE('',#9124,#9125);
#9124 = CARTESIAN_POINT('',(-1.33984375,-1.384765625,2.65));
#9125 = VECTOR('',#9126,1.);
#9126 = DIRECTION('',(0.,0.,1.));
#9127 = PCURVE('',#2905,#9128);
#9128 = DEFINITIONAL_REPRESENTATION('',(#9129),#9133);
#9129 = LINE('',#9130,#9131);
#9130 = CARTESIAN_POINT('',(0.,0.));
#9131 = VECTOR('',#9132,1.);
#9132 = DIRECTION('',(0.,-1.));
#9133 = ( GEOMETRIC_REPRESENTATION_CONTEXT(2) 
PARAMETRIC_REPRESENTATION_CONTEXT() REPRESENTATION_CONTEXT('2D SPACE',''
  ) );
#9134 = PCURVE('',#2879,#9135);
#9135 = DEFINITIONAL_REPRESENTATION('',(#9136),#9140);
#9136 = LINE('',#9137,#9138);
#9137 = CARTESIAN_POINT('',(0.396484375,0.));
#9138 = VECTOR('',#9139,1.);
#9139 = DIRECTION('',(0.,-1.));
#9140 = ( GEOMETRIC_REPRESENTATION_CONTEXT(2) 
PARAMETRIC_REPRESENTATION_CONTEXT() REPRESENTATION_CONTEXT('2D SPACE',''
  ) );
#9141 = ORIENTED_EDGE('',*,*,#2891,.T.);
#9142 = ORIENTED_EDGE('',*,*,#9043,.F.);
#9143 = ORIENTED_EDGE('',*,*,#9144,.F.);
#9144 = EDGE_CURVE('',#9120,#9044,#9145,.T.);
#9145 = SURFACE_CURVE('',#9146,(#9150,#9157),.PCURVE_S1.);
#9146 = LINE('',#9147,#9148);
#9147 = CARTESIAN_POINT('',(-1.33984375,-1.384765625,2.65));
#9148 = VECTOR('',#9149,1.);
#9149 = DIRECTION('',(0.,1.,0.));
#9150 = PCURVE('',#2905,#9151);
#9151 = DEFINITIONAL_REPRESENTATION('',(#9152),#9156);
#9152 = LINE('',#9153,#9154);
#9153 = CARTESIAN_POINT('',(0.,0.));
#9154 = VECTOR('',#9155,1.);
#9155 = DIRECTION('',(1.,0.));
#9156 = ( GEOMETRIC_REPRESENTATION_CONTEXT(2) 
PARAMETRIC_REPRESENTATION_CONTEXT() REPRESENTATION_CONTEXT('2D SPACE',''
  ) );
#9157 = PCURVE('',#9104,#9158);
#9158 = DEFINITIONAL_REPRESENTATION('',(#9159),#9163);
#9159 = LINE('',#9160,#9161);
#9160 = CARTESIAN_POINT('',(1.0234375,0.));
#9161 = VECTOR('',#9162,1.);
#9162 = DIRECTION('',(0.,1.));
#9163 = ( GEOMETRIC_REPRESENTATION_CONTEXT(2) 
PARAMETRIC_REPRESENTATION_CONTEXT() REPRESENTATION_CONTEXT('2D SPACE',''
  ) );
#9164 = ADVANCED_FACE('',(#9165),#2879,.F.);
#9165 = FACE_BOUND('',#9166,.F.);
#9166 = EDGE_LOOP('',(#9167,#9190,#9191,#9192));
#9167 = ORIENTED_EDGE('',*,*,#9168,.T.);
#9168 = EDGE_CURVE('',#9169,#2836,#9171,.T.);
#9169 = VERTEX_POINT('',#9170);
#9170 = CARTESIAN_POINT('',(-0.943359375,-1.384765625,2.65));
#9171 = SURFACE_CURVE('',#9172,(#9176,#9183),.PCURVE_S1.);
#9172 = LINE('',#9173,#9174);
#9173 = CARTESIAN_POINT('',(-0.943359375,-1.384765625,2.65));
#9174 = VECTOR('',#9175,1.);
#9175 = DIRECTION('',(0.,0.,1.));
#9176 = PCURVE('',#2879,#9177);
#9177 = DEFINITIONAL_REPRESENTATION('',(#9178),#9182);
#9178 = LINE('',#9179,#9180);
#9179 = CARTESIAN_POINT('',(0.,-0.));
#9180 = VECTOR('',#9181,1.);
#9181 = DIRECTION('',(0.,-1.));
#9182 = ( GEOMETRIC_REPRESENTATION_CONTEXT(2) 
PARAMETRIC_REPRESENTATION_CONTEXT() REPRESENTATION_CONTEXT('2D SPACE',''
  ) );
#9183 = PCURVE('',#2851,#9184);
#9184 = DEFINITIONAL_REPRESENTATION('',(#9185),#9189);
#9185 = LINE('',#9186,#9187);
#9186 = CARTESIAN_POINT('',(2.583984375,0.));
#9187 = VECTOR('',#9188,1.);
#9188 = DIRECTION('',(0.,-1.));
#9189 = ( GEOMETRIC_REPRESENTATION_CONTEXT(2) 
PARAMETRIC_REPRESENTATION_CONTEXT() REPRESENTATION_CONTEXT('2D SPACE',''
  ) );
#9190 = ORIENTED_EDGE('',*,*,#2863,.T.);
#9191 = ORIENTED_EDGE('',*,*,#9119,.F.);
#9192 = ORIENTED_EDGE('',*,*,#9193,.F.);
#9193 = EDGE_CURVE('',#9169,#9120,#9194,.T.);
#9194 = SURFACE_CURVE('',#9195,(#9199,#9206),.PCURVE_S1.);
#9195 = LINE('',#9196,#9197);
#9196 = CARTESIAN_POINT('',(-0.943359375,-1.384765625,2.65));
#9197 = VECTOR('',#9198,1.);
#9198 = DIRECTION('',(-1.,0.,0.));
#9199 = PCURVE('',#2879,#9200);
#9200 = DEFINITIONAL_REPRESENTATION('',(#9201),#9205);
#9201 = LINE('',#9202,#9203);
#9202 = CARTESIAN_POINT('',(0.,-0.));
#9203 = VECTOR('',#9204,1.);
#9204 = DIRECTION('',(1.,0.));
#9205 = ( GEOMETRIC_REPRESENTATION_CONTEXT(2) 
PARAMETRIC_REPRESENTATION_CONTEXT() REPRESENTATION_CONTEXT('2D SPACE',''
  ) );
#9206 = PCURVE('',#9104,#9207);
#9207 = DEFINITIONAL_REPRESENTATION('',(#9208),#9212);
#9208 = LINE('',#9209,#9210);
#9209 = CARTESIAN_POINT('',(1.419921875,0.));
#9210 = VECTOR('',#9211,1.);
#9211 = DIRECTION('',(-1.,0.));
#9212 = ( GEOMETRIC_REPRESENTATION_CONTEXT(2) 
PARAMETRIC_REPRESENTATION_CONTEXT() REPRESENTATION_CONTEXT('2D SPACE',''
  ) );
#9213 = ADVANCED_FACE('',(#9214),#2851,.F.);
#9214 = FACE_BOUND('',#9215,.F.);
#9215 = EDGE_LOOP('',(#9216,#9239,#9240,#9241));
#9216 = ORIENTED_EDGE('',*,*,#9217,.T.);
#9217 = EDGE_CURVE('',#9218,#2808,#9220,.T.);
#9218 = VERTEX_POINT('',#9219);
#9219 = CARTESIAN_POINT('',(-0.943359375,1.19921875,2.65));
#9220 = SURFACE_CURVE('',#9221,(#9225,#9232),.PCURVE_S1.);
#9221 = LINE('',#9222,#9223);
#9222 = CARTESIAN_POINT('',(-0.943359375,1.19921875,2.65));
#9223 = VECTOR('',#9224,1.);
#9224 = DIRECTION('',(0.,0.,1.));
#9225 = PCURVE('',#2851,#9226);
#9226 = DEFINITIONAL_REPRESENTATION('',(#9227),#9231);
#9227 = LINE('',#9228,#9229);
#9228 = CARTESIAN_POINT('',(0.,0.));
#9229 = VECTOR('',#9230,1.);
#9230 = DIRECTION('',(0.,-1.));
#9231 = ( GEOMETRIC_REPRESENTATION_CONTEXT(2) 
PARAMETRIC_REPRESENTATION_CONTEXT() REPRESENTATION_CONTEXT('2D SPACE',''
  ) );
#9232 = PCURVE('',#2823,#9233);
#9233 = DEFINITIONAL_REPRESENTATION('',(#9234),#9238);
#9234 = LINE('',#9235,#9236);
#9235 = CARTESIAN_POINT('',(1.03515625,0.));
#9236 = VECTOR('',#9237,1.);
#9237 = DIRECTION('',(0.,-1.));
#9238 = ( GEOMETRIC_REPRESENTATION_CONTEXT(2) 
PARAMETRIC_REPRESENTATION_CONTEXT() REPRESENTATION_CONTEXT('2D SPACE',''
  ) );
#9239 = ORIENTED_EDGE('',*,*,#2835,.T.);
#9240 = ORIENTED_EDGE('',*,*,#9168,.F.);
#9241 = ORIENTED_EDGE('',*,*,#9242,.F.);
#9242 = EDGE_CURVE('',#9218,#9169,#9243,.T.);
#9243 = SURFACE_CURVE('',#9244,(#9248,#9255),.PCURVE_S1.);
#9244 = LINE('',#9245,#9246);
#9245 = CARTESIAN_POINT('',(-0.943359375,1.19921875,2.65));
#9246 = VECTOR('',#9247,1.);
#9247 = DIRECTION('',(0.,-1.,0.));
#9248 = PCURVE('',#2851,#9249);
#9249 = DEFINITIONAL_REPRESENTATION('',(#9250),#9254);
#9250 = LINE('',#9251,#9252);
#9251 = CARTESIAN_POINT('',(0.,0.));
#9252 = VECTOR('',#9253,1.);
#9253 = DIRECTION('',(1.,0.));
#9254 = ( GEOMETRIC_REPRESENTATION_CONTEXT(2) 
PARAMETRIC_REPRESENTATION_CONTEXT() REPRESENTATION_CONTEXT('2D SPACE',''
  ) );
#9255 = PCURVE('',#9104,#9256);
#9256 = DEFINITIONAL_REPRESENTATION('',(#9257),#9261);
#9257 = LINE('',#9258,#9259);
#9258 = CARTESIAN_POINT('',(1.419921875,2.583984375));
#9259 = VECTOR('',#9260,1.);
#9260 = DIRECTION('',(0.,-1.));
#9261 = ( GEOMETRIC_REPRESENTATION_CONTEXT(2) 
PARAMETRIC_REPRESENTATION_CONTEXT() REPRESENTATION_CONTEXT('2D SPACE',''
  ) );
#9262 = ADVANCED_FACE('',(#9263),#2823,.F.);
#9263 = FACE_BOUND('',#9264,.F.);
#9264 = EDGE_LOOP('',(#9265,#9288,#9289,#9290));
#9265 = ORIENTED_EDGE('',*,*,#9266,.T.);
#9266 = EDGE_CURVE('',#9267,#2780,#9269,.T.);
#9267 = VERTEX_POINT('',#9268);
#9268 = CARTESIAN_POINT('',(9.1796875E-02,1.19921875,2.65));
#9269 = SURFACE_CURVE('',#9270,(#9274,#9281),.PCURVE_S1.);
#9270 = LINE('',#9271,#9272);
#9271 = CARTESIAN_POINT('',(9.1796875E-02,1.19921875,2.65));
#9272 = VECTOR('',#9273,1.);
#9273 = DIRECTION('',(0.,0.,1.));
#9274 = PCURVE('',#2823,#9275);
#9275 = DEFINITIONAL_REPRESENTATION('',(#9276),#9280);
#9276 = LINE('',#9277,#9278);
#9277 = CARTESIAN_POINT('',(0.,-0.));
#9278 = VECTOR('',#9279,1.);
#9279 = DIRECTION('',(0.,-1.));
#9280 = ( GEOMETRIC_REPRESENTATION_CONTEXT(2) 
PARAMETRIC_REPRESENTATION_CONTEXT() REPRESENTATION_CONTEXT('2D SPACE',''
  ) );
#9281 = PCURVE('',#2795,#9282);
#9282 = DEFINITIONAL_REPRESENTATION('',(#9283),#9287);
#9283 = LINE('',#9284,#9285);
#9284 = CARTESIAN_POINT('',(0.33203125,0.));
#9285 = VECTOR('',#9286,1.);
#9286 = DIRECTION('',(0.,-1.));
#9287 = ( GEOMETRIC_REPRESENTATION_CONTEXT(2) 
PARAMETRIC_REPRESENTATION_CONTEXT() REPRESENTATION_CONTEXT('2D SPACE',''
  ) );
#9288 = ORIENTED_EDGE('',*,*,#2807,.T.);
#9289 = ORIENTED_EDGE('',*,*,#9217,.F.);
#9290 = ORIENTED_EDGE('',*,*,#9291,.F.);
#9291 = EDGE_CURVE('',#9267,#9218,#9292,.T.);
#9292 = SURFACE_CURVE('',#9293,(#9297,#9304),.PCURVE_S1.);
#9293 = LINE('',#9294,#9295);
#9294 = CARTESIAN_POINT('',(9.1796875E-02,1.19921875,2.65));
#9295 = VECTOR('',#9296,1.);
#9296 = DIRECTION('',(-1.,0.,0.));
#9297 = PCURVE('',#2823,#9298);
#9298 = DEFINITIONAL_REPRESENTATION('',(#9299),#9303);
#9299 = LINE('',#9300,#9301);
#9300 = CARTESIAN_POINT('',(0.,-0.));
#9301 = VECTOR('',#9302,1.);
#9302 = DIRECTION('',(1.,0.));
#9303 = ( GEOMETRIC_REPRESENTATION_CONTEXT(2) 
PARAMETRIC_REPRESENTATION_CONTEXT() REPRESENTATION_CONTEXT('2D SPACE',''
  ) );
#9304 = PCURVE('',#9104,#9305);
#9305 = DEFINITIONAL_REPRESENTATION('',(#9306),#9310);
#9306 = LINE('',#9307,#9308);
#9307 = CARTESIAN_POINT('',(2.455078125,2.583984375));
#9308 = VECTOR('',#9309,1.);
#9309 = DIRECTION('',(-1.,0.));
#9310 = ( GEOMETRIC_REPRESENTATION_CONTEXT(2) 
PARAMETRIC_REPRESENTATION_CONTEXT() REPRESENTATION_CONTEXT('2D SPACE',''
  ) );
#9311 = ADVANCED_FACE('',(#9312),#2795,.F.);
#9312 = FACE_BOUND('',#9313,.F.);
#9313 = EDGE_LOOP('',(#9314,#9337,#9338,#9339));
#9314 = ORIENTED_EDGE('',*,*,#9315,.T.);
#9315 = EDGE_CURVE('',#9316,#2752,#9318,.T.);
#9316 = VERTEX_POINT('',#9317);
#9317 = CARTESIAN_POINT('',(9.1796875E-02,1.53125,2.65));
#9318 = SURFACE_CURVE('',#9319,(#9323,#9330),.PCURVE_S1.);
#9319 = LINE('',#9320,#9321);
#9320 = CARTESIAN_POINT('',(9.1796875E-02,1.53125,2.65));
#9321 = VECTOR('',#9322,1.);
#9322 = DIRECTION('',(0.,0.,1.));
#9323 = PCURVE('',#2795,#9324);
#9324 = DEFINITIONAL_REPRESENTATION('',(#9325),#9329);
#9325 = LINE('',#9326,#9327);
#9326 = CARTESIAN_POINT('',(0.,0.));
#9327 = VECTOR('',#9328,1.);
#9328 = DIRECTION('',(0.,-1.));
#9329 = ( GEOMETRIC_REPRESENTATION_CONTEXT(2) 
PARAMETRIC_REPRESENTATION_CONTEXT() REPRESENTATION_CONTEXT('2D SPACE',''
  ) );
#9330 = PCURVE('',#2767,#9331);
#9331 = DEFINITIONAL_REPRESENTATION('',(#9332),#9336);
#9332 = LINE('',#9333,#9334);
#9333 = CARTESIAN_POINT('',(2.466796875,0.));
#9334 = VECTOR('',#9335,1.);
#9335 = DIRECTION('',(0.,-1.));
#9336 = ( GEOMETRIC_REPRESENTATION_CONTEXT(2) 
PARAMETRIC_REPRESENTATION_CONTEXT() REPRESENTATION_CONTEXT('2D SPACE',''
  ) );
#9337 = ORIENTED_EDGE('',*,*,#2779,.T.);
#9338 = ORIENTED_EDGE('',*,*,#9266,.F.);
#9339 = ORIENTED_EDGE('',*,*,#9340,.F.);
#9340 = EDGE_CURVE('',#9316,#9267,#9341,.T.);
#9341 = SURFACE_CURVE('',#9342,(#9346,#9353),.PCURVE_S1.);
#9342 = LINE('',#9343,#9344);
#9343 = CARTESIAN_POINT('',(9.1796875E-02,1.53125,2.65));
#9344 = VECTOR('',#9345,1.);
#9345 = DIRECTION('',(0.,-1.,0.));
#9346 = PCURVE('',#2795,#9347);
#9347 = DEFINITIONAL_REPRESENTATION('',(#9348),#9352);
#9348 = LINE('',#9349,#9350);
#9349 = CARTESIAN_POINT('',(0.,0.));
#9350 = VECTOR('',#9351,1.);
#9351 = DIRECTION('',(1.,0.));
#9352 = ( GEOMETRIC_REPRESENTATION_CONTEXT(2) 
PARAMETRIC_REPRESENTATION_CONTEXT() REPRESENTATION_CONTEXT('2D SPACE',''
  ) );
#9353 = PCURVE('',#9104,#9354);
#9354 = DEFINITIONAL_REPRESENTATION('',(#9355),#9359);
#9355 = LINE('',#9356,#9357);
#9356 = CARTESIAN_POINT('',(2.455078125,2.916015625));
#9357 = VECTOR('',#9358,1.);
#9358 = DIRECTION('',(0.,-1.));
#9359 = ( GEOMETRIC_REPRESENTATION_CONTEXT(2) 
PARAMETRIC_REPRESENTATION_CONTEXT() REPRESENTATION_CONTEXT('2D SPACE',''
  ) );
#9360 = ADVANCED_FACE('',(#9361),#2767,.F.);
#9361 = FACE_BOUND('',#9362,.F.);
#9362 = EDGE_LOOP('',(#9363,#9386,#9387,#9388));
#9363 = ORIENTED_EDGE('',*,*,#9364,.T.);
#9364 = EDGE_CURVE('',#9365,#2724,#9367,.T.);
#9365 = VERTEX_POINT('',#9366);
#9366 = CARTESIAN_POINT('',(-2.375,1.53125,2.65));
#9367 = SURFACE_CURVE('',#9368,(#9372,#9379),.PCURVE_S1.);
#9368 = LINE('',#9369,#9370);
#9369 = CARTESIAN_POINT('',(-2.375,1.53125,2.65));
#9370 = VECTOR('',#9371,1.);
#9371 = DIRECTION('',(0.,0.,1.));
#9372 = PCURVE('',#2767,#9373);
#9373 = DEFINITIONAL_REPRESENTATION('',(#9374),#9378);
#9374 = LINE('',#9375,#9376);
#9375 = CARTESIAN_POINT('',(0.,0.));
#9376 = VECTOR('',#9377,1.);
#9377 = DIRECTION('',(0.,-1.));
#9378 = ( GEOMETRIC_REPRESENTATION_CONTEXT(2) 
PARAMETRIC_REPRESENTATION_CONTEXT() REPRESENTATION_CONTEXT('2D SPACE',''
  ) );
#9379 = PCURVE('',#2739,#9380);
#9380 = DEFINITIONAL_REPRESENTATION('',(#9381),#9385);
#9381 = LINE('',#9382,#9383);
#9382 = CARTESIAN_POINT('',(0.33203125,0.));
#9383 = VECTOR('',#9384,1.);
#9384 = DIRECTION('',(0.,-1.));
#9385 = ( GEOMETRIC_REPRESENTATION_CONTEXT(2) 
PARAMETRIC_REPRESENTATION_CONTEXT() REPRESENTATION_CONTEXT('2D SPACE',''
  ) );
#9386 = ORIENTED_EDGE('',*,*,#2751,.T.);
#9387 = ORIENTED_EDGE('',*,*,#9315,.F.);
#9388 = ORIENTED_EDGE('',*,*,#9389,.F.);
#9389 = EDGE_CURVE('',#9365,#9316,#9390,.T.);
#9390 = SURFACE_CURVE('',#9391,(#9395,#9402),.PCURVE_S1.);
#9391 = LINE('',#9392,#9393);
#9392 = CARTESIAN_POINT('',(-2.375,1.53125,2.65));
#9393 = VECTOR('',#9394,1.);
#9394 = DIRECTION('',(1.,0.,0.));
#9395 = PCURVE('',#2767,#9396);
#9396 = DEFINITIONAL_REPRESENTATION('',(#9397),#9401);
#9397 = LINE('',#9398,#9399);
#9398 = CARTESIAN_POINT('',(0.,0.));
#9399 = VECTOR('',#9400,1.);
#9400 = DIRECTION('',(1.,0.));
#9401 = ( GEOMETRIC_REPRESENTATION_CONTEXT(2) 
PARAMETRIC_REPRESENTATION_CONTEXT() REPRESENTATION_CONTEXT('2D SPACE',''
  ) );
#9402 = PCURVE('',#9104,#9403);
#9403 = DEFINITIONAL_REPRESENTATION('',(#9404),#9408);
#9404 = LINE('',#9405,#9406);
#9405 = CARTESIAN_POINT('',(-1.171875E-02,2.916015625));
#9406 = VECTOR('',#9407,1.);
#9407 = DIRECTION('',(1.,0.));
#9408 = ( GEOMETRIC_REPRESENTATION_CONTEXT(2) 
PARAMETRIC_REPRESENTATION_CONTEXT() REPRESENTATION_CONTEXT('2D SPACE',''
  ) );
#9409 = ADVANCED_FACE('',(#9410),#2739,.F.);
#9410 = FACE_BOUND('',#9411,.F.);
#9411 = EDGE_LOOP('',(#9412,#9413,#9414,#9415));
#9412 = ORIENTED_EDGE('',*,*,#9067,.T.);
#9413 = ORIENTED_EDGE('',*,*,#2723,.T.);
#9414 = ORIENTED_EDGE('',*,*,#9364,.F.);
#9415 = ORIENTED_EDGE('',*,*,#9416,.F.);
#9416 = EDGE_CURVE('',#9068,#9365,#9417,.T.);
#9417 = SURFACE_CURVE('',#9418,(#9422,#9429),.PCURVE_S1.);
#9418 = LINE('',#9419,#9420);
#9419 = CARTESIAN_POINT('',(-2.375,1.19921875,2.65));
#9420 = VECTOR('',#9421,1.);
#9421 = DIRECTION('',(0.,1.,0.));
#9422 = PCURVE('',#2739,#9423);
#9423 = DEFINITIONAL_REPRESENTATION('',(#9424),#9428);
#9424 = LINE('',#9425,#9426);
#9425 = CARTESIAN_POINT('',(0.,0.));
#9426 = VECTOR('',#9427,1.);
#9427 = DIRECTION('',(1.,0.));
#9428 = ( GEOMETRIC_REPRESENTATION_CONTEXT(2) 
PARAMETRIC_REPRESENTATION_CONTEXT() REPRESENTATION_CONTEXT('2D SPACE',''
  ) );
#9429 = PCURVE('',#9104,#9430);
#9430 = DEFINITIONAL_REPRESENTATION('',(#9431),#9435);
#9431 = LINE('',#9432,#9433);
#9432 = CARTESIAN_POINT('',(-1.171875E-02,2.583984375));
#9433 = VECTOR('',#9434,1.);
#9434 = DIRECTION('',(0.,1.));
#9435 = ( GEOMETRIC_REPRESENTATION_CONTEXT(2) 
PARAMETRIC_REPRESENTATION_CONTEXT() REPRESENTATION_CONTEXT('2D SPACE',''
  ) );
#9436 = ADVANCED_FACE('',(#9437),#2940,.F.);
#9437 = FACE_BOUND('',#9438,.F.);
#9438 = EDGE_LOOP('',(#9439,#9440,#9461,#9462));
#9439 = ORIENTED_EDGE('',*,*,#4927,.F.);
#9440 = ORIENTED_EDGE('',*,*,#9441,.F.);
#9441 = EDGE_CURVE('',#2920,#4928,#9442,.T.);
#9442 = SEAM_CURVE('',#9443,(#9447,#9454),.PCURVE_S1.);
#9443 = LINE('',#9444,#9445);
#9444 = CARTESIAN_POINT('',(-25.7,10.,3.));
#9445 = VECTOR('',#9446,1.);
#9446 = DIRECTION('',(0.,0.,-1.));
#9447 = PCURVE('',#2940,#9448);
#9448 = DEFINITIONAL_REPRESENTATION('',(#9449),#9453);
#9449 = LINE('',#9450,#9451);
#9450 = CARTESIAN_POINT('',(6.28318530718,-0.));
#9451 = VECTOR('',#9452,1.);
#9452 = DIRECTION('',(0.,1.));
#9453 = ( GEOMETRIC_REPRESENTATION_CONTEXT(2) 
PARAMETRIC_REPRESENTATION_CONTEXT() REPRESENTATION_CONTEXT('2D SPACE',''
  ) );
#9454 = PCURVE('',#2940,#9455);
#9455 = DEFINITIONAL_REPRESENTATION('',(#9456),#9460);
#9456 = LINE('',#9457,#9458);
#9457 = CARTESIAN_POINT('',(0.,-0.));
#9458 = VECTOR('',#9459,1.);
#9459 = DIRECTION('',(0.,1.));
#9460 = ( GEOMETRIC_REPRESENTATION_CONTEXT(2) 
PARAMETRIC_REPRESENTATION_CONTEXT() REPRESENTATION_CONTEXT('2D SPACE',''
  ) );
#9461 = ORIENTED_EDGE('',*,*,#2919,.T.);
#9462 = ORIENTED_EDGE('',*,*,#9441,.T.);
#9463 = ADVANCED_FACE('',(#9464),#2972,.F.);
#9464 = FACE_BOUND('',#9465,.F.);
#9465 = EDGE_LOOP('',(#9466,#9489,#9490,#9513));
#9466 = ORIENTED_EDGE('',*,*,#9467,.T.);
#9467 = EDGE_CURVE('',#9468,#2955,#9470,.T.);
#9468 = VERTEX_POINT('',#9469);
#9469 = CARTESIAN_POINT('',(3.4931640625,1.5146484375,2.65));
#9470 = SURFACE_CURVE('',#9471,(#9475,#9482),.PCURVE_S1.);
#9471 = LINE('',#9472,#9473);
#9472 = CARTESIAN_POINT('',(3.4931640625,1.5146484375,2.65));
#9473 = VECTOR('',#9474,1.);
#9474 = DIRECTION('',(0.,0.,1.));
#9475 = PCURVE('',#2972,#9476);
#9476 = DEFINITIONAL_REPRESENTATION('',(#9477),#9481);
#9477 = LINE('',#9478,#9479);
#9478 = CARTESIAN_POINT('',(0.,0.));
#9479 = VECTOR('',#9480,1.);
#9480 = DIRECTION('',(0.,-1.));
#9481 = ( GEOMETRIC_REPRESENTATION_CONTEXT(2) 
PARAMETRIC_REPRESENTATION_CONTEXT() REPRESENTATION_CONTEXT('2D SPACE',''
  ) );
#9482 = PCURVE('',#3476,#9483);
#9483 = DEFINITIONAL_REPRESENTATION('',(#9484),#9488);
#9484 = LINE('',#9485,#9486);
#9485 = CARTESIAN_POINT('',(1.,0.));
#9486 = VECTOR('',#9487,1.);
#9487 = DIRECTION('',(0.,-1.));
#9488 = ( GEOMETRIC_REPRESENTATION_CONTEXT(2) 
PARAMETRIC_REPRESENTATION_CONTEXT() REPRESENTATION_CONTEXT('2D SPACE',''
  ) );
#9489 = ORIENTED_EDGE('',*,*,#2954,.T.);
#9490 = ORIENTED_EDGE('',*,*,#9491,.F.);
#9491 = EDGE_CURVE('',#9492,#2957,#9494,.T.);
#9492 = VERTEX_POINT('',#9493);
#9493 = CARTESIAN_POINT('',(3.927734375,1.306640625,2.65));
#9494 = SURFACE_CURVE('',#9495,(#9499,#9506),.PCURVE_S1.);
#9495 = LINE('',#9496,#9497);
#9496 = CARTESIAN_POINT('',(3.927734375,1.306640625,2.65));
#9497 = VECTOR('',#9498,1.);
#9498 = DIRECTION('',(0.,0.,1.));
#9499 = PCURVE('',#2972,#9500);
#9500 = DEFINITIONAL_REPRESENTATION('',(#9501),#9505);
#9501 = LINE('',#9502,#9503);
#9502 = CARTESIAN_POINT('',(1.,0.));
#9503 = VECTOR('',#9504,1.);
#9504 = DIRECTION('',(0.,-1.));
#9505 = ( GEOMETRIC_REPRESENTATION_CONTEXT(2) 
PARAMETRIC_REPRESENTATION_CONTEXT() REPRESENTATION_CONTEXT('2D SPACE',''
  ) );
#9506 = PCURVE('',#3002,#9507);
#9507 = DEFINITIONAL_REPRESENTATION('',(#9508),#9512);
#9508 = LINE('',#9509,#9510);
#9509 = CARTESIAN_POINT('',(0.,0.));
#9510 = VECTOR('',#9511,1.);
#9511 = DIRECTION('',(0.,-1.));
#9512 = ( GEOMETRIC_REPRESENTATION_CONTEXT(2) 
PARAMETRIC_REPRESENTATION_CONTEXT() REPRESENTATION_CONTEXT('2D SPACE',''
  ) );
#9513 = ORIENTED_EDGE('',*,*,#9514,.F.);
#9514 = EDGE_CURVE('',#9468,#9492,#9515,.T.);
#9515 = SURFACE_CURVE('',#9516,(#9520,#9527),.PCURVE_S1.);
#9516 = B_SPLINE_CURVE_WITH_KNOTS('',2,(#9517,#9518,#9519),
  .UNSPECIFIED.,.F.,.F.,(3,3),(0.,1.),.PIECEWISE_BEZIER_KNOTS.);
#9517 = CARTESIAN_POINT('',(3.4931640625,1.5146484375,2.65));
#9518 = CARTESIAN_POINT('',(3.724609375,1.4453125,2.65));
#9519 = CARTESIAN_POINT('',(3.927734375,1.306640625,2.65));
#9520 = PCURVE('',#2972,#9521);
#9521 = DEFINITIONAL_REPRESENTATION('',(#9522),#9526);
#9522 = LINE('',#9523,#9524);
#9523 = CARTESIAN_POINT('',(0.,0.));
#9524 = VECTOR('',#9525,1.);
#9525 = DIRECTION('',(1.,0.));
#9526 = ( GEOMETRIC_REPRESENTATION_CONTEXT(2) 
PARAMETRIC_REPRESENTATION_CONTEXT() REPRESENTATION_CONTEXT('2D SPACE',''
  ) );
#9527 = PCURVE('',#9528,#9533);
#9528 = PLANE('',#9529);
#9529 = AXIS2_PLACEMENT_3D('',#9530,#9531,#9532);
#9530 = CARTESIAN_POINT('',(1.3515625,-1.384765625,2.65));
#9531 = DIRECTION('',(0.,0.,1.));
#9532 = DIRECTION('',(1.,0.,0.));
#9533 = DEFINITIONAL_REPRESENTATION('',(#9534),#9538);
#9534 = B_SPLINE_CURVE_WITH_KNOTS('',2,(#9535,#9536,#9537),
  .UNSPECIFIED.,.F.,.F.,(3,3),(0.,1.),.PIECEWISE_BEZIER_KNOTS.);
#9535 = CARTESIAN_POINT('',(2.1416015625,2.8994140625));
#9536 = CARTESIAN_POINT('',(2.373046875,2.830078125));
#9537 = CARTESIAN_POINT('',(2.576171875,2.69140625));
#9538 = ( GEOMETRIC_REPRESENTATION_CONTEXT(2) 
PARAMETRIC_REPRESENTATION_CONTEXT() REPRESENTATION_CONTEXT('2D SPACE',''
  ) );
#9539 = ADVANCED_FACE('',(#9540),#3476,.F.);
#9540 = FACE_BOUND('',#9541,.F.);
#9541 = EDGE_LOOP('',(#9542,#9565,#9566,#9567));
#9542 = ORIENTED_EDGE('',*,*,#9543,.T.);
#9543 = EDGE_CURVE('',#9544,#3433,#9546,.T.);
#9544 = VERTEX_POINT('',#9545);
#9545 = CARTESIAN_POINT('',(3.,1.583984375,2.65));
#9546 = SURFACE_CURVE('',#9547,(#9551,#9558),.PCURVE_S1.);
#9547 = LINE('',#9548,#9549);
#9548 = CARTESIAN_POINT('',(3.,1.583984375,2.65));
#9549 = VECTOR('',#9550,1.);
#9550 = DIRECTION('',(0.,0.,1.));
#9551 = PCURVE('',#3476,#9552);
#9552 = DEFINITIONAL_REPRESENTATION('',(#9553),#9557);
#9553 = LINE('',#9554,#9555);
#9554 = CARTESIAN_POINT('',(0.,0.));
#9555 = VECTOR('',#9556,1.);
#9556 = DIRECTION('',(0.,-1.));
#9557 = ( GEOMETRIC_REPRESENTATION_CONTEXT(2) 
PARAMETRIC_REPRESENTATION_CONTEXT() REPRESENTATION_CONTEXT('2D SPACE',''
  ) );
#9558 = PCURVE('',#3448,#9559);
#9559 = DEFINITIONAL_REPRESENTATION('',(#9560),#9564);
#9560 = LINE('',#9561,#9562);
#9561 = CARTESIAN_POINT('',(1.,0.));
#9562 = VECTOR('',#9563,1.);
#9563 = DIRECTION('',(0.,-1.));
#9564 = ( GEOMETRIC_REPRESENTATION_CONTEXT(2) 
PARAMETRIC_REPRESENTATION_CONTEXT() REPRESENTATION_CONTEXT('2D SPACE',''
  ) );
#9565 = ORIENTED_EDGE('',*,*,#3462,.T.);
#9566 = ORIENTED_EDGE('',*,*,#9467,.F.);
#9567 = ORIENTED_EDGE('',*,*,#9568,.F.);
#9568 = EDGE_CURVE('',#9544,#9468,#9569,.T.);
#9569 = SURFACE_CURVE('',#9570,(#9574,#9581),.PCURVE_S1.);
#9570 = B_SPLINE_CURVE_WITH_KNOTS('',2,(#9571,#9572,#9573),
  .UNSPECIFIED.,.F.,.F.,(3,3),(0.,1.),.PIECEWISE_BEZIER_KNOTS.);
#9571 = CARTESIAN_POINT('',(3.,1.583984375,2.65));
#9572 = CARTESIAN_POINT('',(3.26171875,1.583984375,2.65));
#9573 = CARTESIAN_POINT('',(3.4931640625,1.5146484375,2.65));
#9574 = PCURVE('',#3476,#9575);
#9575 = DEFINITIONAL_REPRESENTATION('',(#9576),#9580);
#9576 = LINE('',#9577,#9578);
#9577 = CARTESIAN_POINT('',(0.,0.));
#9578 = VECTOR('',#9579,1.);
#9579 = DIRECTION('',(1.,0.));
#9580 = ( GEOMETRIC_REPRESENTATION_CONTEXT(2) 
PARAMETRIC_REPRESENTATION_CONTEXT() REPRESENTATION_CONTEXT('2D SPACE',''
  ) );
#9581 = PCURVE('',#9528,#9582);
#9582 = DEFINITIONAL_REPRESENTATION('',(#9583),#9587);
#9583 = B_SPLINE_CURVE_WITH_KNOTS('',2,(#9584,#9585,#9586),
  .UNSPECIFIED.,.F.,.F.,(3,3),(0.,1.),.PIECEWISE_BEZIER_KNOTS.);
#9584 = CARTESIAN_POINT('',(1.6484375,2.96875));
#9585 = CARTESIAN_POINT('',(1.91015625,2.96875));
#9586 = CARTESIAN_POINT('',(2.1416015625,2.8994140625));
#9587 = ( GEOMETRIC_REPRESENTATION_CONTEXT(2) 
PARAMETRIC_REPRESENTATION_CONTEXT() REPRESENTATION_CONTEXT('2D SPACE',''
  ) );
#9588 = ADVANCED_FACE('',(#9589),#3448,.F.);
#9589 = FACE_BOUND('',#9590,.F.);
#9590 = EDGE_LOOP('',(#9591,#9614,#9615,#9616));
#9591 = ORIENTED_EDGE('',*,*,#9592,.T.);
#9592 = EDGE_CURVE('',#9593,#3403,#9595,.T.);
#9593 = VERTEX_POINT('',#9594);
#9594 = CARTESIAN_POINT('',(1.95703125,1.1787109375,2.65));
#9595 = SURFACE_CURVE('',#9596,(#9600,#9607),.PCURVE_S1.);
#9596 = LINE('',#9597,#9598);
#9597 = CARTESIAN_POINT('',(1.95703125,1.1787109375,2.65));
#9598 = VECTOR('',#9599,1.);
#9599 = DIRECTION('',(0.,0.,1.));
#9600 = PCURVE('',#3448,#9601);
#9601 = DEFINITIONAL_REPRESENTATION('',(#9602),#9606);
#9602 = LINE('',#9603,#9604);
#9603 = CARTESIAN_POINT('',(0.,0.));
#9604 = VECTOR('',#9605,1.);
#9605 = DIRECTION('',(0.,-1.));
#9606 = ( GEOMETRIC_REPRESENTATION_CONTEXT(2) 
PARAMETRIC_REPRESENTATION_CONTEXT() REPRESENTATION_CONTEXT('2D SPACE',''
  ) );
#9607 = PCURVE('',#3418,#9608);
#9608 = DEFINITIONAL_REPRESENTATION('',(#9609),#9613);
#9609 = LINE('',#9610,#9611);
#9610 = CARTESIAN_POINT('',(1.,0.));
#9611 = VECTOR('',#9612,1.);
#9612 = DIRECTION('',(0.,-1.));
#9613 = ( GEOMETRIC_REPRESENTATION_CONTEXT(2) 
PARAMETRIC_REPRESENTATION_CONTEXT() REPRESENTATION_CONTEXT('2D SPACE',''
  ) );
#9614 = ORIENTED_EDGE('',*,*,#3432,.T.);
#9615 = ORIENTED_EDGE('',*,*,#9543,.F.);
#9616 = ORIENTED_EDGE('',*,*,#9617,.F.);
#9617 = EDGE_CURVE('',#9593,#9544,#9618,.T.);
#9618 = SURFACE_CURVE('',#9619,(#9623,#9630),.PCURVE_S1.);
#9619 = B_SPLINE_CURVE_WITH_KNOTS('',2,(#9620,#9621,#9622),
  .UNSPECIFIED.,.F.,.F.,(3,3),(0.,1.),.PIECEWISE_BEZIER_KNOTS.);
#9620 = CARTESIAN_POINT('',(1.95703125,1.1787109375,2.65));
#9621 = CARTESIAN_POINT('',(2.337890625,1.583984375,2.65));
#9622 = CARTESIAN_POINT('',(3.,1.583984375,2.65));
#9623 = PCURVE('',#3448,#9624);
#9624 = DEFINITIONAL_REPRESENTATION('',(#9625),#9629);
#9625 = LINE('',#9626,#9627);
#9626 = CARTESIAN_POINT('',(0.,0.));
#9627 = VECTOR('',#9628,1.);
#9628 = DIRECTION('',(1.,0.));
#9629 = ( GEOMETRIC_REPRESENTATION_CONTEXT(2) 
PARAMETRIC_REPRESENTATION_CONTEXT() REPRESENTATION_CONTEXT('2D SPACE',''
  ) );
#9630 = PCURVE('',#9528,#9631);
#9631 = DEFINITIONAL_REPRESENTATION('',(#9632),#9636);
#9632 = B_SPLINE_CURVE_WITH_KNOTS('',2,(#9633,#9634,#9635),
  .UNSPECIFIED.,.F.,.F.,(3,3),(0.,1.),.PIECEWISE_BEZIER_KNOTS.);
#9633 = CARTESIAN_POINT('',(0.60546875,2.5634765625));
#9634 = CARTESIAN_POINT('',(0.986328125,2.96875));
#9635 = CARTESIAN_POINT('',(1.6484375,2.96875));
#9636 = ( GEOMETRIC_REPRESENTATION_CONTEXT(2) 
PARAMETRIC_REPRESENTATION_CONTEXT() REPRESENTATION_CONTEXT('2D SPACE',''
  ) );
#9637 = ADVANCED_FACE('',(#9638),#3418,.F.);
#9638 = FACE_BOUND('',#9639,.F.);
#9639 = EDGE_LOOP('',(#9640,#9663,#9664,#9665));
#9640 = ORIENTED_EDGE('',*,*,#9641,.T.);
#9641 = EDGE_CURVE('',#9642,#3373,#9644,.T.);
#9642 = VERTEX_POINT('',#9643);
#9643 = CARTESIAN_POINT('',(1.576171875,7.03125E-02,2.65));
#9644 = SURFACE_CURVE('',#9645,(#9649,#9656),.PCURVE_S1.);
#9645 = LINE('',#9646,#9647);
#9646 = CARTESIAN_POINT('',(1.576171875,7.03125E-02,2.65));
#9647 = VECTOR('',#9648,1.);
#9648 = DIRECTION('',(0.,0.,1.));
#9649 = PCURVE('',#3418,#9650);
#9650 = DEFINITIONAL_REPRESENTATION('',(#9651),#9655);
#9651 = LINE('',#9652,#9653);
#9652 = CARTESIAN_POINT('',(0.,0.));
#9653 = VECTOR('',#9654,1.);
#9654 = DIRECTION('',(0.,-1.));
#9655 = ( GEOMETRIC_REPRESENTATION_CONTEXT(2) 
PARAMETRIC_REPRESENTATION_CONTEXT() REPRESENTATION_CONTEXT('2D SPACE',''
  ) );
#9656 = PCURVE('',#3388,#9657);
#9657 = DEFINITIONAL_REPRESENTATION('',(#9658),#9662);
#9658 = LINE('',#9659,#9660);
#9659 = CARTESIAN_POINT('',(1.,0.));
#9660 = VECTOR('',#9661,1.);
#9661 = DIRECTION('',(0.,-1.));
#9662 = ( GEOMETRIC_REPRESENTATION_CONTEXT(2) 
PARAMETRIC_REPRESENTATION_CONTEXT() REPRESENTATION_CONTEXT('2D SPACE',''
  ) );
#9663 = ORIENTED_EDGE('',*,*,#3402,.T.);
#9664 = ORIENTED_EDGE('',*,*,#9592,.F.);
#9665 = ORIENTED_EDGE('',*,*,#9666,.F.);
#9666 = EDGE_CURVE('',#9642,#9593,#9667,.T.);
#9667 = SURFACE_CURVE('',#9668,(#9672,#9679),.PCURVE_S1.);
#9668 = B_SPLINE_CURVE_WITH_KNOTS('',2,(#9669,#9670,#9671),
  .UNSPECIFIED.,.F.,.F.,(3,3),(0.,1.),.PIECEWISE_BEZIER_KNOTS.);
#9669 = CARTESIAN_POINT('',(1.576171875,7.03125E-02,2.65));
#9670 = CARTESIAN_POINT('',(1.576171875,0.7734375,2.65));
#9671 = CARTESIAN_POINT('',(1.95703125,1.1787109375,2.65));
#9672 = PCURVE('',#3418,#9673);
#9673 = DEFINITIONAL_REPRESENTATION('',(#9674),#9678);
#9674 = LINE('',#9675,#9676);
#9675 = CARTESIAN_POINT('',(0.,0.));
#9676 = VECTOR('',#9677,1.);
#9677 = DIRECTION('',(1.,0.));
#9678 = ( GEOMETRIC_REPRESENTATION_CONTEXT(2) 
PARAMETRIC_REPRESENTATION_CONTEXT() REPRESENTATION_CONTEXT('2D SPACE',''
  ) );
#9679 = PCURVE('',#9528,#9680);
#9680 = DEFINITIONAL_REPRESENTATION('',(#9681),#9685);
#9681 = B_SPLINE_CURVE_WITH_KNOTS('',2,(#9682,#9683,#9684),
  .UNSPECIFIED.,.F.,.F.,(3,3),(0.,1.),.PIECEWISE_BEZIER_KNOTS.);
#9682 = CARTESIAN_POINT('',(0.224609375,1.455078125));
#9683 = CARTESIAN_POINT('',(0.224609375,2.158203125));
#9684 = CARTESIAN_POINT('',(0.60546875,2.5634765625));
#9685 = ( GEOMETRIC_REPRESENTATION_CONTEXT(2) 
PARAMETRIC_REPRESENTATION_CONTEXT() REPRESENTATION_CONTEXT('2D SPACE',''
  ) );
#9686 = ADVANCED_FACE('',(#9687),#3388,.F.);
#9687 = FACE_BOUND('',#9688,.F.);
#9688 = EDGE_LOOP('',(#9689,#9712,#9713,#9714));
#9689 = ORIENTED_EDGE('',*,*,#9690,.T.);
#9690 = EDGE_CURVE('',#9691,#3343,#9693,.T.);
#9691 = VERTEX_POINT('',#9692);
#9692 = CARTESIAN_POINT('',(1.95703125,-1.0361328125,2.65));
#9693 = SURFACE_CURVE('',#9694,(#9698,#9705),.PCURVE_S1.);
#9694 = LINE('',#9695,#9696);
#9695 = CARTESIAN_POINT('',(1.95703125,-1.0361328125,2.65));
#9696 = VECTOR('',#9697,1.);
#9697 = DIRECTION('',(0.,0.,1.));
#9698 = PCURVE('',#3388,#9699);
#9699 = DEFINITIONAL_REPRESENTATION('',(#9700),#9704);
#9700 = LINE('',#9701,#9702);
#9701 = CARTESIAN_POINT('',(0.,0.));
#9702 = VECTOR('',#9703,1.);
#9703 = DIRECTION('',(0.,-1.));
#9704 = ( GEOMETRIC_REPRESENTATION_CONTEXT(2) 
PARAMETRIC_REPRESENTATION_CONTEXT() REPRESENTATION_CONTEXT('2D SPACE',''
  ) );
#9705 = PCURVE('',#3358,#9706);
#9706 = DEFINITIONAL_REPRESENTATION('',(#9707),#9711);
#9707 = LINE('',#9708,#9709);
#9708 = CARTESIAN_POINT('',(1.,0.));
#9709 = VECTOR('',#9710,1.);
#9710 = DIRECTION('',(0.,-1.));
#9711 = ( GEOMETRIC_REPRESENTATION_CONTEXT(2) 
PARAMETRIC_REPRESENTATION_CONTEXT() REPRESENTATION_CONTEXT('2D SPACE',''
  ) );
#9712 = ORIENTED_EDGE('',*,*,#3372,.T.);
#9713 = ORIENTED_EDGE('',*,*,#9641,.F.);
#9714 = ORIENTED_EDGE('',*,*,#9715,.F.);
#9715 = EDGE_CURVE('',#9691,#9642,#9716,.T.);
#9716 = SURFACE_CURVE('',#9717,(#9721,#9728),.PCURVE_S1.);
#9717 = B_SPLINE_CURVE_WITH_KNOTS('',2,(#9718,#9719,#9720),
  .UNSPECIFIED.,.F.,.F.,(3,3),(0.,1.),.PIECEWISE_BEZIER_KNOTS.);
#9718 = CARTESIAN_POINT('',(1.95703125,-1.0361328125,2.65));
#9719 = CARTESIAN_POINT('',(1.576171875,-0.630859375,2.65));
#9720 = CARTESIAN_POINT('',(1.576171875,7.03125E-02,2.65));
#9721 = PCURVE('',#3388,#9722);
#9722 = DEFINITIONAL_REPRESENTATION('',(#9723),#9727);
#9723 = LINE('',#9724,#9725);
#9724 = CARTESIAN_POINT('',(0.,0.));
#9725 = VECTOR('',#9726,1.);
#9726 = DIRECTION('',(1.,0.));
#9727 = ( GEOMETRIC_REPRESENTATION_CONTEXT(2) 
PARAMETRIC_REPRESENTATION_CONTEXT() REPRESENTATION_CONTEXT('2D SPACE',''
  ) );
#9728 = PCURVE('',#9528,#9729);
#9729 = DEFINITIONAL_REPRESENTATION('',(#9730),#9734);
#9730 = B_SPLINE_CURVE_WITH_KNOTS('',2,(#9731,#9732,#9733),
  .UNSPECIFIED.,.F.,.F.,(3,3),(0.,1.),.PIECEWISE_BEZIER_KNOTS.);
#9731 = CARTESIAN_POINT('',(0.60546875,0.3486328125));
#9732 = CARTESIAN_POINT('',(0.224609375,0.75390625));
#9733 = CARTESIAN_POINT('',(0.224609375,1.455078125));
#9734 = ( GEOMETRIC_REPRESENTATION_CONTEXT(2) 
PARAMETRIC_REPRESENTATION_CONTEXT() REPRESENTATION_CONTEXT('2D SPACE',''
  ) );
#9735 = ADVANCED_FACE('',(#9736),#3358,.F.);
#9736 = FACE_BOUND('',#9737,.F.);
#9737 = EDGE_LOOP('',(#9738,#9761,#9762,#9763));
#9738 = ORIENTED_EDGE('',*,*,#9739,.T.);
#9739 = EDGE_CURVE('',#9740,#3313,#9742,.T.);
#9740 = VERTEX_POINT('',#9741);
#9741 = CARTESIAN_POINT('',(3.,-1.44140625,2.65));
#9742 = SURFACE_CURVE('',#9743,(#9747,#9754),.PCURVE_S1.);
#9743 = LINE('',#9744,#9745);
#9744 = CARTESIAN_POINT('',(3.,-1.44140625,2.65));
#9745 = VECTOR('',#9746,1.);
#9746 = DIRECTION('',(0.,0.,1.));
#9747 = PCURVE('',#3358,#9748);
#9748 = DEFINITIONAL_REPRESENTATION('',(#9749),#9753);
#9749 = LINE('',#9750,#9751);
#9750 = CARTESIAN_POINT('',(0.,0.));
#9751 = VECTOR('',#9752,1.);
#9752 = DIRECTION('',(0.,-1.));
#9753 = ( GEOMETRIC_REPRESENTATION_CONTEXT(2) 
PARAMETRIC_REPRESENTATION_CONTEXT() REPRESENTATION_CONTEXT('2D SPACE',''
  ) );
#9754 = PCURVE('',#3328,#9755);
#9755 = DEFINITIONAL_REPRESENTATION('',(#9756),#9760);
#9756 = LINE('',#9757,#9758);
#9757 = CARTESIAN_POINT('',(1.,0.));
#9758 = VECTOR('',#9759,1.);
#9759 = DIRECTION('',(0.,-1.));
#9760 = ( GEOMETRIC_REPRESENTATION_CONTEXT(2) 
PARAMETRIC_REPRESENTATION_CONTEXT() REPRESENTATION_CONTEXT('2D SPACE',''
  ) );
#9761 = ORIENTED_EDGE('',*,*,#3342,.T.);
#9762 = ORIENTED_EDGE('',*,*,#9690,.F.);
#9763 = ORIENTED_EDGE('',*,*,#9764,.F.);
#9764 = EDGE_CURVE('',#9740,#9691,#9765,.T.);
#9765 = SURFACE_CURVE('',#9766,(#9770,#9777),.PCURVE_S1.);
#9766 = B_SPLINE_CURVE_WITH_KNOTS('',2,(#9767,#9768,#9769),
  .UNSPECIFIED.,.F.,.F.,(3,3),(0.,1.),.PIECEWISE_BEZIER_KNOTS.);
#9767 = CARTESIAN_POINT('',(3.,-1.44140625,2.65));
#9768 = CARTESIAN_POINT('',(2.337890625,-1.44140625,2.65));
#9769 = CARTESIAN_POINT('',(1.95703125,-1.0361328125,2.65));
#9770 = PCURVE('',#3358,#9771);
#9771 = DEFINITIONAL_REPRESENTATION('',(#9772),#9776);
#9772 = LINE('',#9773,#9774);
#9773 = CARTESIAN_POINT('',(0.,0.));
#9774 = VECTOR('',#9775,1.);
#9775 = DIRECTION('',(1.,0.));
#9776 = ( GEOMETRIC_REPRESENTATION_CONTEXT(2) 
PARAMETRIC_REPRESENTATION_CONTEXT() REPRESENTATION_CONTEXT('2D SPACE',''
  ) );
#9777 = PCURVE('',#9528,#9778);
#9778 = DEFINITIONAL_REPRESENTATION('',(#9779),#9783);
#9779 = B_SPLINE_CURVE_WITH_KNOTS('',2,(#9780,#9781,#9782),
  .UNSPECIFIED.,.F.,.F.,(3,3),(0.,1.),.PIECEWISE_BEZIER_KNOTS.);
#9780 = CARTESIAN_POINT('',(1.6484375,-5.6640625E-02));
#9781 = CARTESIAN_POINT('',(0.986328125,-5.6640625E-02));
#9782 = CARTESIAN_POINT('',(0.60546875,0.3486328125));
#9783 = ( GEOMETRIC_REPRESENTATION_CONTEXT(2) 
PARAMETRIC_REPRESENTATION_CONTEXT() REPRESENTATION_CONTEXT('2D SPACE',''
  ) );
#9784 = ADVANCED_FACE('',(#9785),#3328,.F.);
#9785 = FACE_BOUND('',#9786,.F.);
#9786 = EDGE_LOOP('',(#9787,#9810,#9811,#9812));
#9787 = ORIENTED_EDGE('',*,*,#9788,.T.);
#9788 = EDGE_CURVE('',#9789,#3283,#9791,.T.);
#9789 = VERTEX_POINT('',#9790);
#9790 = CARTESIAN_POINT('',(3.4892578125,-1.37109375,2.65));
#9791 = SURFACE_CURVE('',#9792,(#9796,#9803),.PCURVE_S1.);
#9792 = LINE('',#9793,#9794);
#9793 = CARTESIAN_POINT('',(3.4892578125,-1.37109375,2.65));
#9794 = VECTOR('',#9795,1.);
#9795 = DIRECTION('',(0.,0.,1.));
#9796 = PCURVE('',#3328,#9797);
#9797 = DEFINITIONAL_REPRESENTATION('',(#9798),#9802);
#9798 = LINE('',#9799,#9800);
#9799 = CARTESIAN_POINT('',(0.,0.));
#9800 = VECTOR('',#9801,1.);
#9801 = DIRECTION('',(0.,-1.));
#9802 = ( GEOMETRIC_REPRESENTATION_CONTEXT(2) 
PARAMETRIC_REPRESENTATION_CONTEXT() REPRESENTATION_CONTEXT('2D SPACE',''
  ) );
#9803 = PCURVE('',#3298,#9804);
#9804 = DEFINITIONAL_REPRESENTATION('',(#9805),#9809);
#9805 = LINE('',#9806,#9807);
#9806 = CARTESIAN_POINT('',(1.,0.));
#9807 = VECTOR('',#9808,1.);
#9808 = DIRECTION('',(0.,-1.));
#9809 = ( GEOMETRIC_REPRESENTATION_CONTEXT(2) 
PARAMETRIC_REPRESENTATION_CONTEXT() REPRESENTATION_CONTEXT('2D SPACE',''
  ) );
#9810 = ORIENTED_EDGE('',*,*,#3312,.T.);
#9811 = ORIENTED_EDGE('',*,*,#9739,.F.);
#9812 = ORIENTED_EDGE('',*,*,#9813,.F.);
#9813 = EDGE_CURVE('',#9789,#9740,#9814,.T.);
#9814 = SURFACE_CURVE('',#9815,(#9819,#9826),.PCURVE_S1.);
#9815 = B_SPLINE_CURVE_WITH_KNOTS('',2,(#9816,#9817,#9818),
  .UNSPECIFIED.,.F.,.F.,(3,3),(0.,1.),.PIECEWISE_BEZIER_KNOTS.);
#9816 = CARTESIAN_POINT('',(3.4892578125,-1.37109375,2.65));
#9817 = CARTESIAN_POINT('',(3.2578125,-1.44140625,2.65));
#9818 = CARTESIAN_POINT('',(3.,-1.44140625,2.65));
#9819 = PCURVE('',#3328,#9820);
#9820 = DEFINITIONAL_REPRESENTATION('',(#9821),#9825);
#9821 = LINE('',#9822,#9823);
#9822 = CARTESIAN_POINT('',(0.,0.));
#9823 = VECTOR('',#9824,1.);
#9824 = DIRECTION('',(1.,0.));
#9825 = ( GEOMETRIC_REPRESENTATION_CONTEXT(2) 
PARAMETRIC_REPRESENTATION_CONTEXT() REPRESENTATION_CONTEXT('2D SPACE',''
  ) );
#9826 = PCURVE('',#9528,#9827);
#9827 = DEFINITIONAL_REPRESENTATION('',(#9828),#9832);
#9828 = B_SPLINE_CURVE_WITH_KNOTS('',2,(#9829,#9830,#9831),
  .UNSPECIFIED.,.F.,.F.,(3,3),(0.,1.),.PIECEWISE_BEZIER_KNOTS.);
#9829 = CARTESIAN_POINT('',(2.1376953125,1.3671875E-02));
#9830 = CARTESIAN_POINT('',(1.90625,-5.6640625E-02));
#9831 = CARTESIAN_POINT('',(1.6484375,-5.6640625E-02));
#9832 = ( GEOMETRIC_REPRESENTATION_CONTEXT(2) 
PARAMETRIC_REPRESENTATION_CONTEXT() REPRESENTATION_CONTEXT('2D SPACE',''
  ) );
#9833 = ADVANCED_FACE('',(#9834),#3298,.F.);
#9834 = FACE_BOUND('',#9835,.F.);
#9835 = EDGE_LOOP('',(#9836,#9859,#9860,#9861));
#9836 = ORIENTED_EDGE('',*,*,#9837,.T.);
#9837 = EDGE_CURVE('',#9838,#3255,#9840,.T.);
#9838 = VERTEX_POINT('',#9839);
#9839 = CARTESIAN_POINT('',(3.927734375,-1.16015625,2.65));
#9840 = SURFACE_CURVE('',#9841,(#9845,#9852),.PCURVE_S1.);
#9841 = LINE('',#9842,#9843);
#9842 = CARTESIAN_POINT('',(3.927734375,-1.16015625,2.65));
#9843 = VECTOR('',#9844,1.);
#9844 = DIRECTION('',(0.,0.,1.));
#9845 = PCURVE('',#3298,#9846);
#9846 = DEFINITIONAL_REPRESENTATION('',(#9847),#9851);
#9847 = LINE('',#9848,#9849);
#9848 = CARTESIAN_POINT('',(0.,0.));
#9849 = VECTOR('',#9850,1.);
#9850 = DIRECTION('',(0.,-1.));
#9851 = ( GEOMETRIC_REPRESENTATION_CONTEXT(2) 
PARAMETRIC_REPRESENTATION_CONTEXT() REPRESENTATION_CONTEXT('2D SPACE',''
  ) );
#9852 = PCURVE('',#3270,#9853);
#9853 = DEFINITIONAL_REPRESENTATION('',(#9854),#9858);
#9854 = LINE('',#9855,#9856);
#9855 = CARTESIAN_POINT('',(0.412109375,0.));
#9856 = VECTOR('',#9857,1.);
#9857 = DIRECTION('',(0.,-1.));
#9858 = ( GEOMETRIC_REPRESENTATION_CONTEXT(2) 
PARAMETRIC_REPRESENTATION_CONTEXT() REPRESENTATION_CONTEXT('2D SPACE',''
  ) );
#9859 = ORIENTED_EDGE('',*,*,#3282,.T.);
#9860 = ORIENTED_EDGE('',*,*,#9788,.F.);
#9861 = ORIENTED_EDGE('',*,*,#9862,.F.);
#9862 = EDGE_CURVE('',#9838,#9789,#9863,.T.);
#9863 = SURFACE_CURVE('',#9864,(#9868,#9875),.PCURVE_S1.);
#9864 = B_SPLINE_CURVE_WITH_KNOTS('',2,(#9865,#9866,#9867),
  .UNSPECIFIED.,.F.,.F.,(3,3),(0.,1.),.PIECEWISE_BEZIER_KNOTS.);
#9865 = CARTESIAN_POINT('',(3.927734375,-1.16015625,2.65));
#9866 = CARTESIAN_POINT('',(3.720703125,-1.30078125,2.65));
#9867 = CARTESIAN_POINT('',(3.4892578125,-1.37109375,2.65));
#9868 = PCURVE('',#3298,#9869);
#9869 = DEFINITIONAL_REPRESENTATION('',(#9870),#9874);
#9870 = LINE('',#9871,#9872);
#9871 = CARTESIAN_POINT('',(0.,0.));
#9872 = VECTOR('',#9873,1.);
#9873 = DIRECTION('',(1.,0.));
#9874 = ( GEOMETRIC_REPRESENTATION_CONTEXT(2) 
PARAMETRIC_REPRESENTATION_CONTEXT() REPRESENTATION_CONTEXT('2D SPACE',''
  ) );
#9875 = PCURVE('',#9528,#9876);
#9876 = DEFINITIONAL_REPRESENTATION('',(#9877),#9881);
#9877 = B_SPLINE_CURVE_WITH_KNOTS('',2,(#9878,#9879,#9880),
  .UNSPECIFIED.,.F.,.F.,(3,3),(0.,1.),.PIECEWISE_BEZIER_KNOTS.);
#9878 = CARTESIAN_POINT('',(2.576171875,0.224609375));
#9879 = CARTESIAN_POINT('',(2.369140625,8.3984375E-02));
#9880 = CARTESIAN_POINT('',(2.1376953125,1.3671875E-02));
#9881 = ( GEOMETRIC_REPRESENTATION_CONTEXT(2) 
PARAMETRIC_REPRESENTATION_CONTEXT() REPRESENTATION_CONTEXT('2D SPACE',''
  ) );
#9882 = ADVANCED_FACE('',(#9883),#3270,.F.);
#9883 = FACE_BOUND('',#9884,.F.);
#9884 = EDGE_LOOP('',(#9885,#9908,#9909,#9910));
#9885 = ORIENTED_EDGE('',*,*,#9886,.T.);
#9886 = EDGE_CURVE('',#9887,#3225,#9889,.T.);
#9887 = VERTEX_POINT('',#9888);
#9888 = CARTESIAN_POINT('',(3.927734375,-0.748046875,2.65));
#9889 = SURFACE_CURVE('',#9890,(#9894,#9901),.PCURVE_S1.);
#9890 = LINE('',#9891,#9892);
#9891 = CARTESIAN_POINT('',(3.927734375,-0.748046875,2.65));
#9892 = VECTOR('',#9893,1.);
#9893 = DIRECTION('',(0.,0.,1.));
#9894 = PCURVE('',#3270,#9895);
#9895 = DEFINITIONAL_REPRESENTATION('',(#9896),#9900);
#9896 = LINE('',#9897,#9898);
#9897 = CARTESIAN_POINT('',(0.,0.));
#9898 = VECTOR('',#9899,1.);
#9899 = DIRECTION('',(0.,-1.));
#9900 = ( GEOMETRIC_REPRESENTATION_CONTEXT(2) 
PARAMETRIC_REPRESENTATION_CONTEXT() REPRESENTATION_CONTEXT('2D SPACE',''
  ) );
#9901 = PCURVE('',#3240,#9902);
#9902 = DEFINITIONAL_REPRESENTATION('',(#9903),#9907);
#9903 = LINE('',#9904,#9905);
#9904 = CARTESIAN_POINT('',(1.,0.));
#9905 = VECTOR('',#9906,1.);
#9906 = DIRECTION('',(0.,-1.));
#9907 = ( GEOMETRIC_REPRESENTATION_CONTEXT(2) 
PARAMETRIC_REPRESENTATION_CONTEXT() REPRESENTATION_CONTEXT('2D SPACE',''
  ) );
#9908 = ORIENTED_EDGE('',*,*,#3254,.T.);
#9909 = ORIENTED_EDGE('',*,*,#9837,.F.);
#9910 = ORIENTED_EDGE('',*,*,#9911,.F.);
#9911 = EDGE_CURVE('',#9887,#9838,#9912,.T.);
#9912 = SURFACE_CURVE('',#9913,(#9917,#9924),.PCURVE_S1.);
#9913 = LINE('',#9914,#9915);
#9914 = CARTESIAN_POINT('',(3.927734375,-0.748046875,2.65));
#9915 = VECTOR('',#9916,1.);
#9916 = DIRECTION('',(0.,-1.,0.));
#9917 = PCURVE('',#3270,#9918);
#9918 = DEFINITIONAL_REPRESENTATION('',(#9919),#9923);
#9919 = LINE('',#9920,#9921);
#9920 = CARTESIAN_POINT('',(0.,0.));
#9921 = VECTOR('',#9922,1.);
#9922 = DIRECTION('',(1.,0.));
#9923 = ( GEOMETRIC_REPRESENTATION_CONTEXT(2) 
PARAMETRIC_REPRESENTATION_CONTEXT() REPRESENTATION_CONTEXT('2D SPACE',''
  ) );
#9924 = PCURVE('',#9528,#9925);
#9925 = DEFINITIONAL_REPRESENTATION('',(#9926),#9930);
#9926 = LINE('',#9927,#9928);
#9927 = CARTESIAN_POINT('',(2.576171875,0.63671875));
#9928 = VECTOR('',#9929,1.);
#9929 = DIRECTION('',(0.,-1.));
#9930 = ( GEOMETRIC_REPRESENTATION_CONTEXT(2) 
PARAMETRIC_REPRESENTATION_CONTEXT() REPRESENTATION_CONTEXT('2D SPACE',''
  ) );
#9931 = ADVANCED_FACE('',(#9932),#3240,.F.);
#9932 = FACE_BOUND('',#9933,.F.);
#9933 = EDGE_LOOP('',(#9934,#9957,#9958,#9959));
#9934 = ORIENTED_EDGE('',*,*,#9935,.T.);
#9935 = EDGE_CURVE('',#9936,#3195,#9938,.T.);
#9936 = VERTEX_POINT('',#9937);
#9937 = CARTESIAN_POINT('',(3.5029296875,-1.025390625,2.65));
#9938 = SURFACE_CURVE('',#9939,(#9943,#9950),.PCURVE_S1.);
#9939 = LINE('',#9940,#9941);
#9940 = CARTESIAN_POINT('',(3.5029296875,-1.025390625,2.65));
#9941 = VECTOR('',#9942,1.);
#9942 = DIRECTION('',(0.,0.,1.));
#9943 = PCURVE('',#3240,#9944);
#9944 = DEFINITIONAL_REPRESENTATION('',(#9945),#9949);
#9945 = LINE('',#9946,#9947);
#9946 = CARTESIAN_POINT('',(0.,0.));
#9947 = VECTOR('',#9948,1.);
#9948 = DIRECTION('',(0.,-1.));
#9949 = ( GEOMETRIC_REPRESENTATION_CONTEXT(2) 
PARAMETRIC_REPRESENTATION_CONTEXT() REPRESENTATION_CONTEXT('2D SPACE',''
  ) );
#9950 = PCURVE('',#3210,#9951);
#9951 = DEFINITIONAL_REPRESENTATION('',(#9952),#9956);
#9952 = LINE('',#9953,#9954);
#9953 = CARTESIAN_POINT('',(1.,0.));
#9954 = VECTOR('',#9955,1.);
#9955 = DIRECTION('',(0.,-1.));
#9956 = ( GEOMETRIC_REPRESENTATION_CONTEXT(2) 
PARAMETRIC_REPRESENTATION_CONTEXT() REPRESENTATION_CONTEXT('2D SPACE',''
  ) );
#9957 = ORIENTED_EDGE('',*,*,#3224,.T.);
#9958 = ORIENTED_EDGE('',*,*,#9886,.F.);
#9959 = ORIENTED_EDGE('',*,*,#9960,.F.);
#9960 = EDGE_CURVE('',#9936,#9887,#9961,.T.);
#9961 = SURFACE_CURVE('',#9962,(#9966,#9973),.PCURVE_S1.);
#9962 = B_SPLINE_CURVE_WITH_KNOTS('',2,(#9963,#9964,#9965),
  .UNSPECIFIED.,.F.,.F.,(3,3),(0.,1.),.PIECEWISE_BEZIER_KNOTS.);
#9963 = CARTESIAN_POINT('',(3.5029296875,-1.025390625,2.65));
#9964 = CARTESIAN_POINT('',(3.728515625,-0.93359375,2.65));
#9965 = CARTESIAN_POINT('',(3.927734375,-0.748046875,2.65));
#9966 = PCURVE('',#3240,#9967);
#9967 = DEFINITIONAL_REPRESENTATION('',(#9968),#9972);
#9968 = LINE('',#9969,#9970);
#9969 = CARTESIAN_POINT('',(0.,0.));
#9970 = VECTOR('',#9971,1.);
#9971 = DIRECTION('',(1.,0.));
#9972 = ( GEOMETRIC_REPRESENTATION_CONTEXT(2) 
PARAMETRIC_REPRESENTATION_CONTEXT() REPRESENTATION_CONTEXT('2D SPACE',''
  ) );
#9973 = PCURVE('',#9528,#9974);
#9974 = DEFINITIONAL_REPRESENTATION('',(#9975),#9979);
#9975 = B_SPLINE_CURVE_WITH_KNOTS('',2,(#9976,#9977,#9978),
  .UNSPECIFIED.,.F.,.F.,(3,3),(0.,1.),.PIECEWISE_BEZIER_KNOTS.);
#9976 = CARTESIAN_POINT('',(2.1513671875,0.359375));
#9977 = CARTESIAN_POINT('',(2.376953125,0.451171875));
#9978 = CARTESIAN_POINT('',(2.576171875,0.63671875));
#9979 = ( GEOMETRIC_REPRESENTATION_CONTEXT(2) 
PARAMETRIC_REPRESENTATION_CONTEXT() REPRESENTATION_CONTEXT('2D SPACE',''
  ) );
#9980 = ADVANCED_FACE('',(#9981),#3210,.F.);
#9981 = FACE_BOUND('',#9982,.F.);
#9982 = EDGE_LOOP('',(#9983,#10006,#10007,#10008));
#9983 = ORIENTED_EDGE('',*,*,#9984,.T.);
#9984 = EDGE_CURVE('',#9985,#3165,#9987,.T.);
#9985 = VERTEX_POINT('',#9986);
#9986 = CARTESIAN_POINT('',(3.0234375,-1.1171875,2.65));
#9987 = SURFACE_CURVE('',#9988,(#9992,#9999),.PCURVE_S1.);
#9988 = LINE('',#9989,#9990);
#9989 = CARTESIAN_POINT('',(3.0234375,-1.1171875,2.65));
#9990 = VECTOR('',#9991,1.);
#9991 = DIRECTION('',(0.,0.,1.));
#9992 = PCURVE('',#3210,#9993);
#9993 = DEFINITIONAL_REPRESENTATION('',(#9994),#9998);
#9994 = LINE('',#9995,#9996);
#9995 = CARTESIAN_POINT('',(0.,0.));
#9996 = VECTOR('',#9997,1.);
#9997 = DIRECTION('',(0.,-1.));
#9998 = ( GEOMETRIC_REPRESENTATION_CONTEXT(2) 
PARAMETRIC_REPRESENTATION_CONTEXT() REPRESENTATION_CONTEXT('2D SPACE',''
  ) );
#9999 = PCURVE('',#3180,#10000);
#10000 = DEFINITIONAL_REPRESENTATION('',(#10001),#10005);
#10001 = LINE('',#10002,#10003);
#10002 = CARTESIAN_POINT('',(1.,0.));
#10003 = VECTOR('',#10004,1.);
#10004 = DIRECTION('',(0.,-1.));
#10005 = ( GEOMETRIC_REPRESENTATION_CONTEXT(2) 
PARAMETRIC_REPRESENTATION_CONTEXT() REPRESENTATION_CONTEXT('2D SPACE',''
  ) );
#10006 = ORIENTED_EDGE('',*,*,#3194,.T.);
#10007 = ORIENTED_EDGE('',*,*,#9935,.F.);
#10008 = ORIENTED_EDGE('',*,*,#10009,.F.);
#10009 = EDGE_CURVE('',#9985,#9936,#10010,.T.);
#10010 = SURFACE_CURVE('',#10011,(#10015,#10022),.PCURVE_S1.);
#10011 = B_SPLINE_CURVE_WITH_KNOTS('',2,(#10012,#10013,#10014),
  .UNSPECIFIED.,.F.,.F.,(3,3),(0.,1.),.PIECEWISE_BEZIER_KNOTS.);
#10012 = CARTESIAN_POINT('',(3.0234375,-1.1171875,2.65));
#10013 = CARTESIAN_POINT('',(3.27734375,-1.1171875,2.65));
#10014 = CARTESIAN_POINT('',(3.5029296875,-1.025390625,2.65));
#10015 = PCURVE('',#3210,#10016);
#10016 = DEFINITIONAL_REPRESENTATION('',(#10017),#10021);
#10017 = LINE('',#10018,#10019);
#10018 = CARTESIAN_POINT('',(0.,0.));
#10019 = VECTOR('',#10020,1.);
#10020 = DIRECTION('',(1.,0.));
#10021 = ( GEOMETRIC_REPRESENTATION_CONTEXT(2) 
PARAMETRIC_REPRESENTATION_CONTEXT() REPRESENTATION_CONTEXT('2D SPACE',''
  ) );
#10022 = PCURVE('',#9528,#10023);
#10023 = DEFINITIONAL_REPRESENTATION('',(#10024),#10028);
#10024 = B_SPLINE_CURVE_WITH_KNOTS('',2,(#10025,#10026,#10027),
  .UNSPECIFIED.,.F.,.F.,(3,3),(0.,1.),.PIECEWISE_BEZIER_KNOTS.);
#10025 = CARTESIAN_POINT('',(1.671875,0.267578125));
#10026 = CARTESIAN_POINT('',(1.92578125,0.267578125));
#10027 = CARTESIAN_POINT('',(2.1513671875,0.359375));
#10028 = ( GEOMETRIC_REPRESENTATION_CONTEXT(2) 
PARAMETRIC_REPRESENTATION_CONTEXT() REPRESENTATION_CONTEXT('2D SPACE',''
  ) );
#10029 = ADVANCED_FACE('',(#10030),#3180,.F.);
#10030 = FACE_BOUND('',#10031,.F.);
#10031 = EDGE_LOOP('',(#10032,#10055,#10056,#10057));
#10032 = ORIENTED_EDGE('',*,*,#10033,.T.);
#10033 = EDGE_CURVE('',#10034,#3135,#10036,.T.);
#10034 = VERTEX_POINT('',#10035);
#10035 = CARTESIAN_POINT('',(2.2578125,-0.8115234375,2.65));
#10036 = SURFACE_CURVE('',#10037,(#10041,#10048),.PCURVE_S1.);
#10037 = LINE('',#10038,#10039);
#10038 = CARTESIAN_POINT('',(2.2578125,-0.8115234375,2.65));
#10039 = VECTOR('',#10040,1.);
#10040 = DIRECTION('',(0.,0.,1.));
#10041 = PCURVE('',#3180,#10042);
#10042 = DEFINITIONAL_REPRESENTATION('',(#10043),#10047);
#10043 = LINE('',#10044,#10045);
#10044 = CARTESIAN_POINT('',(0.,0.));
#10045 = VECTOR('',#10046,1.);
#10046 = DIRECTION('',(0.,-1.));
#10047 = ( GEOMETRIC_REPRESENTATION_CONTEXT(2) 
PARAMETRIC_REPRESENTATION_CONTEXT() REPRESENTATION_CONTEXT('2D SPACE',''
  ) );
#10048 = PCURVE('',#3150,#10049);
#10049 = DEFINITIONAL_REPRESENTATION('',(#10050),#10054);
#10050 = LINE('',#10051,#10052);
#10051 = CARTESIAN_POINT('',(1.,0.));
#10052 = VECTOR('',#10053,1.);
#10053 = DIRECTION('',(0.,-1.));
#10054 = ( GEOMETRIC_REPRESENTATION_CONTEXT(2) 
PARAMETRIC_REPRESENTATION_CONTEXT() REPRESENTATION_CONTEXT('2D SPACE',''
  ) );
#10055 = ORIENTED_EDGE('',*,*,#3164,.T.);
#10056 = ORIENTED_EDGE('',*,*,#9984,.F.);
#10057 = ORIENTED_EDGE('',*,*,#10058,.F.);
#10058 = EDGE_CURVE('',#10034,#9985,#10059,.T.);
#10059 = SURFACE_CURVE('',#10060,(#10064,#10071),.PCURVE_S1.);
#10060 = B_SPLINE_CURVE_WITH_KNOTS('',2,(#10061,#10062,#10063),
  .UNSPECIFIED.,.F.,.F.,(3,3),(0.,1.),.PIECEWISE_BEZIER_KNOTS.);
#10061 = CARTESIAN_POINT('',(2.2578125,-0.8115234375,2.65));
#10062 = CARTESIAN_POINT('',(2.5234375,-1.1171875,2.65));
#10063 = CARTESIAN_POINT('',(3.0234375,-1.1171875,2.65));
#10064 = PCURVE('',#3180,#10065);
#10065 = DEFINITIONAL_REPRESENTATION('',(#10066),#10070);
#10066 = LINE('',#10067,#10068);
#10067 = CARTESIAN_POINT('',(0.,0.));
#10068 = VECTOR('',#10069,1.);
#10069 = DIRECTION('',(1.,0.));
#10070 = ( GEOMETRIC_REPRESENTATION_CONTEXT(2) 
PARAMETRIC_REPRESENTATION_CONTEXT() REPRESENTATION_CONTEXT('2D SPACE',''
  ) );
#10071 = PCURVE('',#9528,#10072);
#10072 = DEFINITIONAL_REPRESENTATION('',(#10073),#10077);
#10073 = B_SPLINE_CURVE_WITH_KNOTS('',2,(#10074,#10075,#10076),
  .UNSPECIFIED.,.F.,.F.,(3,3),(0.,1.),.PIECEWISE_BEZIER_KNOTS.);
#10074 = CARTESIAN_POINT('',(0.90625,0.5732421875));
#10075 = CARTESIAN_POINT('',(1.171875,0.267578125));
#10076 = CARTESIAN_POINT('',(1.671875,0.267578125));
#10077 = ( GEOMETRIC_REPRESENTATION_CONTEXT(2) 
PARAMETRIC_REPRESENTATION_CONTEXT() REPRESENTATION_CONTEXT('2D SPACE',''
  ) );
#10078 = ADVANCED_FACE('',(#10079),#3150,.F.);
#10079 = FACE_BOUND('',#10080,.F.);
#10080 = EDGE_LOOP('',(#10081,#10104,#10105,#10106));
#10081 = ORIENTED_EDGE('',*,*,#10082,.T.);
#10082 = EDGE_CURVE('',#10083,#3105,#10085,.T.);
#10083 = VERTEX_POINT('',#10084);
#10084 = CARTESIAN_POINT('',(1.9921875,7.03125E-02,2.65));
#10085 = SURFACE_CURVE('',#10086,(#10090,#10097),.PCURVE_S1.);
#10086 = LINE('',#10087,#10088);
#10087 = CARTESIAN_POINT('',(1.9921875,7.03125E-02,2.65));
#10088 = VECTOR('',#10089,1.);
#10089 = DIRECTION('',(0.,0.,1.));
#10090 = PCURVE('',#3150,#10091);
#10091 = DEFINITIONAL_REPRESENTATION('',(#10092),#10096);
#10092 = LINE('',#10093,#10094);
#10093 = CARTESIAN_POINT('',(0.,0.));
#10094 = VECTOR('',#10095,1.);
#10095 = DIRECTION('',(0.,-1.));
#10096 = ( GEOMETRIC_REPRESENTATION_CONTEXT(2) 
PARAMETRIC_REPRESENTATION_CONTEXT() REPRESENTATION_CONTEXT('2D SPACE',''
  ) );
#10097 = PCURVE('',#3120,#10098);
#10098 = DEFINITIONAL_REPRESENTATION('',(#10099),#10103);
#10099 = LINE('',#10100,#10101);
#10100 = CARTESIAN_POINT('',(1.,0.));
#10101 = VECTOR('',#10102,1.);
#10102 = DIRECTION('',(0.,-1.));
#10103 = ( GEOMETRIC_REPRESENTATION_CONTEXT(2) 
PARAMETRIC_REPRESENTATION_CONTEXT() REPRESENTATION_CONTEXT('2D SPACE',''
  ) );
#10104 = ORIENTED_EDGE('',*,*,#3134,.T.);
#10105 = ORIENTED_EDGE('',*,*,#10033,.F.);
#10106 = ORIENTED_EDGE('',*,*,#10107,.F.);
#10107 = EDGE_CURVE('',#10083,#10034,#10108,.T.);
#10108 = SURFACE_CURVE('',#10109,(#10113,#10120),.PCURVE_S1.);
#10109 = B_SPLINE_CURVE_WITH_KNOTS('',2,(#10110,#10111,#10112),
  .UNSPECIFIED.,.F.,.F.,(3,3),(0.,1.),.PIECEWISE_BEZIER_KNOTS.);
#10110 = CARTESIAN_POINT('',(1.9921875,7.03125E-02,2.65));
#10111 = CARTESIAN_POINT('',(1.9921875,-0.505859375,2.65));
#10112 = CARTESIAN_POINT('',(2.2578125,-0.8115234375,2.65));
#10113 = PCURVE('',#3150,#10114);
#10114 = DEFINITIONAL_REPRESENTATION('',(#10115),#10119);
#10115 = LINE('',#10116,#10117);
#10116 = CARTESIAN_POINT('',(0.,0.));
#10117 = VECTOR('',#10118,1.);
#10118 = DIRECTION('',(1.,0.));
#10119 = ( GEOMETRIC_REPRESENTATION_CONTEXT(2) 
PARAMETRIC_REPRESENTATION_CONTEXT() REPRESENTATION_CONTEXT('2D SPACE',''
  ) );
#10120 = PCURVE('',#9528,#10121);
#10121 = DEFINITIONAL_REPRESENTATION('',(#10122),#10126);
#10122 = B_SPLINE_CURVE_WITH_KNOTS('',2,(#10123,#10124,#10125),
  .UNSPECIFIED.,.F.,.F.,(3,3),(0.,1.),.PIECEWISE_BEZIER_KNOTS.);
#10123 = CARTESIAN_POINT('',(0.640625,1.455078125));
#10124 = CARTESIAN_POINT('',(0.640625,0.87890625));
#10125 = CARTESIAN_POINT('',(0.90625,0.5732421875));
#10126 = ( GEOMETRIC_REPRESENTATION_CONTEXT(2) 
PARAMETRIC_REPRESENTATION_CONTEXT() REPRESENTATION_CONTEXT('2D SPACE',''
  ) );
#10127 = ADVANCED_FACE('',(#10128),#3120,.F.);
#10128 = FACE_BOUND('',#10129,.F.);
#10129 = EDGE_LOOP('',(#10130,#10153,#10154,#10155));
#10130 = ORIENTED_EDGE('',*,*,#10131,.T.);
#10131 = EDGE_CURVE('',#10132,#3075,#10134,.T.);
#10132 = VERTEX_POINT('',#10133);
#10133 = CARTESIAN_POINT('',(2.2578125,0.9541015625,2.65));
#10134 = SURFACE_CURVE('',#10135,(#10139,#10146),.PCURVE_S1.);
#10135 = LINE('',#10136,#10137);
#10136 = CARTESIAN_POINT('',(2.2578125,0.9541015625,2.65));
#10137 = VECTOR('',#10138,1.);
#10138 = DIRECTION('',(0.,0.,1.));
#10139 = PCURVE('',#3120,#10140);
#10140 = DEFINITIONAL_REPRESENTATION('',(#10141),#10145);
#10141 = LINE('',#10142,#10143);
#10142 = CARTESIAN_POINT('',(0.,0.));
#10143 = VECTOR('',#10144,1.);
#10144 = DIRECTION('',(0.,-1.));
#10145 = ( GEOMETRIC_REPRESENTATION_CONTEXT(2) 
PARAMETRIC_REPRESENTATION_CONTEXT() REPRESENTATION_CONTEXT('2D SPACE',''
  ) );
#10146 = PCURVE('',#3090,#10147);
#10147 = DEFINITIONAL_REPRESENTATION('',(#10148),#10152);
#10148 = LINE('',#10149,#10150);
#10149 = CARTESIAN_POINT('',(1.,0.));
#10150 = VECTOR('',#10151,1.);
#10151 = DIRECTION('',(0.,-1.));
#10152 = ( GEOMETRIC_REPRESENTATION_CONTEXT(2) 
PARAMETRIC_REPRESENTATION_CONTEXT() REPRESENTATION_CONTEXT('2D SPACE',''
  ) );
#10153 = ORIENTED_EDGE('',*,*,#3104,.T.);
#10154 = ORIENTED_EDGE('',*,*,#10082,.F.);
#10155 = ORIENTED_EDGE('',*,*,#10156,.F.);
#10156 = EDGE_CURVE('',#10132,#10083,#10157,.T.);
#10157 = SURFACE_CURVE('',#10158,(#10162,#10169),.PCURVE_S1.);
#10158 = B_SPLINE_CURVE_WITH_KNOTS('',2,(#10159,#10160,#10161),
  .UNSPECIFIED.,.F.,.F.,(3,3),(0.,1.),.PIECEWISE_BEZIER_KNOTS.);
#10159 = CARTESIAN_POINT('',(2.2578125,0.9541015625,2.65));
#10160 = CARTESIAN_POINT('',(1.9921875,0.6484375,2.65));
#10161 = CARTESIAN_POINT('',(1.9921875,7.03125E-02,2.65));
#10162 = PCURVE('',#3120,#10163);
#10163 = DEFINITIONAL_REPRESENTATION('',(#10164),#10168);
#10164 = LINE('',#10165,#10166);
#10165 = CARTESIAN_POINT('',(0.,0.));
#10166 = VECTOR('',#10167,1.);
#10167 = DIRECTION('',(1.,0.));
#10168 = ( GEOMETRIC_REPRESENTATION_CONTEXT(2) 
PARAMETRIC_REPRESENTATION_CONTEXT() REPRESENTATION_CONTEXT('2D SPACE',''
  ) );
#10169 = PCURVE('',#9528,#10170);
#10170 = DEFINITIONAL_REPRESENTATION('',(#10171),#10175);
#10171 = B_SPLINE_CURVE_WITH_KNOTS('',2,(#10172,#10173,#10174),
  .UNSPECIFIED.,.F.,.F.,(3,3),(0.,1.),.PIECEWISE_BEZIER_KNOTS.);
#10172 = CARTESIAN_POINT('',(0.90625,2.3388671875));
#10173 = CARTESIAN_POINT('',(0.640625,2.033203125));
#10174 = CARTESIAN_POINT('',(0.640625,1.455078125));
#10175 = ( GEOMETRIC_REPRESENTATION_CONTEXT(2) 
PARAMETRIC_REPRESENTATION_CONTEXT() REPRESENTATION_CONTEXT('2D SPACE',''
  ) );
#10176 = ADVANCED_FACE('',(#10177),#3090,.F.);
#10177 = FACE_BOUND('',#10178,.F.);
#10178 = EDGE_LOOP('',(#10179,#10202,#10203,#10204));
#10179 = ORIENTED_EDGE('',*,*,#10180,.T.);
#10180 = EDGE_CURVE('',#10181,#3045,#10183,.T.);
#10181 = VERTEX_POINT('',#10182);
#10182 = CARTESIAN_POINT('',(3.0234375,1.259765625,2.65));
#10183 = SURFACE_CURVE('',#10184,(#10188,#10195),.PCURVE_S1.);
#10184 = LINE('',#10185,#10186);
#10185 = CARTESIAN_POINT('',(3.0234375,1.259765625,2.65));
#10186 = VECTOR('',#10187,1.);
#10187 = DIRECTION('',(0.,0.,1.));
#10188 = PCURVE('',#3090,#10189);
#10189 = DEFINITIONAL_REPRESENTATION('',(#10190),#10194);
#10190 = LINE('',#10191,#10192);
#10191 = CARTESIAN_POINT('',(0.,0.));
#10192 = VECTOR('',#10193,1.);
#10193 = DIRECTION('',(0.,-1.));
#10194 = ( GEOMETRIC_REPRESENTATION_CONTEXT(2) 
PARAMETRIC_REPRESENTATION_CONTEXT() REPRESENTATION_CONTEXT('2D SPACE',''
  ) );
#10195 = PCURVE('',#3060,#10196);
#10196 = DEFINITIONAL_REPRESENTATION('',(#10197),#10201);
#10197 = LINE('',#10198,#10199);
#10198 = CARTESIAN_POINT('',(1.,0.));
#10199 = VECTOR('',#10200,1.);
#10200 = DIRECTION('',(0.,-1.));
#10201 = ( GEOMETRIC_REPRESENTATION_CONTEXT(2) 
PARAMETRIC_REPRESENTATION_CONTEXT() REPRESENTATION_CONTEXT('2D SPACE',''
  ) );
#10202 = ORIENTED_EDGE('',*,*,#3074,.T.);
#10203 = ORIENTED_EDGE('',*,*,#10131,.F.);
#10204 = ORIENTED_EDGE('',*,*,#10205,.F.);
#10205 = EDGE_CURVE('',#10181,#10132,#10206,.T.);
#10206 = SURFACE_CURVE('',#10207,(#10211,#10218),.PCURVE_S1.);
#10207 = B_SPLINE_CURVE_WITH_KNOTS('',2,(#10208,#10209,#10210),
  .UNSPECIFIED.,.F.,.F.,(3,3),(0.,1.),.PIECEWISE_BEZIER_KNOTS.);
#10208 = CARTESIAN_POINT('',(3.0234375,1.259765625,2.65));
#10209 = CARTESIAN_POINT('',(2.5234375,1.259765625,2.65));
#10210 = CARTESIAN_POINT('',(2.2578125,0.9541015625,2.65));
#10211 = PCURVE('',#3090,#10212);
#10212 = DEFINITIONAL_REPRESENTATION('',(#10213),#10217);
#10213 = LINE('',#10214,#10215);
#10214 = CARTESIAN_POINT('',(0.,0.));
#10215 = VECTOR('',#10216,1.);
#10216 = DIRECTION('',(1.,0.));
#10217 = ( GEOMETRIC_REPRESENTATION_CONTEXT(2) 
PARAMETRIC_REPRESENTATION_CONTEXT() REPRESENTATION_CONTEXT('2D SPACE',''
  ) );
#10218 = PCURVE('',#9528,#10219);
#10219 = DEFINITIONAL_REPRESENTATION('',(#10220),#10224);
#10220 = B_SPLINE_CURVE_WITH_KNOTS('',2,(#10221,#10222,#10223),
  .UNSPECIFIED.,.F.,.F.,(3,3),(0.,1.),.PIECEWISE_BEZIER_KNOTS.);
#10221 = CARTESIAN_POINT('',(1.671875,2.64453125));
#10222 = CARTESIAN_POINT('',(1.171875,2.64453125));
#10223 = CARTESIAN_POINT('',(0.90625,2.3388671875));
#10224 = ( GEOMETRIC_REPRESENTATION_CONTEXT(2) 
PARAMETRIC_REPRESENTATION_CONTEXT() REPRESENTATION_CONTEXT('2D SPACE',''
  ) );
#10225 = ADVANCED_FACE('',(#10226),#3060,.F.);
#10226 = FACE_BOUND('',#10227,.F.);
#10227 = EDGE_LOOP('',(#10228,#10251,#10252,#10253));
#10228 = ORIENTED_EDGE('',*,*,#10229,.T.);
#10229 = EDGE_CURVE('',#10230,#3015,#10232,.T.);
#10230 = VERTEX_POINT('',#10231);
#10231 = CARTESIAN_POINT('',(3.5029296875,1.16796875,2.65));
#10232 = SURFACE_CURVE('',#10233,(#10237,#10244),.PCURVE_S1.);
#10233 = LINE('',#10234,#10235);
#10234 = CARTESIAN_POINT('',(3.5029296875,1.16796875,2.65));
#10235 = VECTOR('',#10236,1.);
#10236 = DIRECTION('',(0.,0.,1.));
#10237 = PCURVE('',#3060,#10238);
#10238 = DEFINITIONAL_REPRESENTATION('',(#10239),#10243);
#10239 = LINE('',#10240,#10241);
#10240 = CARTESIAN_POINT('',(0.,0.));
#10241 = VECTOR('',#10242,1.);
#10242 = DIRECTION('',(0.,-1.));
#10243 = ( GEOMETRIC_REPRESENTATION_CONTEXT(2) 
PARAMETRIC_REPRESENTATION_CONTEXT() REPRESENTATION_CONTEXT('2D SPACE',''
  ) );
#10244 = PCURVE('',#3030,#10245);
#10245 = DEFINITIONAL_REPRESENTATION('',(#10246),#10250);
#10246 = LINE('',#10247,#10248);
#10247 = CARTESIAN_POINT('',(1.,0.));
#10248 = VECTOR('',#10249,1.);
#10249 = DIRECTION('',(0.,-1.));
#10250 = ( GEOMETRIC_REPRESENTATION_CONTEXT(2) 
PARAMETRIC_REPRESENTATION_CONTEXT() REPRESENTATION_CONTEXT('2D SPACE',''
  ) );
#10251 = ORIENTED_EDGE('',*,*,#3044,.T.);
#10252 = ORIENTED_EDGE('',*,*,#10180,.F.);
#10253 = ORIENTED_EDGE('',*,*,#10254,.F.);
#10254 = EDGE_CURVE('',#10230,#10181,#10255,.T.);
#10255 = SURFACE_CURVE('',#10256,(#10260,#10267),.PCURVE_S1.);
#10256 = B_SPLINE_CURVE_WITH_KNOTS('',2,(#10257,#10258,#10259),
  .UNSPECIFIED.,.F.,.F.,(3,3),(0.,1.),.PIECEWISE_BEZIER_KNOTS.);
#10257 = CARTESIAN_POINT('',(3.5029296875,1.16796875,2.65));
#10258 = CARTESIAN_POINT('',(3.27734375,1.259765625,2.65));
#10259 = CARTESIAN_POINT('',(3.0234375,1.259765625,2.65));
#10260 = PCURVE('',#3060,#10261);
#10261 = DEFINITIONAL_REPRESENTATION('',(#10262),#10266);
#10262 = LINE('',#10263,#10264);
#10263 = CARTESIAN_POINT('',(0.,0.));
#10264 = VECTOR('',#10265,1.);
#10265 = DIRECTION('',(1.,0.));
#10266 = ( GEOMETRIC_REPRESENTATION_CONTEXT(2) 
PARAMETRIC_REPRESENTATION_CONTEXT() REPRESENTATION_CONTEXT('2D SPACE',''
  ) );
#10267 = PCURVE('',#9528,#10268);
#10268 = DEFINITIONAL_REPRESENTATION('',(#10269),#10273);
#10269 = B_SPLINE_CURVE_WITH_KNOTS('',2,(#10270,#10271,#10272),
  .UNSPECIFIED.,.F.,.F.,(3,3),(0.,1.),.PIECEWISE_BEZIER_KNOTS.);
#10270 = CARTESIAN_POINT('',(2.1513671875,2.552734375));
#10271 = CARTESIAN_POINT('',(1.92578125,2.64453125));
#10272 = CARTESIAN_POINT('',(1.671875,2.64453125));
#10273 = ( GEOMETRIC_REPRESENTATION_CONTEXT(2) 
PARAMETRIC_REPRESENTATION_CONTEXT() REPRESENTATION_CONTEXT('2D SPACE',''
  ) );
#10274 = ADVANCED_FACE('',(#10275),#3030,.F.);
#10275 = FACE_BOUND('',#10276,.F.);
#10276 = EDGE_LOOP('',(#10277,#10300,#10301,#10302));
#10277 = ORIENTED_EDGE('',*,*,#10278,.T.);
#10278 = EDGE_CURVE('',#10279,#2987,#10281,.T.);
#10279 = VERTEX_POINT('',#10280);
#10280 = CARTESIAN_POINT('',(3.927734375,0.890625,2.65));
#10281 = SURFACE_CURVE('',#10282,(#10286,#10293),.PCURVE_S1.);
#10282 = LINE('',#10283,#10284);
#10283 = CARTESIAN_POINT('',(3.927734375,0.890625,2.65));
#10284 = VECTOR('',#10285,1.);
#10285 = DIRECTION('',(0.,0.,1.));
#10286 = PCURVE('',#3030,#10287);
#10287 = DEFINITIONAL_REPRESENTATION('',(#10288),#10292);
#10288 = LINE('',#10289,#10290);
#10289 = CARTESIAN_POINT('',(0.,0.));
#10290 = VECTOR('',#10291,1.);
#10291 = DIRECTION('',(0.,-1.));
#10292 = ( GEOMETRIC_REPRESENTATION_CONTEXT(2) 
PARAMETRIC_REPRESENTATION_CONTEXT() REPRESENTATION_CONTEXT('2D SPACE',''
  ) );
#10293 = PCURVE('',#3002,#10294);
#10294 = DEFINITIONAL_REPRESENTATION('',(#10295),#10299);
#10295 = LINE('',#10296,#10297);
#10296 = CARTESIAN_POINT('',(0.416015625,0.));
#10297 = VECTOR('',#10298,1.);
#10298 = DIRECTION('',(0.,-1.));
#10299 = ( GEOMETRIC_REPRESENTATION_CONTEXT(2) 
PARAMETRIC_REPRESENTATION_CONTEXT() REPRESENTATION_CONTEXT('2D SPACE',''
  ) );
#10300 = ORIENTED_EDGE('',*,*,#3014,.T.);
#10301 = ORIENTED_EDGE('',*,*,#10229,.F.);
#10302 = ORIENTED_EDGE('',*,*,#10303,.F.);
#10303 = EDGE_CURVE('',#10279,#10230,#10304,.T.);
#10304 = SURFACE_CURVE('',#10305,(#10309,#10316),.PCURVE_S1.);
#10305 = B_SPLINE_CURVE_WITH_KNOTS('',2,(#10306,#10307,#10308),
  .UNSPECIFIED.,.F.,.F.,(3,3),(0.,1.),.PIECEWISE_BEZIER_KNOTS.);
#10306 = CARTESIAN_POINT('',(3.927734375,0.890625,2.65));
#10307 = CARTESIAN_POINT('',(3.728515625,1.076171875,2.65));
#10308 = CARTESIAN_POINT('',(3.5029296875,1.16796875,2.65));
#10309 = PCURVE('',#3030,#10310);
#10310 = DEFINITIONAL_REPRESENTATION('',(#10311),#10315);
#10311 = LINE('',#10312,#10313);
#10312 = CARTESIAN_POINT('',(0.,0.));
#10313 = VECTOR('',#10314,1.);
#10314 = DIRECTION('',(1.,0.));
#10315 = ( GEOMETRIC_REPRESENTATION_CONTEXT(2) 
PARAMETRIC_REPRESENTATION_CONTEXT() REPRESENTATION_CONTEXT('2D SPACE',''
  ) );
#10316 = PCURVE('',#9528,#10317);
#10317 = DEFINITIONAL_REPRESENTATION('',(#10318),#10322);
#10318 = B_SPLINE_CURVE_WITH_KNOTS('',2,(#10319,#10320,#10321),
  .UNSPECIFIED.,.F.,.F.,(3,3),(0.,1.),.PIECEWISE_BEZIER_KNOTS.);
#10319 = CARTESIAN_POINT('',(2.576171875,2.275390625));
#10320 = CARTESIAN_POINT('',(2.376953125,2.4609375));
#10321 = CARTESIAN_POINT('',(2.1513671875,2.552734375));
#10322 = ( GEOMETRIC_REPRESENTATION_CONTEXT(2) 
PARAMETRIC_REPRESENTATION_CONTEXT() REPRESENTATION_CONTEXT('2D SPACE',''
  ) );
#10323 = ADVANCED_FACE('',(#10324),#3002,.F.);
#10324 = FACE_BOUND('',#10325,.F.);
#10325 = EDGE_LOOP('',(#10326,#10327,#10328,#10329));
#10326 = ORIENTED_EDGE('',*,*,#9491,.T.);
#10327 = ORIENTED_EDGE('',*,*,#2986,.T.);
#10328 = ORIENTED_EDGE('',*,*,#10278,.F.);
#10329 = ORIENTED_EDGE('',*,*,#10330,.F.);
#10330 = EDGE_CURVE('',#9492,#10279,#10331,.T.);
#10331 = SURFACE_CURVE('',#10332,(#10336,#10343),.PCURVE_S1.);
#10332 = LINE('',#10333,#10334);
#10333 = CARTESIAN_POINT('',(3.927734375,1.306640625,2.65));
#10334 = VECTOR('',#10335,1.);
#10335 = DIRECTION('',(0.,-1.,0.));
#10336 = PCURVE('',#3002,#10337);
#10337 = DEFINITIONAL_REPRESENTATION('',(#10338),#10342);
#10338 = LINE('',#10339,#10340);
#10339 = CARTESIAN_POINT('',(0.,0.));
#10340 = VECTOR('',#10341,1.);
#10341 = DIRECTION('',(1.,0.));
#10342 = ( GEOMETRIC_REPRESENTATION_CONTEXT(2) 
PARAMETRIC_REPRESENTATION_CONTEXT() REPRESENTATION_CONTEXT('2D SPACE',''
  ) );
#10343 = PCURVE('',#9528,#10344);
#10344 = DEFINITIONAL_REPRESENTATION('',(#10345),#10349);
#10345 = LINE('',#10346,#10347);
#10346 = CARTESIAN_POINT('',(2.576171875,2.69140625));
#10347 = VECTOR('',#10348,1.);
#10348 = DIRECTION('',(0.,-1.));
#10349 = ( GEOMETRIC_REPRESENTATION_CONTEXT(2) 
PARAMETRIC_REPRESENTATION_CONTEXT() REPRESENTATION_CONTEXT('2D SPACE',''
  ) );
#10350 = ADVANCED_FACE('',(#10351),#3510,.F.);
#10351 = FACE_BOUND('',#10352,.F.);
#10352 = EDGE_LOOP('',(#10353,#10376,#10377,#10400));
#10353 = ORIENTED_EDGE('',*,*,#10354,.T.);
#10354 = EDGE_CURVE('',#10355,#3493,#10357,.T.);
#10355 = VERTEX_POINT('',#10356);
#10356 = CARTESIAN_POINT('',(4.591796875,-1.384765625,2.65));
#10357 = SURFACE_CURVE('',#10358,(#10362,#10369),.PCURVE_S1.);
#10358 = LINE('',#10359,#10360);
#10359 = CARTESIAN_POINT('',(4.591796875,-1.384765625,2.65));
#10360 = VECTOR('',#10361,1.);
#10361 = DIRECTION('',(0.,0.,1.));
#10362 = PCURVE('',#3510,#10363);
#10363 = DEFINITIONAL_REPRESENTATION('',(#10364),#10368);
#10364 = LINE('',#10365,#10366);
#10365 = CARTESIAN_POINT('',(0.,-0.));
#10366 = VECTOR('',#10367,1.);
#10367 = DIRECTION('',(0.,-1.));
#10368 = ( GEOMETRIC_REPRESENTATION_CONTEXT(2) 
PARAMETRIC_REPRESENTATION_CONTEXT() REPRESENTATION_CONTEXT('2D SPACE',''
  ) );
#10369 = PCURVE('',#3704,#10370);
#10370 = DEFINITIONAL_REPRESENTATION('',(#10371),#10375);
#10371 = LINE('',#10372,#10373);
#10372 = CARTESIAN_POINT('',(0.79380776503,0.));
#10373 = VECTOR('',#10374,1.);
#10374 = DIRECTION('',(0.,-1.));
#10375 = ( GEOMETRIC_REPRESENTATION_CONTEXT(2) 
PARAMETRIC_REPRESENTATION_CONTEXT() REPRESENTATION_CONTEXT('2D SPACE',''
  ) );
#10376 = ORIENTED_EDGE('',*,*,#3492,.T.);
#10377 = ORIENTED_EDGE('',*,*,#10378,.F.);
#10378 = EDGE_CURVE('',#10379,#3495,#10381,.T.);
#10379 = VERTEX_POINT('',#10380);
#10380 = CARTESIAN_POINT('',(4.17578125,-1.384765625,2.65));
#10381 = SURFACE_CURVE('',#10382,(#10386,#10393),.PCURVE_S1.);
#10382 = LINE('',#10383,#10384);
#10383 = CARTESIAN_POINT('',(4.17578125,-1.384765625,2.65));
#10384 = VECTOR('',#10385,1.);
#10385 = DIRECTION('',(0.,0.,1.));
#10386 = PCURVE('',#3510,#10387);
#10387 = DEFINITIONAL_REPRESENTATION('',(#10388),#10392);
#10388 = LINE('',#10389,#10390);
#10389 = CARTESIAN_POINT('',(0.416015625,0.));
#10390 = VECTOR('',#10391,1.);
#10391 = DIRECTION('',(0.,-1.));
#10392 = ( GEOMETRIC_REPRESENTATION_CONTEXT(2) 
PARAMETRIC_REPRESENTATION_CONTEXT() REPRESENTATION_CONTEXT('2D SPACE',''
  ) );
#10393 = PCURVE('',#3538,#10394);
#10394 = DEFINITIONAL_REPRESENTATION('',(#10395),#10399);
#10395 = LINE('',#10396,#10397);
#10396 = CARTESIAN_POINT('',(0.,0.));
#10397 = VECTOR('',#10398,1.);
#10398 = DIRECTION('',(0.,-1.));
#10399 = ( GEOMETRIC_REPRESENTATION_CONTEXT(2) 
PARAMETRIC_REPRESENTATION_CONTEXT() REPRESENTATION_CONTEXT('2D SPACE',''
  ) );
#10400 = ORIENTED_EDGE('',*,*,#10401,.F.);
#10401 = EDGE_CURVE('',#10355,#10379,#10402,.T.);
#10402 = SURFACE_CURVE('',#10403,(#10407,#10414),.PCURVE_S1.);
#10403 = LINE('',#10404,#10405);
#10404 = CARTESIAN_POINT('',(4.591796875,-1.384765625,2.65));
#10405 = VECTOR('',#10406,1.);
#10406 = DIRECTION('',(-1.,0.,0.));
#10407 = PCURVE('',#3510,#10408);
#10408 = DEFINITIONAL_REPRESENTATION('',(#10409),#10413);
#10409 = LINE('',#10410,#10411);
#10410 = CARTESIAN_POINT('',(0.,-0.));
#10411 = VECTOR('',#10412,1.);
#10412 = DIRECTION('',(1.,0.));
#10413 = ( GEOMETRIC_REPRESENTATION_CONTEXT(2) 
PARAMETRIC_REPRESENTATION_CONTEXT() REPRESENTATION_CONTEXT('2D SPACE',''
  ) );
#10414 = PCURVE('',#10415,#10420);
#10415 = PLANE('',#10416);
#10416 = AXIS2_PLACEMENT_3D('',#10417,#10418,#10419);
#10417 = CARTESIAN_POINT('',(4.14453125,-1.384765625,2.65));
#10418 = DIRECTION('',(0.,0.,1.));
#10419 = DIRECTION('',(1.,0.,0.));
#10420 = DEFINITIONAL_REPRESENTATION('',(#10421),#10425);
#10421 = LINE('',#10422,#10423);
#10422 = CARTESIAN_POINT('',(0.447265625,0.));
#10423 = VECTOR('',#10424,1.);
#10424 = DIRECTION('',(-1.,0.));
#10425 = ( GEOMETRIC_REPRESENTATION_CONTEXT(2) 
PARAMETRIC_REPRESENTATION_CONTEXT() REPRESENTATION_CONTEXT('2D SPACE',''
  ) );
#10426 = ADVANCED_FACE('',(#10427),#3704,.F.);
#10427 = FACE_BOUND('',#10428,.F.);
#10428 = EDGE_LOOP('',(#10429,#10452,#10453,#10454));
#10429 = ORIENTED_EDGE('',*,*,#10430,.T.);
#10430 = EDGE_CURVE('',#10431,#3663,#10433,.T.);
#10431 = VERTEX_POINT('',#10432);
#10432 = CARTESIAN_POINT('',(4.857421875,-0.63671875,2.65));
#10433 = SURFACE_CURVE('',#10434,(#10438,#10445),.PCURVE_S1.);
#10434 = LINE('',#10435,#10436);
#10435 = CARTESIAN_POINT('',(4.857421875,-0.63671875,2.65));
#10436 = VECTOR('',#10437,1.);
#10437 = DIRECTION('',(0.,0.,1.));
#10438 = PCURVE('',#3704,#10439);
#10439 = DEFINITIONAL_REPRESENTATION('',(#10440),#10444);
#10440 = LINE('',#10441,#10442);
#10441 = CARTESIAN_POINT('',(0.,0.));
#10442 = VECTOR('',#10443,1.);
#10443 = DIRECTION('',(0.,-1.));
#10444 = ( GEOMETRIC_REPRESENTATION_CONTEXT(2) 
PARAMETRIC_REPRESENTATION_CONTEXT() REPRESENTATION_CONTEXT('2D SPACE',''
  ) );
#10445 = PCURVE('',#3678,#10446);
#10446 = DEFINITIONAL_REPRESENTATION('',(#10447),#10451);
#10447 = LINE('',#10448,#10449);
#10448 = CARTESIAN_POINT('',(1.314453125,0.));
#10449 = VECTOR('',#10450,1.);
#10450 = DIRECTION('',(0.,-1.));
#10451 = ( GEOMETRIC_REPRESENTATION_CONTEXT(2) 
PARAMETRIC_REPRESENTATION_CONTEXT() REPRESENTATION_CONTEXT('2D SPACE',''
  ) );
#10452 = ORIENTED_EDGE('',*,*,#3690,.T.);
#10453 = ORIENTED_EDGE('',*,*,#10354,.F.);
#10454 = ORIENTED_EDGE('',*,*,#10455,.F.);
#10455 = EDGE_CURVE('',#10431,#10355,#10456,.T.);
#10456 = SURFACE_CURVE('',#10457,(#10461,#10468),.PCURVE_S1.);
#10457 = LINE('',#10458,#10459);
#10458 = CARTESIAN_POINT('',(4.857421875,-0.63671875,2.65));
#10459 = VECTOR('',#10460,1.);
#10460 = DIRECTION('',(-0.334621317278,-0.942352680276,0.));
#10461 = PCURVE('',#3704,#10462);
#10462 = DEFINITIONAL_REPRESENTATION('',(#10463),#10467);
#10463 = LINE('',#10464,#10465);
#10464 = CARTESIAN_POINT('',(0.,0.));
#10465 = VECTOR('',#10466,1.);
#10466 = DIRECTION('',(1.,0.));
#10467 = ( GEOMETRIC_REPRESENTATION_CONTEXT(2) 
PARAMETRIC_REPRESENTATION_CONTEXT() REPRESENTATION_CONTEXT('2D SPACE',''
  ) );
#10468 = PCURVE('',#10415,#10469);
#10469 = DEFINITIONAL_REPRESENTATION('',(#10470),#10474);
#10470 = LINE('',#10471,#10472);
#10471 = CARTESIAN_POINT('',(0.712890625,0.748046875));
#10472 = VECTOR('',#10473,1.);
#10473 = DIRECTION('',(-0.334621317278,-0.942352680276));
#10474 = ( GEOMETRIC_REPRESENTATION_CONTEXT(2) 
PARAMETRIC_REPRESENTATION_CONTEXT() REPRESENTATION_CONTEXT('2D SPACE',''
  ) );
#10475 = ADVANCED_FACE('',(#10476),#3678,.F.);
#10476 = FACE_BOUND('',#10477,.F.);
#10477 = EDGE_LOOP('',(#10478,#10501,#10502,#10503));
#10478 = ORIENTED_EDGE('',*,*,#10479,.T.);
#10479 = EDGE_CURVE('',#10480,#3635,#10482,.T.);
#10480 = VERTEX_POINT('',#10481);
#10481 = CARTESIAN_POINT('',(6.171875,-0.63671875,2.65));
#10482 = SURFACE_CURVE('',#10483,(#10487,#10494),.PCURVE_S1.);
#10483 = LINE('',#10484,#10485);
#10484 = CARTESIAN_POINT('',(6.171875,-0.63671875,2.65));
#10485 = VECTOR('',#10486,1.);
#10486 = DIRECTION('',(0.,0.,1.));
#10487 = PCURVE('',#3678,#10488);
#10488 = DEFINITIONAL_REPRESENTATION('',(#10489),#10493);
#10489 = LINE('',#10490,#10491);
#10490 = CARTESIAN_POINT('',(0.,-0.));
#10491 = VECTOR('',#10492,1.);
#10492 = DIRECTION('',(0.,-1.));
#10493 = ( GEOMETRIC_REPRESENTATION_CONTEXT(2) 
PARAMETRIC_REPRESENTATION_CONTEXT() REPRESENTATION_CONTEXT('2D SPACE',''
  ) );
#10494 = PCURVE('',#3650,#10495);
#10495 = DEFINITIONAL_REPRESENTATION('',(#10496),#10500);
#10496 = LINE('',#10497,#10498);
#10497 = CARTESIAN_POINT('',(0.79380776503,0.));
#10498 = VECTOR('',#10499,1.);
#10499 = DIRECTION('',(0.,-1.));
#10500 = ( GEOMETRIC_REPRESENTATION_CONTEXT(2) 
PARAMETRIC_REPRESENTATION_CONTEXT() REPRESENTATION_CONTEXT('2D SPACE',''
  ) );
#10501 = ORIENTED_EDGE('',*,*,#3662,.T.);
#10502 = ORIENTED_EDGE('',*,*,#10430,.F.);
#10503 = ORIENTED_EDGE('',*,*,#10504,.F.);
#10504 = EDGE_CURVE('',#10480,#10431,#10505,.T.);
#10505 = SURFACE_CURVE('',#10506,(#10510,#10517),.PCURVE_S1.);
#10506 = LINE('',#10507,#10508);
#10507 = CARTESIAN_POINT('',(6.171875,-0.63671875,2.65));
#10508 = VECTOR('',#10509,1.);
#10509 = DIRECTION('',(-1.,0.,0.));
#10510 = PCURVE('',#3678,#10511);
#10511 = DEFINITIONAL_REPRESENTATION('',(#10512),#10516);
#10512 = LINE('',#10513,#10514);
#10513 = CARTESIAN_POINT('',(0.,-0.));
#10514 = VECTOR('',#10515,1.);
#10515 = DIRECTION('',(1.,0.));
#10516 = ( GEOMETRIC_REPRESENTATION_CONTEXT(2) 
PARAMETRIC_REPRESENTATION_CONTEXT() REPRESENTATION_CONTEXT('2D SPACE',''
  ) );
#10517 = PCURVE('',#10415,#10518);
#10518 = DEFINITIONAL_REPRESENTATION('',(#10519),#10523);
#10519 = LINE('',#10520,#10521);
#10520 = CARTESIAN_POINT('',(2.02734375,0.748046875));
#10521 = VECTOR('',#10522,1.);
#10522 = DIRECTION('',(-1.,0.));
#10523 = ( GEOMETRIC_REPRESENTATION_CONTEXT(2) 
PARAMETRIC_REPRESENTATION_CONTEXT() REPRESENTATION_CONTEXT('2D SPACE',''
  ) );
#10524 = ADVANCED_FACE('',(#10525),#3650,.F.);
#10525 = FACE_BOUND('',#10526,.F.);
#10526 = EDGE_LOOP('',(#10527,#10550,#10551,#10552));
#10527 = ORIENTED_EDGE('',*,*,#10528,.T.);
#10528 = EDGE_CURVE('',#10529,#3607,#10531,.T.);
#10529 = VERTEX_POINT('',#10530);
#10530 = CARTESIAN_POINT('',(6.4375,-1.384765625,2.65));
#10531 = SURFACE_CURVE('',#10532,(#10536,#10543),.PCURVE_S1.);
#10532 = LINE('',#10533,#10534);
#10533 = CARTESIAN_POINT('',(6.4375,-1.384765625,2.65));
#10534 = VECTOR('',#10535,1.);
#10535 = DIRECTION('',(0.,0.,1.));
#10536 = PCURVE('',#3650,#10537);
#10537 = DEFINITIONAL_REPRESENTATION('',(#10538),#10542);
#10538 = LINE('',#10539,#10540);
#10539 = CARTESIAN_POINT('',(0.,0.));
#10540 = VECTOR('',#10541,1.);
#10541 = DIRECTION('',(0.,-1.));
#10542 = ( GEOMETRIC_REPRESENTATION_CONTEXT(2) 
PARAMETRIC_REPRESENTATION_CONTEXT() REPRESENTATION_CONTEXT('2D SPACE',''
  ) );
#10543 = PCURVE('',#3622,#10544);
#10544 = DEFINITIONAL_REPRESENTATION('',(#10545),#10549);
#10545 = LINE('',#10546,#10547);
#10546 = CARTESIAN_POINT('',(0.41015625,0.));
#10547 = VECTOR('',#10548,1.);
#10548 = DIRECTION('',(0.,-1.));
#10549 = ( GEOMETRIC_REPRESENTATION_CONTEXT(2) 
PARAMETRIC_REPRESENTATION_CONTEXT() REPRESENTATION_CONTEXT('2D SPACE',''
  ) );
#10550 = ORIENTED_EDGE('',*,*,#3634,.T.);
#10551 = ORIENTED_EDGE('',*,*,#10479,.F.);
#10552 = ORIENTED_EDGE('',*,*,#10553,.F.);
#10553 = EDGE_CURVE('',#10529,#10480,#10554,.T.);
#10554 = SURFACE_CURVE('',#10555,(#10559,#10566),.PCURVE_S1.);
#10555 = LINE('',#10556,#10557);
#10556 = CARTESIAN_POINT('',(6.4375,-1.384765625,2.65));
#10557 = VECTOR('',#10558,1.);
#10558 = DIRECTION('',(-0.334621317278,0.942352680276,0.));
#10559 = PCURVE('',#3650,#10560);
#10560 = DEFINITIONAL_REPRESENTATION('',(#10561),#10565);
#10561 = LINE('',#10562,#10563);
#10562 = CARTESIAN_POINT('',(0.,0.));
#10563 = VECTOR('',#10564,1.);
#10564 = DIRECTION('',(1.,0.));
#10565 = ( GEOMETRIC_REPRESENTATION_CONTEXT(2) 
PARAMETRIC_REPRESENTATION_CONTEXT() REPRESENTATION_CONTEXT('2D SPACE',''
  ) );
#10566 = PCURVE('',#10415,#10567);
#10567 = DEFINITIONAL_REPRESENTATION('',(#10568),#10572);
#10568 = LINE('',#10569,#10570);
#10569 = CARTESIAN_POINT('',(2.29296875,0.));
#10570 = VECTOR('',#10571,1.);
#10571 = DIRECTION('',(-0.334621317278,0.942352680276));
#10572 = ( GEOMETRIC_REPRESENTATION_CONTEXT(2) 
PARAMETRIC_REPRESENTATION_CONTEXT() REPRESENTATION_CONTEXT('2D SPACE',''
  ) );
#10573 = ADVANCED_FACE('',(#10574),#3622,.F.);
#10574 = FACE_BOUND('',#10575,.F.);
#10575 = EDGE_LOOP('',(#10576,#10599,#10600,#10601));
#10576 = ORIENTED_EDGE('',*,*,#10577,.T.);
#10577 = EDGE_CURVE('',#10578,#3579,#10580,.T.);
#10578 = VERTEX_POINT('',#10579);
#10579 = CARTESIAN_POINT('',(6.84765625,-1.384765625,2.65));
#10580 = SURFACE_CURVE('',#10581,(#10585,#10592),.PCURVE_S1.);
#10581 = LINE('',#10582,#10583);
#10582 = CARTESIAN_POINT('',(6.84765625,-1.384765625,2.65));
#10583 = VECTOR('',#10584,1.);
#10584 = DIRECTION('',(0.,0.,1.));
#10585 = PCURVE('',#3622,#10586);
#10586 = DEFINITIONAL_REPRESENTATION('',(#10587),#10591);
#10587 = LINE('',#10588,#10589);
#10588 = CARTESIAN_POINT('',(0.,-0.));
#10589 = VECTOR('',#10590,1.);
#10590 = DIRECTION('',(0.,-1.));
#10591 = ( GEOMETRIC_REPRESENTATION_CONTEXT(2) 
PARAMETRIC_REPRESENTATION_CONTEXT() REPRESENTATION_CONTEXT('2D SPACE',''
  ) );
#10592 = PCURVE('',#3594,#10593);
#10593 = DEFINITIONAL_REPRESENTATION('',(#10594),#10598);
#10594 = LINE('',#10595,#10596);
#10595 = CARTESIAN_POINT('',(3.120608486603,0.));
#10596 = VECTOR('',#10597,1.);
#10597 = DIRECTION('',(0.,-1.));
#10598 = ( GEOMETRIC_REPRESENTATION_CONTEXT(2) 
PARAMETRIC_REPRESENTATION_CONTEXT() REPRESENTATION_CONTEXT('2D SPACE',''
  ) );
#10599 = ORIENTED_EDGE('',*,*,#3606,.T.);
#10600 = ORIENTED_EDGE('',*,*,#10528,.F.);
#10601 = ORIENTED_EDGE('',*,*,#10602,.F.);
#10602 = EDGE_CURVE('',#10578,#10529,#10603,.T.);
#10603 = SURFACE_CURVE('',#10604,(#10608,#10615),.PCURVE_S1.);
#10604 = LINE('',#10605,#10606);
#10605 = CARTESIAN_POINT('',(6.84765625,-1.384765625,2.65));
#10606 = VECTOR('',#10607,1.);
#10607 = DIRECTION('',(-1.,0.,0.));
#10608 = PCURVE('',#3622,#10609);
#10609 = DEFINITIONAL_REPRESENTATION('',(#10610),#10614);
#10610 = LINE('',#10611,#10612);
#10611 = CARTESIAN_POINT('',(0.,-0.));
#10612 = VECTOR('',#10613,1.);
#10613 = DIRECTION('',(1.,0.));
#10614 = ( GEOMETRIC_REPRESENTATION_CONTEXT(2) 
PARAMETRIC_REPRESENTATION_CONTEXT() REPRESENTATION_CONTEXT('2D SPACE',''
  ) );
#10615 = PCURVE('',#10415,#10616);
#10616 = DEFINITIONAL_REPRESENTATION('',(#10617),#10621);
#10617 = LINE('',#10618,#10619);
#10618 = CARTESIAN_POINT('',(2.703125,0.));
#10619 = VECTOR('',#10620,1.);
#10620 = DIRECTION('',(-1.,0.));
#10621 = ( GEOMETRIC_REPRESENTATION_CONTEXT(2) 
PARAMETRIC_REPRESENTATION_CONTEXT() REPRESENTATION_CONTEXT('2D SPACE',''
  ) );
#10622 = ADVANCED_FACE('',(#10623),#3594,.F.);
#10623 = FACE_BOUND('',#10624,.F.);
#10624 = EDGE_LOOP('',(#10625,#10648,#10649,#10650));
#10625 = ORIENTED_EDGE('',*,*,#10626,.T.);
#10626 = EDGE_CURVE('',#10627,#3551,#10629,.T.);
#10627 = VERTEX_POINT('',#10628);
#10628 = CARTESIAN_POINT('',(5.736328125,1.53125,2.65));
#10629 = SURFACE_CURVE('',#10630,(#10634,#10641),.PCURVE_S1.);
#10630 = LINE('',#10631,#10632);
#10631 = CARTESIAN_POINT('',(5.736328125,1.53125,2.65));
#10632 = VECTOR('',#10633,1.);
#10633 = DIRECTION('',(0.,0.,1.));
#10634 = PCURVE('',#3594,#10635);
#10635 = DEFINITIONAL_REPRESENTATION('',(#10636),#10640);
#10636 = LINE('',#10637,#10638);
#10637 = CARTESIAN_POINT('',(0.,0.));
#10638 = VECTOR('',#10639,1.);
#10639 = DIRECTION('',(0.,-1.));
#10640 = ( GEOMETRIC_REPRESENTATION_CONTEXT(2) 
PARAMETRIC_REPRESENTATION_CONTEXT() REPRESENTATION_CONTEXT('2D SPACE',''
  ) );
#10641 = PCURVE('',#3566,#10642);
#10642 = DEFINITIONAL_REPRESENTATION('',(#10643),#10647);
#10643 = LINE('',#10644,#10645);
#10644 = CARTESIAN_POINT('',(0.447265625,0.));
#10645 = VECTOR('',#10646,1.);
#10646 = DIRECTION('',(0.,-1.));
#10647 = ( GEOMETRIC_REPRESENTATION_CONTEXT(2) 
PARAMETRIC_REPRESENTATION_CONTEXT() REPRESENTATION_CONTEXT('2D SPACE',''
  ) );
#10648 = ORIENTED_EDGE('',*,*,#3578,.T.);
#10649 = ORIENTED_EDGE('',*,*,#10577,.F.);
#10650 = ORIENTED_EDGE('',*,*,#10651,.F.);
#10651 = EDGE_CURVE('',#10627,#10578,#10652,.T.);
#10652 = SURFACE_CURVE('',#10653,(#10657,#10664),.PCURVE_S1.);
#10653 = LINE('',#10654,#10655);
#10654 = CARTESIAN_POINT('',(5.736328125,1.53125,2.65));
#10655 = VECTOR('',#10656,1.);
#10656 = DIRECTION('',(0.35612545751,-0.934438151251,0.));
#10657 = PCURVE('',#3594,#10658);
#10658 = DEFINITIONAL_REPRESENTATION('',(#10659),#10663);
#10659 = LINE('',#10660,#10661);
#10660 = CARTESIAN_POINT('',(0.,0.));
#10661 = VECTOR('',#10662,1.);
#10662 = DIRECTION('',(1.,0.));
#10663 = ( GEOMETRIC_REPRESENTATION_CONTEXT(2) 
PARAMETRIC_REPRESENTATION_CONTEXT() REPRESENTATION_CONTEXT('2D SPACE',''
  ) );
#10664 = PCURVE('',#10415,#10665);
#10665 = DEFINITIONAL_REPRESENTATION('',(#10666),#10670);
#10666 = LINE('',#10667,#10668);
#10667 = CARTESIAN_POINT('',(1.591796875,2.916015625));
#10668 = VECTOR('',#10669,1.);
#10669 = DIRECTION('',(0.35612545751,-0.934438151251));
#10670 = ( GEOMETRIC_REPRESENTATION_CONTEXT(2) 
PARAMETRIC_REPRESENTATION_CONTEXT() REPRESENTATION_CONTEXT('2D SPACE',''
  ) );
#10671 = ADVANCED_FACE('',(#10672),#3566,.F.);
#10672 = FACE_BOUND('',#10673,.F.);
#10673 = EDGE_LOOP('',(#10674,#10697,#10698,#10699));
#10674 = ORIENTED_EDGE('',*,*,#10675,.T.);
#10675 = EDGE_CURVE('',#10676,#3523,#10678,.T.);
#10676 = VERTEX_POINT('',#10677);
#10677 = CARTESIAN_POINT('',(5.2890625,1.53125,2.65));
#10678 = SURFACE_CURVE('',#10679,(#10683,#10690),.PCURVE_S1.);
#10679 = LINE('',#10680,#10681);
#10680 = CARTESIAN_POINT('',(5.2890625,1.53125,2.65));
#10681 = VECTOR('',#10682,1.);
#10682 = DIRECTION('',(0.,0.,1.));
#10683 = PCURVE('',#3566,#10684);
#10684 = DEFINITIONAL_REPRESENTATION('',(#10685),#10689);
#10685 = LINE('',#10686,#10687);
#10686 = CARTESIAN_POINT('',(0.,0.));
#10687 = VECTOR('',#10688,1.);
#10688 = DIRECTION('',(0.,-1.));
#10689 = ( GEOMETRIC_REPRESENTATION_CONTEXT(2) 
PARAMETRIC_REPRESENTATION_CONTEXT() REPRESENTATION_CONTEXT('2D SPACE',''
  ) );
#10690 = PCURVE('',#3538,#10691);
#10691 = DEFINITIONAL_REPRESENTATION('',(#10692),#10696);
#10692 = LINE('',#10693,#10694);
#10693 = CARTESIAN_POINT('',(3.121304577712,0.));
#10694 = VECTOR('',#10695,1.);
#10695 = DIRECTION('',(0.,-1.));
#10696 = ( GEOMETRIC_REPRESENTATION_CONTEXT(2) 
PARAMETRIC_REPRESENTATION_CONTEXT() REPRESENTATION_CONTEXT('2D SPACE',''
  ) );
#10697 = ORIENTED_EDGE('',*,*,#3550,.T.);
#10698 = ORIENTED_EDGE('',*,*,#10626,.F.);
#10699 = ORIENTED_EDGE('',*,*,#10700,.F.);
#10700 = EDGE_CURVE('',#10676,#10627,#10701,.T.);
#10701 = SURFACE_CURVE('',#10702,(#10706,#10713),.PCURVE_S1.);
#10702 = LINE('',#10703,#10704);
#10703 = CARTESIAN_POINT('',(5.2890625,1.53125,2.65));
#10704 = VECTOR('',#10705,1.);
#10705 = DIRECTION('',(1.,0.,0.));
#10706 = PCURVE('',#3566,#10707);
#10707 = DEFINITIONAL_REPRESENTATION('',(#10708),#10712);
#10708 = LINE('',#10709,#10710);
#10709 = CARTESIAN_POINT('',(0.,0.));
#10710 = VECTOR('',#10711,1.);
#10711 = DIRECTION('',(1.,0.));
#10712 = ( GEOMETRIC_REPRESENTATION_CONTEXT(2) 
PARAMETRIC_REPRESENTATION_CONTEXT() REPRESENTATION_CONTEXT('2D SPACE',''
  ) );
#10713 = PCURVE('',#10415,#10714);
#10714 = DEFINITIONAL_REPRESENTATION('',(#10715),#10719);
#10715 = LINE('',#10716,#10717);
#10716 = CARTESIAN_POINT('',(1.14453125,2.916015625));
#10717 = VECTOR('',#10718,1.);
#10718 = DIRECTION('',(1.,0.));
#10719 = ( GEOMETRIC_REPRESENTATION_CONTEXT(2) 
PARAMETRIC_REPRESENTATION_CONTEXT() REPRESENTATION_CONTEXT('2D SPACE',''
  ) );
#10720 = ADVANCED_FACE('',(#10721),#3538,.F.);
#10721 = FACE_BOUND('',#10722,.F.);
#10722 = EDGE_LOOP('',(#10723,#10724,#10725,#10726));
#10723 = ORIENTED_EDGE('',*,*,#10378,.T.);
#10724 = ORIENTED_EDGE('',*,*,#3522,.T.);
#10725 = ORIENTED_EDGE('',*,*,#10675,.F.);
#10726 = ORIENTED_EDGE('',*,*,#10727,.F.);
#10727 = EDGE_CURVE('',#10379,#10676,#10728,.T.);
#10728 = SURFACE_CURVE('',#10729,(#10733,#10740),.PCURVE_S1.);
#10729 = LINE('',#10730,#10731);
#10730 = CARTESIAN_POINT('',(4.17578125,-1.384765625,2.65));
#10731 = VECTOR('',#10732,1.);
#10732 = DIRECTION('',(0.356671776907,0.934229759512,0.));
#10733 = PCURVE('',#3538,#10734);
#10734 = DEFINITIONAL_REPRESENTATION('',(#10735),#10739);
#10735 = LINE('',#10736,#10737);
#10736 = CARTESIAN_POINT('',(0.,0.));
#10737 = VECTOR('',#10738,1.);
#10738 = DIRECTION('',(1.,0.));
#10739 = ( GEOMETRIC_REPRESENTATION_CONTEXT(2) 
PARAMETRIC_REPRESENTATION_CONTEXT() REPRESENTATION_CONTEXT('2D SPACE',''
  ) );
#10740 = PCURVE('',#10415,#10741);
#10741 = DEFINITIONAL_REPRESENTATION('',(#10742),#10746);
#10742 = LINE('',#10743,#10744);
#10743 = CARTESIAN_POINT('',(3.125E-02,0.));
#10744 = VECTOR('',#10745,1.);
#10745 = DIRECTION('',(0.356671776907,0.934229759512));
#10746 = ( GEOMETRIC_REPRESENTATION_CONTEXT(2) 
PARAMETRIC_REPRESENTATION_CONTEXT() REPRESENTATION_CONTEXT('2D SPACE',''
  ) );
#10747 = ADVANCED_FACE('',(#10748),#3736,.F.);
#10748 = FACE_BOUND('',#10749,.F.);
#10749 = EDGE_LOOP('',(#10750,#10773,#10774,#10797));
#10750 = ORIENTED_EDGE('',*,*,#10751,.T.);
#10751 = EDGE_CURVE('',#10752,#3719,#10754,.T.);
#10752 = VERTEX_POINT('',#10753);
#10753 = CARTESIAN_POINT('',(7.66796875,-1.384765625,2.65));
#10754 = SURFACE_CURVE('',#10755,(#10759,#10766),.PCURVE_S1.);
#10755 = LINE('',#10756,#10757);
#10756 = CARTESIAN_POINT('',(7.66796875,-1.384765625,2.65));
#10757 = VECTOR('',#10758,1.);
#10758 = DIRECTION('',(0.,0.,1.));
#10759 = PCURVE('',#3736,#10760);
#10760 = DEFINITIONAL_REPRESENTATION('',(#10761),#10765);
#10761 = LINE('',#10762,#10763);
#10762 = CARTESIAN_POINT('',(0.,-0.));
#10763 = VECTOR('',#10764,1.);
#10764 = DIRECTION('',(0.,-1.));
#10765 = ( GEOMETRIC_REPRESENTATION_CONTEXT(2) 
PARAMETRIC_REPRESENTATION_CONTEXT() REPRESENTATION_CONTEXT('2D SPACE',''
  ) );
#10766 = PCURVE('',#3966,#10767);
#10767 = DEFINITIONAL_REPRESENTATION('',(#10768),#10772);
#10768 = LINE('',#10769,#10770);
#10769 = CARTESIAN_POINT('',(1.171875,0.));
#10770 = VECTOR('',#10771,1.);
#10771 = DIRECTION('',(0.,-1.));
#10772 = ( GEOMETRIC_REPRESENTATION_CONTEXT(2) 
PARAMETRIC_REPRESENTATION_CONTEXT() REPRESENTATION_CONTEXT('2D SPACE',''
  ) );
#10773 = ORIENTED_EDGE('',*,*,#3718,.T.);
#10774 = ORIENTED_EDGE('',*,*,#10775,.F.);
#10775 = EDGE_CURVE('',#10776,#3721,#10778,.T.);
#10776 = VERTEX_POINT('',#10777);
#10777 = CARTESIAN_POINT('',(7.2734375,-1.384765625,2.65));
#10778 = SURFACE_CURVE('',#10779,(#10783,#10790),.PCURVE_S1.);
#10779 = LINE('',#10780,#10781);
#10780 = CARTESIAN_POINT('',(7.2734375,-1.384765625,2.65));
#10781 = VECTOR('',#10782,1.);
#10782 = DIRECTION('',(0.,0.,1.));
#10783 = PCURVE('',#3736,#10784);
#10784 = DEFINITIONAL_REPRESENTATION('',(#10785),#10789);
#10785 = LINE('',#10786,#10787);
#10786 = CARTESIAN_POINT('',(0.39453125,0.));
#10787 = VECTOR('',#10788,1.);
#10788 = DIRECTION('',(0.,-1.));
#10789 = ( GEOMETRIC_REPRESENTATION_CONTEXT(2) 
PARAMETRIC_REPRESENTATION_CONTEXT() REPRESENTATION_CONTEXT('2D SPACE',''
  ) );
#10790 = PCURVE('',#3764,#10791);
#10791 = DEFINITIONAL_REPRESENTATION('',(#10792),#10796);
#10792 = LINE('',#10793,#10794);
#10793 = CARTESIAN_POINT('',(0.,0.));
#10794 = VECTOR('',#10795,1.);
#10795 = DIRECTION('',(0.,-1.));
#10796 = ( GEOMETRIC_REPRESENTATION_CONTEXT(2) 
PARAMETRIC_REPRESENTATION_CONTEXT() REPRESENTATION_CONTEXT('2D SPACE',''
  ) );
#10797 = ORIENTED_EDGE('',*,*,#10798,.F.);
#10798 = EDGE_CURVE('',#10752,#10776,#10799,.T.);
#10799 = SURFACE_CURVE('',#10800,(#10804,#10811),.PCURVE_S1.);
#10800 = LINE('',#10801,#10802);
#10801 = CARTESIAN_POINT('',(7.66796875,-1.384765625,2.65));
#10802 = VECTOR('',#10803,1.);
#10803 = DIRECTION('',(-1.,0.,0.));
#10804 = PCURVE('',#3736,#10805);
#10805 = DEFINITIONAL_REPRESENTATION('',(#10806),#10810);
#10806 = LINE('',#10807,#10808);
#10807 = CARTESIAN_POINT('',(0.,-0.));
#10808 = VECTOR('',#10809,1.);
#10809 = DIRECTION('',(1.,0.));
#10810 = ( GEOMETRIC_REPRESENTATION_CONTEXT(2) 
PARAMETRIC_REPRESENTATION_CONTEXT() REPRESENTATION_CONTEXT('2D SPACE',''
  ) );
#10811 = PCURVE('',#10812,#10817);
#10812 = PLANE('',#10813);
#10813 = AXIS2_PLACEMENT_3D('',#10814,#10815,#10816);
#10814 = CARTESIAN_POINT('',(6.880859375,-1.384765625,2.65));
#10815 = DIRECTION('',(0.,0.,1.));
#10816 = DIRECTION('',(1.,0.,0.));
#10817 = DEFINITIONAL_REPRESENTATION('',(#10818),#10822);
#10818 = LINE('',#10819,#10820);
#10819 = CARTESIAN_POINT('',(0.787109375,0.));
#10820 = VECTOR('',#10821,1.);
#10821 = DIRECTION('',(-1.,0.));
#10822 = ( GEOMETRIC_REPRESENTATION_CONTEXT(2) 
PARAMETRIC_REPRESENTATION_CONTEXT() REPRESENTATION_CONTEXT('2D SPACE',''
  ) );
#10823 = ADVANCED_FACE('',(#10824),#3966,.F.);
#10824 = FACE_BOUND('',#10825,.F.);
#10825 = EDGE_LOOP('',(#10826,#10849,#10850,#10851));
#10826 = ORIENTED_EDGE('',*,*,#10827,.T.);
#10827 = EDGE_CURVE('',#10828,#3925,#10830,.T.);
#10828 = VERTEX_POINT('',#10829);
#10829 = CARTESIAN_POINT('',(7.66796875,-0.212890625,2.65));
#10830 = SURFACE_CURVE('',#10831,(#10835,#10842),.PCURVE_S1.);
#10831 = LINE('',#10832,#10833);
#10832 = CARTESIAN_POINT('',(7.66796875,-0.212890625,2.65));
#10833 = VECTOR('',#10834,1.);
#10834 = DIRECTION('',(0.,0.,1.));
#10835 = PCURVE('',#3966,#10836);
#10836 = DEFINITIONAL_REPRESENTATION('',(#10837),#10841);
#10837 = LINE('',#10838,#10839);
#10838 = CARTESIAN_POINT('',(0.,0.));
#10839 = VECTOR('',#10840,1.);
#10840 = DIRECTION('',(0.,-1.));
#10841 = ( GEOMETRIC_REPRESENTATION_CONTEXT(2) 
PARAMETRIC_REPRESENTATION_CONTEXT() REPRESENTATION_CONTEXT('2D SPACE',''
  ) );
#10842 = PCURVE('',#3940,#10843);
#10843 = DEFINITIONAL_REPRESENTATION('',(#10844),#10848);
#10844 = LINE('',#10845,#10846);
#10845 = CARTESIAN_POINT('',(0.49609375,0.));
#10846 = VECTOR('',#10847,1.);
#10847 = DIRECTION('',(0.,-1.));
#10848 = ( GEOMETRIC_REPRESENTATION_CONTEXT(2) 
PARAMETRIC_REPRESENTATION_CONTEXT() REPRESENTATION_CONTEXT('2D SPACE',''
  ) );
#10849 = ORIENTED_EDGE('',*,*,#3952,.T.);
#10850 = ORIENTED_EDGE('',*,*,#10751,.F.);
#10851 = ORIENTED_EDGE('',*,*,#10852,.F.);
#10852 = EDGE_CURVE('',#10828,#10752,#10853,.T.);
#10853 = SURFACE_CURVE('',#10854,(#10858,#10865),.PCURVE_S1.);
#10854 = LINE('',#10855,#10856);
#10855 = CARTESIAN_POINT('',(7.66796875,-0.212890625,2.65));
#10856 = VECTOR('',#10857,1.);
#10857 = DIRECTION('',(0.,-1.,0.));
#10858 = PCURVE('',#3966,#10859);
#10859 = DEFINITIONAL_REPRESENTATION('',(#10860),#10864);
#10860 = LINE('',#10861,#10862);
#10861 = CARTESIAN_POINT('',(0.,0.));
#10862 = VECTOR('',#10863,1.);
#10863 = DIRECTION('',(1.,0.));
#10864 = ( GEOMETRIC_REPRESENTATION_CONTEXT(2) 
PARAMETRIC_REPRESENTATION_CONTEXT() REPRESENTATION_CONTEXT('2D SPACE',''
  ) );
#10865 = PCURVE('',#10812,#10866);
#10866 = DEFINITIONAL_REPRESENTATION('',(#10867),#10871);
#10867 = LINE('',#10868,#10869);
#10868 = CARTESIAN_POINT('',(0.787109375,1.171875));
#10869 = VECTOR('',#10870,1.);
#10870 = DIRECTION('',(0.,-1.));
#10871 = ( GEOMETRIC_REPRESENTATION_CONTEXT(2) 
PARAMETRIC_REPRESENTATION_CONTEXT() REPRESENTATION_CONTEXT('2D SPACE',''
  ) );
#10872 = ADVANCED_FACE('',(#10873),#3940,.F.);
#10873 = FACE_BOUND('',#10874,.F.);
#10874 = EDGE_LOOP('',(#10875,#10898,#10899,#10900));
#10875 = ORIENTED_EDGE('',*,*,#10876,.T.);
#10876 = EDGE_CURVE('',#10877,#3895,#10879,.T.);
#10877 = VERTEX_POINT('',#10878);
#10878 = CARTESIAN_POINT('',(8.1640625,-0.212890625,2.65));
#10879 = SURFACE_CURVE('',#10880,(#10884,#10891),.PCURVE_S1.);
#10880 = LINE('',#10881,#10882);
#10881 = CARTESIAN_POINT('',(8.1640625,-0.212890625,2.65));
#10882 = VECTOR('',#10883,1.);
#10883 = DIRECTION('',(0.,0.,1.));
#10884 = PCURVE('',#3940,#10885);
#10885 = DEFINITIONAL_REPRESENTATION('',(#10886),#10890);
#10886 = LINE('',#10887,#10888);
#10887 = CARTESIAN_POINT('',(0.,-0.));
#10888 = VECTOR('',#10889,1.);
#10889 = DIRECTION('',(0.,-1.));
#10890 = ( GEOMETRIC_REPRESENTATION_CONTEXT(2) 
PARAMETRIC_REPRESENTATION_CONTEXT() REPRESENTATION_CONTEXT('2D SPACE',''
  ) );
#10891 = PCURVE('',#3910,#10892);
#10892 = DEFINITIONAL_REPRESENTATION('',(#10893),#10897);
#10893 = LINE('',#10894,#10895);
#10894 = CARTESIAN_POINT('',(1.,0.));
#10895 = VECTOR('',#10896,1.);
#10896 = DIRECTION('',(0.,-1.));
#10897 = ( GEOMETRIC_REPRESENTATION_CONTEXT(2) 
PARAMETRIC_REPRESENTATION_CONTEXT() REPRESENTATION_CONTEXT('2D SPACE',''
  ) );
#10898 = ORIENTED_EDGE('',*,*,#3924,.T.);
#10899 = ORIENTED_EDGE('',*,*,#10827,.F.);
#10900 = ORIENTED_EDGE('',*,*,#10901,.F.);
#10901 = EDGE_CURVE('',#10877,#10828,#10902,.T.);
#10902 = SURFACE_CURVE('',#10903,(#10907,#10914),.PCURVE_S1.);
#10903 = LINE('',#10904,#10905);
#10904 = CARTESIAN_POINT('',(8.1640625,-0.212890625,2.65));
#10905 = VECTOR('',#10906,1.);
#10906 = DIRECTION('',(-1.,0.,0.));
#10907 = PCURVE('',#3940,#10908);
#10908 = DEFINITIONAL_REPRESENTATION('',(#10909),#10913);
#10909 = LINE('',#10910,#10911);
#10910 = CARTESIAN_POINT('',(0.,-0.));
#10911 = VECTOR('',#10912,1.);
#10912 = DIRECTION('',(1.,0.));
#10913 = ( GEOMETRIC_REPRESENTATION_CONTEXT(2) 
PARAMETRIC_REPRESENTATION_CONTEXT() REPRESENTATION_CONTEXT('2D SPACE',''
  ) );
#10914 = PCURVE('',#10812,#10915);
#10915 = DEFINITIONAL_REPRESENTATION('',(#10916),#10920);
#10916 = LINE('',#10917,#10918);
#10917 = CARTESIAN_POINT('',(1.283203125,1.171875));
#10918 = VECTOR('',#10919,1.);
#10919 = DIRECTION('',(-1.,0.));
#10920 = ( GEOMETRIC_REPRESENTATION_CONTEXT(2) 
PARAMETRIC_REPRESENTATION_CONTEXT() REPRESENTATION_CONTEXT('2D SPACE',''
  ) );
#10921 = ADVANCED_FACE('',(#10922),#3910,.F.);
#10922 = FACE_BOUND('',#10923,.F.);
#10923 = EDGE_LOOP('',(#10924,#10947,#10948,#10949));
#10924 = ORIENTED_EDGE('',*,*,#10925,.T.);
#10925 = EDGE_CURVE('',#10926,#3865,#10928,.T.);
#10926 = VERTEX_POINT('',#10927);
#10927 = CARTESIAN_POINT('',(8.9052734375,7.8125E-03,2.65));
#10928 = SURFACE_CURVE('',#10929,(#10933,#10940),.PCURVE_S1.);
#10929 = LINE('',#10930,#10931);
#10930 = CARTESIAN_POINT('',(8.9052734375,7.8125E-03,2.65));
#10931 = VECTOR('',#10932,1.);
#10932 = DIRECTION('',(0.,0.,1.));
#10933 = PCURVE('',#3910,#10934);
#10934 = DEFINITIONAL_REPRESENTATION('',(#10935),#10939);
#10935 = LINE('',#10936,#10937);
#10936 = CARTESIAN_POINT('',(0.,0.));
#10937 = VECTOR('',#10938,1.);
#10938 = DIRECTION('',(0.,-1.));
#10939 = ( GEOMETRIC_REPRESENTATION_CONTEXT(2) 
PARAMETRIC_REPRESENTATION_CONTEXT() REPRESENTATION_CONTEXT('2D SPACE',''
  ) );
#10940 = PCURVE('',#3880,#10941);
#10941 = DEFINITIONAL_REPRESENTATION('',(#10942),#10946);
#10942 = LINE('',#10943,#10944);
#10943 = CARTESIAN_POINT('',(1.,0.));
#10944 = VECTOR('',#10945,1.);
#10945 = DIRECTION('',(0.,-1.));
#10946 = ( GEOMETRIC_REPRESENTATION_CONTEXT(2) 
PARAMETRIC_REPRESENTATION_CONTEXT() REPRESENTATION_CONTEXT('2D SPACE',''
  ) );
#10947 = ORIENTED_EDGE('',*,*,#3894,.T.);
#10948 = ORIENTED_EDGE('',*,*,#10876,.F.);
#10949 = ORIENTED_EDGE('',*,*,#10950,.F.);
#10950 = EDGE_CURVE('',#10926,#10877,#10951,.T.);
#10951 = SURFACE_CURVE('',#10952,(#10956,#10963),.PCURVE_S1.);
#10952 = B_SPLINE_CURVE_WITH_KNOTS('',2,(#10953,#10954,#10955),
  .UNSPECIFIED.,.F.,.F.,(3,3),(0.,1.),.PIECEWISE_BEZIER_KNOTS.);
#10953 = CARTESIAN_POINT('',(8.9052734375,7.8125E-03,2.65));
#10954 = CARTESIAN_POINT('',(8.654296875,-0.212890625,2.65));
#10955 = CARTESIAN_POINT('',(8.1640625,-0.212890625,2.65));
#10956 = PCURVE('',#3910,#10957);
#10957 = DEFINITIONAL_REPRESENTATION('',(#10958),#10962);
#10958 = LINE('',#10959,#10960);
#10959 = CARTESIAN_POINT('',(0.,0.));
#10960 = VECTOR('',#10961,1.);
#10961 = DIRECTION('',(1.,0.));
#10962 = ( GEOMETRIC_REPRESENTATION_CONTEXT(2) 
PARAMETRIC_REPRESENTATION_CONTEXT() REPRESENTATION_CONTEXT('2D SPACE',''
  ) );
#10963 = PCURVE('',#10812,#10964);
#10964 = DEFINITIONAL_REPRESENTATION('',(#10965),#10969);
#10965 = B_SPLINE_CURVE_WITH_KNOTS('',2,(#10966,#10967,#10968),
  .UNSPECIFIED.,.F.,.F.,(3,3),(0.,1.),.PIECEWISE_BEZIER_KNOTS.);
#10966 = CARTESIAN_POINT('',(2.0244140625,1.392578125));
#10967 = CARTESIAN_POINT('',(1.7734375,1.171875));
#10968 = CARTESIAN_POINT('',(1.283203125,1.171875));
#10969 = ( GEOMETRIC_REPRESENTATION_CONTEXT(2) 
PARAMETRIC_REPRESENTATION_CONTEXT() REPRESENTATION_CONTEXT('2D SPACE',''
  ) );
#10970 = ADVANCED_FACE('',(#10971),#3880,.F.);
#10971 = FACE_BOUND('',#10972,.F.);
#10972 = EDGE_LOOP('',(#10973,#10996,#10997,#10998));
#10973 = ORIENTED_EDGE('',*,*,#10974,.T.);
#10974 = EDGE_CURVE('',#10975,#3835,#10977,.T.);
#10975 = VERTEX_POINT('',#10976);
#10976 = CARTESIAN_POINT('',(9.15625,0.66015625,2.65));
#10977 = SURFACE_CURVE('',#10978,(#10982,#10989),.PCURVE_S1.);
#10978 = LINE('',#10979,#10980);
#10979 = CARTESIAN_POINT('',(9.15625,0.66015625,2.65));
#10980 = VECTOR('',#10981,1.);
#10981 = DIRECTION('',(0.,0.,1.));
#10982 = PCURVE('',#3880,#10983);
#10983 = DEFINITIONAL_REPRESENTATION('',(#10984),#10988);
#10984 = LINE('',#10985,#10986);
#10985 = CARTESIAN_POINT('',(0.,0.));
#10986 = VECTOR('',#10987,1.);
#10987 = DIRECTION('',(0.,-1.));
#10988 = ( GEOMETRIC_REPRESENTATION_CONTEXT(2) 
PARAMETRIC_REPRESENTATION_CONTEXT() REPRESENTATION_CONTEXT('2D SPACE',''
  ) );
#10989 = PCURVE('',#3850,#10990);
#10990 = DEFINITIONAL_REPRESENTATION('',(#10991),#10995);
#10991 = LINE('',#10992,#10993);
#10992 = CARTESIAN_POINT('',(1.,0.));
#10993 = VECTOR('',#10994,1.);
#10994 = DIRECTION('',(0.,-1.));
#10995 = ( GEOMETRIC_REPRESENTATION_CONTEXT(2) 
PARAMETRIC_REPRESENTATION_CONTEXT() REPRESENTATION_CONTEXT('2D SPACE',''
  ) );
#10996 = ORIENTED_EDGE('',*,*,#3864,.T.);
#10997 = ORIENTED_EDGE('',*,*,#10925,.F.);
#10998 = ORIENTED_EDGE('',*,*,#10999,.F.);
#10999 = EDGE_CURVE('',#10975,#10926,#11000,.T.);
#11000 = SURFACE_CURVE('',#11001,(#11005,#11012),.PCURVE_S1.);
#11001 = B_SPLINE_CURVE_WITH_KNOTS('',2,(#11002,#11003,#11004),
  .UNSPECIFIED.,.F.,.F.,(3,3),(0.,1.),.PIECEWISE_BEZIER_KNOTS.);
#11002 = CARTESIAN_POINT('',(9.15625,0.66015625,2.65));
#11003 = CARTESIAN_POINT('',(9.15625,0.228515625,2.65));
#11004 = CARTESIAN_POINT('',(8.9052734375,7.8125E-03,2.65));
#11005 = PCURVE('',#3880,#11006);
#11006 = DEFINITIONAL_REPRESENTATION('',(#11007),#11011);
#11007 = LINE('',#11008,#11009);
#11008 = CARTESIAN_POINT('',(0.,0.));
#11009 = VECTOR('',#11010,1.);
#11010 = DIRECTION('',(1.,0.));
#11011 = ( GEOMETRIC_REPRESENTATION_CONTEXT(2) 
PARAMETRIC_REPRESENTATION_CONTEXT() REPRESENTATION_CONTEXT('2D SPACE',''
  ) );
#11012 = PCURVE('',#10812,#11013);
#11013 = DEFINITIONAL_REPRESENTATION('',(#11014),#11018);
#11014 = B_SPLINE_CURVE_WITH_KNOTS('',2,(#11015,#11016,#11017),
  .UNSPECIFIED.,.F.,.F.,(3,3),(0.,1.),.PIECEWISE_BEZIER_KNOTS.);
#11015 = CARTESIAN_POINT('',(2.275390625,2.044921875));
#11016 = CARTESIAN_POINT('',(2.275390625,1.61328125));
#11017 = CARTESIAN_POINT('',(2.0244140625,1.392578125));
#11018 = ( GEOMETRIC_REPRESENTATION_CONTEXT(2) 
PARAMETRIC_REPRESENTATION_CONTEXT() REPRESENTATION_CONTEXT('2D SPACE',''
  ) );
#11019 = ADVANCED_FACE('',(#11020),#3850,.F.);
#11020 = FACE_BOUND('',#11021,.F.);
#11021 = EDGE_LOOP('',(#11022,#11045,#11046,#11047));
#11022 = ORIENTED_EDGE('',*,*,#11023,.T.);
#11023 = EDGE_CURVE('',#11024,#3805,#11026,.T.);
#11024 = VERTEX_POINT('',#11025);
#11025 = CARTESIAN_POINT('',(8.9052734375,1.3095703125,2.65));
#11026 = SURFACE_CURVE('',#11027,(#11031,#11038),.PCURVE_S1.);
#11027 = LINE('',#11028,#11029);
#11028 = CARTESIAN_POINT('',(8.9052734375,1.3095703125,2.65));
#11029 = VECTOR('',#11030,1.);
#11030 = DIRECTION('',(0.,0.,1.));
#11031 = PCURVE('',#3850,#11032);
#11032 = DEFINITIONAL_REPRESENTATION('',(#11033),#11037);
#11033 = LINE('',#11034,#11035);
#11034 = CARTESIAN_POINT('',(0.,0.));
#11035 = VECTOR('',#11036,1.);
#11036 = DIRECTION('',(0.,-1.));
#11037 = ( GEOMETRIC_REPRESENTATION_CONTEXT(2) 
PARAMETRIC_REPRESENTATION_CONTEXT() REPRESENTATION_CONTEXT('2D SPACE',''
  ) );
#11038 = PCURVE('',#3820,#11039);
#11039 = DEFINITIONAL_REPRESENTATION('',(#11040),#11044);
#11040 = LINE('',#11041,#11042);
#11041 = CARTESIAN_POINT('',(1.,0.));
#11042 = VECTOR('',#11043,1.);
#11043 = DIRECTION('',(0.,-1.));
#11044 = ( GEOMETRIC_REPRESENTATION_CONTEXT(2) 
PARAMETRIC_REPRESENTATION_CONTEXT() REPRESENTATION_CONTEXT('2D SPACE',''
  ) );
#11045 = ORIENTED_EDGE('',*,*,#3834,.T.);
#11046 = ORIENTED_EDGE('',*,*,#10974,.F.);
#11047 = ORIENTED_EDGE('',*,*,#11048,.F.);
#11048 = EDGE_CURVE('',#11024,#10975,#11049,.T.);
#11049 = SURFACE_CURVE('',#11050,(#11054,#11061),.PCURVE_S1.);
#11050 = B_SPLINE_CURVE_WITH_KNOTS('',2,(#11051,#11052,#11053),
  .UNSPECIFIED.,.F.,.F.,(3,3),(0.,1.),.PIECEWISE_BEZIER_KNOTS.);
#11051 = CARTESIAN_POINT('',(8.9052734375,1.3095703125,2.65));
#11052 = CARTESIAN_POINT('',(9.15625,1.087890625,2.65));
#11053 = CARTESIAN_POINT('',(9.15625,0.66015625,2.65));
#11054 = PCURVE('',#3850,#11055);
#11055 = DEFINITIONAL_REPRESENTATION('',(#11056),#11060);
#11056 = LINE('',#11057,#11058);
#11057 = CARTESIAN_POINT('',(0.,0.));
#11058 = VECTOR('',#11059,1.);
#11059 = DIRECTION('',(1.,0.));
#11060 = ( GEOMETRIC_REPRESENTATION_CONTEXT(2) 
PARAMETRIC_REPRESENTATION_CONTEXT() REPRESENTATION_CONTEXT('2D SPACE',''
  ) );
#11061 = PCURVE('',#10812,#11062);
#11062 = DEFINITIONAL_REPRESENTATION('',(#11063),#11067);
#11063 = B_SPLINE_CURVE_WITH_KNOTS('',2,(#11064,#11065,#11066),
  .UNSPECIFIED.,.F.,.F.,(3,3),(0.,1.),.PIECEWISE_BEZIER_KNOTS.);
#11064 = CARTESIAN_POINT('',(2.0244140625,2.6943359375));
#11065 = CARTESIAN_POINT('',(2.275390625,2.47265625));
#11066 = CARTESIAN_POINT('',(2.275390625,2.044921875));
#11067 = ( GEOMETRIC_REPRESENTATION_CONTEXT(2) 
PARAMETRIC_REPRESENTATION_CONTEXT() REPRESENTATION_CONTEXT('2D SPACE',''
  ) );
#11068 = ADVANCED_FACE('',(#11069),#3820,.F.);
#11069 = FACE_BOUND('',#11070,.F.);
#11070 = EDGE_LOOP('',(#11071,#11094,#11095,#11096));
#11071 = ORIENTED_EDGE('',*,*,#11072,.T.);
#11072 = EDGE_CURVE('',#11073,#3777,#11075,.T.);
#11073 = VERTEX_POINT('',#11074);
#11074 = CARTESIAN_POINT('',(8.1640625,1.53125,2.65));
#11075 = SURFACE_CURVE('',#11076,(#11080,#11087),.PCURVE_S1.);
#11076 = LINE('',#11077,#11078);
#11077 = CARTESIAN_POINT('',(8.1640625,1.53125,2.65));
#11078 = VECTOR('',#11079,1.);
#11079 = DIRECTION('',(0.,0.,1.));
#11080 = PCURVE('',#3820,#11081);
#11081 = DEFINITIONAL_REPRESENTATION('',(#11082),#11086);
#11082 = LINE('',#11083,#11084);
#11083 = CARTESIAN_POINT('',(0.,0.));
#11084 = VECTOR('',#11085,1.);
#11085 = DIRECTION('',(0.,-1.));
#11086 = ( GEOMETRIC_REPRESENTATION_CONTEXT(2) 
PARAMETRIC_REPRESENTATION_CONTEXT() REPRESENTATION_CONTEXT('2D SPACE',''
  ) );
#11087 = PCURVE('',#3792,#11088);
#11088 = DEFINITIONAL_REPRESENTATION('',(#11089),#11093);
#11089 = LINE('',#11090,#11091);
#11090 = CARTESIAN_POINT('',(0.890625,0.));
#11091 = VECTOR('',#11092,1.);
#11092 = DIRECTION('',(0.,-1.));
#11093 = ( GEOMETRIC_REPRESENTATION_CONTEXT(2) 
PARAMETRIC_REPRESENTATION_CONTEXT() REPRESENTATION_CONTEXT('2D SPACE',''
  ) );
#11094 = ORIENTED_EDGE('',*,*,#3804,.T.);
#11095 = ORIENTED_EDGE('',*,*,#11023,.F.);
#11096 = ORIENTED_EDGE('',*,*,#11097,.F.);
#11097 = EDGE_CURVE('',#11073,#11024,#11098,.T.);
#11098 = SURFACE_CURVE('',#11099,(#11103,#11110),.PCURVE_S1.);
#11099 = B_SPLINE_CURVE_WITH_KNOTS('',2,(#11100,#11101,#11102),
  .UNSPECIFIED.,.F.,.F.,(3,3),(0.,1.),.PIECEWISE_BEZIER_KNOTS.);
#11100 = CARTESIAN_POINT('',(8.1640625,1.53125,2.65));
#11101 = CARTESIAN_POINT('',(8.654296875,1.53125,2.65));
#11102 = CARTESIAN_POINT('',(8.9052734375,1.3095703125,2.65));
#11103 = PCURVE('',#3820,#11104);
#11104 = DEFINITIONAL_REPRESENTATION('',(#11105),#11109);
#11105 = LINE('',#11106,#11107);
#11106 = CARTESIAN_POINT('',(0.,0.));
#11107 = VECTOR('',#11108,1.);
#11108 = DIRECTION('',(1.,0.));
#11109 = ( GEOMETRIC_REPRESENTATION_CONTEXT(2) 
PARAMETRIC_REPRESENTATION_CONTEXT() REPRESENTATION_CONTEXT('2D SPACE',''
  ) );
#11110 = PCURVE('',#10812,#11111);
#11111 = DEFINITIONAL_REPRESENTATION('',(#11112),#11116);
#11112 = B_SPLINE_CURVE_WITH_KNOTS('',2,(#11113,#11114,#11115),
  .UNSPECIFIED.,.F.,.F.,(3,3),(0.,1.),.PIECEWISE_BEZIER_KNOTS.);
#11113 = CARTESIAN_POINT('',(1.283203125,2.916015625));
#11114 = CARTESIAN_POINT('',(1.7734375,2.916015625));
#11115 = CARTESIAN_POINT('',(2.0244140625,2.6943359375));
#11116 = ( GEOMETRIC_REPRESENTATION_CONTEXT(2) 
PARAMETRIC_REPRESENTATION_CONTEXT() REPRESENTATION_CONTEXT('2D SPACE',''
  ) );
#11117 = ADVANCED_FACE('',(#11118),#3792,.F.);
#11118 = FACE_BOUND('',#11119,.F.);
#11119 = EDGE_LOOP('',(#11120,#11143,#11144,#11145));
#11120 = ORIENTED_EDGE('',*,*,#11121,.T.);
#11121 = EDGE_CURVE('',#11122,#3749,#11124,.T.);
#11122 = VERTEX_POINT('',#11123);
#11123 = CARTESIAN_POINT('',(7.2734375,1.53125,2.65));
#11124 = SURFACE_CURVE('',#11125,(#11129,#11136),.PCURVE_S1.);
#11125 = LINE('',#11126,#11127);
#11126 = CARTESIAN_POINT('',(7.2734375,1.53125,2.65));
#11127 = VECTOR('',#11128,1.);
#11128 = DIRECTION('',(0.,0.,1.));
#11129 = PCURVE('',#3792,#11130);
#11130 = DEFINITIONAL_REPRESENTATION('',(#11131),#11135);
#11131 = LINE('',#11132,#11133);
#11132 = CARTESIAN_POINT('',(0.,0.));
#11133 = VECTOR('',#11134,1.);
#11134 = DIRECTION('',(0.,-1.));
#11135 = ( GEOMETRIC_REPRESENTATION_CONTEXT(2) 
PARAMETRIC_REPRESENTATION_CONTEXT() REPRESENTATION_CONTEXT('2D SPACE',''
  ) );
#11136 = PCURVE('',#3764,#11137);
#11137 = DEFINITIONAL_REPRESENTATION('',(#11138),#11142);
#11138 = LINE('',#11139,#11140);
#11139 = CARTESIAN_POINT('',(2.916015625,0.));
#11140 = VECTOR('',#11141,1.);
#11141 = DIRECTION('',(0.,-1.));
#11142 = ( GEOMETRIC_REPRESENTATION_CONTEXT(2) 
PARAMETRIC_REPRESENTATION_CONTEXT() REPRESENTATION_CONTEXT('2D SPACE',''
  ) );
#11143 = ORIENTED_EDGE('',*,*,#3776,.T.);
#11144 = ORIENTED_EDGE('',*,*,#11072,.F.);
#11145 = ORIENTED_EDGE('',*,*,#11146,.F.);
#11146 = EDGE_CURVE('',#11122,#11073,#11147,.T.);
#11147 = SURFACE_CURVE('',#11148,(#11152,#11159),.PCURVE_S1.);
#11148 = LINE('',#11149,#11150);
#11149 = CARTESIAN_POINT('',(7.2734375,1.53125,2.65));
#11150 = VECTOR('',#11151,1.);
#11151 = DIRECTION('',(1.,0.,0.));
#11152 = PCURVE('',#3792,#11153);
#11153 = DEFINITIONAL_REPRESENTATION('',(#11154),#11158);
#11154 = LINE('',#11155,#11156);
#11155 = CARTESIAN_POINT('',(0.,0.));
#11156 = VECTOR('',#11157,1.);
#11157 = DIRECTION('',(1.,0.));
#11158 = ( GEOMETRIC_REPRESENTATION_CONTEXT(2) 
PARAMETRIC_REPRESENTATION_CONTEXT() REPRESENTATION_CONTEXT('2D SPACE',''
  ) );
#11159 = PCURVE('',#10812,#11160);
#11160 = DEFINITIONAL_REPRESENTATION('',(#11161),#11165);
#11161 = LINE('',#11162,#11163);
#11162 = CARTESIAN_POINT('',(0.392578125,2.916015625));
#11163 = VECTOR('',#11164,1.);
#11164 = DIRECTION('',(1.,0.));
#11165 = ( GEOMETRIC_REPRESENTATION_CONTEXT(2) 
PARAMETRIC_REPRESENTATION_CONTEXT() REPRESENTATION_CONTEXT('2D SPACE',''
  ) );
#11166 = ADVANCED_FACE('',(#11167),#3764,.F.);
#11167 = FACE_BOUND('',#11168,.F.);
#11168 = EDGE_LOOP('',(#11169,#11170,#11171,#11172));
#11169 = ORIENTED_EDGE('',*,*,#10775,.T.);
#11170 = ORIENTED_EDGE('',*,*,#3748,.T.);
#11171 = ORIENTED_EDGE('',*,*,#11121,.F.);
#11172 = ORIENTED_EDGE('',*,*,#11173,.F.);
#11173 = EDGE_CURVE('',#10776,#11122,#11174,.T.);
#11174 = SURFACE_CURVE('',#11175,(#11179,#11186),.PCURVE_S1.);
#11175 = LINE('',#11176,#11177);
#11176 = CARTESIAN_POINT('',(7.2734375,-1.384765625,2.65));
#11177 = VECTOR('',#11178,1.);
#11178 = DIRECTION('',(0.,1.,0.));
#11179 = PCURVE('',#3764,#11180);
#11180 = DEFINITIONAL_REPRESENTATION('',(#11181),#11185);
#11181 = LINE('',#11182,#11183);
#11182 = CARTESIAN_POINT('',(0.,0.));
#11183 = VECTOR('',#11184,1.);
#11184 = DIRECTION('',(1.,0.));
#11185 = ( GEOMETRIC_REPRESENTATION_CONTEXT(2) 
PARAMETRIC_REPRESENTATION_CONTEXT() REPRESENTATION_CONTEXT('2D SPACE',''
  ) );
#11186 = PCURVE('',#10812,#11187);
#11187 = DEFINITIONAL_REPRESENTATION('',(#11188),#11192);
#11188 = LINE('',#11189,#11190);
#11189 = CARTESIAN_POINT('',(0.392578125,0.));
#11190 = VECTOR('',#11191,1.);
#11191 = DIRECTION('',(0.,1.));
#11192 = ( GEOMETRIC_REPRESENTATION_CONTEXT(2) 
PARAMETRIC_REPRESENTATION_CONTEXT() REPRESENTATION_CONTEXT('2D SPACE',''
  ) );
#11193 = ADVANCED_FACE('',(#11194),#3998,.F.);
#11194 = FACE_BOUND('',#11195,.F.);
#11195 = EDGE_LOOP('',(#11196,#11219,#11220,#11243));
#11196 = ORIENTED_EDGE('',*,*,#11197,.T.);
#11197 = EDGE_CURVE('',#11198,#3981,#11200,.T.);
#11198 = VERTEX_POINT('',#11199);
#11199 = CARTESIAN_POINT('',(12.7119140625,0.234375,2.65));
#11200 = SURFACE_CURVE('',#11201,(#11205,#11212),.PCURVE_S1.);
#11201 = LINE('',#11202,#11203);
#11202 = CARTESIAN_POINT('',(12.7119140625,0.234375,2.65));
#11203 = VECTOR('',#11204,1.);
#11204 = DIRECTION('',(0.,0.,1.));
#11205 = PCURVE('',#3998,#11206);
#11206 = DEFINITIONAL_REPRESENTATION('',(#11207),#11211);
#11207 = LINE('',#11208,#11209);
#11208 = CARTESIAN_POINT('',(0.,0.));
#11209 = VECTOR('',#11210,1.);
#11210 = DIRECTION('',(0.,-1.));
#11211 = ( GEOMETRIC_REPRESENTATION_CONTEXT(2) 
PARAMETRIC_REPRESENTATION_CONTEXT() REPRESENTATION_CONTEXT('2D SPACE',''
  ) );
#11212 = PCURVE('',#4430,#11213);
#11213 = DEFINITIONAL_REPRESENTATION('',(#11214),#11218);
#11214 = LINE('',#11215,#11216);
#11215 = CARTESIAN_POINT('',(1.,0.));
#11216 = VECTOR('',#11217,1.);
#11217 = DIRECTION('',(0.,-1.));
#11218 = ( GEOMETRIC_REPRESENTATION_CONTEXT(2) 
PARAMETRIC_REPRESENTATION_CONTEXT() REPRESENTATION_CONTEXT('2D SPACE',''
  ) );
#11219 = ORIENTED_EDGE('',*,*,#3980,.T.);
#11220 = ORIENTED_EDGE('',*,*,#11221,.F.);
#11221 = EDGE_CURVE('',#11222,#3983,#11224,.T.);
#11222 = VERTEX_POINT('',#11223);
#11223 = CARTESIAN_POINT('',(12.33984375,-1.7578125E-02,2.65));
#11224 = SURFACE_CURVE('',#11225,(#11229,#11236),.PCURVE_S1.);
#11225 = LINE('',#11226,#11227);
#11226 = CARTESIAN_POINT('',(12.33984375,-1.7578125E-02,2.65));
#11227 = VECTOR('',#11228,1.);
#11228 = DIRECTION('',(0.,0.,1.));
#11229 = PCURVE('',#3998,#11230);
#11230 = DEFINITIONAL_REPRESENTATION('',(#11231),#11235);
#11231 = LINE('',#11232,#11233);
#11232 = CARTESIAN_POINT('',(1.,0.));
#11233 = VECTOR('',#11234,1.);
#11234 = DIRECTION('',(0.,-1.));
#11235 = ( GEOMETRIC_REPRESENTATION_CONTEXT(2) 
PARAMETRIC_REPRESENTATION_CONTEXT() REPRESENTATION_CONTEXT('2D SPACE',''
  ) );
#11236 = PCURVE('',#4028,#11237);
#11237 = DEFINITIONAL_REPRESENTATION('',(#11238),#11242);
#11238 = LINE('',#11239,#11240);
#11239 = CARTESIAN_POINT('',(0.,0.));
#11240 = VECTOR('',#11241,1.);
#11241 = DIRECTION('',(0.,-1.));
#11242 = ( GEOMETRIC_REPRESENTATION_CONTEXT(2) 
PARAMETRIC_REPRESENTATION_CONTEXT() REPRESENTATION_CONTEXT('2D SPACE',''
  ) );
#11243 = ORIENTED_EDGE('',*,*,#11244,.F.);
#11244 = EDGE_CURVE('',#11198,#11222,#11245,.T.);
#11245 = SURFACE_CURVE('',#11246,(#11250,#11257),.PCURVE_S1.);
#11246 = B_SPLINE_CURVE_WITH_KNOTS('',2,(#11247,#11248,#11249),
  .UNSPECIFIED.,.F.,.F.,(3,3),(0.,1.),.PIECEWISE_BEZIER_KNOTS.);
#11247 = CARTESIAN_POINT('',(12.7119140625,0.234375,2.65));
#11248 = CARTESIAN_POINT('',(12.583984375,5.2734375E-02,2.65));
#11249 = CARTESIAN_POINT('',(12.33984375,-1.7578125E-02,2.65));
#11250 = PCURVE('',#3998,#11251);
#11251 = DEFINITIONAL_REPRESENTATION('',(#11252),#11256);
#11252 = LINE('',#11253,#11254);
#11253 = CARTESIAN_POINT('',(0.,0.));
#11254 = VECTOR('',#11255,1.);
#11255 = DIRECTION('',(1.,0.));
#11256 = ( GEOMETRIC_REPRESENTATION_CONTEXT(2) 
PARAMETRIC_REPRESENTATION_CONTEXT() REPRESENTATION_CONTEXT('2D SPACE',''
  ) );
#11257 = PCURVE('',#11258,#11263);
#11258 = PLANE('',#11259);
#11259 = AXIS2_PLACEMENT_3D('',#11260,#11261,#11262);
#11260 = CARTESIAN_POINT('',(10.564453125,-1.384765625,2.65));
#11261 = DIRECTION('',(0.,0.,1.));
#11262 = DIRECTION('',(1.,0.,0.));
#11263 = DEFINITIONAL_REPRESENTATION('',(#11264),#11268);
#11264 = B_SPLINE_CURVE_WITH_KNOTS('',2,(#11265,#11266,#11267),
  .UNSPECIFIED.,.F.,.F.,(3,3),(0.,1.),.PIECEWISE_BEZIER_KNOTS.);
#11265 = CARTESIAN_POINT('',(2.1474609375,1.619140625));
#11266 = CARTESIAN_POINT('',(2.01953125,1.4375));
#11267 = CARTESIAN_POINT('',(1.775390625,1.3671875));
#11268 = ( GEOMETRIC_REPRESENTATION_CONTEXT(2) 
PARAMETRIC_REPRESENTATION_CONTEXT() REPRESENTATION_CONTEXT('2D SPACE',''
  ) );
#11269 = ADVANCED_FACE('',(#11270),#4430,.F.);
#11270 = FACE_BOUND('',#11271,.F.);
#11271 = EDGE_LOOP('',(#11272,#11295,#11296,#11297));
#11272 = ORIENTED_EDGE('',*,*,#11273,.T.);
#11273 = EDGE_CURVE('',#11274,#4387,#11276,.T.);
#11274 = VERTEX_POINT('',#11275);
#11275 = CARTESIAN_POINT('',(12.83984375,0.69140625,2.65));
#11276 = SURFACE_CURVE('',#11277,(#11281,#11288),.PCURVE_S1.);
#11277 = LINE('',#11278,#11279);
#11278 = CARTESIAN_POINT('',(12.83984375,0.69140625,2.65));
#11279 = VECTOR('',#11280,1.);
#11280 = DIRECTION('',(0.,0.,1.));
#11281 = PCURVE('',#4430,#11282);
#11282 = DEFINITIONAL_REPRESENTATION('',(#11283),#11287);
#11283 = LINE('',#11284,#11285);
#11284 = CARTESIAN_POINT('',(0.,0.));
#11285 = VECTOR('',#11286,1.);
#11286 = DIRECTION('',(0.,-1.));
#11287 = ( GEOMETRIC_REPRESENTATION_CONTEXT(2) 
PARAMETRIC_REPRESENTATION_CONTEXT() REPRESENTATION_CONTEXT('2D SPACE',''
  ) );
#11288 = PCURVE('',#4402,#11289);
#11289 = DEFINITIONAL_REPRESENTATION('',(#11290),#11294);
#11290 = LINE('',#11291,#11292);
#11291 = CARTESIAN_POINT('',(1.,0.));
#11292 = VECTOR('',#11293,1.);
#11293 = DIRECTION('',(0.,-1.));
#11294 = ( GEOMETRIC_REPRESENTATION_CONTEXT(2) 
PARAMETRIC_REPRESENTATION_CONTEXT() REPRESENTATION_CONTEXT('2D SPACE',''
  ) );
#11295 = ORIENTED_EDGE('',*,*,#4416,.T.);
#11296 = ORIENTED_EDGE('',*,*,#11197,.F.);
#11297 = ORIENTED_EDGE('',*,*,#11298,.F.);
#11298 = EDGE_CURVE('',#11274,#11198,#11299,.T.);
#11299 = SURFACE_CURVE('',#11300,(#11304,#11311),.PCURVE_S1.);
#11300 = B_SPLINE_CURVE_WITH_KNOTS('',2,(#11301,#11302,#11303),
  .UNSPECIFIED.,.F.,.F.,(3,3),(0.,1.),.PIECEWISE_BEZIER_KNOTS.);
#11301 = CARTESIAN_POINT('',(12.83984375,0.69140625,2.65));
#11302 = CARTESIAN_POINT('',(12.83984375,0.416015625,2.65));
#11303 = CARTESIAN_POINT('',(12.7119140625,0.234375,2.65));
#11304 = PCURVE('',#4430,#11305);
#11305 = DEFINITIONAL_REPRESENTATION('',(#11306),#11310);
#11306 = LINE('',#11307,#11308);
#11307 = CARTESIAN_POINT('',(0.,0.));
#11308 = VECTOR('',#11309,1.);
#11309 = DIRECTION('',(1.,0.));
#11310 = ( GEOMETRIC_REPRESENTATION_CONTEXT(2) 
PARAMETRIC_REPRESENTATION_CONTEXT() REPRESENTATION_CONTEXT('2D SPACE',''
  ) );
#11311 = PCURVE('',#11258,#11312);
#11312 = DEFINITIONAL_REPRESENTATION('',(#11313),#11317);
#11313 = B_SPLINE_CURVE_WITH_KNOTS('',2,(#11314,#11315,#11316),
  .UNSPECIFIED.,.F.,.F.,(3,3),(0.,1.),.PIECEWISE_BEZIER_KNOTS.);
#11314 = CARTESIAN_POINT('',(2.275390625,2.076171875));
#11315 = CARTESIAN_POINT('',(2.275390625,1.80078125));
#11316 = CARTESIAN_POINT('',(2.1474609375,1.619140625));
#11317 = ( GEOMETRIC_REPRESENTATION_CONTEXT(2) 
PARAMETRIC_REPRESENTATION_CONTEXT() REPRESENTATION_CONTEXT('2D SPACE',''
  ) );
#11318 = ADVANCED_FACE('',(#11319),#4402,.F.);
#11319 = FACE_BOUND('',#11320,.F.);
#11320 = EDGE_LOOP('',(#11321,#11344,#11345,#11346));
#11321 = ORIENTED_EDGE('',*,*,#11322,.T.);
#11322 = EDGE_CURVE('',#11323,#4357,#11325,.T.);
#11323 = VERTEX_POINT('',#11324);
#11324 = CARTESIAN_POINT('',(12.59375,1.322265625,2.65));
#11325 = SURFACE_CURVE('',#11326,(#11330,#11337),.PCURVE_S1.);
#11326 = LINE('',#11327,#11328);
#11327 = CARTESIAN_POINT('',(12.59375,1.322265625,2.65));
#11328 = VECTOR('',#11329,1.);
#11329 = DIRECTION('',(0.,0.,1.));
#11330 = PCURVE('',#4402,#11331);
#11331 = DEFINITIONAL_REPRESENTATION('',(#11332),#11336);
#11332 = LINE('',#11333,#11334);
#11333 = CARTESIAN_POINT('',(0.,0.));
#11334 = VECTOR('',#11335,1.);
#11335 = DIRECTION('',(0.,-1.));
#11336 = ( GEOMETRIC_REPRESENTATION_CONTEXT(2) 
PARAMETRIC_REPRESENTATION_CONTEXT() REPRESENTATION_CONTEXT('2D SPACE',''
  ) );
#11337 = PCURVE('',#4372,#11338);
#11338 = DEFINITIONAL_REPRESENTATION('',(#11339),#11343);
#11339 = LINE('',#11340,#11341);
#11340 = CARTESIAN_POINT('',(1.,0.));
#11341 = VECTOR('',#11342,1.);
#11342 = DIRECTION('',(0.,-1.));
#11343 = ( GEOMETRIC_REPRESENTATION_CONTEXT(2) 
PARAMETRIC_REPRESENTATION_CONTEXT() REPRESENTATION_CONTEXT('2D SPACE',''
  ) );
#11344 = ORIENTED_EDGE('',*,*,#4386,.T.);
#11345 = ORIENTED_EDGE('',*,*,#11273,.F.);
#11346 = ORIENTED_EDGE('',*,*,#11347,.F.);
#11347 = EDGE_CURVE('',#11323,#11274,#11348,.T.);
#11348 = SURFACE_CURVE('',#11349,(#11353,#11360),.PCURVE_S1.);
#11349 = B_SPLINE_CURVE_WITH_KNOTS('',2,(#11350,#11351,#11352),
  .UNSPECIFIED.,.F.,.F.,(3,3),(0.,1.),.PIECEWISE_BEZIER_KNOTS.);
#11350 = CARTESIAN_POINT('',(12.59375,1.322265625,2.65));
#11351 = CARTESIAN_POINT('',(12.83984375,1.11328125,2.65));
#11352 = CARTESIAN_POINT('',(12.83984375,0.69140625,2.65));
#11353 = PCURVE('',#4402,#11354);
#11354 = DEFINITIONAL_REPRESENTATION('',(#11355),#11359);
#11355 = LINE('',#11356,#11357);
#11356 = CARTESIAN_POINT('',(0.,0.));
#11357 = VECTOR('',#11358,1.);
#11358 = DIRECTION('',(1.,0.));
#11359 = ( GEOMETRIC_REPRESENTATION_CONTEXT(2) 
PARAMETRIC_REPRESENTATION_CONTEXT() REPRESENTATION_CONTEXT('2D SPACE',''
  ) );
#11360 = PCURVE('',#11258,#11361);
#11361 = DEFINITIONAL_REPRESENTATION('',(#11362),#11366);
#11362 = B_SPLINE_CURVE_WITH_KNOTS('',2,(#11363,#11364,#11365),
  .UNSPECIFIED.,.F.,.F.,(3,3),(0.,1.),.PIECEWISE_BEZIER_KNOTS.);
#11363 = CARTESIAN_POINT('',(2.029296875,2.70703125));
#11364 = CARTESIAN_POINT('',(2.275390625,2.498046875));
#11365 = CARTESIAN_POINT('',(2.275390625,2.076171875));
#11366 = ( GEOMETRIC_REPRESENTATION_CONTEXT(2) 
PARAMETRIC_REPRESENTATION_CONTEXT() REPRESENTATION_CONTEXT('2D SPACE',''
  ) );
#11367 = ADVANCED_FACE('',(#11368),#4372,.F.);
#11368 = FACE_BOUND('',#11369,.F.);
#11369 = EDGE_LOOP('',(#11370,#11393,#11394,#11395));
#11370 = ORIENTED_EDGE('',*,*,#11371,.T.);
#11371 = EDGE_CURVE('',#11372,#4329,#11374,.T.);
#11372 = VERTEX_POINT('',#11373);
#11373 = CARTESIAN_POINT('',(11.84765625,1.53125,2.65));
#11374 = SURFACE_CURVE('',#11375,(#11379,#11386),.PCURVE_S1.);
#11375 = LINE('',#11376,#11377);
#11376 = CARTESIAN_POINT('',(11.84765625,1.53125,2.65));
#11377 = VECTOR('',#11378,1.);
#11378 = DIRECTION('',(0.,0.,1.));
#11379 = PCURVE('',#4372,#11380);
#11380 = DEFINITIONAL_REPRESENTATION('',(#11381),#11385);
#11381 = LINE('',#11382,#11383);
#11382 = CARTESIAN_POINT('',(0.,0.));
#11383 = VECTOR('',#11384,1.);
#11384 = DIRECTION('',(0.,-1.));
#11385 = ( GEOMETRIC_REPRESENTATION_CONTEXT(2) 
PARAMETRIC_REPRESENTATION_CONTEXT() REPRESENTATION_CONTEXT('2D SPACE',''
  ) );
#11386 = PCURVE('',#4344,#11387);
#11387 = DEFINITIONAL_REPRESENTATION('',(#11388),#11392);
#11388 = LINE('',#11389,#11390);
#11389 = CARTESIAN_POINT('',(0.890625,0.));
#11390 = VECTOR('',#11391,1.);
#11391 = DIRECTION('',(0.,-1.));
#11392 = ( GEOMETRIC_REPRESENTATION_CONTEXT(2) 
PARAMETRIC_REPRESENTATION_CONTEXT() REPRESENTATION_CONTEXT('2D SPACE',''
  ) );
#11393 = ORIENTED_EDGE('',*,*,#4356,.T.);
#11394 = ORIENTED_EDGE('',*,*,#11322,.F.);
#11395 = ORIENTED_EDGE('',*,*,#11396,.F.);
#11396 = EDGE_CURVE('',#11372,#11323,#11397,.T.);
#11397 = SURFACE_CURVE('',#11398,(#11402,#11409),.PCURVE_S1.);
#11398 = B_SPLINE_CURVE_WITH_KNOTS('',2,(#11399,#11400,#11401),
  .UNSPECIFIED.,.F.,.F.,(3,3),(0.,1.),.PIECEWISE_BEZIER_KNOTS.);
#11399 = CARTESIAN_POINT('',(11.84765625,1.53125,2.65));
#11400 = CARTESIAN_POINT('',(12.34765625,1.53125,2.65));
#11401 = CARTESIAN_POINT('',(12.59375,1.322265625,2.65));
#11402 = PCURVE('',#4372,#11403);
#11403 = DEFINITIONAL_REPRESENTATION('',(#11404),#11408);
#11404 = LINE('',#11405,#11406);
#11405 = CARTESIAN_POINT('',(0.,0.));
#11406 = VECTOR('',#11407,1.);
#11407 = DIRECTION('',(1.,0.));
#11408 = ( GEOMETRIC_REPRESENTATION_CONTEXT(2) 
PARAMETRIC_REPRESENTATION_CONTEXT() REPRESENTATION_CONTEXT('2D SPACE',''
  ) );
#11409 = PCURVE('',#11258,#11410);
#11410 = DEFINITIONAL_REPRESENTATION('',(#11411),#11415);
#11411 = B_SPLINE_CURVE_WITH_KNOTS('',2,(#11412,#11413,#11414),
  .UNSPECIFIED.,.F.,.F.,(3,3),(0.,1.),.PIECEWISE_BEZIER_KNOTS.);
#11412 = CARTESIAN_POINT('',(1.283203125,2.916015625));
#11413 = CARTESIAN_POINT('',(1.783203125,2.916015625));
#11414 = CARTESIAN_POINT('',(2.029296875,2.70703125));
#11415 = ( GEOMETRIC_REPRESENTATION_CONTEXT(2) 
PARAMETRIC_REPRESENTATION_CONTEXT() REPRESENTATION_CONTEXT('2D SPACE',''
  ) );
#11416 = ADVANCED_FACE('',(#11417),#4344,.F.);
#11417 = FACE_BOUND('',#11418,.F.);
#11418 = EDGE_LOOP('',(#11419,#11442,#11443,#11444));
#11419 = ORIENTED_EDGE('',*,*,#11420,.T.);
#11420 = EDGE_CURVE('',#11421,#4301,#11423,.T.);
#11421 = VERTEX_POINT('',#11422);
#11422 = CARTESIAN_POINT('',(10.95703125,1.53125,2.65));
#11423 = SURFACE_CURVE('',#11424,(#11428,#11435),.PCURVE_S1.);
#11424 = LINE('',#11425,#11426);
#11425 = CARTESIAN_POINT('',(10.95703125,1.53125,2.65));
#11426 = VECTOR('',#11427,1.);
#11427 = DIRECTION('',(0.,0.,1.));
#11428 = PCURVE('',#4344,#11429);
#11429 = DEFINITIONAL_REPRESENTATION('',(#11430),#11434);
#11430 = LINE('',#11431,#11432);
#11431 = CARTESIAN_POINT('',(0.,0.));
#11432 = VECTOR('',#11433,1.);
#11433 = DIRECTION('',(0.,-1.));
#11434 = ( GEOMETRIC_REPRESENTATION_CONTEXT(2) 
PARAMETRIC_REPRESENTATION_CONTEXT() REPRESENTATION_CONTEXT('2D SPACE',''
  ) );
#11435 = PCURVE('',#4316,#11436);
#11436 = DEFINITIONAL_REPRESENTATION('',(#11437),#11441);
#11437 = LINE('',#11438,#11439);
#11438 = CARTESIAN_POINT('',(2.916015625,0.));
#11439 = VECTOR('',#11440,1.);
#11440 = DIRECTION('',(0.,-1.));
#11441 = ( GEOMETRIC_REPRESENTATION_CONTEXT(2) 
PARAMETRIC_REPRESENTATION_CONTEXT() REPRESENTATION_CONTEXT('2D SPACE',''
  ) );
#11442 = ORIENTED_EDGE('',*,*,#4328,.T.);
#11443 = ORIENTED_EDGE('',*,*,#11371,.F.);
#11444 = ORIENTED_EDGE('',*,*,#11445,.F.);
#11445 = EDGE_CURVE('',#11421,#11372,#11446,.T.);
#11446 = SURFACE_CURVE('',#11447,(#11451,#11458),.PCURVE_S1.);
#11447 = LINE('',#11448,#11449);
#11448 = CARTESIAN_POINT('',(10.95703125,1.53125,2.65));
#11449 = VECTOR('',#11450,1.);
#11450 = DIRECTION('',(1.,0.,0.));
#11451 = PCURVE('',#4344,#11452);
#11452 = DEFINITIONAL_REPRESENTATION('',(#11453),#11457);
#11453 = LINE('',#11454,#11455);
#11454 = CARTESIAN_POINT('',(0.,0.));
#11455 = VECTOR('',#11456,1.);
#11456 = DIRECTION('',(1.,0.));
#11457 = ( GEOMETRIC_REPRESENTATION_CONTEXT(2) 
PARAMETRIC_REPRESENTATION_CONTEXT() REPRESENTATION_CONTEXT('2D SPACE',''
  ) );
#11458 = PCURVE('',#11258,#11459);
#11459 = DEFINITIONAL_REPRESENTATION('',(#11460),#11464);
#11460 = LINE('',#11461,#11462);
#11461 = CARTESIAN_POINT('',(0.392578125,2.916015625));
#11462 = VECTOR('',#11463,1.);
#11463 = DIRECTION('',(1.,0.));
#11464 = ( GEOMETRIC_REPRESENTATION_CONTEXT(2) 
PARAMETRIC_REPRESENTATION_CONTEXT() REPRESENTATION_CONTEXT('2D SPACE',''
  ) );
#11465 = ADVANCED_FACE('',(#11466),#4316,.F.);
#11466 = FACE_BOUND('',#11467,.F.);
#11467 = EDGE_LOOP('',(#11468,#11491,#11492,#11493));
#11468 = ORIENTED_EDGE('',*,*,#11469,.T.);
#11469 = EDGE_CURVE('',#11470,#4273,#11472,.T.);
#11470 = VERTEX_POINT('',#11471);
#11471 = CARTESIAN_POINT('',(10.95703125,-1.384765625,2.65));
#11472 = SURFACE_CURVE('',#11473,(#11477,#11484),.PCURVE_S1.);
#11473 = LINE('',#11474,#11475);
#11474 = CARTESIAN_POINT('',(10.95703125,-1.384765625,2.65));
#11475 = VECTOR('',#11476,1.);
#11476 = DIRECTION('',(0.,0.,1.));
#11477 = PCURVE('',#4316,#11478);
#11478 = DEFINITIONAL_REPRESENTATION('',(#11479),#11483);
#11479 = LINE('',#11480,#11481);
#11480 = CARTESIAN_POINT('',(0.,0.));
#11481 = VECTOR('',#11482,1.);
#11482 = DIRECTION('',(0.,-1.));
#11483 = ( GEOMETRIC_REPRESENTATION_CONTEXT(2) 
PARAMETRIC_REPRESENTATION_CONTEXT() REPRESENTATION_CONTEXT('2D SPACE',''
  ) );
#11484 = PCURVE('',#4288,#11485);
#11485 = DEFINITIONAL_REPRESENTATION('',(#11486),#11490);
#11486 = LINE('',#11487,#11488);
#11487 = CARTESIAN_POINT('',(0.39453125,0.));
#11488 = VECTOR('',#11489,1.);
#11489 = DIRECTION('',(0.,-1.));
#11490 = ( GEOMETRIC_REPRESENTATION_CONTEXT(2) 
PARAMETRIC_REPRESENTATION_CONTEXT() REPRESENTATION_CONTEXT('2D SPACE',''
  ) );
#11491 = ORIENTED_EDGE('',*,*,#4300,.T.);
#11492 = ORIENTED_EDGE('',*,*,#11420,.F.);
#11493 = ORIENTED_EDGE('',*,*,#11494,.F.);
#11494 = EDGE_CURVE('',#11470,#11421,#11495,.T.);
#11495 = SURFACE_CURVE('',#11496,(#11500,#11507),.PCURVE_S1.);
#11496 = LINE('',#11497,#11498);
#11497 = CARTESIAN_POINT('',(10.95703125,-1.384765625,2.65));
#11498 = VECTOR('',#11499,1.);
#11499 = DIRECTION('',(0.,1.,0.));
#11500 = PCURVE('',#4316,#11501);
#11501 = DEFINITIONAL_REPRESENTATION('',(#11502),#11506);
#11502 = LINE('',#11503,#11504);
#11503 = CARTESIAN_POINT('',(0.,0.));
#11504 = VECTOR('',#11505,1.);
#11505 = DIRECTION('',(1.,0.));
#11506 = ( GEOMETRIC_REPRESENTATION_CONTEXT(2) 
PARAMETRIC_REPRESENTATION_CONTEXT() REPRESENTATION_CONTEXT('2D SPACE',''
  ) );
#11507 = PCURVE('',#11258,#11508);
#11508 = DEFINITIONAL_REPRESENTATION('',(#11509),#11513);
#11509 = LINE('',#11510,#11511);
#11510 = CARTESIAN_POINT('',(0.392578125,0.));
#11511 = VECTOR('',#11512,1.);
#11512 = DIRECTION('',(0.,1.));
#11513 = ( GEOMETRIC_REPRESENTATION_CONTEXT(2) 
PARAMETRIC_REPRESENTATION_CONTEXT() REPRESENTATION_CONTEXT('2D SPACE',''
  ) );
#11514 = ADVANCED_FACE('',(#11515),#4288,.F.);
#11515 = FACE_BOUND('',#11516,.F.);
#11516 = EDGE_LOOP('',(#11517,#11540,#11541,#11542));
#11517 = ORIENTED_EDGE('',*,*,#11518,.T.);
#11518 = EDGE_CURVE('',#11519,#4245,#11521,.T.);
#11519 = VERTEX_POINT('',#11520);
#11520 = CARTESIAN_POINT('',(11.3515625,-1.384765625,2.65));
#11521 = SURFACE_CURVE('',#11522,(#11526,#11533),.PCURVE_S1.);
#11522 = LINE('',#11523,#11524);
#11523 = CARTESIAN_POINT('',(11.3515625,-1.384765625,2.65));
#11524 = VECTOR('',#11525,1.);
#11525 = DIRECTION('',(0.,0.,1.));
#11526 = PCURVE('',#4288,#11527);
#11527 = DEFINITIONAL_REPRESENTATION('',(#11528),#11532);
#11528 = LINE('',#11529,#11530);
#11529 = CARTESIAN_POINT('',(0.,-0.));
#11530 = VECTOR('',#11531,1.);
#11531 = DIRECTION('',(0.,-1.));
#11532 = ( GEOMETRIC_REPRESENTATION_CONTEXT(2) 
PARAMETRIC_REPRESENTATION_CONTEXT() REPRESENTATION_CONTEXT('2D SPACE',''
  ) );
#11533 = PCURVE('',#4260,#11534);
#11534 = DEFINITIONAL_REPRESENTATION('',(#11535),#11539);
#11535 = LINE('',#11536,#11537);
#11536 = CARTESIAN_POINT('',(1.232421875,0.));
#11537 = VECTOR('',#11538,1.);
#11538 = DIRECTION('',(0.,-1.));
#11539 = ( GEOMETRIC_REPRESENTATION_CONTEXT(2) 
PARAMETRIC_REPRESENTATION_CONTEXT() REPRESENTATION_CONTEXT('2D SPACE',''
  ) );
#11540 = ORIENTED_EDGE('',*,*,#4272,.T.);
#11541 = ORIENTED_EDGE('',*,*,#11469,.F.);
#11542 = ORIENTED_EDGE('',*,*,#11543,.F.);
#11543 = EDGE_CURVE('',#11519,#11470,#11544,.T.);
#11544 = SURFACE_CURVE('',#11545,(#11549,#11556),.PCURVE_S1.);
#11545 = LINE('',#11546,#11547);
#11546 = CARTESIAN_POINT('',(11.3515625,-1.384765625,2.65));
#11547 = VECTOR('',#11548,1.);
#11548 = DIRECTION('',(-1.,0.,0.));
#11549 = PCURVE('',#4288,#11550);
#11550 = DEFINITIONAL_REPRESENTATION('',(#11551),#11555);
#11551 = LINE('',#11552,#11553);
#11552 = CARTESIAN_POINT('',(0.,-0.));
#11553 = VECTOR('',#11554,1.);
#11554 = DIRECTION('',(1.,0.));
#11555 = ( GEOMETRIC_REPRESENTATION_CONTEXT(2) 
PARAMETRIC_REPRESENTATION_CONTEXT() REPRESENTATION_CONTEXT('2D SPACE',''
  ) );
#11556 = PCURVE('',#11258,#11557);
#11557 = DEFINITIONAL_REPRESENTATION('',(#11558),#11562);
#11558 = LINE('',#11559,#11560);
#11559 = CARTESIAN_POINT('',(0.787109375,0.));
#11560 = VECTOR('',#11561,1.);
#11561 = DIRECTION('',(-1.,0.));
#11562 = ( GEOMETRIC_REPRESENTATION_CONTEXT(2) 
PARAMETRIC_REPRESENTATION_CONTEXT() REPRESENTATION_CONTEXT('2D SPACE',''
  ) );
#11563 = ADVANCED_FACE('',(#11564),#4260,.F.);
#11564 = FACE_BOUND('',#11565,.F.);
#11565 = EDGE_LOOP('',(#11566,#11589,#11590,#11591));
#11566 = ORIENTED_EDGE('',*,*,#11567,.T.);
#11567 = EDGE_CURVE('',#11568,#4217,#11570,.T.);
#11568 = VERTEX_POINT('',#11569);
#11569 = CARTESIAN_POINT('',(11.3515625,-0.15234375,2.65));
#11570 = SURFACE_CURVE('',#11571,(#11575,#11582),.PCURVE_S1.);
#11571 = LINE('',#11572,#11573);
#11572 = CARTESIAN_POINT('',(11.3515625,-0.15234375,2.65));
#11573 = VECTOR('',#11574,1.);
#11574 = DIRECTION('',(0.,0.,1.));
#11575 = PCURVE('',#4260,#11576);
#11576 = DEFINITIONAL_REPRESENTATION('',(#11577),#11581);
#11577 = LINE('',#11578,#11579);
#11578 = CARTESIAN_POINT('',(0.,0.));
#11579 = VECTOR('',#11580,1.);
#11580 = DIRECTION('',(0.,-1.));
#11581 = ( GEOMETRIC_REPRESENTATION_CONTEXT(2) 
PARAMETRIC_REPRESENTATION_CONTEXT() REPRESENTATION_CONTEXT('2D SPACE',''
  ) );
#11582 = PCURVE('',#4232,#11583);
#11583 = DEFINITIONAL_REPRESENTATION('',(#11584),#11588);
#11584 = LINE('',#11585,#11586);
#11585 = CARTESIAN_POINT('',(0.4296875,0.));
#11586 = VECTOR('',#11587,1.);
#11587 = DIRECTION('',(0.,-1.));
#11588 = ( GEOMETRIC_REPRESENTATION_CONTEXT(2) 
PARAMETRIC_REPRESENTATION_CONTEXT() REPRESENTATION_CONTEXT('2D SPACE',''
  ) );
#11589 = ORIENTED_EDGE('',*,*,#4244,.T.);
#11590 = ORIENTED_EDGE('',*,*,#11518,.F.);
#11591 = ORIENTED_EDGE('',*,*,#11592,.F.);
#11592 = EDGE_CURVE('',#11568,#11519,#11593,.T.);
#11593 = SURFACE_CURVE('',#11594,(#11598,#11605),.PCURVE_S1.);
#11594 = LINE('',#11595,#11596);
#11595 = CARTESIAN_POINT('',(11.3515625,-0.15234375,2.65));
#11596 = VECTOR('',#11597,1.);
#11597 = DIRECTION('',(0.,-1.,0.));
#11598 = PCURVE('',#4260,#11599);
#11599 = DEFINITIONAL_REPRESENTATION('',(#11600),#11604);
#11600 = LINE('',#11601,#11602);
#11601 = CARTESIAN_POINT('',(0.,0.));
#11602 = VECTOR('',#11603,1.);
#11603 = DIRECTION('',(1.,0.));
#11604 = ( GEOMETRIC_REPRESENTATION_CONTEXT(2) 
PARAMETRIC_REPRESENTATION_CONTEXT() REPRESENTATION_CONTEXT('2D SPACE',''
  ) );
#11605 = PCURVE('',#11258,#11606);
#11606 = DEFINITIONAL_REPRESENTATION('',(#11607),#11611);
#11607 = LINE('',#11608,#11609);
#11608 = CARTESIAN_POINT('',(0.787109375,1.232421875));
#11609 = VECTOR('',#11610,1.);
#11610 = DIRECTION('',(0.,-1.));
#11611 = ( GEOMETRIC_REPRESENTATION_CONTEXT(2) 
PARAMETRIC_REPRESENTATION_CONTEXT() REPRESENTATION_CONTEXT('2D SPACE',''
  ) );
#11612 = ADVANCED_FACE('',(#11613),#4232,.F.);
#11613 = FACE_BOUND('',#11614,.F.);
#11614 = EDGE_LOOP('',(#11615,#11638,#11639,#11640));
#11615 = ORIENTED_EDGE('',*,*,#11616,.T.);
#11616 = EDGE_CURVE('',#11617,#4187,#11619,.T.);
#11617 = VERTEX_POINT('',#11618);
#11618 = CARTESIAN_POINT('',(11.78125,-0.15234375,2.65));
#11619 = SURFACE_CURVE('',#11620,(#11624,#11631),.PCURVE_S1.);
#11620 = LINE('',#11621,#11622);
#11621 = CARTESIAN_POINT('',(11.78125,-0.15234375,2.65));
#11622 = VECTOR('',#11623,1.);
#11623 = DIRECTION('',(0.,0.,1.));
#11624 = PCURVE('',#4232,#11625);
#11625 = DEFINITIONAL_REPRESENTATION('',(#11626),#11630);
#11626 = LINE('',#11627,#11628);
#11627 = CARTESIAN_POINT('',(0.,-0.));
#11628 = VECTOR('',#11629,1.);
#11629 = DIRECTION('',(0.,-1.));
#11630 = ( GEOMETRIC_REPRESENTATION_CONTEXT(2) 
PARAMETRIC_REPRESENTATION_CONTEXT() REPRESENTATION_CONTEXT('2D SPACE',''
  ) );
#11631 = PCURVE('',#4202,#11632);
#11632 = DEFINITIONAL_REPRESENTATION('',(#11633),#11637);
#11633 = LINE('',#11634,#11635);
#11634 = CARTESIAN_POINT('',(1.,0.));
#11635 = VECTOR('',#11636,1.);
#11636 = DIRECTION('',(0.,-1.));
#11637 = ( GEOMETRIC_REPRESENTATION_CONTEXT(2) 
PARAMETRIC_REPRESENTATION_CONTEXT() REPRESENTATION_CONTEXT('2D SPACE',''
  ) );
#11638 = ORIENTED_EDGE('',*,*,#4216,.T.);
#11639 = ORIENTED_EDGE('',*,*,#11567,.F.);
#11640 = ORIENTED_EDGE('',*,*,#11641,.F.);
#11641 = EDGE_CURVE('',#11617,#11568,#11642,.T.);
#11642 = SURFACE_CURVE('',#11643,(#11647,#11654),.PCURVE_S1.);
#11643 = LINE('',#11644,#11645);
#11644 = CARTESIAN_POINT('',(11.78125,-0.15234375,2.65));
#11645 = VECTOR('',#11646,1.);
#11646 = DIRECTION('',(-1.,0.,0.));
#11647 = PCURVE('',#4232,#11648);
#11648 = DEFINITIONAL_REPRESENTATION('',(#11649),#11653);
#11649 = LINE('',#11650,#11651);
#11650 = CARTESIAN_POINT('',(0.,-0.));
#11651 = VECTOR('',#11652,1.);
#11652 = DIRECTION('',(1.,0.));
#11653 = ( GEOMETRIC_REPRESENTATION_CONTEXT(2) 
PARAMETRIC_REPRESENTATION_CONTEXT() REPRESENTATION_CONTEXT('2D SPACE',''
  ) );
#11654 = PCURVE('',#11258,#11655);
#11655 = DEFINITIONAL_REPRESENTATION('',(#11656),#11660);
#11656 = LINE('',#11657,#11658);
#11657 = CARTESIAN_POINT('',(1.216796875,1.232421875));
#11658 = VECTOR('',#11659,1.);
#11659 = DIRECTION('',(-1.,0.));
#11660 = ( GEOMETRIC_REPRESENTATION_CONTEXT(2) 
PARAMETRIC_REPRESENTATION_CONTEXT() REPRESENTATION_CONTEXT('2D SPACE',''
  ) );
#11661 = ADVANCED_FACE('',(#11662),#4202,.F.);
#11662 = FACE_BOUND('',#11663,.F.);
#11663 = EDGE_LOOP('',(#11664,#11687,#11688,#11689));
#11664 = ORIENTED_EDGE('',*,*,#11665,.T.);
#11665 = EDGE_CURVE('',#11666,#4157,#11668,.T.);
#11666 = VERTEX_POINT('',#11667);
#11667 = CARTESIAN_POINT('',(12.1513671875,-0.248046875,2.65));
#11668 = SURFACE_CURVE('',#11669,(#11673,#11680),.PCURVE_S1.);
#11669 = LINE('',#11670,#11671);
#11670 = CARTESIAN_POINT('',(12.1513671875,-0.248046875,2.65));
#11671 = VECTOR('',#11672,1.);
#11672 = DIRECTION('',(0.,0.,1.));
#11673 = PCURVE('',#4202,#11674);
#11674 = DEFINITIONAL_REPRESENTATION('',(#11675),#11679);
#11675 = LINE('',#11676,#11677);
#11676 = CARTESIAN_POINT('',(0.,0.));
#11677 = VECTOR('',#11678,1.);
#11678 = DIRECTION('',(0.,-1.));
#11679 = ( GEOMETRIC_REPRESENTATION_CONTEXT(2) 
PARAMETRIC_REPRESENTATION_CONTEXT() REPRESENTATION_CONTEXT('2D SPACE',''
  ) );
#11680 = PCURVE('',#4172,#11681);
#11681 = DEFINITIONAL_REPRESENTATION('',(#11682),#11686);
#11682 = LINE('',#11683,#11684);
#11683 = CARTESIAN_POINT('',(1.,0.));
#11684 = VECTOR('',#11685,1.);
#11685 = DIRECTION('',(0.,-1.));
#11686 = ( GEOMETRIC_REPRESENTATION_CONTEXT(2) 
PARAMETRIC_REPRESENTATION_CONTEXT() REPRESENTATION_CONTEXT('2D SPACE',''
  ) );
#11687 = ORIENTED_EDGE('',*,*,#4186,.T.);
#11688 = ORIENTED_EDGE('',*,*,#11616,.F.);
#11689 = ORIENTED_EDGE('',*,*,#11690,.F.);
#11690 = EDGE_CURVE('',#11666,#11617,#11691,.T.);
#11691 = SURFACE_CURVE('',#11692,(#11696,#11703),.PCURVE_S1.);
#11692 = B_SPLINE_CURVE_WITH_KNOTS('',2,(#11693,#11694,#11695),
  .UNSPECIFIED.,.F.,.F.,(3,3),(0.,1.),.PIECEWISE_BEZIER_KNOTS.);
#11693 = CARTESIAN_POINT('',(12.1513671875,-0.248046875,2.65));
#11694 = CARTESIAN_POINT('',(12.015625,-0.15234375,2.65));
#11695 = CARTESIAN_POINT('',(11.78125,-0.15234375,2.65));
#11696 = PCURVE('',#4202,#11697);
#11697 = DEFINITIONAL_REPRESENTATION('',(#11698),#11702);
#11698 = LINE('',#11699,#11700);
#11699 = CARTESIAN_POINT('',(0.,0.));
#11700 = VECTOR('',#11701,1.);
#11701 = DIRECTION('',(1.,0.));
#11702 = ( GEOMETRIC_REPRESENTATION_CONTEXT(2) 
PARAMETRIC_REPRESENTATION_CONTEXT() REPRESENTATION_CONTEXT('2D SPACE',''
  ) );
#11703 = PCURVE('',#11258,#11704);
#11704 = DEFINITIONAL_REPRESENTATION('',(#11705),#11709);
#11705 = B_SPLINE_CURVE_WITH_KNOTS('',2,(#11706,#11707,#11708),
  .UNSPECIFIED.,.F.,.F.,(3,3),(0.,1.),.PIECEWISE_BEZIER_KNOTS.);
#11706 = CARTESIAN_POINT('',(1.5869140625,1.13671875));
#11707 = CARTESIAN_POINT('',(1.451171875,1.232421875));
#11708 = CARTESIAN_POINT('',(1.216796875,1.232421875));
#11709 = ( GEOMETRIC_REPRESENTATION_CONTEXT(2) 
PARAMETRIC_REPRESENTATION_CONTEXT() REPRESENTATION_CONTEXT('2D SPACE',''
  ) );
#11710 = ADVANCED_FACE('',(#11711),#4172,.F.);
#11711 = FACE_BOUND('',#11712,.F.);
#11712 = EDGE_LOOP('',(#11713,#11736,#11737,#11738));
#11713 = ORIENTED_EDGE('',*,*,#11714,.T.);
#11714 = EDGE_CURVE('',#11715,#4129,#11717,.T.);
#11715 = VERTEX_POINT('',#11716);
#11716 = CARTESIAN_POINT('',(12.431640625,-0.63671875,2.65));
#11717 = SURFACE_CURVE('',#11718,(#11722,#11729),.PCURVE_S1.);
#11718 = LINE('',#11719,#11720);
#11719 = CARTESIAN_POINT('',(12.431640625,-0.63671875,2.65));
#11720 = VECTOR('',#11721,1.);
#11721 = DIRECTION('',(0.,0.,1.));
#11722 = PCURVE('',#4172,#11723);
#11723 = DEFINITIONAL_REPRESENTATION('',(#11724),#11728);
#11724 = LINE('',#11725,#11726);
#11725 = CARTESIAN_POINT('',(0.,0.));
#11726 = VECTOR('',#11727,1.);
#11727 = DIRECTION('',(0.,-1.));
#11728 = ( GEOMETRIC_REPRESENTATION_CONTEXT(2) 
PARAMETRIC_REPRESENTATION_CONTEXT() REPRESENTATION_CONTEXT('2D SPACE',''
  ) );
#11729 = PCURVE('',#4144,#11730);
#11730 = DEFINITIONAL_REPRESENTATION('',(#11731),#11735);
#11731 = LINE('',#11732,#11733);
#11732 = CARTESIAN_POINT('',(0.835905555756,0.));
#11733 = VECTOR('',#11734,1.);
#11734 = DIRECTION('',(0.,-1.));
#11735 = ( GEOMETRIC_REPRESENTATION_CONTEXT(2) 
PARAMETRIC_REPRESENTATION_CONTEXT() REPRESENTATION_CONTEXT('2D SPACE',''
  ) );
#11736 = ORIENTED_EDGE('',*,*,#4156,.T.);
#11737 = ORIENTED_EDGE('',*,*,#11665,.F.);
#11738 = ORIENTED_EDGE('',*,*,#11739,.F.);
#11739 = EDGE_CURVE('',#11715,#11666,#11740,.T.);
#11740 = SURFACE_CURVE('',#11741,(#11745,#11752),.PCURVE_S1.);
#11741 = B_SPLINE_CURVE_WITH_KNOTS('',2,(#11742,#11743,#11744),
  .UNSPECIFIED.,.F.,.F.,(3,3),(0.,1.),.PIECEWISE_BEZIER_KNOTS.);
#11742 = CARTESIAN_POINT('',(12.431640625,-0.63671875,2.65));
#11743 = CARTESIAN_POINT('',(12.287109375,-0.34375,2.65));
#11744 = CARTESIAN_POINT('',(12.1513671875,-0.248046875,2.65));
#11745 = PCURVE('',#4172,#11746);
#11746 = DEFINITIONAL_REPRESENTATION('',(#11747),#11751);
#11747 = LINE('',#11748,#11749);
#11748 = CARTESIAN_POINT('',(0.,0.));
#11749 = VECTOR('',#11750,1.);
#11750 = DIRECTION('',(1.,0.));
#11751 = ( GEOMETRIC_REPRESENTATION_CONTEXT(2) 
PARAMETRIC_REPRESENTATION_CONTEXT() REPRESENTATION_CONTEXT('2D SPACE',''
  ) );
#11752 = PCURVE('',#11258,#11753);
#11753 = DEFINITIONAL_REPRESENTATION('',(#11754),#11758);
#11754 = B_SPLINE_CURVE_WITH_KNOTS('',2,(#11755,#11756,#11757),
  .UNSPECIFIED.,.F.,.F.,(3,3),(0.,1.),.PIECEWISE_BEZIER_KNOTS.);
#11755 = CARTESIAN_POINT('',(1.8671875,0.748046875));
#11756 = CARTESIAN_POINT('',(1.72265625,1.041015625));
#11757 = CARTESIAN_POINT('',(1.5869140625,1.13671875));
#11758 = ( GEOMETRIC_REPRESENTATION_CONTEXT(2) 
PARAMETRIC_REPRESENTATION_CONTEXT() REPRESENTATION_CONTEXT('2D SPACE',''
  ) );
#11759 = ADVANCED_FACE('',(#11760),#4144,.F.);
#11760 = FACE_BOUND('',#11761,.F.);
#11761 = EDGE_LOOP('',(#11762,#11785,#11786,#11787));
#11762 = ORIENTED_EDGE('',*,*,#11763,.T.);
#11763 = EDGE_CURVE('',#11764,#4101,#11766,.T.);
#11764 = VERTEX_POINT('',#11765);
#11765 = CARTESIAN_POINT('',(12.8046875,-1.384765625,2.65));
#11766 = SURFACE_CURVE('',#11767,(#11771,#11778),.PCURVE_S1.);
#11767 = LINE('',#11768,#11769);
#11768 = CARTESIAN_POINT('',(12.8046875,-1.384765625,2.65));
#11769 = VECTOR('',#11770,1.);
#11770 = DIRECTION('',(0.,0.,1.));
#11771 = PCURVE('',#4144,#11772);
#11772 = DEFINITIONAL_REPRESENTATION('',(#11773),#11777);
#11773 = LINE('',#11774,#11775);
#11774 = CARTESIAN_POINT('',(0.,0.));
#11775 = VECTOR('',#11776,1.);
#11776 = DIRECTION('',(0.,-1.));
#11777 = ( GEOMETRIC_REPRESENTATION_CONTEXT(2) 
PARAMETRIC_REPRESENTATION_CONTEXT() REPRESENTATION_CONTEXT('2D SPACE',''
  ) );
#11778 = PCURVE('',#4116,#11779);
#11779 = DEFINITIONAL_REPRESENTATION('',(#11780),#11784);
#11780 = LINE('',#11781,#11782);
#11781 = CARTESIAN_POINT('',(0.423828125,0.));
#11782 = VECTOR('',#11783,1.);
#11783 = DIRECTION('',(0.,-1.));
#11784 = ( GEOMETRIC_REPRESENTATION_CONTEXT(2) 
PARAMETRIC_REPRESENTATION_CONTEXT() REPRESENTATION_CONTEXT('2D SPACE',''
  ) );
#11785 = ORIENTED_EDGE('',*,*,#4128,.T.);
#11786 = ORIENTED_EDGE('',*,*,#11714,.F.);
#11787 = ORIENTED_EDGE('',*,*,#11788,.F.);
#11788 = EDGE_CURVE('',#11764,#11715,#11789,.T.);
#11789 = SURFACE_CURVE('',#11790,(#11794,#11801),.PCURVE_S1.);
#11790 = LINE('',#11791,#11792);
#11791 = CARTESIAN_POINT('',(12.8046875,-1.384765625,2.65));
#11792 = VECTOR('',#11793,1.);
#11793 = DIRECTION('',(-0.446278736193,0.894894010273,0.));
#11794 = PCURVE('',#4144,#11795);
#11795 = DEFINITIONAL_REPRESENTATION('',(#11796),#11800);
#11796 = LINE('',#11797,#11798);
#11797 = CARTESIAN_POINT('',(0.,0.));
#11798 = VECTOR('',#11799,1.);
#11799 = DIRECTION('',(1.,0.));
#11800 = ( GEOMETRIC_REPRESENTATION_CONTEXT(2) 
PARAMETRIC_REPRESENTATION_CONTEXT() REPRESENTATION_CONTEXT('2D SPACE',''
  ) );
#11801 = PCURVE('',#11258,#11802);
#11802 = DEFINITIONAL_REPRESENTATION('',(#11803),#11807);
#11803 = LINE('',#11804,#11805);
#11804 = CARTESIAN_POINT('',(2.240234375,0.));
#11805 = VECTOR('',#11806,1.);
#11806 = DIRECTION('',(-0.446278736193,0.894894010273));
#11807 = ( GEOMETRIC_REPRESENTATION_CONTEXT(2) 
PARAMETRIC_REPRESENTATION_CONTEXT() REPRESENTATION_CONTEXT('2D SPACE',''
  ) );
#11808 = ADVANCED_FACE('',(#11809),#4116,.F.);
#11809 = FACE_BOUND('',#11810,.F.);
#11810 = EDGE_LOOP('',(#11811,#11834,#11835,#11836));
#11811 = ORIENTED_EDGE('',*,*,#11812,.T.);
#11812 = EDGE_CURVE('',#11813,#4073,#11815,.T.);
#11813 = VERTEX_POINT('',#11814);
#11814 = CARTESIAN_POINT('',(13.228515625,-1.384765625,2.65));
#11815 = SURFACE_CURVE('',#11816,(#11820,#11827),.PCURVE_S1.);
#11816 = LINE('',#11817,#11818);
#11817 = CARTESIAN_POINT('',(13.228515625,-1.384765625,2.65));
#11818 = VECTOR('',#11819,1.);
#11819 = DIRECTION('',(0.,0.,1.));
#11820 = PCURVE('',#4116,#11821);
#11821 = DEFINITIONAL_REPRESENTATION('',(#11822),#11826);
#11822 = LINE('',#11823,#11824);
#11823 = CARTESIAN_POINT('',(0.,-0.));
#11824 = VECTOR('',#11825,1.);
#11825 = DIRECTION('',(0.,-1.));
#11826 = ( GEOMETRIC_REPRESENTATION_CONTEXT(2) 
PARAMETRIC_REPRESENTATION_CONTEXT() REPRESENTATION_CONTEXT('2D SPACE',''
  ) );
#11827 = PCURVE('',#4088,#11828);
#11828 = DEFINITIONAL_REPRESENTATION('',(#11829),#11833);
#11829 = LINE('',#11830,#11831);
#11830 = CARTESIAN_POINT('',(0.891808509834,0.));
#11831 = VECTOR('',#11832,1.);
#11832 = DIRECTION('',(0.,-1.));
#11833 = ( GEOMETRIC_REPRESENTATION_CONTEXT(2) 
PARAMETRIC_REPRESENTATION_CONTEXT() REPRESENTATION_CONTEXT('2D SPACE',''
  ) );
#11834 = ORIENTED_EDGE('',*,*,#4100,.T.);
#11835 = ORIENTED_EDGE('',*,*,#11763,.F.);
#11836 = ORIENTED_EDGE('',*,*,#11837,.F.);
#11837 = EDGE_CURVE('',#11813,#11764,#11838,.T.);
#11838 = SURFACE_CURVE('',#11839,(#11843,#11850),.PCURVE_S1.);
#11839 = LINE('',#11840,#11841);
#11840 = CARTESIAN_POINT('',(13.228515625,-1.384765625,2.65));
#11841 = VECTOR('',#11842,1.);
#11842 = DIRECTION('',(-1.,0.,0.));
#11843 = PCURVE('',#4116,#11844);
#11844 = DEFINITIONAL_REPRESENTATION('',(#11845),#11849);
#11845 = LINE('',#11846,#11847);
#11846 = CARTESIAN_POINT('',(0.,-0.));
#11847 = VECTOR('',#11848,1.);
#11848 = DIRECTION('',(1.,0.));
#11849 = ( GEOMETRIC_REPRESENTATION_CONTEXT(2) 
PARAMETRIC_REPRESENTATION_CONTEXT() REPRESENTATION_CONTEXT('2D SPACE',''
  ) );
#11850 = PCURVE('',#11258,#11851);
#11851 = DEFINITIONAL_REPRESENTATION('',(#11852),#11856);
#11852 = LINE('',#11853,#11854);
#11853 = CARTESIAN_POINT('',(2.6640625,0.));
#11854 = VECTOR('',#11855,1.);
#11855 = DIRECTION('',(-1.,0.));
#11856 = ( GEOMETRIC_REPRESENTATION_CONTEXT(2) 
PARAMETRIC_REPRESENTATION_CONTEXT() REPRESENTATION_CONTEXT('2D SPACE',''
  ) );
#11857 = ADVANCED_FACE('',(#11858),#4088,.F.);
#11858 = FACE_BOUND('',#11859,.F.);
#11859 = EDGE_LOOP('',(#11860,#11883,#11884,#11885));
#11860 = ORIENTED_EDGE('',*,*,#11861,.T.);
#11861 = EDGE_CURVE('',#11862,#4043,#11864,.T.);
#11862 = VERTEX_POINT('',#11863);
#11863 = CARTESIAN_POINT('',(12.828125,-0.587890625,2.65));
#11864 = SURFACE_CURVE('',#11865,(#11869,#11876),.PCURVE_S1.);
#11865 = LINE('',#11866,#11867);
#11866 = CARTESIAN_POINT('',(12.828125,-0.587890625,2.65));
#11867 = VECTOR('',#11868,1.);
#11868 = DIRECTION('',(0.,0.,1.));
#11869 = PCURVE('',#4088,#11870);
#11870 = DEFINITIONAL_REPRESENTATION('',(#11871),#11875);
#11871 = LINE('',#11872,#11873);
#11872 = CARTESIAN_POINT('',(0.,0.));
#11873 = VECTOR('',#11874,1.);
#11874 = DIRECTION('',(0.,-1.));
#11875 = ( GEOMETRIC_REPRESENTATION_CONTEXT(2) 
PARAMETRIC_REPRESENTATION_CONTEXT() REPRESENTATION_CONTEXT('2D SPACE',''
  ) );
#11876 = PCURVE('',#4058,#11877);
#11877 = DEFINITIONAL_REPRESENTATION('',(#11878),#11882);
#11878 = LINE('',#11879,#11880);
#11879 = CARTESIAN_POINT('',(1.,0.));
#11880 = VECTOR('',#11881,1.);
#11881 = DIRECTION('',(0.,-1.));
#11882 = ( GEOMETRIC_REPRESENTATION_CONTEXT(2) 
PARAMETRIC_REPRESENTATION_CONTEXT() REPRESENTATION_CONTEXT('2D SPACE',''
  ) );
#11883 = ORIENTED_EDGE('',*,*,#4072,.T.);
#11884 = ORIENTED_EDGE('',*,*,#11812,.F.);
#11885 = ORIENTED_EDGE('',*,*,#11886,.F.);
#11886 = EDGE_CURVE('',#11862,#11813,#11887,.T.);
#11887 = SURFACE_CURVE('',#11888,(#11892,#11899),.PCURVE_S1.);
#11888 = LINE('',#11889,#11890);
#11889 = CARTESIAN_POINT('',(12.828125,-0.587890625,2.65));
#11890 = VECTOR('',#11891,1.);
#11891 = DIRECTION('',(0.448964795228,-0.893549446112,0.));
#11892 = PCURVE('',#4088,#11893);
#11893 = DEFINITIONAL_REPRESENTATION('',(#11894),#11898);
#11894 = LINE('',#11895,#11896);
#11895 = CARTESIAN_POINT('',(0.,0.));
#11896 = VECTOR('',#11897,1.);
#11897 = DIRECTION('',(1.,0.));
#11898 = ( GEOMETRIC_REPRESENTATION_CONTEXT(2) 
PARAMETRIC_REPRESENTATION_CONTEXT() REPRESENTATION_CONTEXT('2D SPACE',''
  ) );
#11899 = PCURVE('',#11258,#11900);
#11900 = DEFINITIONAL_REPRESENTATION('',(#11901),#11905);
#11901 = LINE('',#11902,#11903);
#11902 = CARTESIAN_POINT('',(2.263671875,0.796875));
#11903 = VECTOR('',#11904,1.);
#11904 = DIRECTION('',(0.448964795228,-0.893549446112));
#11905 = ( GEOMETRIC_REPRESENTATION_CONTEXT(2) 
PARAMETRIC_REPRESENTATION_CONTEXT() REPRESENTATION_CONTEXT('2D SPACE',''
  ) );
#11906 = ADVANCED_FACE('',(#11907),#4058,.F.);
#11907 = FACE_BOUND('',#11908,.F.);
#11908 = EDGE_LOOP('',(#11909,#11932,#11933,#11934));
#11909 = ORIENTED_EDGE('',*,*,#11910,.T.);
#11910 = EDGE_CURVE('',#11911,#4013,#11913,.T.);
#11911 = VERTEX_POINT('',#11912);
#11912 = CARTESIAN_POINT('',(12.5869140625,-0.201171875,2.65));
#11913 = SURFACE_CURVE('',#11914,(#11918,#11925),.PCURVE_S1.);
#11914 = LINE('',#11915,#11916);
#11915 = CARTESIAN_POINT('',(12.5869140625,-0.201171875,2.65));
#11916 = VECTOR('',#11917,1.);
#11917 = DIRECTION('',(0.,0.,1.));
#11918 = PCURVE('',#4058,#11919);
#11919 = DEFINITIONAL_REPRESENTATION('',(#11920),#11924);
#11920 = LINE('',#11921,#11922);
#11921 = CARTESIAN_POINT('',(0.,0.));
#11922 = VECTOR('',#11923,1.);
#11923 = DIRECTION('',(0.,-1.));
#11924 = ( GEOMETRIC_REPRESENTATION_CONTEXT(2) 
PARAMETRIC_REPRESENTATION_CONTEXT() REPRESENTATION_CONTEXT('2D SPACE',''
  ) );
#11925 = PCURVE('',#4028,#11926);
#11926 = DEFINITIONAL_REPRESENTATION('',(#11927),#11931);
#11927 = LINE('',#11928,#11929);
#11928 = CARTESIAN_POINT('',(1.,0.));
#11929 = VECTOR('',#11930,1.);
#11930 = DIRECTION('',(0.,-1.));
#11931 = ( GEOMETRIC_REPRESENTATION_CONTEXT(2) 
PARAMETRIC_REPRESENTATION_CONTEXT() REPRESENTATION_CONTEXT('2D SPACE',''
  ) );
#11932 = ORIENTED_EDGE('',*,*,#4042,.T.);
#11933 = ORIENTED_EDGE('',*,*,#11861,.F.);
#11934 = ORIENTED_EDGE('',*,*,#11935,.F.);
#11935 = EDGE_CURVE('',#11911,#11862,#11936,.T.);
#11936 = SURFACE_CURVE('',#11937,(#11941,#11948),.PCURVE_S1.);
#11937 = B_SPLINE_CURVE_WITH_KNOTS('',2,(#11938,#11939,#11940),
  .UNSPECIFIED.,.F.,.F.,(3,3),(0.,1.),.PIECEWISE_BEZIER_KNOTS.);
#11938 = CARTESIAN_POINT('',(12.5869140625,-0.201171875,2.65));
#11939 = CARTESIAN_POINT('',(12.70703125,-0.341796875,2.65));
#11940 = CARTESIAN_POINT('',(12.828125,-0.587890625,2.65));
#11941 = PCURVE('',#4058,#11942);
#11942 = DEFINITIONAL_REPRESENTATION('',(#11943),#11947);
#11943 = LINE('',#11944,#11945);
#11944 = CARTESIAN_POINT('',(0.,0.));
#11945 = VECTOR('',#11946,1.);
#11946 = DIRECTION('',(1.,0.));
#11947 = ( GEOMETRIC_REPRESENTATION_CONTEXT(2) 
PARAMETRIC_REPRESENTATION_CONTEXT() REPRESENTATION_CONTEXT('2D SPACE',''
  ) );
#11948 = PCURVE('',#11258,#11949);
#11949 = DEFINITIONAL_REPRESENTATION('',(#11950),#11954);
#11950 = B_SPLINE_CURVE_WITH_KNOTS('',2,(#11951,#11952,#11953),
  .UNSPECIFIED.,.F.,.F.,(3,3),(0.,1.),.PIECEWISE_BEZIER_KNOTS.);
#11951 = CARTESIAN_POINT('',(2.0224609375,1.18359375));
#11952 = CARTESIAN_POINT('',(2.142578125,1.04296875));
#11953 = CARTESIAN_POINT('',(2.263671875,0.796875));
#11954 = ( GEOMETRIC_REPRESENTATION_CONTEXT(2) 
PARAMETRIC_REPRESENTATION_CONTEXT() REPRESENTATION_CONTEXT('2D SPACE',''
  ) );
#11955 = ADVANCED_FACE('',(#11956),#4028,.F.);
#11956 = FACE_BOUND('',#11957,.F.);
#11957 = EDGE_LOOP('',(#11958,#11959,#11960,#11961));
#11958 = ORIENTED_EDGE('',*,*,#11221,.T.);
#11959 = ORIENTED_EDGE('',*,*,#4012,.T.);
#11960 = ORIENTED_EDGE('',*,*,#11910,.F.);
#11961 = ORIENTED_EDGE('',*,*,#11962,.F.);
#11962 = EDGE_CURVE('',#11222,#11911,#11963,.T.);
#11963 = SURFACE_CURVE('',#11964,(#11968,#11975),.PCURVE_S1.);
#11964 = B_SPLINE_CURVE_WITH_KNOTS('',2,(#11965,#11966,#11967),
  .UNSPECIFIED.,.F.,.F.,(3,3),(0.,1.),.PIECEWISE_BEZIER_KNOTS.);
#11965 = CARTESIAN_POINT('',(12.33984375,-1.7578125E-02,2.65));
#11966 = CARTESIAN_POINT('',(12.466796875,-6.0546875E-02,2.65));
#11967 = CARTESIAN_POINT('',(12.5869140625,-0.201171875,2.65));
#11968 = PCURVE('',#4028,#11969);
#11969 = DEFINITIONAL_REPRESENTATION('',(#11970),#11974);
#11970 = LINE('',#11971,#11972);
#11971 = CARTESIAN_POINT('',(0.,0.));
#11972 = VECTOR('',#11973,1.);
#11973 = DIRECTION('',(1.,0.));
#11974 = ( GEOMETRIC_REPRESENTATION_CONTEXT(2) 
PARAMETRIC_REPRESENTATION_CONTEXT() REPRESENTATION_CONTEXT('2D SPACE',''
  ) );
#11975 = PCURVE('',#11258,#11976);
#11976 = DEFINITIONAL_REPRESENTATION('',(#11977),#11981);
#11977 = B_SPLINE_CURVE_WITH_KNOTS('',2,(#11978,#11979,#11980),
  .UNSPECIFIED.,.F.,.F.,(3,3),(0.,1.),.PIECEWISE_BEZIER_KNOTS.);
#11978 = CARTESIAN_POINT('',(1.775390625,1.3671875));
#11979 = CARTESIAN_POINT('',(1.90234375,1.32421875));
#11980 = CARTESIAN_POINT('',(2.0224609375,1.18359375));
#11981 = ( GEOMETRIC_REPRESENTATION_CONTEXT(2) 
PARAMETRIC_REPRESENTATION_CONTEXT() REPRESENTATION_CONTEXT('2D SPACE',''
  ) );
#11982 = ADVANCED_FACE('',(#11983),#4464,.F.);
#11983 = FACE_BOUND('',#11984,.F.);
#11984 = EDGE_LOOP('',(#11985,#12008,#12009,#12032));
#11985 = ORIENTED_EDGE('',*,*,#11986,.T.);
#11986 = EDGE_CURVE('',#11987,#4447,#11989,.T.);
#11987 = VERTEX_POINT('',#11988);
#11988 = CARTESIAN_POINT('',(15.51953125,-1.384765625,2.65));
#11989 = SURFACE_CURVE('',#11990,(#11994,#12001),.PCURVE_S1.);
#11990 = LINE('',#11991,#11992);
#11991 = CARTESIAN_POINT('',(15.51953125,-1.384765625,2.65));
#11992 = VECTOR('',#11993,1.);
#11993 = DIRECTION('',(0.,0.,1.));
#11994 = PCURVE('',#4464,#11995);
#11995 = DEFINITIONAL_REPRESENTATION('',(#11996),#12000);
#11996 = LINE('',#11997,#11998);
#11997 = CARTESIAN_POINT('',(0.,-0.));
#11998 = VECTOR('',#11999,1.);
#11999 = DIRECTION('',(0.,-1.));
#12000 = ( GEOMETRIC_REPRESENTATION_CONTEXT(2) 
PARAMETRIC_REPRESENTATION_CONTEXT() REPRESENTATION_CONTEXT('2D SPACE',''
  ) );
#12001 = PCURVE('',#4742,#12002);
#12002 = DEFINITIONAL_REPRESENTATION('',(#12003),#12007);
#12003 = LINE('',#12004,#12005);
#12004 = CARTESIAN_POINT('',(0.33203125,0.));
#12005 = VECTOR('',#12006,1.);
#12006 = DIRECTION('',(0.,-1.));
#12007 = ( GEOMETRIC_REPRESENTATION_CONTEXT(2) 
PARAMETRIC_REPRESENTATION_CONTEXT() REPRESENTATION_CONTEXT('2D SPACE',''
  ) );
#12008 = ORIENTED_EDGE('',*,*,#4446,.T.);
#12009 = ORIENTED_EDGE('',*,*,#12010,.F.);
#12010 = EDGE_CURVE('',#12011,#4449,#12013,.T.);
#12011 = VERTEX_POINT('',#12012);
#12012 = CARTESIAN_POINT('',(13.83984375,-1.384765625,2.65));
#12013 = SURFACE_CURVE('',#12014,(#12018,#12025),.PCURVE_S1.);
#12014 = LINE('',#12015,#12016);
#12015 = CARTESIAN_POINT('',(13.83984375,-1.384765625,2.65));
#12016 = VECTOR('',#12017,1.);
#12017 = DIRECTION('',(0.,0.,1.));
#12018 = PCURVE('',#4464,#12019);
#12019 = DEFINITIONAL_REPRESENTATION('',(#12020),#12024);
#12020 = LINE('',#12021,#12022);
#12021 = CARTESIAN_POINT('',(1.6796875,0.));
#12022 = VECTOR('',#12023,1.);
#12023 = DIRECTION('',(0.,-1.));
#12024 = ( GEOMETRIC_REPRESENTATION_CONTEXT(2) 
PARAMETRIC_REPRESENTATION_CONTEXT() REPRESENTATION_CONTEXT('2D SPACE',''
  ) );
#12025 = PCURVE('',#4492,#12026);
#12026 = DEFINITIONAL_REPRESENTATION('',(#12027),#12031);
#12027 = LINE('',#12028,#12029);
#12028 = CARTESIAN_POINT('',(0.,0.));
#12029 = VECTOR('',#12030,1.);
#12030 = DIRECTION('',(0.,-1.));
#12031 = ( GEOMETRIC_REPRESENTATION_CONTEXT(2) 
PARAMETRIC_REPRESENTATION_CONTEXT() REPRESENTATION_CONTEXT('2D SPACE',''
  ) );
#12032 = ORIENTED_EDGE('',*,*,#12033,.F.);
#12033 = EDGE_CURVE('',#11987,#12011,#12034,.T.);
#12034 = SURFACE_CURVE('',#12035,(#12039,#12046),.PCURVE_S1.);
#12035 = LINE('',#12036,#12037);
#12036 = CARTESIAN_POINT('',(15.51953125,-1.384765625,2.65));
#12037 = VECTOR('',#12038,1.);
#12038 = DIRECTION('',(-1.,0.,0.));
#12039 = PCURVE('',#4464,#12040);
#12040 = DEFINITIONAL_REPRESENTATION('',(#12041),#12045);
#12041 = LINE('',#12042,#12043);
#12042 = CARTESIAN_POINT('',(0.,-0.));
#12043 = VECTOR('',#12044,1.);
#12044 = DIRECTION('',(1.,0.));
#12045 = ( GEOMETRIC_REPRESENTATION_CONTEXT(2) 
PARAMETRIC_REPRESENTATION_CONTEXT() REPRESENTATION_CONTEXT('2D SPACE',''
  ) );
#12046 = PCURVE('',#12047,#12052);
#12047 = PLANE('',#12048);
#12048 = AXIS2_PLACEMENT_3D('',#12049,#12050,#12051);
#12049 = CARTESIAN_POINT('',(13.34375,-1.384765625,2.65));
#12050 = DIRECTION('',(0.,0.,1.));
#12051 = DIRECTION('',(1.,0.,0.));
#12052 = DEFINITIONAL_REPRESENTATION('',(#12053),#12057);
#12053 = LINE('',#12054,#12055);
#12054 = CARTESIAN_POINT('',(2.17578125,0.));
#12055 = VECTOR('',#12056,1.);
#12056 = DIRECTION('',(-1.,0.));
#12057 = ( GEOMETRIC_REPRESENTATION_CONTEXT(2) 
PARAMETRIC_REPRESENTATION_CONTEXT() REPRESENTATION_CONTEXT('2D SPACE',''
  ) );
#12058 = ADVANCED_FACE('',(#12059),#4742,.F.);
#12059 = FACE_BOUND('',#12060,.F.);
#12060 = EDGE_LOOP('',(#12061,#12084,#12085,#12086));
#12061 = ORIENTED_EDGE('',*,*,#12062,.T.);
#12062 = EDGE_CURVE('',#12063,#4701,#12065,.T.);
#12063 = VERTEX_POINT('',#12064);
#12064 = CARTESIAN_POINT('',(15.51953125,-1.052734375,2.65));
#12065 = SURFACE_CURVE('',#12066,(#12070,#12077),.PCURVE_S1.);
#12066 = LINE('',#12067,#12068);
#12067 = CARTESIAN_POINT('',(15.51953125,-1.052734375,2.65));
#12068 = VECTOR('',#12069,1.);
#12069 = DIRECTION('',(0.,0.,1.));
#12070 = PCURVE('',#4742,#12071);
#12071 = DEFINITIONAL_REPRESENTATION('',(#12072),#12076);
#12072 = LINE('',#12073,#12074);
#12073 = CARTESIAN_POINT('',(0.,0.));
#12074 = VECTOR('',#12075,1.);
#12075 = DIRECTION('',(0.,-1.));
#12076 = ( GEOMETRIC_REPRESENTATION_CONTEXT(2) 
PARAMETRIC_REPRESENTATION_CONTEXT() REPRESENTATION_CONTEXT('2D SPACE',''
  ) );
#12077 = PCURVE('',#4716,#12078);
#12078 = DEFINITIONAL_REPRESENTATION('',(#12079),#12083);
#12079 = LINE('',#12080,#12081);
#12080 = CARTESIAN_POINT('',(0.64453125,0.));
#12081 = VECTOR('',#12082,1.);
#12082 = DIRECTION('',(0.,-1.));
#12083 = ( GEOMETRIC_REPRESENTATION_CONTEXT(2) 
PARAMETRIC_REPRESENTATION_CONTEXT() REPRESENTATION_CONTEXT('2D SPACE',''
  ) );
#12084 = ORIENTED_EDGE('',*,*,#4728,.T.);
#12085 = ORIENTED_EDGE('',*,*,#11986,.F.);
#12086 = ORIENTED_EDGE('',*,*,#12087,.F.);
#12087 = EDGE_CURVE('',#12063,#11987,#12088,.T.);
#12088 = SURFACE_CURVE('',#12089,(#12093,#12100),.PCURVE_S1.);
#12089 = LINE('',#12090,#12091);
#12090 = CARTESIAN_POINT('',(15.51953125,-1.052734375,2.65));
#12091 = VECTOR('',#12092,1.);
#12092 = DIRECTION('',(0.,-1.,0.));
#12093 = PCURVE('',#4742,#12094);
#12094 = DEFINITIONAL_REPRESENTATION('',(#12095),#12099);
#12095 = LINE('',#12096,#12097);
#12096 = CARTESIAN_POINT('',(0.,0.));
#12097 = VECTOR('',#12098,1.);
#12098 = DIRECTION('',(1.,0.));
#12099 = ( GEOMETRIC_REPRESENTATION_CONTEXT(2) 
PARAMETRIC_REPRESENTATION_CONTEXT() REPRESENTATION_CONTEXT('2D SPACE',''
  ) );
#12100 = PCURVE('',#12047,#12101);
#12101 = DEFINITIONAL_REPRESENTATION('',(#12102),#12106);
#12102 = LINE('',#12103,#12104);
#12103 = CARTESIAN_POINT('',(2.17578125,0.33203125));
#12104 = VECTOR('',#12105,1.);
#12105 = DIRECTION('',(0.,-1.));
#12106 = ( GEOMETRIC_REPRESENTATION_CONTEXT(2) 
PARAMETRIC_REPRESENTATION_CONTEXT() REPRESENTATION_CONTEXT('2D SPACE',''
  ) );
#12107 = ADVANCED_FACE('',(#12108),#4716,.F.);
#12108 = FACE_BOUND('',#12109,.F.);
#12109 = EDGE_LOOP('',(#12110,#12133,#12134,#12135));
#12110 = ORIENTED_EDGE('',*,*,#12111,.T.);
#12111 = EDGE_CURVE('',#12112,#4673,#12114,.T.);
#12112 = VERTEX_POINT('',#12113);
#12113 = CARTESIAN_POINT('',(14.875,-1.052734375,2.65));
#12114 = SURFACE_CURVE('',#12115,(#12119,#12126),.PCURVE_S1.);
#12115 = LINE('',#12116,#12117);
#12116 = CARTESIAN_POINT('',(14.875,-1.052734375,2.65));
#12117 = VECTOR('',#12118,1.);
#12118 = DIRECTION('',(0.,0.,1.));
#12119 = PCURVE('',#4716,#12120);
#12120 = DEFINITIONAL_REPRESENTATION('',(#12121),#12125);
#12121 = LINE('',#12122,#12123);
#12122 = CARTESIAN_POINT('',(0.,0.));
#12123 = VECTOR('',#12124,1.);
#12124 = DIRECTION('',(0.,-1.));
#12125 = ( GEOMETRIC_REPRESENTATION_CONTEXT(2) 
PARAMETRIC_REPRESENTATION_CONTEXT() REPRESENTATION_CONTEXT('2D SPACE',''
  ) );
#12126 = PCURVE('',#4688,#12127);
#12127 = DEFINITIONAL_REPRESENTATION('',(#12128),#12132);
#12128 = LINE('',#12129,#12130);
#12129 = CARTESIAN_POINT('',(2.583984375,0.));
#12130 = VECTOR('',#12131,1.);
#12131 = DIRECTION('',(0.,-1.));
#12132 = ( GEOMETRIC_REPRESENTATION_CONTEXT(2) 
PARAMETRIC_REPRESENTATION_CONTEXT() REPRESENTATION_CONTEXT('2D SPACE',''
  ) );
#12133 = ORIENTED_EDGE('',*,*,#4700,.T.);
#12134 = ORIENTED_EDGE('',*,*,#12062,.F.);
#12135 = ORIENTED_EDGE('',*,*,#12136,.F.);
#12136 = EDGE_CURVE('',#12112,#12063,#12137,.T.);
#12137 = SURFACE_CURVE('',#12138,(#12142,#12149),.PCURVE_S1.);
#12138 = LINE('',#12139,#12140);
#12139 = CARTESIAN_POINT('',(14.875,-1.052734375,2.65));
#12140 = VECTOR('',#12141,1.);
#12141 = DIRECTION('',(1.,0.,0.));
#12142 = PCURVE('',#4716,#12143);
#12143 = DEFINITIONAL_REPRESENTATION('',(#12144),#12148);
#12144 = LINE('',#12145,#12146);
#12145 = CARTESIAN_POINT('',(0.,0.));
#12146 = VECTOR('',#12147,1.);
#12147 = DIRECTION('',(1.,0.));
#12148 = ( GEOMETRIC_REPRESENTATION_CONTEXT(2) 
PARAMETRIC_REPRESENTATION_CONTEXT() REPRESENTATION_CONTEXT('2D SPACE',''
  ) );
#12149 = PCURVE('',#12047,#12150);
#12150 = DEFINITIONAL_REPRESENTATION('',(#12151),#12155);
#12151 = LINE('',#12152,#12153);
#12152 = CARTESIAN_POINT('',(1.53125,0.33203125));
#12153 = VECTOR('',#12154,1.);
#12154 = DIRECTION('',(1.,0.));
#12155 = ( GEOMETRIC_REPRESENTATION_CONTEXT(2) 
PARAMETRIC_REPRESENTATION_CONTEXT() REPRESENTATION_CONTEXT('2D SPACE',''
  ) );
#12156 = ADVANCED_FACE('',(#12157),#4688,.F.);
#12157 = FACE_BOUND('',#12158,.F.);
#12158 = EDGE_LOOP('',(#12159,#12182,#12183,#12184));
#12159 = ORIENTED_EDGE('',*,*,#12160,.T.);
#12160 = EDGE_CURVE('',#12161,#4645,#12163,.T.);
#12161 = VERTEX_POINT('',#12162);
#12162 = CARTESIAN_POINT('',(14.875,1.53125,2.65));
#12163 = SURFACE_CURVE('',#12164,(#12168,#12175),.PCURVE_S1.);
#12164 = LINE('',#12165,#12166);
#12165 = CARTESIAN_POINT('',(14.875,1.53125,2.65));
#12166 = VECTOR('',#12167,1.);
#12167 = DIRECTION('',(0.,0.,1.));
#12168 = PCURVE('',#4688,#12169);
#12169 = DEFINITIONAL_REPRESENTATION('',(#12170),#12174);
#12170 = LINE('',#12171,#12172);
#12171 = CARTESIAN_POINT('',(0.,0.));
#12172 = VECTOR('',#12173,1.);
#12173 = DIRECTION('',(0.,-1.));
#12174 = ( GEOMETRIC_REPRESENTATION_CONTEXT(2) 
PARAMETRIC_REPRESENTATION_CONTEXT() REPRESENTATION_CONTEXT('2D SPACE',''
  ) );
#12175 = PCURVE('',#4660,#12176);
#12176 = DEFINITIONAL_REPRESENTATION('',(#12177),#12181);
#12177 = LINE('',#12178,#12179);
#12178 = CARTESIAN_POINT('',(0.39453125,0.));
#12179 = VECTOR('',#12180,1.);
#12180 = DIRECTION('',(0.,-1.));
#12181 = ( GEOMETRIC_REPRESENTATION_CONTEXT(2) 
PARAMETRIC_REPRESENTATION_CONTEXT() REPRESENTATION_CONTEXT('2D SPACE',''
  ) );
#12182 = ORIENTED_EDGE('',*,*,#4672,.T.);
#12183 = ORIENTED_EDGE('',*,*,#12111,.F.);
#12184 = ORIENTED_EDGE('',*,*,#12185,.F.);
#12185 = EDGE_CURVE('',#12161,#12112,#12186,.T.);
#12186 = SURFACE_CURVE('',#12187,(#12191,#12198),.PCURVE_S1.);
#12187 = LINE('',#12188,#12189);
#12188 = CARTESIAN_POINT('',(14.875,1.53125,2.65));
#12189 = VECTOR('',#12190,1.);
#12190 = DIRECTION('',(0.,-1.,0.));
#12191 = PCURVE('',#4688,#12192);
#12192 = DEFINITIONAL_REPRESENTATION('',(#12193),#12197);
#12193 = LINE('',#12194,#12195);
#12194 = CARTESIAN_POINT('',(0.,0.));
#12195 = VECTOR('',#12196,1.);
#12196 = DIRECTION('',(1.,0.));
#12197 = ( GEOMETRIC_REPRESENTATION_CONTEXT(2) 
PARAMETRIC_REPRESENTATION_CONTEXT() REPRESENTATION_CONTEXT('2D SPACE',''
  ) );
#12198 = PCURVE('',#12047,#12199);
#12199 = DEFINITIONAL_REPRESENTATION('',(#12200),#12204);
#12200 = LINE('',#12201,#12202);
#12201 = CARTESIAN_POINT('',(1.53125,2.916015625));
#12202 = VECTOR('',#12203,1.);
#12203 = DIRECTION('',(0.,-1.));
#12204 = ( GEOMETRIC_REPRESENTATION_CONTEXT(2) 
PARAMETRIC_REPRESENTATION_CONTEXT() REPRESENTATION_CONTEXT('2D SPACE',''
  ) );
#12205 = ADVANCED_FACE('',(#12206),#4660,.F.);
#12206 = FACE_BOUND('',#12207,.F.);
#12207 = EDGE_LOOP('',(#12208,#12231,#12232,#12233));
#12208 = ORIENTED_EDGE('',*,*,#12209,.T.);
#12209 = EDGE_CURVE('',#12210,#4617,#12212,.T.);
#12210 = VERTEX_POINT('',#12211);
#12211 = CARTESIAN_POINT('',(14.48046875,1.53125,2.65));
#12212 = SURFACE_CURVE('',#12213,(#12217,#12224),.PCURVE_S1.);
#12213 = LINE('',#12214,#12215);
#12214 = CARTESIAN_POINT('',(14.48046875,1.53125,2.65));
#12215 = VECTOR('',#12216,1.);
#12216 = DIRECTION('',(0.,0.,1.));
#12217 = PCURVE('',#4660,#12218);
#12218 = DEFINITIONAL_REPRESENTATION('',(#12219),#12223);
#12219 = LINE('',#12220,#12221);
#12220 = CARTESIAN_POINT('',(0.,0.));
#12221 = VECTOR('',#12222,1.);
#12222 = DIRECTION('',(0.,-1.));
#12223 = ( GEOMETRIC_REPRESENTATION_CONTEXT(2) 
PARAMETRIC_REPRESENTATION_CONTEXT() REPRESENTATION_CONTEXT('2D SPACE',''
  ) );
#12224 = PCURVE('',#4632,#12225);
#12225 = DEFINITIONAL_REPRESENTATION('',(#12226),#12230);
#12226 = LINE('',#12227,#12228);
#12227 = CARTESIAN_POINT('',(0.711304957407,0.));
#12228 = VECTOR('',#12229,1.);
#12229 = DIRECTION('',(0.,-1.));
#12230 = ( GEOMETRIC_REPRESENTATION_CONTEXT(2) 
PARAMETRIC_REPRESENTATION_CONTEXT() REPRESENTATION_CONTEXT('2D SPACE',''
  ) );
#12231 = ORIENTED_EDGE('',*,*,#4644,.T.);
#12232 = ORIENTED_EDGE('',*,*,#12160,.F.);
#12233 = ORIENTED_EDGE('',*,*,#12234,.F.);
#12234 = EDGE_CURVE('',#12210,#12161,#12235,.T.);
#12235 = SURFACE_CURVE('',#12236,(#12240,#12247),.PCURVE_S1.);
#12236 = LINE('',#12237,#12238);
#12237 = CARTESIAN_POINT('',(14.48046875,1.53125,2.65));
#12238 = VECTOR('',#12239,1.);
#12239 = DIRECTION('',(1.,0.,0.));
#12240 = PCURVE('',#4660,#12241);
#12241 = DEFINITIONAL_REPRESENTATION('',(#12242),#12246);
#12242 = LINE('',#12243,#12244);
#12243 = CARTESIAN_POINT('',(0.,0.));
#12244 = VECTOR('',#12245,1.);
#12245 = DIRECTION('',(1.,0.));
#12246 = ( GEOMETRIC_REPRESENTATION_CONTEXT(2) 
PARAMETRIC_REPRESENTATION_CONTEXT() REPRESENTATION_CONTEXT('2D SPACE',''
  ) );
#12247 = PCURVE('',#12047,#12248);
#12248 = DEFINITIONAL_REPRESENTATION('',(#12249),#12253);
#12249 = LINE('',#12250,#12251);
#12250 = CARTESIAN_POINT('',(1.13671875,2.916015625));
#12251 = VECTOR('',#12252,1.);
#12252 = DIRECTION('',(1.,0.));
#12253 = ( GEOMETRIC_REPRESENTATION_CONTEXT(2) 
PARAMETRIC_REPRESENTATION_CONTEXT() REPRESENTATION_CONTEXT('2D SPACE',''
  ) );
#12254 = ADVANCED_FACE('',(#12255),#4632,.F.);
#12255 = FACE_BOUND('',#12256,.F.);
#12256 = EDGE_LOOP('',(#12257,#12280,#12281,#12282));
#12257 = ORIENTED_EDGE('',*,*,#12258,.T.);
#12258 = EDGE_CURVE('',#12259,#4589,#12261,.T.);
#12259 = VERTEX_POINT('',#12260);
#12260 = CARTESIAN_POINT('',(13.783203125,1.390625,2.65));
#12261 = SURFACE_CURVE('',#12262,(#12266,#12273),.PCURVE_S1.);
#12262 = LINE('',#12263,#12264);
#12263 = CARTESIAN_POINT('',(13.783203125,1.390625,2.65));
#12264 = VECTOR('',#12265,1.);
#12265 = DIRECTION('',(0.,0.,1.));
#12266 = PCURVE('',#4632,#12267);
#12267 = DEFINITIONAL_REPRESENTATION('',(#12268),#12272);
#12268 = LINE('',#12269,#12270);
#12269 = CARTESIAN_POINT('',(0.,0.));
#12270 = VECTOR('',#12271,1.);
#12271 = DIRECTION('',(0.,-1.));
#12272 = ( GEOMETRIC_REPRESENTATION_CONTEXT(2) 
PARAMETRIC_REPRESENTATION_CONTEXT() REPRESENTATION_CONTEXT('2D SPACE',''
  ) );
#12273 = PCURVE('',#4604,#12274);
#12274 = DEFINITIONAL_REPRESENTATION('',(#12275),#12279);
#12275 = LINE('',#12276,#12277);
#12276 = CARTESIAN_POINT('',(0.359375,0.));
#12277 = VECTOR('',#12278,1.);
#12278 = DIRECTION('',(0.,-1.));
#12279 = ( GEOMETRIC_REPRESENTATION_CONTEXT(2) 
PARAMETRIC_REPRESENTATION_CONTEXT() REPRESENTATION_CONTEXT('2D SPACE',''
  ) );
#12280 = ORIENTED_EDGE('',*,*,#4616,.T.);
#12281 = ORIENTED_EDGE('',*,*,#12209,.F.);
#12282 = ORIENTED_EDGE('',*,*,#12283,.F.);
#12283 = EDGE_CURVE('',#12259,#12210,#12284,.T.);
#12284 = SURFACE_CURVE('',#12285,(#12289,#12296),.PCURVE_S1.);
#12285 = LINE('',#12286,#12287);
#12286 = CARTESIAN_POINT('',(13.783203125,1.390625,2.65));
#12287 = VECTOR('',#12288,1.);
#12288 = DIRECTION('',(0.980262569154,0.197700013947,0.));
#12289 = PCURVE('',#4632,#12290);
#12290 = DEFINITIONAL_REPRESENTATION('',(#12291),#12295);
#12291 = LINE('',#12292,#12293);
#12292 = CARTESIAN_POINT('',(0.,0.));
#12293 = VECTOR('',#12294,1.);
#12294 = DIRECTION('',(1.,0.));
#12295 = ( GEOMETRIC_REPRESENTATION_CONTEXT(2) 
PARAMETRIC_REPRESENTATION_CONTEXT() REPRESENTATION_CONTEXT('2D SPACE',''
  ) );
#12296 = PCURVE('',#12047,#12297);
#12297 = DEFINITIONAL_REPRESENTATION('',(#12298),#12302);
#12298 = LINE('',#12299,#12300);
#12299 = CARTESIAN_POINT('',(0.439453125,2.775390625));
#12300 = VECTOR('',#12301,1.);
#12301 = DIRECTION('',(0.980262569154,0.197700013947));
#12302 = ( GEOMETRIC_REPRESENTATION_CONTEXT(2) 
PARAMETRIC_REPRESENTATION_CONTEXT() REPRESENTATION_CONTEXT('2D SPACE',''
  ) );
#12303 = ADVANCED_FACE('',(#12304),#4604,.F.);
#12304 = FACE_BOUND('',#12305,.F.);
#12305 = EDGE_LOOP('',(#12306,#12329,#12330,#12331));
#12306 = ORIENTED_EDGE('',*,*,#12307,.T.);
#12307 = EDGE_CURVE('',#12308,#4561,#12310,.T.);
#12308 = VERTEX_POINT('',#12309);
#12309 = CARTESIAN_POINT('',(13.783203125,1.03125,2.65));
#12310 = SURFACE_CURVE('',#12311,(#12315,#12322),.PCURVE_S1.);
#12311 = LINE('',#12312,#12313);
#12312 = CARTESIAN_POINT('',(13.783203125,1.03125,2.65));
#12313 = VECTOR('',#12314,1.);
#12314 = DIRECTION('',(0.,0.,1.));
#12315 = PCURVE('',#4604,#12316);
#12316 = DEFINITIONAL_REPRESENTATION('',(#12317),#12321);
#12317 = LINE('',#12318,#12319);
#12318 = CARTESIAN_POINT('',(0.,0.));
#12319 = VECTOR('',#12320,1.);
#12320 = DIRECTION('',(0.,-1.));
#12321 = ( GEOMETRIC_REPRESENTATION_CONTEXT(2) 
PARAMETRIC_REPRESENTATION_CONTEXT() REPRESENTATION_CONTEXT('2D SPACE',''
  ) );
#12322 = PCURVE('',#4576,#12323);
#12323 = DEFINITIONAL_REPRESENTATION('',(#12324),#12328);
#12324 = LINE('',#12325,#12326);
#12325 = CARTESIAN_POINT('',(0.715134525048,0.));
#12326 = VECTOR('',#12327,1.);
#12327 = DIRECTION('',(0.,-1.));
#12328 = ( GEOMETRIC_REPRESENTATION_CONTEXT(2) 
PARAMETRIC_REPRESENTATION_CONTEXT() REPRESENTATION_CONTEXT('2D SPACE',''
  ) );
#12329 = ORIENTED_EDGE('',*,*,#4588,.T.);
#12330 = ORIENTED_EDGE('',*,*,#12258,.F.);
#12331 = ORIENTED_EDGE('',*,*,#12332,.F.);
#12332 = EDGE_CURVE('',#12308,#12259,#12333,.T.);
#12333 = SURFACE_CURVE('',#12334,(#12338,#12345),.PCURVE_S1.);
#12334 = LINE('',#12335,#12336);
#12335 = CARTESIAN_POINT('',(13.783203125,1.03125,2.65));
#12336 = VECTOR('',#12337,1.);
#12337 = DIRECTION('',(0.,1.,0.));
#12338 = PCURVE('',#4604,#12339);
#12339 = DEFINITIONAL_REPRESENTATION('',(#12340),#12344);
#12340 = LINE('',#12341,#12342);
#12341 = CARTESIAN_POINT('',(0.,0.));
#12342 = VECTOR('',#12343,1.);
#12343 = DIRECTION('',(1.,0.));
#12344 = ( GEOMETRIC_REPRESENTATION_CONTEXT(2) 
PARAMETRIC_REPRESENTATION_CONTEXT() REPRESENTATION_CONTEXT('2D SPACE',''
  ) );
#12345 = PCURVE('',#12047,#12346);
#12346 = DEFINITIONAL_REPRESENTATION('',(#12347),#12351);
#12347 = LINE('',#12348,#12349);
#12348 = CARTESIAN_POINT('',(0.439453125,2.416015625));
#12349 = VECTOR('',#12350,1.);
#12350 = DIRECTION('',(0.,1.));
#12351 = ( GEOMETRIC_REPRESENTATION_CONTEXT(2) 
PARAMETRIC_REPRESENTATION_CONTEXT() REPRESENTATION_CONTEXT('2D SPACE',''
  ) );
#12352 = ADVANCED_FACE('',(#12353),#4576,.F.);
#12353 = FACE_BOUND('',#12354,.F.);
#12354 = EDGE_LOOP('',(#12355,#12378,#12379,#12380));
#12355 = ORIENTED_EDGE('',*,*,#12356,.T.);
#12356 = EDGE_CURVE('',#12357,#4533,#12359,.T.);
#12357 = VERTEX_POINT('',#12358);
#12358 = CARTESIAN_POINT('',(14.484375,1.171875,2.65));
#12359 = SURFACE_CURVE('',#12360,(#12364,#12371),.PCURVE_S1.);
#12360 = LINE('',#12361,#12362);
#12361 = CARTESIAN_POINT('',(14.484375,1.171875,2.65));
#12362 = VECTOR('',#12363,1.);
#12363 = DIRECTION('',(0.,0.,1.));
#12364 = PCURVE('',#4576,#12365);
#12365 = DEFINITIONAL_REPRESENTATION('',(#12366),#12370);
#12366 = LINE('',#12367,#12368);
#12367 = CARTESIAN_POINT('',(0.,0.));
#12368 = VECTOR('',#12369,1.);
#12369 = DIRECTION('',(0.,-1.));
#12370 = ( GEOMETRIC_REPRESENTATION_CONTEXT(2) 
PARAMETRIC_REPRESENTATION_CONTEXT() REPRESENTATION_CONTEXT('2D SPACE',''
  ) );
#12371 = PCURVE('',#4548,#12372);
#12372 = DEFINITIONAL_REPRESENTATION('',(#12373),#12377);
#12373 = LINE('',#12374,#12375);
#12374 = CARTESIAN_POINT('',(2.224609375,0.));
#12375 = VECTOR('',#12376,1.);
#12376 = DIRECTION('',(0.,-1.));
#12377 = ( GEOMETRIC_REPRESENTATION_CONTEXT(2) 
PARAMETRIC_REPRESENTATION_CONTEXT() REPRESENTATION_CONTEXT('2D SPACE',''
  ) );
#12378 = ORIENTED_EDGE('',*,*,#4560,.T.);
#12379 = ORIENTED_EDGE('',*,*,#12307,.F.);
#12380 = ORIENTED_EDGE('',*,*,#12381,.F.);
#12381 = EDGE_CURVE('',#12357,#12308,#12382,.T.);
#12382 = SURFACE_CURVE('',#12383,(#12387,#12394),.PCURVE_S1.);
#12383 = LINE('',#12384,#12385);
#12384 = CARTESIAN_POINT('',(14.484375,1.171875,2.65));
#12385 = VECTOR('',#12386,1.);
#12386 = DIRECTION('',(-0.98047549159,-0.196641324219,0.));
#12387 = PCURVE('',#4576,#12388);
#12388 = DEFINITIONAL_REPRESENTATION('',(#12389),#12393);
#12389 = LINE('',#12390,#12391);
#12390 = CARTESIAN_POINT('',(0.,0.));
#12391 = VECTOR('',#12392,1.);
#12392 = DIRECTION('',(1.,0.));
#12393 = ( GEOMETRIC_REPRESENTATION_CONTEXT(2) 
PARAMETRIC_REPRESENTATION_CONTEXT() REPRESENTATION_CONTEXT('2D SPACE',''
  ) );
#12394 = PCURVE('',#12047,#12395);
#12395 = DEFINITIONAL_REPRESENTATION('',(#12396),#12400);
#12396 = LINE('',#12397,#12398);
#12397 = CARTESIAN_POINT('',(1.140625,2.556640625));
#12398 = VECTOR('',#12399,1.);
#12399 = DIRECTION('',(-0.98047549159,-0.196641324219));
#12400 = ( GEOMETRIC_REPRESENTATION_CONTEXT(2) 
PARAMETRIC_REPRESENTATION_CONTEXT() REPRESENTATION_CONTEXT('2D SPACE',''
  ) );
#12401 = ADVANCED_FACE('',(#12402),#4548,.F.);
#12402 = FACE_BOUND('',#12403,.F.);
#12403 = EDGE_LOOP('',(#12404,#12427,#12428,#12429));
#12404 = ORIENTED_EDGE('',*,*,#12405,.T.);
#12405 = EDGE_CURVE('',#12406,#4505,#12408,.T.);
#12406 = VERTEX_POINT('',#12407);
#12407 = CARTESIAN_POINT('',(14.484375,-1.052734375,2.65));
#12408 = SURFACE_CURVE('',#12409,(#12413,#12420),.PCURVE_S1.);
#12409 = LINE('',#12410,#12411);
#12410 = CARTESIAN_POINT('',(14.484375,-1.052734375,2.65));
#12411 = VECTOR('',#12412,1.);
#12412 = DIRECTION('',(0.,0.,1.));
#12413 = PCURVE('',#4548,#12414);
#12414 = DEFINITIONAL_REPRESENTATION('',(#12415),#12419);
#12415 = LINE('',#12416,#12417);
#12416 = CARTESIAN_POINT('',(0.,0.));
#12417 = VECTOR('',#12418,1.);
#12418 = DIRECTION('',(0.,-1.));
#12419 = ( GEOMETRIC_REPRESENTATION_CONTEXT(2) 
PARAMETRIC_REPRESENTATION_CONTEXT() REPRESENTATION_CONTEXT('2D SPACE',''
  ) );
#12420 = PCURVE('',#4520,#12421);
#12421 = DEFINITIONAL_REPRESENTATION('',(#12422),#12426);
#12422 = LINE('',#12423,#12424);
#12423 = CARTESIAN_POINT('',(0.64453125,0.));
#12424 = VECTOR('',#12425,1.);
#12425 = DIRECTION('',(0.,-1.));
#12426 = ( GEOMETRIC_REPRESENTATION_CONTEXT(2) 
PARAMETRIC_REPRESENTATION_CONTEXT() REPRESENTATION_CONTEXT('2D SPACE',''
  ) );
#12427 = ORIENTED_EDGE('',*,*,#4532,.T.);
#12428 = ORIENTED_EDGE('',*,*,#12356,.F.);
#12429 = ORIENTED_EDGE('',*,*,#12430,.F.);
#12430 = EDGE_CURVE('',#12406,#12357,#12431,.T.);
#12431 = SURFACE_CURVE('',#12432,(#12436,#12443),.PCURVE_S1.);
#12432 = LINE('',#12433,#12434);
#12433 = CARTESIAN_POINT('',(14.484375,-1.052734375,2.65));
#12434 = VECTOR('',#12435,1.);
#12435 = DIRECTION('',(0.,1.,0.));
#12436 = PCURVE('',#4548,#12437);
#12437 = DEFINITIONAL_REPRESENTATION('',(#12438),#12442);
#12438 = LINE('',#12439,#12440);
#12439 = CARTESIAN_POINT('',(0.,0.));
#12440 = VECTOR('',#12441,1.);
#12441 = DIRECTION('',(1.,0.));
#12442 = ( GEOMETRIC_REPRESENTATION_CONTEXT(2) 
PARAMETRIC_REPRESENTATION_CONTEXT() REPRESENTATION_CONTEXT('2D SPACE',''
  ) );
#12443 = PCURVE('',#12047,#12444);
#12444 = DEFINITIONAL_REPRESENTATION('',(#12445),#12449);
#12445 = LINE('',#12446,#12447);
#12446 = CARTESIAN_POINT('',(1.140625,0.33203125));
#12447 = VECTOR('',#12448,1.);
#12448 = DIRECTION('',(0.,1.));
#12449 = ( GEOMETRIC_REPRESENTATION_CONTEXT(2) 
PARAMETRIC_REPRESENTATION_CONTEXT() REPRESENTATION_CONTEXT('2D SPACE',''
  ) );
#12450 = ADVANCED_FACE('',(#12451),#4520,.F.);
#12451 = FACE_BOUND('',#12452,.F.);
#12452 = EDGE_LOOP('',(#12453,#12476,#12477,#12478));
#12453 = ORIENTED_EDGE('',*,*,#12454,.T.);
#12454 = EDGE_CURVE('',#12455,#4477,#12457,.T.);
#12455 = VERTEX_POINT('',#12456);
#12456 = CARTESIAN_POINT('',(13.83984375,-1.052734375,2.65));
#12457 = SURFACE_CURVE('',#12458,(#12462,#12469),.PCURVE_S1.);
#12458 = LINE('',#12459,#12460);
#12459 = CARTESIAN_POINT('',(13.83984375,-1.052734375,2.65));
#12460 = VECTOR('',#12461,1.);
#12461 = DIRECTION('',(0.,0.,1.));
#12462 = PCURVE('',#4520,#12463);
#12463 = DEFINITIONAL_REPRESENTATION('',(#12464),#12468);
#12464 = LINE('',#12465,#12466);
#12465 = CARTESIAN_POINT('',(0.,0.));
#12466 = VECTOR('',#12467,1.);
#12467 = DIRECTION('',(0.,-1.));
#12468 = ( GEOMETRIC_REPRESENTATION_CONTEXT(2) 
PARAMETRIC_REPRESENTATION_CONTEXT() REPRESENTATION_CONTEXT('2D SPACE',''
  ) );
#12469 = PCURVE('',#4492,#12470);
#12470 = DEFINITIONAL_REPRESENTATION('',(#12471),#12475);
#12471 = LINE('',#12472,#12473);
#12472 = CARTESIAN_POINT('',(0.33203125,0.));
#12473 = VECTOR('',#12474,1.);
#12474 = DIRECTION('',(0.,-1.));
#12475 = ( GEOMETRIC_REPRESENTATION_CONTEXT(2) 
PARAMETRIC_REPRESENTATION_CONTEXT() REPRESENTATION_CONTEXT('2D SPACE',''
  ) );
#12476 = ORIENTED_EDGE('',*,*,#4504,.T.);
#12477 = ORIENTED_EDGE('',*,*,#12405,.F.);
#12478 = ORIENTED_EDGE('',*,*,#12479,.F.);
#12479 = EDGE_CURVE('',#12455,#12406,#12480,.T.);
#12480 = SURFACE_CURVE('',#12481,(#12485,#12492),.PCURVE_S1.);
#12481 = LINE('',#12482,#12483);
#12482 = CARTESIAN_POINT('',(13.83984375,-1.052734375,2.65));
#12483 = VECTOR('',#12484,1.);
#12484 = DIRECTION('',(1.,0.,0.));
#12485 = PCURVE('',#4520,#12486);
#12486 = DEFINITIONAL_REPRESENTATION('',(#12487),#12491);
#12487 = LINE('',#12488,#12489);
#12488 = CARTESIAN_POINT('',(0.,0.));
#12489 = VECTOR('',#12490,1.);
#12490 = DIRECTION('',(1.,0.));
#12491 = ( GEOMETRIC_REPRESENTATION_CONTEXT(2) 
PARAMETRIC_REPRESENTATION_CONTEXT() REPRESENTATION_CONTEXT('2D SPACE',''
  ) );
#12492 = PCURVE('',#12047,#12493);
#12493 = DEFINITIONAL_REPRESENTATION('',(#12494),#12498);
#12494 = LINE('',#12495,#12496);
#12495 = CARTESIAN_POINT('',(0.49609375,0.33203125));
#12496 = VECTOR('',#12497,1.);
#12497 = DIRECTION('',(1.,0.));
#12498 = ( GEOMETRIC_REPRESENTATION_CONTEXT(2) 
PARAMETRIC_REPRESENTATION_CONTEXT() REPRESENTATION_CONTEXT('2D SPACE',''
  ) );
#12499 = ADVANCED_FACE('',(#12500),#4492,.F.);
#12500 = FACE_BOUND('',#12501,.F.);
#12501 = EDGE_LOOP('',(#12502,#12503,#12504,#12505));
#12502 = ORIENTED_EDGE('',*,*,#12010,.T.);
#12503 = ORIENTED_EDGE('',*,*,#4476,.T.);
#12504 = ORIENTED_EDGE('',*,*,#12454,.F.);
#12505 = ORIENTED_EDGE('',*,*,#12506,.F.);
#12506 = EDGE_CURVE('',#12011,#12455,#12507,.T.);
#12507 = SURFACE_CURVE('',#12508,(#12512,#12519),.PCURVE_S1.);
#12508 = LINE('',#12509,#12510);
#12509 = CARTESIAN_POINT('',(13.83984375,-1.384765625,2.65));
#12510 = VECTOR('',#12511,1.);
#12511 = DIRECTION('',(0.,1.,0.));
#12512 = PCURVE('',#4492,#12513);
#12513 = DEFINITIONAL_REPRESENTATION('',(#12514),#12518);
#12514 = LINE('',#12515,#12516);
#12515 = CARTESIAN_POINT('',(0.,0.));
#12516 = VECTOR('',#12517,1.);
#12517 = DIRECTION('',(1.,0.));
#12518 = ( GEOMETRIC_REPRESENTATION_CONTEXT(2) 
PARAMETRIC_REPRESENTATION_CONTEXT() REPRESENTATION_CONTEXT('2D SPACE',''
  ) );
#12519 = PCURVE('',#12047,#12520);
#12520 = DEFINITIONAL_REPRESENTATION('',(#12521),#12525);
#12521 = LINE('',#12522,#12523);
#12522 = CARTESIAN_POINT('',(0.49609375,0.));
#12523 = VECTOR('',#12524,1.);
#12524 = DIRECTION('',(0.,1.));
#12525 = ( GEOMETRIC_REPRESENTATION_CONTEXT(2) 
PARAMETRIC_REPRESENTATION_CONTEXT() REPRESENTATION_CONTEXT('2D SPACE',''
  ) );
#12526 = ADVANCED_FACE('',(#12527),#4777,.F.);
#12527 = FACE_BOUND('',#12528,.F.);
#12528 = EDGE_LOOP('',(#12529,#12530,#12551,#12552));
#12529 = ORIENTED_EDGE('',*,*,#4957,.F.);
#12530 = ORIENTED_EDGE('',*,*,#12531,.F.);
#12531 = EDGE_CURVE('',#4757,#4958,#12532,.T.);
#12532 = SEAM_CURVE('',#12533,(#12537,#12544),.PCURVE_S1.);
#12533 = LINE('',#12534,#12535);
#12534 = CARTESIAN_POINT('',(22.3,10.,3.));
#12535 = VECTOR('',#12536,1.);
#12536 = DIRECTION('',(0.,0.,-1.));
#12537 = PCURVE('',#4777,#12538);
#12538 = DEFINITIONAL_REPRESENTATION('',(#12539),#12543);
#12539 = LINE('',#12540,#12541);
#12540 = CARTESIAN_POINT('',(6.28318530718,-0.));
#12541 = VECTOR('',#12542,1.);
#12542 = DIRECTION('',(0.,1.));
#12543 = ( GEOMETRIC_REPRESENTATION_CONTEXT(2) 
PARAMETRIC_REPRESENTATION_CONTEXT() REPRESENTATION_CONTEXT('2D SPACE',''
  ) );
#12544 = PCURVE('',#4777,#12545);
#12545 = DEFINITIONAL_REPRESENTATION('',(#12546),#12550);
#12546 = LINE('',#12547,#12548);
#12547 = CARTESIAN_POINT('',(0.,-0.));
#12548 = VECTOR('',#12549,1.);
#12549 = DIRECTION('',(0.,1.));
#12550 = ( GEOMETRIC_REPRESENTATION_CONTEXT(2) 
PARAMETRIC_REPRESENTATION_CONTEXT() REPRESENTATION_CONTEXT('2D SPACE',''
  ) );
#12551 = ORIENTED_EDGE('',*,*,#4756,.T.);
#12552 = ORIENTED_EDGE('',*,*,#12531,.T.);
#12553 = ADVANCED_FACE('',(#12554),#5110,.T.);
#12554 = FACE_BOUND('',#12555,.F.);
#12555 = EDGE_LOOP('',(#12556,#12557,#12558,#12559,#12560,#12561,#12562,
    #12563,#12564,#12565,#12566,#12567,#12568,#12569,#12570,#12571,
    #12572,#12573,#12574,#12575,#12576,#12577));
#12556 = ORIENTED_EDGE('',*,*,#6108,.T.);
#12557 = ORIENTED_EDGE('',*,*,#6081,.T.);
#12558 = ORIENTED_EDGE('',*,*,#6032,.T.);
#12559 = ORIENTED_EDGE('',*,*,#5983,.T.);
#12560 = ORIENTED_EDGE('',*,*,#5934,.T.);
#12561 = ORIENTED_EDGE('',*,*,#5885,.T.);
#12562 = ORIENTED_EDGE('',*,*,#5836,.T.);
#12563 = ORIENTED_EDGE('',*,*,#5787,.T.);
#12564 = ORIENTED_EDGE('',*,*,#5738,.T.);
#12565 = ORIENTED_EDGE('',*,*,#5689,.T.);
#12566 = ORIENTED_EDGE('',*,*,#5640,.T.);
#12567 = ORIENTED_EDGE('',*,*,#5591,.T.);
#12568 = ORIENTED_EDGE('',*,*,#5542,.T.);
#12569 = ORIENTED_EDGE('',*,*,#5493,.T.);
#12570 = ORIENTED_EDGE('',*,*,#5444,.T.);
#12571 = ORIENTED_EDGE('',*,*,#5395,.T.);
#12572 = ORIENTED_EDGE('',*,*,#5346,.T.);
#12573 = ORIENTED_EDGE('',*,*,#5297,.T.);
#12574 = ORIENTED_EDGE('',*,*,#5248,.T.);
#12575 = ORIENTED_EDGE('',*,*,#5199,.T.);
#12576 = ORIENTED_EDGE('',*,*,#5150,.T.);
#12577 = ORIENTED_EDGE('',*,*,#5096,.T.);
#12578 = ADVANCED_FACE('',(#12579,#12589),#6193,.T.);
#12579 = FACE_BOUND('',#12580,.F.);
#12580 = EDGE_LOOP('',(#12581,#12582,#12583,#12584,#12585,#12586,#12587,
    #12588));
#12581 = ORIENTED_EDGE('',*,*,#6505,.T.);
#12582 = ORIENTED_EDGE('',*,*,#6478,.T.);
#12583 = ORIENTED_EDGE('',*,*,#6429,.T.);
#12584 = ORIENTED_EDGE('',*,*,#6380,.T.);
#12585 = ORIENTED_EDGE('',*,*,#6331,.T.);
#12586 = ORIENTED_EDGE('',*,*,#6282,.T.);
#12587 = ORIENTED_EDGE('',*,*,#6233,.T.);
#12588 = ORIENTED_EDGE('',*,*,#6179,.T.);
#12589 = FACE_BOUND('',#12590,.F.);
#12590 = EDGE_LOOP('',(#12591,#12621,#12649));
#12591 = ORIENTED_EDGE('',*,*,#12592,.T.);
#12592 = EDGE_CURVE('',#12593,#12595,#12597,.T.);
#12593 = VERTEX_POINT('',#12594);
#12594 = CARTESIAN_POINT('',(-10.884765625,-0.30859375,2.65));
#12595 = VERTEX_POINT('',#12596);
#12596 = CARTESIAN_POINT('',(-11.421875,1.142578125,2.65));
#12597 = SURFACE_CURVE('',#12598,(#12602,#12609),.PCURVE_S1.);
#12598 = LINE('',#12599,#12600);
#12599 = CARTESIAN_POINT('',(-10.884765625,-0.30859375,2.65));
#12600 = VECTOR('',#12601,1.);
#12601 = DIRECTION('',(-0.347108799995,0.937824866895,0.));
#12602 = PCURVE('',#6193,#12603);
#12603 = DEFINITIONAL_REPRESENTATION('',(#12604),#12608);
#12604 = LINE('',#12605,#12606);
#12605 = CARTESIAN_POINT('',(1.904296875,1.076171875));
#12606 = VECTOR('',#12607,1.);
#12607 = DIRECTION('',(-0.347108799995,0.937824866895));
#12608 = ( GEOMETRIC_REPRESENTATION_CONTEXT(2) 
PARAMETRIC_REPRESENTATION_CONTEXT() REPRESENTATION_CONTEXT('2D SPACE',''
  ) );
#12609 = PCURVE('',#12610,#12615);
#12610 = PLANE('',#12611);
#12611 = AXIS2_PLACEMENT_3D('',#12612,#12613,#12614);
#12612 = CARTESIAN_POINT('',(-10.884765625,-0.30859375,2.65));
#12613 = DIRECTION('',(-0.937824866895,-0.347108799995,0.));
#12614 = DIRECTION('',(-0.347108799995,0.937824866895,0.));
#12615 = DEFINITIONAL_REPRESENTATION('',(#12616),#12620);
#12616 = LINE('',#12617,#12618);
#12617 = CARTESIAN_POINT('',(0.,0.));
#12618 = VECTOR('',#12619,1.);
#12619 = DIRECTION('',(1.,0.));
#12620 = ( GEOMETRIC_REPRESENTATION_CONTEXT(2) 
PARAMETRIC_REPRESENTATION_CONTEXT() REPRESENTATION_CONTEXT('2D SPACE',''
  ) );
#12621 = ORIENTED_EDGE('',*,*,#12622,.T.);
#12622 = EDGE_CURVE('',#12595,#12623,#12625,.T.);
#12623 = VERTEX_POINT('',#12624);
#12624 = CARTESIAN_POINT('',(-11.95703125,-0.30859375,2.65));
#12625 = SURFACE_CURVE('',#12626,(#12630,#12637),.PCURVE_S1.);
#12626 = LINE('',#12627,#12628);
#12627 = CARTESIAN_POINT('',(-11.421875,1.142578125,2.65));
#12628 = VECTOR('',#12629,1.);
#12629 = DIRECTION('',(-0.345997934185,-0.938235274086,0.));
#12630 = PCURVE('',#6193,#12631);
#12631 = DEFINITIONAL_REPRESENTATION('',(#12632),#12636);
#12632 = LINE('',#12633,#12634);
#12633 = CARTESIAN_POINT('',(1.3671875,2.52734375));
#12634 = VECTOR('',#12635,1.);
#12635 = DIRECTION('',(-0.345997934185,-0.938235274086));
#12636 = ( GEOMETRIC_REPRESENTATION_CONTEXT(2) 
PARAMETRIC_REPRESENTATION_CONTEXT() REPRESENTATION_CONTEXT('2D SPACE',''
  ) );
#12637 = PCURVE('',#12638,#12643);
#12638 = PLANE('',#12639);
#12639 = AXIS2_PLACEMENT_3D('',#12640,#12641,#12642);
#12640 = CARTESIAN_POINT('',(-11.421875,1.142578125,2.65));
#12641 = DIRECTION('',(0.938235274086,-0.345997934185,0.));
#12642 = DIRECTION('',(-0.345997934185,-0.938235274086,0.));
#12643 = DEFINITIONAL_REPRESENTATION('',(#12644),#12648);
#12644 = LINE('',#12645,#12646);
#12645 = CARTESIAN_POINT('',(0.,0.));
#12646 = VECTOR('',#12647,1.);
#12647 = DIRECTION('',(1.,0.));
#12648 = ( GEOMETRIC_REPRESENTATION_CONTEXT(2) 
PARAMETRIC_REPRESENTATION_CONTEXT() REPRESENTATION_CONTEXT('2D SPACE',''
  ) );
#12649 = ORIENTED_EDGE('',*,*,#12650,.T.);
#12650 = EDGE_CURVE('',#12623,#12593,#12651,.T.);
#12651 = SURFACE_CURVE('',#12652,(#12656,#12663),.PCURVE_S1.);
#12652 = LINE('',#12653,#12654);
#12653 = CARTESIAN_POINT('',(-11.95703125,-0.30859375,2.65));
#12654 = VECTOR('',#12655,1.);
#12655 = DIRECTION('',(1.,0.,0.));
#12656 = PCURVE('',#6193,#12657);
#12657 = DEFINITIONAL_REPRESENTATION('',(#12658),#12662);
#12658 = LINE('',#12659,#12660);
#12659 = CARTESIAN_POINT('',(0.83203125,1.076171875));
#12660 = VECTOR('',#12661,1.);
#12661 = DIRECTION('',(1.,0.));
#12662 = ( GEOMETRIC_REPRESENTATION_CONTEXT(2) 
PARAMETRIC_REPRESENTATION_CONTEXT() REPRESENTATION_CONTEXT('2D SPACE',''
  ) );
#12663 = PCURVE('',#12664,#12669);
#12664 = PLANE('',#12665);
#12665 = AXIS2_PLACEMENT_3D('',#12666,#12667,#12668);
#12666 = CARTESIAN_POINT('',(-11.95703125,-0.30859375,2.65));
#12667 = DIRECTION('',(0.,1.,0.));
#12668 = DIRECTION('',(1.,0.,0.));
#12669 = DEFINITIONAL_REPRESENTATION('',(#12670),#12674);
#12670 = LINE('',#12671,#12672);
#12671 = CARTESIAN_POINT('',(0.,0.));
#12672 = VECTOR('',#12673,1.);
#12673 = DIRECTION('',(1.,0.));
#12674 = ( GEOMETRIC_REPRESENTATION_CONTEXT(2) 
PARAMETRIC_REPRESENTATION_CONTEXT() REPRESENTATION_CONTEXT('2D SPACE',''
  ) );
#12675 = ADVANCED_FACE('',(#12676),#6590,.T.);
#12676 = FACE_BOUND('',#12677,.F.);
#12677 = EDGE_LOOP('',(#12678,#12679,#12680,#12681,#12682,#12683,#12684,
    #12685,#12686,#12687,#12688,#12689,#12690,#12691,#12692,#12693,
    #12694,#12695,#12696,#12697,#12698,#12699,#12700,#12701,#12702,
    #12703,#12704,#12705));
#12678 = ORIENTED_EDGE('',*,*,#7882,.T.);
#12679 = ORIENTED_EDGE('',*,*,#7855,.T.);
#12680 = ORIENTED_EDGE('',*,*,#7806,.T.);
#12681 = ORIENTED_EDGE('',*,*,#7757,.T.);
#12682 = ORIENTED_EDGE('',*,*,#7708,.T.);
#12683 = ORIENTED_EDGE('',*,*,#7659,.T.);
#12684 = ORIENTED_EDGE('',*,*,#7610,.T.);
#12685 = ORIENTED_EDGE('',*,*,#7561,.T.);
#12686 = ORIENTED_EDGE('',*,*,#7512,.T.);
#12687 = ORIENTED_EDGE('',*,*,#7463,.T.);
#12688 = ORIENTED_EDGE('',*,*,#7414,.T.);
#12689 = ORIENTED_EDGE('',*,*,#7365,.T.);
#12690 = ORIENTED_EDGE('',*,*,#7316,.T.);
#12691 = ORIENTED_EDGE('',*,*,#7267,.T.);
#12692 = ORIENTED_EDGE('',*,*,#7218,.T.);
#12693 = ORIENTED_EDGE('',*,*,#7169,.T.);
#12694 = ORIENTED_EDGE('',*,*,#7120,.T.);
#12695 = ORIENTED_EDGE('',*,*,#7071,.T.);
#12696 = ORIENTED_EDGE('',*,*,#7022,.T.);
#12697 = ORIENTED_EDGE('',*,*,#6973,.T.);
#12698 = ORIENTED_EDGE('',*,*,#6924,.T.);
#12699 = ORIENTED_EDGE('',*,*,#6875,.T.);
#12700 = ORIENTED_EDGE('',*,*,#6826,.T.);
#12701 = ORIENTED_EDGE('',*,*,#6777,.T.);
#12702 = ORIENTED_EDGE('',*,*,#6728,.T.);
#12703 = ORIENTED_EDGE('',*,*,#6679,.T.);
#12704 = ORIENTED_EDGE('',*,*,#6630,.T.);
#12705 = ORIENTED_EDGE('',*,*,#6576,.T.);
#12706 = ADVANCED_FACE('',(#12707),#7967,.T.);
#12707 = FACE_BOUND('',#12708,.F.);
#12708 = EDGE_LOOP('',(#12709,#12710,#12711,#12712,#12713,#12714,#12715,
    #12716,#12717,#12718,#12719));
#12709 = ORIENTED_EDGE('',*,*,#8426,.T.);
#12710 = ORIENTED_EDGE('',*,*,#8399,.T.);
#12711 = ORIENTED_EDGE('',*,*,#8350,.T.);
#12712 = ORIENTED_EDGE('',*,*,#8301,.T.);
#12713 = ORIENTED_EDGE('',*,*,#8252,.T.);
#12714 = ORIENTED_EDGE('',*,*,#8203,.T.);
#12715 = ORIENTED_EDGE('',*,*,#8154,.T.);
#12716 = ORIENTED_EDGE('',*,*,#8105,.T.);
#12717 = ORIENTED_EDGE('',*,*,#8056,.T.);
#12718 = ORIENTED_EDGE('',*,*,#8007,.T.);
#12719 = ORIENTED_EDGE('',*,*,#7953,.T.);
#12720 = ADVANCED_FACE('',(#12721),#8511,.T.);
#12721 = FACE_BOUND('',#12722,.F.);
#12722 = EDGE_LOOP('',(#12723,#12724,#12725,#12726,#12727,#12728,#12729,
    #12730,#12731,#12732,#12733,#12734));
#12723 = ORIENTED_EDGE('',*,*,#9019,.T.);
#12724 = ORIENTED_EDGE('',*,*,#8992,.T.);
#12725 = ORIENTED_EDGE('',*,*,#8943,.T.);
#12726 = ORIENTED_EDGE('',*,*,#8894,.T.);
#12727 = ORIENTED_EDGE('',*,*,#8845,.T.);
#12728 = ORIENTED_EDGE('',*,*,#8796,.T.);
#12729 = ORIENTED_EDGE('',*,*,#8747,.T.);
#12730 = ORIENTED_EDGE('',*,*,#8698,.T.);
#12731 = ORIENTED_EDGE('',*,*,#8649,.T.);
#12732 = ORIENTED_EDGE('',*,*,#8600,.T.);
#12733 = ORIENTED_EDGE('',*,*,#8551,.T.);
#12734 = ORIENTED_EDGE('',*,*,#8497,.T.);
#12735 = ADVANCED_FACE('',(#12736),#9104,.T.);
#12736 = FACE_BOUND('',#12737,.F.);
#12737 = EDGE_LOOP('',(#12738,#12739,#12740,#12741,#12742,#12743,#12744,
    #12745));
#12738 = ORIENTED_EDGE('',*,*,#9416,.T.);
#12739 = ORIENTED_EDGE('',*,*,#9389,.T.);
#12740 = ORIENTED_EDGE('',*,*,#9340,.T.);
#12741 = ORIENTED_EDGE('',*,*,#9291,.T.);
#12742 = ORIENTED_EDGE('',*,*,#9242,.T.);
#12743 = ORIENTED_EDGE('',*,*,#9193,.T.);
#12744 = ORIENTED_EDGE('',*,*,#9144,.T.);
#12745 = ORIENTED_EDGE('',*,*,#9090,.T.);
#12746 = ADVANCED_FACE('',(#12747),#9528,.T.);
#12747 = FACE_BOUND('',#12748,.F.);
#12748 = EDGE_LOOP('',(#12749,#12750,#12751,#12752,#12753,#12754,#12755,
    #12756,#12757,#12758,#12759,#12760,#12761,#12762,#12763,#12764,
    #12765,#12766));
#12749 = ORIENTED_EDGE('',*,*,#10330,.T.);
#12750 = ORIENTED_EDGE('',*,*,#10303,.T.);
#12751 = ORIENTED_EDGE('',*,*,#10254,.T.);
#12752 = ORIENTED_EDGE('',*,*,#10205,.T.);
#12753 = ORIENTED_EDGE('',*,*,#10156,.T.);
#12754 = ORIENTED_EDGE('',*,*,#10107,.T.);
#12755 = ORIENTED_EDGE('',*,*,#10058,.T.);
#12756 = ORIENTED_EDGE('',*,*,#10009,.T.);
#12757 = ORIENTED_EDGE('',*,*,#9960,.T.);
#12758 = ORIENTED_EDGE('',*,*,#9911,.T.);
#12759 = ORIENTED_EDGE('',*,*,#9862,.T.);
#12760 = ORIENTED_EDGE('',*,*,#9813,.T.);
#12761 = ORIENTED_EDGE('',*,*,#9764,.T.);
#12762 = ORIENTED_EDGE('',*,*,#9715,.T.);
#12763 = ORIENTED_EDGE('',*,*,#9666,.T.);
#12764 = ORIENTED_EDGE('',*,*,#9617,.T.);
#12765 = ORIENTED_EDGE('',*,*,#9568,.T.);
#12766 = ORIENTED_EDGE('',*,*,#9514,.T.);
#12767 = ADVANCED_FACE('',(#12768,#12778),#10415,.T.);
#12768 = FACE_BOUND('',#12769,.F.);
#12769 = EDGE_LOOP('',(#12770,#12771,#12772,#12773,#12774,#12775,#12776,
    #12777));
#12770 = ORIENTED_EDGE('',*,*,#10727,.T.);
#12771 = ORIENTED_EDGE('',*,*,#10700,.T.);
#12772 = ORIENTED_EDGE('',*,*,#10651,.T.);
#12773 = ORIENTED_EDGE('',*,*,#10602,.T.);
#12774 = ORIENTED_EDGE('',*,*,#10553,.T.);
#12775 = ORIENTED_EDGE('',*,*,#10504,.T.);
#12776 = ORIENTED_EDGE('',*,*,#10455,.T.);
#12777 = ORIENTED_EDGE('',*,*,#10401,.T.);
#12778 = FACE_BOUND('',#12779,.F.);
#12779 = EDGE_LOOP('',(#12780,#12810,#12838));
#12780 = ORIENTED_EDGE('',*,*,#12781,.T.);
#12781 = EDGE_CURVE('',#12782,#12784,#12786,.T.);
#12782 = VERTEX_POINT('',#12783);
#12783 = CARTESIAN_POINT('',(6.048828125,-0.30859375,2.65));
#12784 = VERTEX_POINT('',#12785);
#12785 = CARTESIAN_POINT('',(5.51171875,1.142578125,2.65));
#12786 = SURFACE_CURVE('',#12787,(#12791,#12798),.PCURVE_S1.);
#12787 = LINE('',#12788,#12789);
#12788 = CARTESIAN_POINT('',(6.048828125,-0.30859375,2.65));
#12789 = VECTOR('',#12790,1.);
#12790 = DIRECTION('',(-0.347108799995,0.937824866895,0.));
#12791 = PCURVE('',#10415,#12792);
#12792 = DEFINITIONAL_REPRESENTATION('',(#12793),#12797);
#12793 = LINE('',#12794,#12795);
#12794 = CARTESIAN_POINT('',(1.904296875,1.076171875));
#12795 = VECTOR('',#12796,1.);
#12796 = DIRECTION('',(-0.347108799995,0.937824866895));
#12797 = ( GEOMETRIC_REPRESENTATION_CONTEXT(2) 
PARAMETRIC_REPRESENTATION_CONTEXT() REPRESENTATION_CONTEXT('2D SPACE',''
  ) );
#12798 = PCURVE('',#12799,#12804);
#12799 = PLANE('',#12800);
#12800 = AXIS2_PLACEMENT_3D('',#12801,#12802,#12803);
#12801 = CARTESIAN_POINT('',(6.048828125,-0.30859375,2.65));
#12802 = DIRECTION('',(-0.937824866895,-0.347108799995,0.));
#12803 = DIRECTION('',(-0.347108799995,0.937824866895,0.));
#12804 = DEFINITIONAL_REPRESENTATION('',(#12805),#12809);
#12805 = LINE('',#12806,#12807);
#12806 = CARTESIAN_POINT('',(0.,0.));
#12807 = VECTOR('',#12808,1.);
#12808 = DIRECTION('',(1.,0.));
#12809 = ( GEOMETRIC_REPRESENTATION_CONTEXT(2) 
PARAMETRIC_REPRESENTATION_CONTEXT() REPRESENTATION_CONTEXT('2D SPACE',''
  ) );
#12810 = ORIENTED_EDGE('',*,*,#12811,.T.);
#12811 = EDGE_CURVE('',#12784,#12812,#12814,.T.);
#12812 = VERTEX_POINT('',#12813);
#12813 = CARTESIAN_POINT('',(4.9765625,-0.30859375,2.65));
#12814 = SURFACE_CURVE('',#12815,(#12819,#12826),.PCURVE_S1.);
#12815 = LINE('',#12816,#12817);
#12816 = CARTESIAN_POINT('',(5.51171875,1.142578125,2.65));
#12817 = VECTOR('',#12818,1.);
#12818 = DIRECTION('',(-0.345997934185,-0.938235274086,0.));
#12819 = PCURVE('',#10415,#12820);
#12820 = DEFINITIONAL_REPRESENTATION('',(#12821),#12825);
#12821 = LINE('',#12822,#12823);
#12822 = CARTESIAN_POINT('',(1.3671875,2.52734375));
#12823 = VECTOR('',#12824,1.);
#12824 = DIRECTION('',(-0.345997934185,-0.938235274086));
#12825 = ( GEOMETRIC_REPRESENTATION_CONTEXT(2) 
PARAMETRIC_REPRESENTATION_CONTEXT() REPRESENTATION_CONTEXT('2D SPACE',''
  ) );
#12826 = PCURVE('',#12827,#12832);
#12827 = PLANE('',#12828);
#12828 = AXIS2_PLACEMENT_3D('',#12829,#12830,#12831);
#12829 = CARTESIAN_POINT('',(5.51171875,1.142578125,2.65));
#12830 = DIRECTION('',(0.938235274086,-0.345997934185,0.));
#12831 = DIRECTION('',(-0.345997934185,-0.938235274086,0.));
#12832 = DEFINITIONAL_REPRESENTATION('',(#12833),#12837);
#12833 = LINE('',#12834,#12835);
#12834 = CARTESIAN_POINT('',(0.,0.));
#12835 = VECTOR('',#12836,1.);
#12836 = DIRECTION('',(1.,0.));
#12837 = ( GEOMETRIC_REPRESENTATION_CONTEXT(2) 
PARAMETRIC_REPRESENTATION_CONTEXT() REPRESENTATION_CONTEXT('2D SPACE',''
  ) );
#12838 = ORIENTED_EDGE('',*,*,#12839,.T.);
#12839 = EDGE_CURVE('',#12812,#12782,#12840,.T.);
#12840 = SURFACE_CURVE('',#12841,(#12845,#12852),.PCURVE_S1.);
#12841 = LINE('',#12842,#12843);
#12842 = CARTESIAN_POINT('',(4.9765625,-0.30859375,2.65));
#12843 = VECTOR('',#12844,1.);
#12844 = DIRECTION('',(1.,0.,0.));
#12845 = PCURVE('',#10415,#12846);
#12846 = DEFINITIONAL_REPRESENTATION('',(#12847),#12851);
#12847 = LINE('',#12848,#12849);
#12848 = CARTESIAN_POINT('',(0.83203125,1.076171875));
#12849 = VECTOR('',#12850,1.);
#12850 = DIRECTION('',(1.,0.));
#12851 = ( GEOMETRIC_REPRESENTATION_CONTEXT(2) 
PARAMETRIC_REPRESENTATION_CONTEXT() REPRESENTATION_CONTEXT('2D SPACE',''
  ) );
#12852 = PCURVE('',#12853,#12858);
#12853 = PLANE('',#12854);
#12854 = AXIS2_PLACEMENT_3D('',#12855,#12856,#12857);
#12855 = CARTESIAN_POINT('',(4.9765625,-0.30859375,2.65));
#12856 = DIRECTION('',(0.,1.,0.));
#12857 = DIRECTION('',(1.,0.,0.));
#12858 = DEFINITIONAL_REPRESENTATION('',(#12859),#12863);
#12859 = LINE('',#12860,#12861);
#12860 = CARTESIAN_POINT('',(0.,0.));
#12861 = VECTOR('',#12862,1.);
#12862 = DIRECTION('',(1.,0.));
#12863 = ( GEOMETRIC_REPRESENTATION_CONTEXT(2) 
PARAMETRIC_REPRESENTATION_CONTEXT() REPRESENTATION_CONTEXT('2D SPACE',''
  ) );
#12864 = ADVANCED_FACE('',(#12865,#12876),#10812,.T.);
#12865 = FACE_BOUND('',#12866,.F.);
#12866 = EDGE_LOOP('',(#12867,#12868,#12869,#12870,#12871,#12872,#12873,
    #12874,#12875));
#12867 = ORIENTED_EDGE('',*,*,#11173,.T.);
#12868 = ORIENTED_EDGE('',*,*,#11146,.T.);
#12869 = ORIENTED_EDGE('',*,*,#11097,.T.);
#12870 = ORIENTED_EDGE('',*,*,#11048,.T.);
#12871 = ORIENTED_EDGE('',*,*,#10999,.T.);
#12872 = ORIENTED_EDGE('',*,*,#10950,.T.);
#12873 = ORIENTED_EDGE('',*,*,#10901,.T.);
#12874 = ORIENTED_EDGE('',*,*,#10852,.T.);
#12875 = ORIENTED_EDGE('',*,*,#10798,.T.);
#12876 = FACE_BOUND('',#12877,.F.);
#12877 = EDGE_LOOP('',(#12878,#12908,#12936,#12964,#12994,#13024,#13054)
  );
#12878 = ORIENTED_EDGE('',*,*,#12879,.T.);
#12879 = EDGE_CURVE('',#12880,#12882,#12884,.T.);
#12880 = VERTEX_POINT('',#12881);
#12881 = CARTESIAN_POINT('',(8.1640625,1.20703125,2.65));
#12882 = VERTEX_POINT('',#12883);
#12883 = CARTESIAN_POINT('',(7.66796875,1.20703125,2.65));
#12884 = SURFACE_CURVE('',#12885,(#12889,#12896),.PCURVE_S1.);
#12885 = LINE('',#12886,#12887);
#12886 = CARTESIAN_POINT('',(8.1640625,1.20703125,2.65));
#12887 = VECTOR('',#12888,1.);
#12888 = DIRECTION('',(-1.,0.,0.));
#12889 = PCURVE('',#10812,#12890);
#12890 = DEFINITIONAL_REPRESENTATION('',(#12891),#12895);
#12891 = LINE('',#12892,#12893);
#12892 = CARTESIAN_POINT('',(1.283203125,2.591796875));
#12893 = VECTOR('',#12894,1.);
#12894 = DIRECTION('',(-1.,0.));
#12895 = ( GEOMETRIC_REPRESENTATION_CONTEXT(2) 
PARAMETRIC_REPRESENTATION_CONTEXT() REPRESENTATION_CONTEXT('2D SPACE',''
  ) );
#12896 = PCURVE('',#12897,#12902);
#12897 = PLANE('',#12898);
#12898 = AXIS2_PLACEMENT_3D('',#12899,#12900,#12901);
#12899 = CARTESIAN_POINT('',(8.1640625,1.20703125,2.65));
#12900 = DIRECTION('',(0.,-1.,0.));
#12901 = DIRECTION('',(-1.,0.,0.));
#12902 = DEFINITIONAL_REPRESENTATION('',(#12903),#12907);
#12903 = LINE('',#12904,#12905);
#12904 = CARTESIAN_POINT('',(0.,-0.));
#12905 = VECTOR('',#12906,1.);
#12906 = DIRECTION('',(1.,0.));
#12907 = ( GEOMETRIC_REPRESENTATION_CONTEXT(2) 
PARAMETRIC_REPRESENTATION_CONTEXT() REPRESENTATION_CONTEXT('2D SPACE',''
  ) );
#12908 = ORIENTED_EDGE('',*,*,#12909,.T.);
#12909 = EDGE_CURVE('',#12882,#12910,#12912,.T.);
#12910 = VERTEX_POINT('',#12911);
#12911 = CARTESIAN_POINT('',(7.66796875,0.111328125,2.65));
#12912 = SURFACE_CURVE('',#12913,(#12917,#12924),.PCURVE_S1.);
#12913 = LINE('',#12914,#12915);
#12914 = CARTESIAN_POINT('',(7.66796875,1.20703125,2.65));
#12915 = VECTOR('',#12916,1.);
#12916 = DIRECTION('',(0.,-1.,0.));
#12917 = PCURVE('',#10812,#12918);
#12918 = DEFINITIONAL_REPRESENTATION('',(#12919),#12923);
#12919 = LINE('',#12920,#12921);
#12920 = CARTESIAN_POINT('',(0.787109375,2.591796875));
#12921 = VECTOR('',#12922,1.);
#12922 = DIRECTION('',(0.,-1.));
#12923 = ( GEOMETRIC_REPRESENTATION_CONTEXT(2) 
PARAMETRIC_REPRESENTATION_CONTEXT() REPRESENTATION_CONTEXT('2D SPACE',''
  ) );
#12924 = PCURVE('',#12925,#12930);
#12925 = PLANE('',#12926);
#12926 = AXIS2_PLACEMENT_3D('',#12927,#12928,#12929);
#12927 = CARTESIAN_POINT('',(7.66796875,1.20703125,2.65));
#12928 = DIRECTION('',(1.,0.,0.));
#12929 = DIRECTION('',(0.,-1.,0.));
#12930 = DEFINITIONAL_REPRESENTATION('',(#12931),#12935);
#12931 = LINE('',#12932,#12933);
#12932 = CARTESIAN_POINT('',(0.,0.));
#12933 = VECTOR('',#12934,1.);
#12934 = DIRECTION('',(1.,0.));
#12935 = ( GEOMETRIC_REPRESENTATION_CONTEXT(2) 
PARAMETRIC_REPRESENTATION_CONTEXT() REPRESENTATION_CONTEXT('2D SPACE',''
  ) );
#12936 = ORIENTED_EDGE('',*,*,#12937,.T.);
#12937 = EDGE_CURVE('',#12910,#12938,#12940,.T.);
#12938 = VERTEX_POINT('',#12939);
#12939 = CARTESIAN_POINT('',(8.1640625,0.111328125,2.65));
#12940 = SURFACE_CURVE('',#12941,(#12945,#12952),.PCURVE_S1.);
#12941 = LINE('',#12942,#12943);
#12942 = CARTESIAN_POINT('',(7.66796875,0.111328125,2.65));
#12943 = VECTOR('',#12944,1.);
#12944 = DIRECTION('',(1.,0.,0.));
#12945 = PCURVE('',#10812,#12946);
#12946 = DEFINITIONAL_REPRESENTATION('',(#12947),#12951);
#12947 = LINE('',#12948,#12949);
#12948 = CARTESIAN_POINT('',(0.787109375,1.49609375));
#12949 = VECTOR('',#12950,1.);
#12950 = DIRECTION('',(1.,0.));
#12951 = ( GEOMETRIC_REPRESENTATION_CONTEXT(2) 
PARAMETRIC_REPRESENTATION_CONTEXT() REPRESENTATION_CONTEXT('2D SPACE',''
  ) );
#12952 = PCURVE('',#12953,#12958);
#12953 = PLANE('',#12954);
#12954 = AXIS2_PLACEMENT_3D('',#12955,#12956,#12957);
#12955 = CARTESIAN_POINT('',(7.66796875,0.111328125,2.65));
#12956 = DIRECTION('',(0.,1.,0.));
#12957 = DIRECTION('',(1.,0.,0.));
#12958 = DEFINITIONAL_REPRESENTATION('',(#12959),#12963);
#12959 = LINE('',#12960,#12961);
#12960 = CARTESIAN_POINT('',(0.,0.));
#12961 = VECTOR('',#12962,1.);
#12962 = DIRECTION('',(1.,0.));
#12963 = ( GEOMETRIC_REPRESENTATION_CONTEXT(2) 
PARAMETRIC_REPRESENTATION_CONTEXT() REPRESENTATION_CONTEXT('2D SPACE',''
  ) );
#12964 = ORIENTED_EDGE('',*,*,#12965,.T.);
#12965 = EDGE_CURVE('',#12938,#12966,#12968,.T.);
#12966 = VERTEX_POINT('',#12967);
#12967 = CARTESIAN_POINT('',(8.58984375,0.25390625,2.65));
#12968 = SURFACE_CURVE('',#12969,(#12973,#12980),.PCURVE_S1.);
#12969 = B_SPLINE_CURVE_WITH_KNOTS('',2,(#12970,#12971,#12972),
  .UNSPECIFIED.,.F.,.F.,(3,3),(0.,1.),.PIECEWISE_BEZIER_KNOTS.);
#12970 = CARTESIAN_POINT('',(8.1640625,0.111328125,2.65));
#12971 = CARTESIAN_POINT('',(8.439453125,0.111328125,2.65));
#12972 = CARTESIAN_POINT('',(8.58984375,0.25390625,2.65));
#12973 = PCURVE('',#10812,#12974);
#12974 = DEFINITIONAL_REPRESENTATION('',(#12975),#12979);
#12975 = B_SPLINE_CURVE_WITH_KNOTS('',2,(#12976,#12977,#12978),
  .UNSPECIFIED.,.F.,.F.,(3,3),(0.,1.),.PIECEWISE_BEZIER_KNOTS.);
#12976 = CARTESIAN_POINT('',(1.283203125,1.49609375));
#12977 = CARTESIAN_POINT('',(1.55859375,1.49609375));
#12978 = CARTESIAN_POINT('',(1.708984375,1.638671875));
#12979 = ( GEOMETRIC_REPRESENTATION_CONTEXT(2) 
PARAMETRIC_REPRESENTATION_CONTEXT() REPRESENTATION_CONTEXT('2D SPACE',''
  ) );
#12980 = PCURVE('',#12981,#12988);
#12981 = SURFACE_OF_LINEAR_EXTRUSION('',#12982,#12986);
#12982 = B_SPLINE_CURVE_WITH_KNOTS('',2,(#12983,#12984,#12985),
  .UNSPECIFIED.,.F.,.F.,(3,3),(0.,1.),.PIECEWISE_BEZIER_KNOTS.);
#12983 = CARTESIAN_POINT('',(8.1640625,0.111328125,2.65));
#12984 = CARTESIAN_POINT('',(8.439453125,0.111328125,2.65));
#12985 = CARTESIAN_POINT('',(8.58984375,0.25390625,2.65));
#12986 = VECTOR('',#12987,1.);
#12987 = DIRECTION('',(-0.,-0.,-1.));
#12988 = DEFINITIONAL_REPRESENTATION('',(#12989),#12993);
#12989 = LINE('',#12990,#12991);
#12990 = CARTESIAN_POINT('',(0.,0.));
#12991 = VECTOR('',#12992,1.);
#12992 = DIRECTION('',(1.,0.));
#12993 = ( GEOMETRIC_REPRESENTATION_CONTEXT(2) 
PARAMETRIC_REPRESENTATION_CONTEXT() REPRESENTATION_CONTEXT('2D SPACE',''
  ) );
#12994 = ORIENTED_EDGE('',*,*,#12995,.T.);
#12995 = EDGE_CURVE('',#12966,#12996,#12998,.T.);
#12996 = VERTEX_POINT('',#12997);
#12997 = CARTESIAN_POINT('',(8.740234375,0.66015625,2.65));
#12998 = SURFACE_CURVE('',#12999,(#13003,#13010),.PCURVE_S1.);
#12999 = B_SPLINE_CURVE_WITH_KNOTS('',2,(#13000,#13001,#13002),
  .UNSPECIFIED.,.F.,.F.,(3,3),(0.,1.),.PIECEWISE_BEZIER_KNOTS.);
#13000 = CARTESIAN_POINT('',(8.58984375,0.25390625,2.65));
#13001 = CARTESIAN_POINT('',(8.740234375,0.396484375,2.65));
#13002 = CARTESIAN_POINT('',(8.740234375,0.66015625,2.65));
#13003 = PCURVE('',#10812,#13004);
#13004 = DEFINITIONAL_REPRESENTATION('',(#13005),#13009);
#13005 = B_SPLINE_CURVE_WITH_KNOTS('',2,(#13006,#13007,#13008),
  .UNSPECIFIED.,.F.,.F.,(3,3),(0.,1.),.PIECEWISE_BEZIER_KNOTS.);
#13006 = CARTESIAN_POINT('',(1.708984375,1.638671875));
#13007 = CARTESIAN_POINT('',(1.859375,1.78125));
#13008 = CARTESIAN_POINT('',(1.859375,2.044921875));
#13009 = ( GEOMETRIC_REPRESENTATION_CONTEXT(2) 
PARAMETRIC_REPRESENTATION_CONTEXT() REPRESENTATION_CONTEXT('2D SPACE',''
  ) );
#13010 = PCURVE('',#13011,#13018);
#13011 = SURFACE_OF_LINEAR_EXTRUSION('',#13012,#13016);
#13012 = B_SPLINE_CURVE_WITH_KNOTS('',2,(#13013,#13014,#13015),
  .UNSPECIFIED.,.F.,.F.,(3,3),(0.,1.),.PIECEWISE_BEZIER_KNOTS.);
#13013 = CARTESIAN_POINT('',(8.58984375,0.25390625,2.65));
#13014 = CARTESIAN_POINT('',(8.740234375,0.396484375,2.65));
#13015 = CARTESIAN_POINT('',(8.740234375,0.66015625,2.65));
#13016 = VECTOR('',#13017,1.);
#13017 = DIRECTION('',(-0.,-0.,-1.));
#13018 = DEFINITIONAL_REPRESENTATION('',(#13019),#13023);
#13019 = LINE('',#13020,#13021);
#13020 = CARTESIAN_POINT('',(0.,0.));
#13021 = VECTOR('',#13022,1.);
#13022 = DIRECTION('',(1.,0.));
#13023 = ( GEOMETRIC_REPRESENTATION_CONTEXT(2) 
PARAMETRIC_REPRESENTATION_CONTEXT() REPRESENTATION_CONTEXT('2D SPACE',''
  ) );
#13024 = ORIENTED_EDGE('',*,*,#13025,.T.);
#13025 = EDGE_CURVE('',#12996,#13026,#13028,.T.);
#13026 = VERTEX_POINT('',#13027);
#13027 = CARTESIAN_POINT('',(8.58984375,1.064453125,2.65));
#13028 = SURFACE_CURVE('',#13029,(#13033,#13040),.PCURVE_S1.);
#13029 = B_SPLINE_CURVE_WITH_KNOTS('',2,(#13030,#13031,#13032),
  .UNSPECIFIED.,.F.,.F.,(3,3),(0.,1.),.PIECEWISE_BEZIER_KNOTS.);
#13030 = CARTESIAN_POINT('',(8.740234375,0.66015625,2.65));
#13031 = CARTESIAN_POINT('',(8.740234375,0.921875,2.65));
#13032 = CARTESIAN_POINT('',(8.58984375,1.064453125,2.65));
#13033 = PCURVE('',#10812,#13034);
#13034 = DEFINITIONAL_REPRESENTATION('',(#13035),#13039);
#13035 = B_SPLINE_CURVE_WITH_KNOTS('',2,(#13036,#13037,#13038),
  .UNSPECIFIED.,.F.,.F.,(3,3),(0.,1.),.PIECEWISE_BEZIER_KNOTS.);
#13036 = CARTESIAN_POINT('',(1.859375,2.044921875));
#13037 = CARTESIAN_POINT('',(1.859375,2.306640625));
#13038 = CARTESIAN_POINT('',(1.708984375,2.44921875));
#13039 = ( GEOMETRIC_REPRESENTATION_CONTEXT(2) 
PARAMETRIC_REPRESENTATION_CONTEXT() REPRESENTATION_CONTEXT('2D SPACE',''
  ) );
#13040 = PCURVE('',#13041,#13048);
#13041 = SURFACE_OF_LINEAR_EXTRUSION('',#13042,#13046);
#13042 = B_SPLINE_CURVE_WITH_KNOTS('',2,(#13043,#13044,#13045),
  .UNSPECIFIED.,.F.,.F.,(3,3),(0.,1.),.PIECEWISE_BEZIER_KNOTS.);
#13043 = CARTESIAN_POINT('',(8.740234375,0.66015625,2.65));
#13044 = CARTESIAN_POINT('',(8.740234375,0.921875,2.65));
#13045 = CARTESIAN_POINT('',(8.58984375,1.064453125,2.65));
#13046 = VECTOR('',#13047,1.);
#13047 = DIRECTION('',(-0.,-0.,-1.));
#13048 = DEFINITIONAL_REPRESENTATION('',(#13049),#13053);
#13049 = LINE('',#13050,#13051);
#13050 = CARTESIAN_POINT('',(0.,0.));
#13051 = VECTOR('',#13052,1.);
#13052 = DIRECTION('',(1.,0.));
#13053 = ( GEOMETRIC_REPRESENTATION_CONTEXT(2) 
PARAMETRIC_REPRESENTATION_CONTEXT() REPRESENTATION_CONTEXT('2D SPACE',''
  ) );
#13054 = ORIENTED_EDGE('',*,*,#13055,.T.);
#13055 = EDGE_CURVE('',#13026,#12880,#13056,.T.);
#13056 = SURFACE_CURVE('',#13057,(#13061,#13068),.PCURVE_S1.);
#13057 = B_SPLINE_CURVE_WITH_KNOTS('',2,(#13058,#13059,#13060),
  .UNSPECIFIED.,.F.,.F.,(3,3),(0.,1.),.PIECEWISE_BEZIER_KNOTS.);
#13058 = CARTESIAN_POINT('',(8.58984375,1.064453125,2.65));
#13059 = CARTESIAN_POINT('',(8.439453125,1.20703125,2.65));
#13060 = CARTESIAN_POINT('',(8.1640625,1.20703125,2.65));
#13061 = PCURVE('',#10812,#13062);
#13062 = DEFINITIONAL_REPRESENTATION('',(#13063),#13067);
#13063 = B_SPLINE_CURVE_WITH_KNOTS('',2,(#13064,#13065,#13066),
  .UNSPECIFIED.,.F.,.F.,(3,3),(0.,1.),.PIECEWISE_BEZIER_KNOTS.);
#13064 = CARTESIAN_POINT('',(1.708984375,2.44921875));
#13065 = CARTESIAN_POINT('',(1.55859375,2.591796875));
#13066 = CARTESIAN_POINT('',(1.283203125,2.591796875));
#13067 = ( GEOMETRIC_REPRESENTATION_CONTEXT(2) 
PARAMETRIC_REPRESENTATION_CONTEXT() REPRESENTATION_CONTEXT('2D SPACE',''
  ) );
#13068 = PCURVE('',#13069,#13076);
#13069 = SURFACE_OF_LINEAR_EXTRUSION('',#13070,#13074);
#13070 = B_SPLINE_CURVE_WITH_KNOTS('',2,(#13071,#13072,#13073),
  .UNSPECIFIED.,.F.,.F.,(3,3),(0.,1.),.PIECEWISE_BEZIER_KNOTS.);
#13071 = CARTESIAN_POINT('',(8.58984375,1.064453125,2.65));
#13072 = CARTESIAN_POINT('',(8.439453125,1.20703125,2.65));
#13073 = CARTESIAN_POINT('',(8.1640625,1.20703125,2.65));
#13074 = VECTOR('',#13075,1.);
#13075 = DIRECTION('',(-0.,-0.,-1.));
#13076 = DEFINITIONAL_REPRESENTATION('',(#13077),#13081);
#13077 = LINE('',#13078,#13079);
#13078 = CARTESIAN_POINT('',(0.,0.));
#13079 = VECTOR('',#13080,1.);
#13080 = DIRECTION('',(1.,0.));
#13081 = ( GEOMETRIC_REPRESENTATION_CONTEXT(2) 
PARAMETRIC_REPRESENTATION_CONTEXT() REPRESENTATION_CONTEXT('2D SPACE',''
  ) );
#13082 = ADVANCED_FACE('',(#13083,#13101),#11258,.T.);
#13083 = FACE_BOUND('',#13084,.F.);
#13084 = EDGE_LOOP('',(#13085,#13086,#13087,#13088,#13089,#13090,#13091,
    #13092,#13093,#13094,#13095,#13096,#13097,#13098,#13099,#13100));
#13085 = ORIENTED_EDGE('',*,*,#11962,.T.);
#13086 = ORIENTED_EDGE('',*,*,#11935,.T.);
#13087 = ORIENTED_EDGE('',*,*,#11886,.T.);
#13088 = ORIENTED_EDGE('',*,*,#11837,.T.);
#13089 = ORIENTED_EDGE('',*,*,#11788,.T.);
#13090 = ORIENTED_EDGE('',*,*,#11739,.T.);
#13091 = ORIENTED_EDGE('',*,*,#11690,.T.);
#13092 = ORIENTED_EDGE('',*,*,#11641,.T.);
#13093 = ORIENTED_EDGE('',*,*,#11592,.T.);
#13094 = ORIENTED_EDGE('',*,*,#11543,.T.);
#13095 = ORIENTED_EDGE('',*,*,#11494,.T.);
#13096 = ORIENTED_EDGE('',*,*,#11445,.T.);
#13097 = ORIENTED_EDGE('',*,*,#11396,.T.);
#13098 = ORIENTED_EDGE('',*,*,#11347,.T.);
#13099 = ORIENTED_EDGE('',*,*,#11298,.T.);
#13100 = ORIENTED_EDGE('',*,*,#11244,.T.);
#13101 = FACE_BOUND('',#13102,.F.);
#13102 = EDGE_LOOP('',(#13103,#13133,#13161,#13189,#13219,#13249,#13279)
  );
#13103 = ORIENTED_EDGE('',*,*,#13104,.T.);
#13104 = EDGE_CURVE('',#13105,#13107,#13109,.T.);
#13105 = VERTEX_POINT('',#13106);
#13106 = CARTESIAN_POINT('',(11.84765625,1.20703125,2.65));
#13107 = VERTEX_POINT('',#13108);
#13108 = CARTESIAN_POINT('',(11.3515625,1.20703125,2.65));
#13109 = SURFACE_CURVE('',#13110,(#13114,#13121),.PCURVE_S1.);
#13110 = LINE('',#13111,#13112);
#13111 = CARTESIAN_POINT('',(11.84765625,1.20703125,2.65));
#13112 = VECTOR('',#13113,1.);
#13113 = DIRECTION('',(-1.,0.,0.));
#13114 = PCURVE('',#11258,#13115);
#13115 = DEFINITIONAL_REPRESENTATION('',(#13116),#13120);
#13116 = LINE('',#13117,#13118);
#13117 = CARTESIAN_POINT('',(1.283203125,2.591796875));
#13118 = VECTOR('',#13119,1.);
#13119 = DIRECTION('',(-1.,0.));
#13120 = ( GEOMETRIC_REPRESENTATION_CONTEXT(2) 
PARAMETRIC_REPRESENTATION_CONTEXT() REPRESENTATION_CONTEXT('2D SPACE',''
  ) );
#13121 = PCURVE('',#13122,#13127);
#13122 = PLANE('',#13123);
#13123 = AXIS2_PLACEMENT_3D('',#13124,#13125,#13126);
#13124 = CARTESIAN_POINT('',(11.84765625,1.20703125,2.65));
#13125 = DIRECTION('',(0.,-1.,0.));
#13126 = DIRECTION('',(-1.,0.,0.));
#13127 = DEFINITIONAL_REPRESENTATION('',(#13128),#13132);
#13128 = LINE('',#13129,#13130);
#13129 = CARTESIAN_POINT('',(0.,-0.));
#13130 = VECTOR('',#13131,1.);
#13131 = DIRECTION('',(1.,0.));
#13132 = ( GEOMETRIC_REPRESENTATION_CONTEXT(2) 
PARAMETRIC_REPRESENTATION_CONTEXT() REPRESENTATION_CONTEXT('2D SPACE',''
  ) );
#13133 = ORIENTED_EDGE('',*,*,#13134,.T.);
#13134 = EDGE_CURVE('',#13107,#13135,#13137,.T.);
#13135 = VERTEX_POINT('',#13136);
#13136 = CARTESIAN_POINT('',(11.3515625,0.171875,2.65));
#13137 = SURFACE_CURVE('',#13138,(#13142,#13149),.PCURVE_S1.);
#13138 = LINE('',#13139,#13140);
#13139 = CARTESIAN_POINT('',(11.3515625,1.20703125,2.65));
#13140 = VECTOR('',#13141,1.);
#13141 = DIRECTION('',(0.,-1.,0.));
#13142 = PCURVE('',#11258,#13143);
#13143 = DEFINITIONAL_REPRESENTATION('',(#13144),#13148);
#13144 = LINE('',#13145,#13146);
#13145 = CARTESIAN_POINT('',(0.787109375,2.591796875));
#13146 = VECTOR('',#13147,1.);
#13147 = DIRECTION('',(0.,-1.));
#13148 = ( GEOMETRIC_REPRESENTATION_CONTEXT(2) 
PARAMETRIC_REPRESENTATION_CONTEXT() REPRESENTATION_CONTEXT('2D SPACE',''
  ) );
#13149 = PCURVE('',#13150,#13155);
#13150 = PLANE('',#13151);
#13151 = AXIS2_PLACEMENT_3D('',#13152,#13153,#13154);
#13152 = CARTESIAN_POINT('',(11.3515625,1.20703125,2.65));
#13153 = DIRECTION('',(1.,0.,0.));
#13154 = DIRECTION('',(0.,-1.,0.));
#13155 = DEFINITIONAL_REPRESENTATION('',(#13156),#13160);
#13156 = LINE('',#13157,#13158);
#13157 = CARTESIAN_POINT('',(0.,0.));
#13158 = VECTOR('',#13159,1.);
#13159 = DIRECTION('',(1.,0.));
#13160 = ( GEOMETRIC_REPRESENTATION_CONTEXT(2) 
PARAMETRIC_REPRESENTATION_CONTEXT() REPRESENTATION_CONTEXT('2D SPACE',''
  ) );
#13161 = ORIENTED_EDGE('',*,*,#13162,.T.);
#13162 = EDGE_CURVE('',#13135,#13163,#13165,.T.);
#13163 = VERTEX_POINT('',#13164);
#13164 = CARTESIAN_POINT('',(11.84765625,0.171875,2.65));
#13165 = SURFACE_CURVE('',#13166,(#13170,#13177),.PCURVE_S1.);
#13166 = LINE('',#13167,#13168);
#13167 = CARTESIAN_POINT('',(11.3515625,0.171875,2.65));
#13168 = VECTOR('',#13169,1.);
#13169 = DIRECTION('',(1.,0.,0.));
#13170 = PCURVE('',#11258,#13171);
#13171 = DEFINITIONAL_REPRESENTATION('',(#13172),#13176);
#13172 = LINE('',#13173,#13174);
#13173 = CARTESIAN_POINT('',(0.787109375,1.556640625));
#13174 = VECTOR('',#13175,1.);
#13175 = DIRECTION('',(1.,0.));
#13176 = ( GEOMETRIC_REPRESENTATION_CONTEXT(2) 
PARAMETRIC_REPRESENTATION_CONTEXT() REPRESENTATION_CONTEXT('2D SPACE',''
  ) );
#13177 = PCURVE('',#13178,#13183);
#13178 = PLANE('',#13179);
#13179 = AXIS2_PLACEMENT_3D('',#13180,#13181,#13182);
#13180 = CARTESIAN_POINT('',(11.3515625,0.171875,2.65));
#13181 = DIRECTION('',(0.,1.,0.));
#13182 = DIRECTION('',(1.,0.,0.));
#13183 = DEFINITIONAL_REPRESENTATION('',(#13184),#13188);
#13184 = LINE('',#13185,#13186);
#13185 = CARTESIAN_POINT('',(0.,0.));
#13186 = VECTOR('',#13187,1.);
#13187 = DIRECTION('',(1.,0.));
#13188 = ( GEOMETRIC_REPRESENTATION_CONTEXT(2) 
PARAMETRIC_REPRESENTATION_CONTEXT() REPRESENTATION_CONTEXT('2D SPACE',''
  ) );
#13189 = ORIENTED_EDGE('',*,*,#13190,.T.);
#13190 = EDGE_CURVE('',#13163,#13191,#13193,.T.);
#13191 = VERTEX_POINT('',#13192);
#13192 = CARTESIAN_POINT('',(12.2783203125,0.3037109375,2.65));
#13193 = SURFACE_CURVE('',#13194,(#13198,#13205),.PCURVE_S1.);
#13194 = B_SPLINE_CURVE_WITH_KNOTS('',2,(#13195,#13196,#13197),
  .UNSPECIFIED.,.F.,.F.,(3,3),(0.,1.),.PIECEWISE_BEZIER_KNOTS.);
#13195 = CARTESIAN_POINT('',(11.84765625,0.171875,2.65));
#13196 = CARTESIAN_POINT('',(12.1328125,0.171875,2.65));
#13197 = CARTESIAN_POINT('',(12.2783203125,0.3037109375,2.65));
#13198 = PCURVE('',#11258,#13199);
#13199 = DEFINITIONAL_REPRESENTATION('',(#13200),#13204);
#13200 = B_SPLINE_CURVE_WITH_KNOTS('',2,(#13201,#13202,#13203),
  .UNSPECIFIED.,.F.,.F.,(3,3),(0.,1.),.PIECEWISE_BEZIER_KNOTS.);
#13201 = CARTESIAN_POINT('',(1.283203125,1.556640625));
#13202 = CARTESIAN_POINT('',(1.568359375,1.556640625));
#13203 = CARTESIAN_POINT('',(1.7138671875,1.6884765625));
#13204 = ( GEOMETRIC_REPRESENTATION_CONTEXT(2) 
PARAMETRIC_REPRESENTATION_CONTEXT() REPRESENTATION_CONTEXT('2D SPACE',''
  ) );
#13205 = PCURVE('',#13206,#13213);
#13206 = SURFACE_OF_LINEAR_EXTRUSION('',#13207,#13211);
#13207 = B_SPLINE_CURVE_WITH_KNOTS('',2,(#13208,#13209,#13210),
  .UNSPECIFIED.,.F.,.F.,(3,3),(0.,1.),.PIECEWISE_BEZIER_KNOTS.);
#13208 = CARTESIAN_POINT('',(11.84765625,0.171875,2.65));
#13209 = CARTESIAN_POINT('',(12.1328125,0.171875,2.65));
#13210 = CARTESIAN_POINT('',(12.2783203125,0.3037109375,2.65));
#13211 = VECTOR('',#13212,1.);
#13212 = DIRECTION('',(-0.,-0.,-1.));
#13213 = DEFINITIONAL_REPRESENTATION('',(#13214),#13218);
#13214 = LINE('',#13215,#13216);
#13215 = CARTESIAN_POINT('',(0.,0.));
#13216 = VECTOR('',#13217,1.);
#13217 = DIRECTION('',(1.,0.));
#13218 = ( GEOMETRIC_REPRESENTATION_CONTEXT(2) 
PARAMETRIC_REPRESENTATION_CONTEXT() REPRESENTATION_CONTEXT('2D SPACE',''
  ) );
#13219 = ORIENTED_EDGE('',*,*,#13220,.T.);
#13220 = EDGE_CURVE('',#13191,#13221,#13223,.T.);
#13221 = VERTEX_POINT('',#13222);
#13222 = CARTESIAN_POINT('',(12.423828125,0.69140625,2.65));
#13223 = SURFACE_CURVE('',#13224,(#13228,#13235),.PCURVE_S1.);
#13224 = B_SPLINE_CURVE_WITH_KNOTS('',2,(#13225,#13226,#13227),
  .UNSPECIFIED.,.F.,.F.,(3,3),(0.,1.),.PIECEWISE_BEZIER_KNOTS.);
#13225 = CARTESIAN_POINT('',(12.2783203125,0.3037109375,2.65));
#13226 = CARTESIAN_POINT('',(12.423828125,0.435546875,2.65));
#13227 = CARTESIAN_POINT('',(12.423828125,0.69140625,2.65));
#13228 = PCURVE('',#11258,#13229);
#13229 = DEFINITIONAL_REPRESENTATION('',(#13230),#13234);
#13230 = B_SPLINE_CURVE_WITH_KNOTS('',2,(#13231,#13232,#13233),
  .UNSPECIFIED.,.F.,.F.,(3,3),(0.,1.),.PIECEWISE_BEZIER_KNOTS.);
#13231 = CARTESIAN_POINT('',(1.7138671875,1.6884765625));
#13232 = CARTESIAN_POINT('',(1.859375,1.8203125));
#13233 = CARTESIAN_POINT('',(1.859375,2.076171875));
#13234 = ( GEOMETRIC_REPRESENTATION_CONTEXT(2) 
PARAMETRIC_REPRESENTATION_CONTEXT() REPRESENTATION_CONTEXT('2D SPACE',''
  ) );
#13235 = PCURVE('',#13236,#13243);
#13236 = SURFACE_OF_LINEAR_EXTRUSION('',#13237,#13241);
#13237 = B_SPLINE_CURVE_WITH_KNOTS('',2,(#13238,#13239,#13240),
  .UNSPECIFIED.,.F.,.F.,(3,3),(0.,1.),.PIECEWISE_BEZIER_KNOTS.);
#13238 = CARTESIAN_POINT('',(12.2783203125,0.3037109375,2.65));
#13239 = CARTESIAN_POINT('',(12.423828125,0.435546875,2.65));
#13240 = CARTESIAN_POINT('',(12.423828125,0.69140625,2.65));
#13241 = VECTOR('',#13242,1.);
#13242 = DIRECTION('',(-0.,-0.,-1.));
#13243 = DEFINITIONAL_REPRESENTATION('',(#13244),#13248);
#13244 = LINE('',#13245,#13246);
#13245 = CARTESIAN_POINT('',(0.,0.));
#13246 = VECTOR('',#13247,1.);
#13247 = DIRECTION('',(1.,0.));
#13248 = ( GEOMETRIC_REPRESENTATION_CONTEXT(2) 
PARAMETRIC_REPRESENTATION_CONTEXT() REPRESENTATION_CONTEXT('2D SPACE',''
  ) );
#13249 = ORIENTED_EDGE('',*,*,#13250,.T.);
#13250 = EDGE_CURVE('',#13221,#13251,#13253,.T.);
#13251 = VERTEX_POINT('',#13252);
#13252 = CARTESIAN_POINT('',(12.2783203125,1.0771484375,2.65));
#13253 = SURFACE_CURVE('',#13254,(#13258,#13265),.PCURVE_S1.);
#13254 = B_SPLINE_CURVE_WITH_KNOTS('',2,(#13255,#13256,#13257),
  .UNSPECIFIED.,.F.,.F.,(3,3),(0.,1.),.PIECEWISE_BEZIER_KNOTS.);
#13255 = CARTESIAN_POINT('',(12.423828125,0.69140625,2.65));
#13256 = CARTESIAN_POINT('',(12.423828125,0.947265625,2.65));
#13257 = CARTESIAN_POINT('',(12.2783203125,1.0771484375,2.65));
#13258 = PCURVE('',#11258,#13259);
#13259 = DEFINITIONAL_REPRESENTATION('',(#13260),#13264);
#13260 = B_SPLINE_CURVE_WITH_KNOTS('',2,(#13261,#13262,#13263),
  .UNSPECIFIED.,.F.,.F.,(3,3),(0.,1.),.PIECEWISE_BEZIER_KNOTS.);
#13261 = CARTESIAN_POINT('',(1.859375,2.076171875));
#13262 = CARTESIAN_POINT('',(1.859375,2.33203125));
#13263 = CARTESIAN_POINT('',(1.7138671875,2.4619140625));
#13264 = ( GEOMETRIC_REPRESENTATION_CONTEXT(2) 
PARAMETRIC_REPRESENTATION_CONTEXT() REPRESENTATION_CONTEXT('2D SPACE',''
  ) );
#13265 = PCURVE('',#13266,#13273);
#13266 = SURFACE_OF_LINEAR_EXTRUSION('',#13267,#13271);
#13267 = B_SPLINE_CURVE_WITH_KNOTS('',2,(#13268,#13269,#13270),
  .UNSPECIFIED.,.F.,.F.,(3,3),(0.,1.),.PIECEWISE_BEZIER_KNOTS.);
#13268 = CARTESIAN_POINT('',(12.423828125,0.69140625,2.65));
#13269 = CARTESIAN_POINT('',(12.423828125,0.947265625,2.65));
#13270 = CARTESIAN_POINT('',(12.2783203125,1.0771484375,2.65));
#13271 = VECTOR('',#13272,1.);
#13272 = DIRECTION('',(-0.,-0.,-1.));
#13273 = DEFINITIONAL_REPRESENTATION('',(#13274),#13278);
#13274 = LINE('',#13275,#13276);
#13275 = CARTESIAN_POINT('',(0.,0.));
#13276 = VECTOR('',#13277,1.);
#13277 = DIRECTION('',(1.,0.));
#13278 = ( GEOMETRIC_REPRESENTATION_CONTEXT(2) 
PARAMETRIC_REPRESENTATION_CONTEXT() REPRESENTATION_CONTEXT('2D SPACE',''
  ) );
#13279 = ORIENTED_EDGE('',*,*,#13280,.T.);
#13280 = EDGE_CURVE('',#13251,#13105,#13281,.T.);
#13281 = SURFACE_CURVE('',#13282,(#13286,#13293),.PCURVE_S1.);
#13282 = B_SPLINE_CURVE_WITH_KNOTS('',2,(#13283,#13284,#13285),
  .UNSPECIFIED.,.F.,.F.,(3,3),(0.,1.),.PIECEWISE_BEZIER_KNOTS.);
#13283 = CARTESIAN_POINT('',(12.2783203125,1.0771484375,2.65));
#13284 = CARTESIAN_POINT('',(12.1328125,1.20703125,2.65));
#13285 = CARTESIAN_POINT('',(11.84765625,1.20703125,2.65));
#13286 = PCURVE('',#11258,#13287);
#13287 = DEFINITIONAL_REPRESENTATION('',(#13288),#13292);
#13288 = B_SPLINE_CURVE_WITH_KNOTS('',2,(#13289,#13290,#13291),
  .UNSPECIFIED.,.F.,.F.,(3,3),(0.,1.),.PIECEWISE_BEZIER_KNOTS.);
#13289 = CARTESIAN_POINT('',(1.7138671875,2.4619140625));
#13290 = CARTESIAN_POINT('',(1.568359375,2.591796875));
#13291 = CARTESIAN_POINT('',(1.283203125,2.591796875));
#13292 = ( GEOMETRIC_REPRESENTATION_CONTEXT(2) 
PARAMETRIC_REPRESENTATION_CONTEXT() REPRESENTATION_CONTEXT('2D SPACE',''
  ) );
#13293 = PCURVE('',#13294,#13301);
#13294 = SURFACE_OF_LINEAR_EXTRUSION('',#13295,#13299);
#13295 = B_SPLINE_CURVE_WITH_KNOTS('',2,(#13296,#13297,#13298),
  .UNSPECIFIED.,.F.,.F.,(3,3),(0.,1.),.PIECEWISE_BEZIER_KNOTS.);
#13296 = CARTESIAN_POINT('',(12.2783203125,1.0771484375,2.65));
#13297 = CARTESIAN_POINT('',(12.1328125,1.20703125,2.65));
#13298 = CARTESIAN_POINT('',(11.84765625,1.20703125,2.65));
#13299 = VECTOR('',#13300,1.);
#13300 = DIRECTION('',(-0.,-0.,-1.));
#13301 = DEFINITIONAL_REPRESENTATION('',(#13302),#13306);
#13302 = LINE('',#13303,#13304);
#13303 = CARTESIAN_POINT('',(0.,0.));
#13304 = VECTOR('',#13305,1.);
#13305 = DIRECTION('',(1.,0.));
#13306 = ( GEOMETRIC_REPRESENTATION_CONTEXT(2) 
PARAMETRIC_REPRESENTATION_CONTEXT() REPRESENTATION_CONTEXT('2D SPACE',''
  ) );
#13307 = ADVANCED_FACE('',(#13308),#12047,.T.);
#13308 = FACE_BOUND('',#13309,.F.);
#13309 = EDGE_LOOP('',(#13310,#13311,#13312,#13313,#13314,#13315,#13316,
    #13317,#13318,#13319,#13320));
#13310 = ORIENTED_EDGE('',*,*,#12506,.T.);
#13311 = ORIENTED_EDGE('',*,*,#12479,.T.);
#13312 = ORIENTED_EDGE('',*,*,#12430,.T.);
#13313 = ORIENTED_EDGE('',*,*,#12381,.T.);
#13314 = ORIENTED_EDGE('',*,*,#12332,.T.);
#13315 = ORIENTED_EDGE('',*,*,#12283,.T.);
#13316 = ORIENTED_EDGE('',*,*,#12234,.T.);
#13317 = ORIENTED_EDGE('',*,*,#12185,.T.);
#13318 = ORIENTED_EDGE('',*,*,#12136,.T.);
#13319 = ORIENTED_EDGE('',*,*,#12087,.T.);
#13320 = ORIENTED_EDGE('',*,*,#12033,.T.);
#13321 = ADVANCED_FACE('',(#13322),#12610,.F.);
#13322 = FACE_BOUND('',#13323,.F.);
#13323 = EDGE_LOOP('',(#13324,#13347,#13375,#13396));
#13324 = ORIENTED_EDGE('',*,*,#13325,.T.);
#13325 = EDGE_CURVE('',#12593,#13326,#13328,.T.);
#13326 = VERTEX_POINT('',#13327);
#13327 = CARTESIAN_POINT('',(-10.884765625,-0.30859375,3.));
#13328 = SURFACE_CURVE('',#13329,(#13333,#13340),.PCURVE_S1.);
#13329 = LINE('',#13330,#13331);
#13330 = CARTESIAN_POINT('',(-10.884765625,-0.30859375,2.65));
#13331 = VECTOR('',#13332,1.);
#13332 = DIRECTION('',(0.,0.,1.));
#13333 = PCURVE('',#12610,#13334);
#13334 = DEFINITIONAL_REPRESENTATION('',(#13335),#13339);
#13335 = LINE('',#13336,#13337);
#13336 = CARTESIAN_POINT('',(0.,0.));
#13337 = VECTOR('',#13338,1.);
#13338 = DIRECTION('',(0.,-1.));
#13339 = ( GEOMETRIC_REPRESENTATION_CONTEXT(2) 
PARAMETRIC_REPRESENTATION_CONTEXT() REPRESENTATION_CONTEXT('2D SPACE',''
  ) );
#13340 = PCURVE('',#12664,#13341);
#13341 = DEFINITIONAL_REPRESENTATION('',(#13342),#13346);
#13342 = LINE('',#13343,#13344);
#13343 = CARTESIAN_POINT('',(1.072265625,0.));
#13344 = VECTOR('',#13345,1.);
#13345 = DIRECTION('',(0.,-1.));
#13346 = ( GEOMETRIC_REPRESENTATION_CONTEXT(2) 
PARAMETRIC_REPRESENTATION_CONTEXT() REPRESENTATION_CONTEXT('2D SPACE',''
  ) );
#13347 = ORIENTED_EDGE('',*,*,#13348,.T.);
#13348 = EDGE_CURVE('',#13326,#13349,#13351,.T.);
#13349 = VERTEX_POINT('',#13350);
#13350 = CARTESIAN_POINT('',(-11.421875,1.142578125,3.));
#13351 = SURFACE_CURVE('',#13352,(#13356,#13363),.PCURVE_S1.);
#13352 = LINE('',#13353,#13354);
#13353 = CARTESIAN_POINT('',(-10.884765625,-0.30859375,3.));
#13354 = VECTOR('',#13355,1.);
#13355 = DIRECTION('',(-0.347108799995,0.937824866895,0.));
#13356 = PCURVE('',#12610,#13357);
#13357 = DEFINITIONAL_REPRESENTATION('',(#13358),#13362);
#13358 = LINE('',#13359,#13360);
#13359 = CARTESIAN_POINT('',(0.,-0.35));
#13360 = VECTOR('',#13361,1.);
#13361 = DIRECTION('',(1.,0.));
#13362 = ( GEOMETRIC_REPRESENTATION_CONTEXT(2) 
PARAMETRIC_REPRESENTATION_CONTEXT() REPRESENTATION_CONTEXT('2D SPACE',''
  ) );
#13363 = PCURVE('',#13364,#13369);
#13364 = PLANE('',#13365);
#13365 = AXIS2_PLACEMENT_3D('',#13366,#13367,#13368);
#13366 = CARTESIAN_POINT('',(-30.,-15.,3.));
#13367 = DIRECTION('',(0.,0.,1.));
#13368 = DIRECTION('',(1.,0.,0.));
#13369 = DEFINITIONAL_REPRESENTATION('',(#13370),#13374);
#13370 = LINE('',#13371,#13372);
#13371 = CARTESIAN_POINT('',(19.115234375,14.69140625));
#13372 = VECTOR('',#13373,1.);
#13373 = DIRECTION('',(-0.347108799995,0.937824866895));
#13374 = ( GEOMETRIC_REPRESENTATION_CONTEXT(2) 
PARAMETRIC_REPRESENTATION_CONTEXT() REPRESENTATION_CONTEXT('2D SPACE',''
  ) );
#13375 = ORIENTED_EDGE('',*,*,#13376,.F.);
#13376 = EDGE_CURVE('',#12595,#13349,#13377,.T.);
#13377 = SURFACE_CURVE('',#13378,(#13382,#13389),.PCURVE_S1.);
#13378 = LINE('',#13379,#13380);
#13379 = CARTESIAN_POINT('',(-11.421875,1.142578125,2.65));
#13380 = VECTOR('',#13381,1.);
#13381 = DIRECTION('',(0.,0.,1.));
#13382 = PCURVE('',#12610,#13383);
#13383 = DEFINITIONAL_REPRESENTATION('',(#13384),#13388);
#13384 = LINE('',#13385,#13386);
#13385 = CARTESIAN_POINT('',(1.547380461135,0.));
#13386 = VECTOR('',#13387,1.);
#13387 = DIRECTION('',(0.,-1.));
#13388 = ( GEOMETRIC_REPRESENTATION_CONTEXT(2) 
PARAMETRIC_REPRESENTATION_CONTEXT() REPRESENTATION_CONTEXT('2D SPACE',''
  ) );
#13389 = PCURVE('',#12638,#13390);
#13390 = DEFINITIONAL_REPRESENTATION('',(#13391),#13395);
#13391 = LINE('',#13392,#13393);
#13392 = CARTESIAN_POINT('',(0.,0.));
#13393 = VECTOR('',#13394,1.);
#13394 = DIRECTION('',(0.,-1.));
#13395 = ( GEOMETRIC_REPRESENTATION_CONTEXT(2) 
PARAMETRIC_REPRESENTATION_CONTEXT() REPRESENTATION_CONTEXT('2D SPACE',''
  ) );
#13396 = ORIENTED_EDGE('',*,*,#12592,.F.);
#13397 = ADVANCED_FACE('',(#13398),#12638,.F.);
#13398 = FACE_BOUND('',#13399,.F.);
#13399 = EDGE_LOOP('',(#13400,#13401,#13424,#13445));
#13400 = ORIENTED_EDGE('',*,*,#13376,.T.);
#13401 = ORIENTED_EDGE('',*,*,#13402,.T.);
#13402 = EDGE_CURVE('',#13349,#13403,#13405,.T.);
#13403 = VERTEX_POINT('',#13404);
#13404 = CARTESIAN_POINT('',(-11.95703125,-0.30859375,3.));
#13405 = SURFACE_CURVE('',#13406,(#13410,#13417),.PCURVE_S1.);
#13406 = LINE('',#13407,#13408);
#13407 = CARTESIAN_POINT('',(-11.421875,1.142578125,3.));
#13408 = VECTOR('',#13409,1.);
#13409 = DIRECTION('',(-0.345997934185,-0.938235274086,0.));
#13410 = PCURVE('',#12638,#13411);
#13411 = DEFINITIONAL_REPRESENTATION('',(#13412),#13416);
#13412 = LINE('',#13413,#13414);
#13413 = CARTESIAN_POINT('',(0.,-0.35));
#13414 = VECTOR('',#13415,1.);
#13415 = DIRECTION('',(1.,0.));
#13416 = ( GEOMETRIC_REPRESENTATION_CONTEXT(2) 
PARAMETRIC_REPRESENTATION_CONTEXT() REPRESENTATION_CONTEXT('2D SPACE',''
  ) );
#13417 = PCURVE('',#13364,#13418);
#13418 = DEFINITIONAL_REPRESENTATION('',(#13419),#13423);
#13419 = LINE('',#13420,#13421);
#13420 = CARTESIAN_POINT('',(18.578125,16.142578125));
#13421 = VECTOR('',#13422,1.);
#13422 = DIRECTION('',(-0.345997934185,-0.938235274086));
#13423 = ( GEOMETRIC_REPRESENTATION_CONTEXT(2) 
PARAMETRIC_REPRESENTATION_CONTEXT() REPRESENTATION_CONTEXT('2D SPACE',''
  ) );
#13424 = ORIENTED_EDGE('',*,*,#13425,.F.);
#13425 = EDGE_CURVE('',#12623,#13403,#13426,.T.);
#13426 = SURFACE_CURVE('',#13427,(#13431,#13438),.PCURVE_S1.);
#13427 = LINE('',#13428,#13429);
#13428 = CARTESIAN_POINT('',(-11.95703125,-0.30859375,2.65));
#13429 = VECTOR('',#13430,1.);
#13430 = DIRECTION('',(0.,0.,1.));
#13431 = PCURVE('',#12638,#13432);
#13432 = DEFINITIONAL_REPRESENTATION('',(#13433),#13437);
#13433 = LINE('',#13434,#13435);
#13434 = CARTESIAN_POINT('',(1.546703598853,0.));
#13435 = VECTOR('',#13436,1.);
#13436 = DIRECTION('',(0.,-1.));
#13437 = ( GEOMETRIC_REPRESENTATION_CONTEXT(2) 
PARAMETRIC_REPRESENTATION_CONTEXT() REPRESENTATION_CONTEXT('2D SPACE',''
  ) );
#13438 = PCURVE('',#12664,#13439);
#13439 = DEFINITIONAL_REPRESENTATION('',(#13440),#13444);
#13440 = LINE('',#13441,#13442);
#13441 = CARTESIAN_POINT('',(0.,0.));
#13442 = VECTOR('',#13443,1.);
#13443 = DIRECTION('',(0.,-1.));
#13444 = ( GEOMETRIC_REPRESENTATION_CONTEXT(2) 
PARAMETRIC_REPRESENTATION_CONTEXT() REPRESENTATION_CONTEXT('2D SPACE',''
  ) );
#13445 = ORIENTED_EDGE('',*,*,#12622,.F.);
#13446 = ADVANCED_FACE('',(#13447),#12664,.F.);
#13447 = FACE_BOUND('',#13448,.F.);
#13448 = EDGE_LOOP('',(#13449,#13450,#13471,#13472));
#13449 = ORIENTED_EDGE('',*,*,#13425,.T.);
#13450 = ORIENTED_EDGE('',*,*,#13451,.T.);
#13451 = EDGE_CURVE('',#13403,#13326,#13452,.T.);
#13452 = SURFACE_CURVE('',#13453,(#13457,#13464),.PCURVE_S1.);
#13453 = LINE('',#13454,#13455);
#13454 = CARTESIAN_POINT('',(-11.95703125,-0.30859375,3.));
#13455 = VECTOR('',#13456,1.);
#13456 = DIRECTION('',(1.,0.,0.));
#13457 = PCURVE('',#12664,#13458);
#13458 = DEFINITIONAL_REPRESENTATION('',(#13459),#13463);
#13459 = LINE('',#13460,#13461);
#13460 = CARTESIAN_POINT('',(0.,-0.35));
#13461 = VECTOR('',#13462,1.);
#13462 = DIRECTION('',(1.,0.));
#13463 = ( GEOMETRIC_REPRESENTATION_CONTEXT(2) 
PARAMETRIC_REPRESENTATION_CONTEXT() REPRESENTATION_CONTEXT('2D SPACE',''
  ) );
#13464 = PCURVE('',#13364,#13465);
#13465 = DEFINITIONAL_REPRESENTATION('',(#13466),#13470);
#13466 = LINE('',#13467,#13468);
#13467 = CARTESIAN_POINT('',(18.04296875,14.69140625));
#13468 = VECTOR('',#13469,1.);
#13469 = DIRECTION('',(1.,0.));
#13470 = ( GEOMETRIC_REPRESENTATION_CONTEXT(2) 
PARAMETRIC_REPRESENTATION_CONTEXT() REPRESENTATION_CONTEXT('2D SPACE',''
  ) );
#13471 = ORIENTED_EDGE('',*,*,#13325,.F.);
#13472 = ORIENTED_EDGE('',*,*,#12650,.F.);
#13473 = ADVANCED_FACE('',(#13474),#12799,.F.);
#13474 = FACE_BOUND('',#13475,.F.);
#13475 = EDGE_LOOP('',(#13476,#13499,#13527,#13548));
#13476 = ORIENTED_EDGE('',*,*,#13477,.T.);
#13477 = EDGE_CURVE('',#12782,#13478,#13480,.T.);
#13478 = VERTEX_POINT('',#13479);
#13479 = CARTESIAN_POINT('',(6.048828125,-0.30859375,3.));
#13480 = SURFACE_CURVE('',#13481,(#13485,#13492),.PCURVE_S1.);
#13481 = LINE('',#13482,#13483);
#13482 = CARTESIAN_POINT('',(6.048828125,-0.30859375,2.65));
#13483 = VECTOR('',#13484,1.);
#13484 = DIRECTION('',(0.,0.,1.));
#13485 = PCURVE('',#12799,#13486);
#13486 = DEFINITIONAL_REPRESENTATION('',(#13487),#13491);
#13487 = LINE('',#13488,#13489);
#13488 = CARTESIAN_POINT('',(0.,0.));
#13489 = VECTOR('',#13490,1.);
#13490 = DIRECTION('',(0.,-1.));
#13491 = ( GEOMETRIC_REPRESENTATION_CONTEXT(2) 
PARAMETRIC_REPRESENTATION_CONTEXT() REPRESENTATION_CONTEXT('2D SPACE',''
  ) );
#13492 = PCURVE('',#12853,#13493);
#13493 = DEFINITIONAL_REPRESENTATION('',(#13494),#13498);
#13494 = LINE('',#13495,#13496);
#13495 = CARTESIAN_POINT('',(1.072265625,0.));
#13496 = VECTOR('',#13497,1.);
#13497 = DIRECTION('',(0.,-1.));
#13498 = ( GEOMETRIC_REPRESENTATION_CONTEXT(2) 
PARAMETRIC_REPRESENTATION_CONTEXT() REPRESENTATION_CONTEXT('2D SPACE',''
  ) );
#13499 = ORIENTED_EDGE('',*,*,#13500,.T.);
#13500 = EDGE_CURVE('',#13478,#13501,#13503,.T.);
#13501 = VERTEX_POINT('',#13502);
#13502 = CARTESIAN_POINT('',(5.51171875,1.142578125,3.));
#13503 = SURFACE_CURVE('',#13504,(#13508,#13515),.PCURVE_S1.);
#13504 = LINE('',#13505,#13506);
#13505 = CARTESIAN_POINT('',(6.048828125,-0.30859375,3.));
#13506 = VECTOR('',#13507,1.);
#13507 = DIRECTION('',(-0.347108799995,0.937824866895,0.));
#13508 = PCURVE('',#12799,#13509);
#13509 = DEFINITIONAL_REPRESENTATION('',(#13510),#13514);
#13510 = LINE('',#13511,#13512);
#13511 = CARTESIAN_POINT('',(0.,-0.35));
#13512 = VECTOR('',#13513,1.);
#13513 = DIRECTION('',(1.,0.));
#13514 = ( GEOMETRIC_REPRESENTATION_CONTEXT(2) 
PARAMETRIC_REPRESENTATION_CONTEXT() REPRESENTATION_CONTEXT('2D SPACE',''
  ) );
#13515 = PCURVE('',#13516,#13521);
#13516 = PLANE('',#13517);
#13517 = AXIS2_PLACEMENT_3D('',#13518,#13519,#13520);
#13518 = CARTESIAN_POINT('',(-30.,-15.,3.));
#13519 = DIRECTION('',(0.,0.,1.));
#13520 = DIRECTION('',(1.,0.,0.));
#13521 = DEFINITIONAL_REPRESENTATION('',(#13522),#13526);
#13522 = LINE('',#13523,#13524);
#13523 = CARTESIAN_POINT('',(36.048828125,14.69140625));
#13524 = VECTOR('',#13525,1.);
#13525 = DIRECTION('',(-0.347108799995,0.937824866895));
#13526 = ( GEOMETRIC_REPRESENTATION_CONTEXT(2) 
PARAMETRIC_REPRESENTATION_CONTEXT() REPRESENTATION_CONTEXT('2D SPACE',''
  ) );
#13527 = ORIENTED_EDGE('',*,*,#13528,.F.);
#13528 = EDGE_CURVE('',#12784,#13501,#13529,.T.);
#13529 = SURFACE_CURVE('',#13530,(#13534,#13541),.PCURVE_S1.);
#13530 = LINE('',#13531,#13532);
#13531 = CARTESIAN_POINT('',(5.51171875,1.142578125,2.65));
#13532 = VECTOR('',#13533,1.);
#13533 = DIRECTION('',(0.,0.,1.));
#13534 = PCURVE('',#12799,#13535);
#13535 = DEFINITIONAL_REPRESENTATION('',(#13536),#13540);
#13536 = LINE('',#13537,#13538);
#13537 = CARTESIAN_POINT('',(1.547380461135,0.));
#13538 = VECTOR('',#13539,1.);
#13539 = DIRECTION('',(0.,-1.));
#13540 = ( GEOMETRIC_REPRESENTATION_CONTEXT(2) 
PARAMETRIC_REPRESENTATION_CONTEXT() REPRESENTATION_CONTEXT('2D SPACE',''
  ) );
#13541 = PCURVE('',#12827,#13542);
#13542 = DEFINITIONAL_REPRESENTATION('',(#13543),#13547);
#13543 = LINE('',#13544,#13545);
#13544 = CARTESIAN_POINT('',(0.,0.));
#13545 = VECTOR('',#13546,1.);
#13546 = DIRECTION('',(0.,-1.));
#13547 = ( GEOMETRIC_REPRESENTATION_CONTEXT(2) 
PARAMETRIC_REPRESENTATION_CONTEXT() REPRESENTATION_CONTEXT('2D SPACE',''
  ) );
#13548 = ORIENTED_EDGE('',*,*,#12781,.F.);
#13549 = ADVANCED_FACE('',(#13550),#12827,.F.);
#13550 = FACE_BOUND('',#13551,.F.);
#13551 = EDGE_LOOP('',(#13552,#13553,#13576,#13597));
#13552 = ORIENTED_EDGE('',*,*,#13528,.T.);
#13553 = ORIENTED_EDGE('',*,*,#13554,.T.);
#13554 = EDGE_CURVE('',#13501,#13555,#13557,.T.);
#13555 = VERTEX_POINT('',#13556);
#13556 = CARTESIAN_POINT('',(4.9765625,-0.30859375,3.));
#13557 = SURFACE_CURVE('',#13558,(#13562,#13569),.PCURVE_S1.);
#13558 = LINE('',#13559,#13560);
#13559 = CARTESIAN_POINT('',(5.51171875,1.142578125,3.));
#13560 = VECTOR('',#13561,1.);
#13561 = DIRECTION('',(-0.345997934185,-0.938235274086,0.));
#13562 = PCURVE('',#12827,#13563);
#13563 = DEFINITIONAL_REPRESENTATION('',(#13564),#13568);
#13564 = LINE('',#13565,#13566);
#13565 = CARTESIAN_POINT('',(0.,-0.35));
#13566 = VECTOR('',#13567,1.);
#13567 = DIRECTION('',(1.,0.));
#13568 = ( GEOMETRIC_REPRESENTATION_CONTEXT(2) 
PARAMETRIC_REPRESENTATION_CONTEXT() REPRESENTATION_CONTEXT('2D SPACE',''
  ) );
#13569 = PCURVE('',#13516,#13570);
#13570 = DEFINITIONAL_REPRESENTATION('',(#13571),#13575);
#13571 = LINE('',#13572,#13573);
#13572 = CARTESIAN_POINT('',(35.51171875,16.142578125));
#13573 = VECTOR('',#13574,1.);
#13574 = DIRECTION('',(-0.345997934185,-0.938235274086));
#13575 = ( GEOMETRIC_REPRESENTATION_CONTEXT(2) 
PARAMETRIC_REPRESENTATION_CONTEXT() REPRESENTATION_CONTEXT('2D SPACE',''
  ) );
#13576 = ORIENTED_EDGE('',*,*,#13577,.F.);
#13577 = EDGE_CURVE('',#12812,#13555,#13578,.T.);
#13578 = SURFACE_CURVE('',#13579,(#13583,#13590),.PCURVE_S1.);
#13579 = LINE('',#13580,#13581);
#13580 = CARTESIAN_POINT('',(4.9765625,-0.30859375,2.65));
#13581 = VECTOR('',#13582,1.);
#13582 = DIRECTION('',(0.,0.,1.));
#13583 = PCURVE('',#12827,#13584);
#13584 = DEFINITIONAL_REPRESENTATION('',(#13585),#13589);
#13585 = LINE('',#13586,#13587);
#13586 = CARTESIAN_POINT('',(1.546703598853,0.));
#13587 = VECTOR('',#13588,1.);
#13588 = DIRECTION('',(0.,-1.));
#13589 = ( GEOMETRIC_REPRESENTATION_CONTEXT(2) 
PARAMETRIC_REPRESENTATION_CONTEXT() REPRESENTATION_CONTEXT('2D SPACE',''
  ) );
#13590 = PCURVE('',#12853,#13591);
#13591 = DEFINITIONAL_REPRESENTATION('',(#13592),#13596);
#13592 = LINE('',#13593,#13594);
#13593 = CARTESIAN_POINT('',(0.,0.));
#13594 = VECTOR('',#13595,1.);
#13595 = DIRECTION('',(0.,-1.));
#13596 = ( GEOMETRIC_REPRESENTATION_CONTEXT(2) 
PARAMETRIC_REPRESENTATION_CONTEXT() REPRESENTATION_CONTEXT('2D SPACE',''
  ) );
#13597 = ORIENTED_EDGE('',*,*,#12811,.F.);
#13598 = ADVANCED_FACE('',(#13599),#12853,.F.);
#13599 = FACE_BOUND('',#13600,.F.);
#13600 = EDGE_LOOP('',(#13601,#13602,#13623,#13624));
#13601 = ORIENTED_EDGE('',*,*,#13577,.T.);
#13602 = ORIENTED_EDGE('',*,*,#13603,.T.);
#13603 = EDGE_CURVE('',#13555,#13478,#13604,.T.);
#13604 = SURFACE_CURVE('',#13605,(#13609,#13616),.PCURVE_S1.);
#13605 = LINE('',#13606,#13607);
#13606 = CARTESIAN_POINT('',(4.9765625,-0.30859375,3.));
#13607 = VECTOR('',#13608,1.);
#13608 = DIRECTION('',(1.,0.,0.));
#13609 = PCURVE('',#12853,#13610);
#13610 = DEFINITIONAL_REPRESENTATION('',(#13611),#13615);
#13611 = LINE('',#13612,#13613);
#13612 = CARTESIAN_POINT('',(0.,-0.35));
#13613 = VECTOR('',#13614,1.);
#13614 = DIRECTION('',(1.,0.));
#13615 = ( GEOMETRIC_REPRESENTATION_CONTEXT(2) 
PARAMETRIC_REPRESENTATION_CONTEXT() REPRESENTATION_CONTEXT('2D SPACE',''
  ) );
#13616 = PCURVE('',#13516,#13617);
#13617 = DEFINITIONAL_REPRESENTATION('',(#13618),#13622);
#13618 = LINE('',#13619,#13620);
#13619 = CARTESIAN_POINT('',(34.9765625,14.69140625));
#13620 = VECTOR('',#13621,1.);
#13621 = DIRECTION('',(1.,0.));
#13622 = ( GEOMETRIC_REPRESENTATION_CONTEXT(2) 
PARAMETRIC_REPRESENTATION_CONTEXT() REPRESENTATION_CONTEXT('2D SPACE',''
  ) );
#13623 = ORIENTED_EDGE('',*,*,#13477,.F.);
#13624 = ORIENTED_EDGE('',*,*,#12839,.F.);
#13625 = ADVANCED_FACE('',(#13626),#12897,.F.);
#13626 = FACE_BOUND('',#13627,.F.);
#13627 = EDGE_LOOP('',(#13628,#13651,#13679,#13700));
#13628 = ORIENTED_EDGE('',*,*,#13629,.T.);
#13629 = EDGE_CURVE('',#12880,#13630,#13632,.T.);
#13630 = VERTEX_POINT('',#13631);
#13631 = CARTESIAN_POINT('',(8.1640625,1.20703125,3.));
#13632 = SURFACE_CURVE('',#13633,(#13637,#13644),.PCURVE_S1.);
#13633 = LINE('',#13634,#13635);
#13634 = CARTESIAN_POINT('',(8.1640625,1.20703125,2.65));
#13635 = VECTOR('',#13636,1.);
#13636 = DIRECTION('',(0.,0.,1.));
#13637 = PCURVE('',#12897,#13638);
#13638 = DEFINITIONAL_REPRESENTATION('',(#13639),#13643);
#13639 = LINE('',#13640,#13641);
#13640 = CARTESIAN_POINT('',(0.,-0.));
#13641 = VECTOR('',#13642,1.);
#13642 = DIRECTION('',(0.,-1.));
#13643 = ( GEOMETRIC_REPRESENTATION_CONTEXT(2) 
PARAMETRIC_REPRESENTATION_CONTEXT() REPRESENTATION_CONTEXT('2D SPACE',''
  ) );
#13644 = PCURVE('',#13069,#13645);
#13645 = DEFINITIONAL_REPRESENTATION('',(#13646),#13650);
#13646 = LINE('',#13647,#13648);
#13647 = CARTESIAN_POINT('',(1.,0.));
#13648 = VECTOR('',#13649,1.);
#13649 = DIRECTION('',(0.,-1.));
#13650 = ( GEOMETRIC_REPRESENTATION_CONTEXT(2) 
PARAMETRIC_REPRESENTATION_CONTEXT() REPRESENTATION_CONTEXT('2D SPACE',''
  ) );
#13651 = ORIENTED_EDGE('',*,*,#13652,.T.);
#13652 = EDGE_CURVE('',#13630,#13653,#13655,.T.);
#13653 = VERTEX_POINT('',#13654);
#13654 = CARTESIAN_POINT('',(7.66796875,1.20703125,3.));
#13655 = SURFACE_CURVE('',#13656,(#13660,#13667),.PCURVE_S1.);
#13656 = LINE('',#13657,#13658);
#13657 = CARTESIAN_POINT('',(8.1640625,1.20703125,3.));
#13658 = VECTOR('',#13659,1.);
#13659 = DIRECTION('',(-1.,0.,0.));
#13660 = PCURVE('',#12897,#13661);
#13661 = DEFINITIONAL_REPRESENTATION('',(#13662),#13666);
#13662 = LINE('',#13663,#13664);
#13663 = CARTESIAN_POINT('',(0.,-0.35));
#13664 = VECTOR('',#13665,1.);
#13665 = DIRECTION('',(1.,0.));
#13666 = ( GEOMETRIC_REPRESENTATION_CONTEXT(2) 
PARAMETRIC_REPRESENTATION_CONTEXT() REPRESENTATION_CONTEXT('2D SPACE',''
  ) );
#13667 = PCURVE('',#13668,#13673);
#13668 = PLANE('',#13669);
#13669 = AXIS2_PLACEMENT_3D('',#13670,#13671,#13672);
#13670 = CARTESIAN_POINT('',(-30.,-15.,3.));
#13671 = DIRECTION('',(0.,0.,1.));
#13672 = DIRECTION('',(1.,0.,0.));
#13673 = DEFINITIONAL_REPRESENTATION('',(#13674),#13678);
#13674 = LINE('',#13675,#13676);
#13675 = CARTESIAN_POINT('',(38.1640625,16.20703125));
#13676 = VECTOR('',#13677,1.);
#13677 = DIRECTION('',(-1.,0.));
#13678 = ( GEOMETRIC_REPRESENTATION_CONTEXT(2) 
PARAMETRIC_REPRESENTATION_CONTEXT() REPRESENTATION_CONTEXT('2D SPACE',''
  ) );
#13679 = ORIENTED_EDGE('',*,*,#13680,.F.);
#13680 = EDGE_CURVE('',#12882,#13653,#13681,.T.);
#13681 = SURFACE_CURVE('',#13682,(#13686,#13693),.PCURVE_S1.);
#13682 = LINE('',#13683,#13684);
#13683 = CARTESIAN_POINT('',(7.66796875,1.20703125,2.65));
#13684 = VECTOR('',#13685,1.);
#13685 = DIRECTION('',(0.,0.,1.));
#13686 = PCURVE('',#12897,#13687);
#13687 = DEFINITIONAL_REPRESENTATION('',(#13688),#13692);
#13688 = LINE('',#13689,#13690);
#13689 = CARTESIAN_POINT('',(0.49609375,0.));
#13690 = VECTOR('',#13691,1.);
#13691 = DIRECTION('',(0.,-1.));
#13692 = ( GEOMETRIC_REPRESENTATION_CONTEXT(2) 
PARAMETRIC_REPRESENTATION_CONTEXT() REPRESENTATION_CONTEXT('2D SPACE',''
  ) );
#13693 = PCURVE('',#12925,#13694);
#13694 = DEFINITIONAL_REPRESENTATION('',(#13695),#13699);
#13695 = LINE('',#13696,#13697);
#13696 = CARTESIAN_POINT('',(0.,0.));
#13697 = VECTOR('',#13698,1.);
#13698 = DIRECTION('',(0.,-1.));
#13699 = ( GEOMETRIC_REPRESENTATION_CONTEXT(2) 
PARAMETRIC_REPRESENTATION_CONTEXT() REPRESENTATION_CONTEXT('2D SPACE',''
  ) );
#13700 = ORIENTED_EDGE('',*,*,#12879,.F.);
#13701 = ADVANCED_FACE('',(#13702),#12925,.F.);
#13702 = FACE_BOUND('',#13703,.F.);
#13703 = EDGE_LOOP('',(#13704,#13705,#13728,#13749));
#13704 = ORIENTED_EDGE('',*,*,#13680,.T.);
#13705 = ORIENTED_EDGE('',*,*,#13706,.T.);
#13706 = EDGE_CURVE('',#13653,#13707,#13709,.T.);
#13707 = VERTEX_POINT('',#13708);
#13708 = CARTESIAN_POINT('',(7.66796875,0.111328125,3.));
#13709 = SURFACE_CURVE('',#13710,(#13714,#13721),.PCURVE_S1.);
#13710 = LINE('',#13711,#13712);
#13711 = CARTESIAN_POINT('',(7.66796875,1.20703125,3.));
#13712 = VECTOR('',#13713,1.);
#13713 = DIRECTION('',(0.,-1.,0.));
#13714 = PCURVE('',#12925,#13715);
#13715 = DEFINITIONAL_REPRESENTATION('',(#13716),#13720);
#13716 = LINE('',#13717,#13718);
#13717 = CARTESIAN_POINT('',(0.,-0.35));
#13718 = VECTOR('',#13719,1.);
#13719 = DIRECTION('',(1.,0.));
#13720 = ( GEOMETRIC_REPRESENTATION_CONTEXT(2) 
PARAMETRIC_REPRESENTATION_CONTEXT() REPRESENTATION_CONTEXT('2D SPACE',''
  ) );
#13721 = PCURVE('',#13668,#13722);
#13722 = DEFINITIONAL_REPRESENTATION('',(#13723),#13727);
#13723 = LINE('',#13724,#13725);
#13724 = CARTESIAN_POINT('',(37.66796875,16.20703125));
#13725 = VECTOR('',#13726,1.);
#13726 = DIRECTION('',(0.,-1.));
#13727 = ( GEOMETRIC_REPRESENTATION_CONTEXT(2) 
PARAMETRIC_REPRESENTATION_CONTEXT() REPRESENTATION_CONTEXT('2D SPACE',''
  ) );
#13728 = ORIENTED_EDGE('',*,*,#13729,.F.);
#13729 = EDGE_CURVE('',#12910,#13707,#13730,.T.);
#13730 = SURFACE_CURVE('',#13731,(#13735,#13742),.PCURVE_S1.);
#13731 = LINE('',#13732,#13733);
#13732 = CARTESIAN_POINT('',(7.66796875,0.111328125,2.65));
#13733 = VECTOR('',#13734,1.);
#13734 = DIRECTION('',(0.,0.,1.));
#13735 = PCURVE('',#12925,#13736);
#13736 = DEFINITIONAL_REPRESENTATION('',(#13737),#13741);
#13737 = LINE('',#13738,#13739);
#13738 = CARTESIAN_POINT('',(1.095703125,0.));
#13739 = VECTOR('',#13740,1.);
#13740 = DIRECTION('',(0.,-1.));
#13741 = ( GEOMETRIC_REPRESENTATION_CONTEXT(2) 
PARAMETRIC_REPRESENTATION_CONTEXT() REPRESENTATION_CONTEXT('2D SPACE',''
  ) );
#13742 = PCURVE('',#12953,#13743);
#13743 = DEFINITIONAL_REPRESENTATION('',(#13744),#13748);
#13744 = LINE('',#13745,#13746);
#13745 = CARTESIAN_POINT('',(0.,0.));
#13746 = VECTOR('',#13747,1.);
#13747 = DIRECTION('',(0.,-1.));
#13748 = ( GEOMETRIC_REPRESENTATION_CONTEXT(2) 
PARAMETRIC_REPRESENTATION_CONTEXT() REPRESENTATION_CONTEXT('2D SPACE',''
  ) );
#13749 = ORIENTED_EDGE('',*,*,#12909,.F.);
#13750 = ADVANCED_FACE('',(#13751),#12953,.F.);
#13751 = FACE_BOUND('',#13752,.F.);
#13752 = EDGE_LOOP('',(#13753,#13754,#13777,#13798));
#13753 = ORIENTED_EDGE('',*,*,#13729,.T.);
#13754 = ORIENTED_EDGE('',*,*,#13755,.T.);
#13755 = EDGE_CURVE('',#13707,#13756,#13758,.T.);
#13756 = VERTEX_POINT('',#13757);
#13757 = CARTESIAN_POINT('',(8.1640625,0.111328125,3.));
#13758 = SURFACE_CURVE('',#13759,(#13763,#13770),.PCURVE_S1.);
#13759 = LINE('',#13760,#13761);
#13760 = CARTESIAN_POINT('',(7.66796875,0.111328125,3.));
#13761 = VECTOR('',#13762,1.);
#13762 = DIRECTION('',(1.,0.,0.));
#13763 = PCURVE('',#12953,#13764);
#13764 = DEFINITIONAL_REPRESENTATION('',(#13765),#13769);
#13765 = LINE('',#13766,#13767);
#13766 = CARTESIAN_POINT('',(0.,-0.35));
#13767 = VECTOR('',#13768,1.);
#13768 = DIRECTION('',(1.,0.));
#13769 = ( GEOMETRIC_REPRESENTATION_CONTEXT(2) 
PARAMETRIC_REPRESENTATION_CONTEXT() REPRESENTATION_CONTEXT('2D SPACE',''
  ) );
#13770 = PCURVE('',#13668,#13771);
#13771 = DEFINITIONAL_REPRESENTATION('',(#13772),#13776);
#13772 = LINE('',#13773,#13774);
#13773 = CARTESIAN_POINT('',(37.66796875,15.111328125));
#13774 = VECTOR('',#13775,1.);
#13775 = DIRECTION('',(1.,0.));
#13776 = ( GEOMETRIC_REPRESENTATION_CONTEXT(2) 
PARAMETRIC_REPRESENTATION_CONTEXT() REPRESENTATION_CONTEXT('2D SPACE',''
  ) );
#13777 = ORIENTED_EDGE('',*,*,#13778,.F.);
#13778 = EDGE_CURVE('',#12938,#13756,#13779,.T.);
#13779 = SURFACE_CURVE('',#13780,(#13784,#13791),.PCURVE_S1.);
#13780 = LINE('',#13781,#13782);
#13781 = CARTESIAN_POINT('',(8.1640625,0.111328125,2.65));
#13782 = VECTOR('',#13783,1.);
#13783 = DIRECTION('',(0.,0.,1.));
#13784 = PCURVE('',#12953,#13785);
#13785 = DEFINITIONAL_REPRESENTATION('',(#13786),#13790);
#13786 = LINE('',#13787,#13788);
#13787 = CARTESIAN_POINT('',(0.49609375,0.));
#13788 = VECTOR('',#13789,1.);
#13789 = DIRECTION('',(0.,-1.));
#13790 = ( GEOMETRIC_REPRESENTATION_CONTEXT(2) 
PARAMETRIC_REPRESENTATION_CONTEXT() REPRESENTATION_CONTEXT('2D SPACE',''
  ) );
#13791 = PCURVE('',#12981,#13792);
#13792 = DEFINITIONAL_REPRESENTATION('',(#13793),#13797);
#13793 = LINE('',#13794,#13795);
#13794 = CARTESIAN_POINT('',(0.,0.));
#13795 = VECTOR('',#13796,1.);
#13796 = DIRECTION('',(0.,-1.));
#13797 = ( GEOMETRIC_REPRESENTATION_CONTEXT(2) 
PARAMETRIC_REPRESENTATION_CONTEXT() REPRESENTATION_CONTEXT('2D SPACE',''
  ) );
#13798 = ORIENTED_EDGE('',*,*,#12937,.F.);
#13799 = ADVANCED_FACE('',(#13800),#12981,.F.);
#13800 = FACE_BOUND('',#13801,.F.);
#13801 = EDGE_LOOP('',(#13802,#13803,#13826,#13847));
#13802 = ORIENTED_EDGE('',*,*,#13778,.T.);
#13803 = ORIENTED_EDGE('',*,*,#13804,.T.);
#13804 = EDGE_CURVE('',#13756,#13805,#13807,.T.);
#13805 = VERTEX_POINT('',#13806);
#13806 = CARTESIAN_POINT('',(8.58984375,0.25390625,3.));
#13807 = SURFACE_CURVE('',#13808,(#13812,#13819),.PCURVE_S1.);
#13808 = B_SPLINE_CURVE_WITH_KNOTS('',2,(#13809,#13810,#13811),
  .UNSPECIFIED.,.F.,.F.,(3,3),(0.,1.),.PIECEWISE_BEZIER_KNOTS.);
#13809 = CARTESIAN_POINT('',(8.1640625,0.111328125,3.));
#13810 = CARTESIAN_POINT('',(8.439453125,0.111328125,3.));
#13811 = CARTESIAN_POINT('',(8.58984375,0.25390625,3.));
#13812 = PCURVE('',#12981,#13813);
#13813 = DEFINITIONAL_REPRESENTATION('',(#13814),#13818);
#13814 = LINE('',#13815,#13816);
#13815 = CARTESIAN_POINT('',(0.,-0.35));
#13816 = VECTOR('',#13817,1.);
#13817 = DIRECTION('',(1.,0.));
#13818 = ( GEOMETRIC_REPRESENTATION_CONTEXT(2) 
PARAMETRIC_REPRESENTATION_CONTEXT() REPRESENTATION_CONTEXT('2D SPACE',''
  ) );
#13819 = PCURVE('',#13668,#13820);
#13820 = DEFINITIONAL_REPRESENTATION('',(#13821),#13825);
#13821 = B_SPLINE_CURVE_WITH_KNOTS('',2,(#13822,#13823,#13824),
  .UNSPECIFIED.,.F.,.F.,(3,3),(0.,1.),.PIECEWISE_BEZIER_KNOTS.);
#13822 = CARTESIAN_POINT('',(38.1640625,15.111328125));
#13823 = CARTESIAN_POINT('',(38.439453125,15.111328125));
#13824 = CARTESIAN_POINT('',(38.58984375,15.25390625));
#13825 = ( GEOMETRIC_REPRESENTATION_CONTEXT(2) 
PARAMETRIC_REPRESENTATION_CONTEXT() REPRESENTATION_CONTEXT('2D SPACE',''
  ) );
#13826 = ORIENTED_EDGE('',*,*,#13827,.F.);
#13827 = EDGE_CURVE('',#12966,#13805,#13828,.T.);
#13828 = SURFACE_CURVE('',#13829,(#13833,#13840),.PCURVE_S1.);
#13829 = LINE('',#13830,#13831);
#13830 = CARTESIAN_POINT('',(8.58984375,0.25390625,2.65));
#13831 = VECTOR('',#13832,1.);
#13832 = DIRECTION('',(0.,0.,1.));
#13833 = PCURVE('',#12981,#13834);
#13834 = DEFINITIONAL_REPRESENTATION('',(#13835),#13839);
#13835 = LINE('',#13836,#13837);
#13836 = CARTESIAN_POINT('',(1.,0.));
#13837 = VECTOR('',#13838,1.);
#13838 = DIRECTION('',(0.,-1.));
#13839 = ( GEOMETRIC_REPRESENTATION_CONTEXT(2) 
PARAMETRIC_REPRESENTATION_CONTEXT() REPRESENTATION_CONTEXT('2D SPACE',''
  ) );
#13840 = PCURVE('',#13011,#13841);
#13841 = DEFINITIONAL_REPRESENTATION('',(#13842),#13846);
#13842 = LINE('',#13843,#13844);
#13843 = CARTESIAN_POINT('',(0.,0.));
#13844 = VECTOR('',#13845,1.);
#13845 = DIRECTION('',(0.,-1.));
#13846 = ( GEOMETRIC_REPRESENTATION_CONTEXT(2) 
PARAMETRIC_REPRESENTATION_CONTEXT() REPRESENTATION_CONTEXT('2D SPACE',''
  ) );
#13847 = ORIENTED_EDGE('',*,*,#12965,.F.);
#13848 = ADVANCED_FACE('',(#13849),#13011,.F.);
#13849 = FACE_BOUND('',#13850,.F.);
#13850 = EDGE_LOOP('',(#13851,#13852,#13875,#13896));
#13851 = ORIENTED_EDGE('',*,*,#13827,.T.);
#13852 = ORIENTED_EDGE('',*,*,#13853,.T.);
#13853 = EDGE_CURVE('',#13805,#13854,#13856,.T.);
#13854 = VERTEX_POINT('',#13855);
#13855 = CARTESIAN_POINT('',(8.740234375,0.66015625,3.));
#13856 = SURFACE_CURVE('',#13857,(#13861,#13868),.PCURVE_S1.);
#13857 = B_SPLINE_CURVE_WITH_KNOTS('',2,(#13858,#13859,#13860),
  .UNSPECIFIED.,.F.,.F.,(3,3),(0.,1.),.PIECEWISE_BEZIER_KNOTS.);
#13858 = CARTESIAN_POINT('',(8.58984375,0.25390625,3.));
#13859 = CARTESIAN_POINT('',(8.740234375,0.396484375,3.));
#13860 = CARTESIAN_POINT('',(8.740234375,0.66015625,3.));
#13861 = PCURVE('',#13011,#13862);
#13862 = DEFINITIONAL_REPRESENTATION('',(#13863),#13867);
#13863 = LINE('',#13864,#13865);
#13864 = CARTESIAN_POINT('',(0.,-0.35));
#13865 = VECTOR('',#13866,1.);
#13866 = DIRECTION('',(1.,0.));
#13867 = ( GEOMETRIC_REPRESENTATION_CONTEXT(2) 
PARAMETRIC_REPRESENTATION_CONTEXT() REPRESENTATION_CONTEXT('2D SPACE',''
  ) );
#13868 = PCURVE('',#13668,#13869);
#13869 = DEFINITIONAL_REPRESENTATION('',(#13870),#13874);
#13870 = B_SPLINE_CURVE_WITH_KNOTS('',2,(#13871,#13872,#13873),
  .UNSPECIFIED.,.F.,.F.,(3,3),(0.,1.),.PIECEWISE_BEZIER_KNOTS.);
#13871 = CARTESIAN_POINT('',(38.58984375,15.25390625));
#13872 = CARTESIAN_POINT('',(38.740234375,15.396484375));
#13873 = CARTESIAN_POINT('',(38.740234375,15.66015625));
#13874 = ( GEOMETRIC_REPRESENTATION_CONTEXT(2) 
PARAMETRIC_REPRESENTATION_CONTEXT() REPRESENTATION_CONTEXT('2D SPACE',''
  ) );
#13875 = ORIENTED_EDGE('',*,*,#13876,.F.);
#13876 = EDGE_CURVE('',#12996,#13854,#13877,.T.);
#13877 = SURFACE_CURVE('',#13878,(#13882,#13889),.PCURVE_S1.);
#13878 = LINE('',#13879,#13880);
#13879 = CARTESIAN_POINT('',(8.740234375,0.66015625,2.65));
#13880 = VECTOR('',#13881,1.);
#13881 = DIRECTION('',(0.,0.,1.));
#13882 = PCURVE('',#13011,#13883);
#13883 = DEFINITIONAL_REPRESENTATION('',(#13884),#13888);
#13884 = LINE('',#13885,#13886);
#13885 = CARTESIAN_POINT('',(1.,0.));
#13886 = VECTOR('',#13887,1.);
#13887 = DIRECTION('',(0.,-1.));
#13888 = ( GEOMETRIC_REPRESENTATION_CONTEXT(2) 
PARAMETRIC_REPRESENTATION_CONTEXT() REPRESENTATION_CONTEXT('2D SPACE',''
  ) );
#13889 = PCURVE('',#13041,#13890);
#13890 = DEFINITIONAL_REPRESENTATION('',(#13891),#13895);
#13891 = LINE('',#13892,#13893);
#13892 = CARTESIAN_POINT('',(0.,0.));
#13893 = VECTOR('',#13894,1.);
#13894 = DIRECTION('',(0.,-1.));
#13895 = ( GEOMETRIC_REPRESENTATION_CONTEXT(2) 
PARAMETRIC_REPRESENTATION_CONTEXT() REPRESENTATION_CONTEXT('2D SPACE',''
  ) );
#13896 = ORIENTED_EDGE('',*,*,#12995,.F.);
#13897 = ADVANCED_FACE('',(#13898),#13041,.F.);
#13898 = FACE_BOUND('',#13899,.F.);
#13899 = EDGE_LOOP('',(#13900,#13901,#13924,#13945));
#13900 = ORIENTED_EDGE('',*,*,#13876,.T.);
#13901 = ORIENTED_EDGE('',*,*,#13902,.T.);
#13902 = EDGE_CURVE('',#13854,#13903,#13905,.T.);
#13903 = VERTEX_POINT('',#13904);
#13904 = CARTESIAN_POINT('',(8.58984375,1.064453125,3.));
#13905 = SURFACE_CURVE('',#13906,(#13910,#13917),.PCURVE_S1.);
#13906 = B_SPLINE_CURVE_WITH_KNOTS('',2,(#13907,#13908,#13909),
  .UNSPECIFIED.,.F.,.F.,(3,3),(0.,1.),.PIECEWISE_BEZIER_KNOTS.);
#13907 = CARTESIAN_POINT('',(8.740234375,0.66015625,3.));
#13908 = CARTESIAN_POINT('',(8.740234375,0.921875,3.));
#13909 = CARTESIAN_POINT('',(8.58984375,1.064453125,3.));
#13910 = PCURVE('',#13041,#13911);
#13911 = DEFINITIONAL_REPRESENTATION('',(#13912),#13916);
#13912 = LINE('',#13913,#13914);
#13913 = CARTESIAN_POINT('',(0.,-0.35));
#13914 = VECTOR('',#13915,1.);
#13915 = DIRECTION('',(1.,0.));
#13916 = ( GEOMETRIC_REPRESENTATION_CONTEXT(2) 
PARAMETRIC_REPRESENTATION_CONTEXT() REPRESENTATION_CONTEXT('2D SPACE',''
  ) );
#13917 = PCURVE('',#13668,#13918);
#13918 = DEFINITIONAL_REPRESENTATION('',(#13919),#13923);
#13919 = B_SPLINE_CURVE_WITH_KNOTS('',2,(#13920,#13921,#13922),
  .UNSPECIFIED.,.F.,.F.,(3,3),(0.,1.),.PIECEWISE_BEZIER_KNOTS.);
#13920 = CARTESIAN_POINT('',(38.740234375,15.66015625));
#13921 = CARTESIAN_POINT('',(38.740234375,15.921875));
#13922 = CARTESIAN_POINT('',(38.58984375,16.064453125));
#13923 = ( GEOMETRIC_REPRESENTATION_CONTEXT(2) 
PARAMETRIC_REPRESENTATION_CONTEXT() REPRESENTATION_CONTEXT('2D SPACE',''
  ) );
#13924 = ORIENTED_EDGE('',*,*,#13925,.F.);
#13925 = EDGE_CURVE('',#13026,#13903,#13926,.T.);
#13926 = SURFACE_CURVE('',#13927,(#13931,#13938),.PCURVE_S1.);
#13927 = LINE('',#13928,#13929);
#13928 = CARTESIAN_POINT('',(8.58984375,1.064453125,2.65));
#13929 = VECTOR('',#13930,1.);
#13930 = DIRECTION('',(0.,0.,1.));
#13931 = PCURVE('',#13041,#13932);
#13932 = DEFINITIONAL_REPRESENTATION('',(#13933),#13937);
#13933 = LINE('',#13934,#13935);
#13934 = CARTESIAN_POINT('',(1.,0.));
#13935 = VECTOR('',#13936,1.);
#13936 = DIRECTION('',(0.,-1.));
#13937 = ( GEOMETRIC_REPRESENTATION_CONTEXT(2) 
PARAMETRIC_REPRESENTATION_CONTEXT() REPRESENTATION_CONTEXT('2D SPACE',''
  ) );
#13938 = PCURVE('',#13069,#13939);
#13939 = DEFINITIONAL_REPRESENTATION('',(#13940),#13944);
#13940 = LINE('',#13941,#13942);
#13941 = CARTESIAN_POINT('',(0.,0.));
#13942 = VECTOR('',#13943,1.);
#13943 = DIRECTION('',(0.,-1.));
#13944 = ( GEOMETRIC_REPRESENTATION_CONTEXT(2) 
PARAMETRIC_REPRESENTATION_CONTEXT() REPRESENTATION_CONTEXT('2D SPACE',''
  ) );
#13945 = ORIENTED_EDGE('',*,*,#13025,.F.);
#13946 = ADVANCED_FACE('',(#13947),#13069,.F.);
#13947 = FACE_BOUND('',#13948,.F.);
#13948 = EDGE_LOOP('',(#13949,#13950,#13971,#13972));
#13949 = ORIENTED_EDGE('',*,*,#13925,.T.);
#13950 = ORIENTED_EDGE('',*,*,#13951,.T.);
#13951 = EDGE_CURVE('',#13903,#13630,#13952,.T.);
#13952 = SURFACE_CURVE('',#13953,(#13957,#13964),.PCURVE_S1.);
#13953 = B_SPLINE_CURVE_WITH_KNOTS('',2,(#13954,#13955,#13956),
  .UNSPECIFIED.,.F.,.F.,(3,3),(0.,1.),.PIECEWISE_BEZIER_KNOTS.);
#13954 = CARTESIAN_POINT('',(8.58984375,1.064453125,3.));
#13955 = CARTESIAN_POINT('',(8.439453125,1.20703125,3.));
#13956 = CARTESIAN_POINT('',(8.1640625,1.20703125,3.));
#13957 = PCURVE('',#13069,#13958);
#13958 = DEFINITIONAL_REPRESENTATION('',(#13959),#13963);
#13959 = LINE('',#13960,#13961);
#13960 = CARTESIAN_POINT('',(0.,-0.35));
#13961 = VECTOR('',#13962,1.);
#13962 = DIRECTION('',(1.,0.));
#13963 = ( GEOMETRIC_REPRESENTATION_CONTEXT(2) 
PARAMETRIC_REPRESENTATION_CONTEXT() REPRESENTATION_CONTEXT('2D SPACE',''
  ) );
#13964 = PCURVE('',#13668,#13965);
#13965 = DEFINITIONAL_REPRESENTATION('',(#13966),#13970);
#13966 = B_SPLINE_CURVE_WITH_KNOTS('',2,(#13967,#13968,#13969),
  .UNSPECIFIED.,.F.,.F.,(3,3),(0.,1.),.PIECEWISE_BEZIER_KNOTS.);
#13967 = CARTESIAN_POINT('',(38.58984375,16.064453125));
#13968 = CARTESIAN_POINT('',(38.439453125,16.20703125));
#13969 = CARTESIAN_POINT('',(38.1640625,16.20703125));
#13970 = ( GEOMETRIC_REPRESENTATION_CONTEXT(2) 
PARAMETRIC_REPRESENTATION_CONTEXT() REPRESENTATION_CONTEXT('2D SPACE',''
  ) );
#13971 = ORIENTED_EDGE('',*,*,#13629,.F.);
#13972 = ORIENTED_EDGE('',*,*,#13055,.F.);
#13973 = ADVANCED_FACE('',(#13974),#13122,.F.);
#13974 = FACE_BOUND('',#13975,.F.);
#13975 = EDGE_LOOP('',(#13976,#13999,#14027,#14048));
#13976 = ORIENTED_EDGE('',*,*,#13977,.T.);
#13977 = EDGE_CURVE('',#13105,#13978,#13980,.T.);
#13978 = VERTEX_POINT('',#13979);
#13979 = CARTESIAN_POINT('',(11.84765625,1.20703125,3.));
#13980 = SURFACE_CURVE('',#13981,(#13985,#13992),.PCURVE_S1.);
#13981 = LINE('',#13982,#13983);
#13982 = CARTESIAN_POINT('',(11.84765625,1.20703125,2.65));
#13983 = VECTOR('',#13984,1.);
#13984 = DIRECTION('',(0.,0.,1.));
#13985 = PCURVE('',#13122,#13986);
#13986 = DEFINITIONAL_REPRESENTATION('',(#13987),#13991);
#13987 = LINE('',#13988,#13989);
#13988 = CARTESIAN_POINT('',(0.,-0.));
#13989 = VECTOR('',#13990,1.);
#13990 = DIRECTION('',(0.,-1.));
#13991 = ( GEOMETRIC_REPRESENTATION_CONTEXT(2) 
PARAMETRIC_REPRESENTATION_CONTEXT() REPRESENTATION_CONTEXT('2D SPACE',''
  ) );
#13992 = PCURVE('',#13294,#13993);
#13993 = DEFINITIONAL_REPRESENTATION('',(#13994),#13998);
#13994 = LINE('',#13995,#13996);
#13995 = CARTESIAN_POINT('',(1.,0.));
#13996 = VECTOR('',#13997,1.);
#13997 = DIRECTION('',(0.,-1.));
#13998 = ( GEOMETRIC_REPRESENTATION_CONTEXT(2) 
PARAMETRIC_REPRESENTATION_CONTEXT() REPRESENTATION_CONTEXT('2D SPACE',''
  ) );
#13999 = ORIENTED_EDGE('',*,*,#14000,.T.);
#14000 = EDGE_CURVE('',#13978,#14001,#14003,.T.);
#14001 = VERTEX_POINT('',#14002);
#14002 = CARTESIAN_POINT('',(11.3515625,1.20703125,3.));
#14003 = SURFACE_CURVE('',#14004,(#14008,#14015),.PCURVE_S1.);
#14004 = LINE('',#14005,#14006);
#14005 = CARTESIAN_POINT('',(11.84765625,1.20703125,3.));
#14006 = VECTOR('',#14007,1.);
#14007 = DIRECTION('',(-1.,0.,0.));
#14008 = PCURVE('',#13122,#14009);
#14009 = DEFINITIONAL_REPRESENTATION('',(#14010),#14014);
#14010 = LINE('',#14011,#14012);
#14011 = CARTESIAN_POINT('',(0.,-0.35));
#14012 = VECTOR('',#14013,1.);
#14013 = DIRECTION('',(1.,0.));
#14014 = ( GEOMETRIC_REPRESENTATION_CONTEXT(2) 
PARAMETRIC_REPRESENTATION_CONTEXT() REPRESENTATION_CONTEXT('2D SPACE',''
  ) );
#14015 = PCURVE('',#14016,#14021);
#14016 = PLANE('',#14017);
#14017 = AXIS2_PLACEMENT_3D('',#14018,#14019,#14020);
#14018 = CARTESIAN_POINT('',(-30.,-15.,3.));
#14019 = DIRECTION('',(0.,0.,1.));
#14020 = DIRECTION('',(1.,0.,0.));
#14021 = DEFINITIONAL_REPRESENTATION('',(#14022),#14026);
#14022 = LINE('',#14023,#14024);
#14023 = CARTESIAN_POINT('',(41.84765625,16.20703125));
#14024 = VECTOR('',#14025,1.);
#14025 = DIRECTION('',(-1.,0.));
#14026 = ( GEOMETRIC_REPRESENTATION_CONTEXT(2) 
PARAMETRIC_REPRESENTATION_CONTEXT() REPRESENTATION_CONTEXT('2D SPACE',''
  ) );
#14027 = ORIENTED_EDGE('',*,*,#14028,.F.);
#14028 = EDGE_CURVE('',#13107,#14001,#14029,.T.);
#14029 = SURFACE_CURVE('',#14030,(#14034,#14041),.PCURVE_S1.);
#14030 = LINE('',#14031,#14032);
#14031 = CARTESIAN_POINT('',(11.3515625,1.20703125,2.65));
#14032 = VECTOR('',#14033,1.);
#14033 = DIRECTION('',(0.,0.,1.));
#14034 = PCURVE('',#13122,#14035);
#14035 = DEFINITIONAL_REPRESENTATION('',(#14036),#14040);
#14036 = LINE('',#14037,#14038);
#14037 = CARTESIAN_POINT('',(0.49609375,0.));
#14038 = VECTOR('',#14039,1.);
#14039 = DIRECTION('',(0.,-1.));
#14040 = ( GEOMETRIC_REPRESENTATION_CONTEXT(2) 
PARAMETRIC_REPRESENTATION_CONTEXT() REPRESENTATION_CONTEXT('2D SPACE',''
  ) );
#14041 = PCURVE('',#13150,#14042);
#14042 = DEFINITIONAL_REPRESENTATION('',(#14043),#14047);
#14043 = LINE('',#14044,#14045);
#14044 = CARTESIAN_POINT('',(0.,0.));
#14045 = VECTOR('',#14046,1.);
#14046 = DIRECTION('',(0.,-1.));
#14047 = ( GEOMETRIC_REPRESENTATION_CONTEXT(2) 
PARAMETRIC_REPRESENTATION_CONTEXT() REPRESENTATION_CONTEXT('2D SPACE',''
  ) );
#14048 = ORIENTED_EDGE('',*,*,#13104,.F.);
#14049 = ADVANCED_FACE('',(#14050),#13150,.F.);
#14050 = FACE_BOUND('',#14051,.F.);
#14051 = EDGE_LOOP('',(#14052,#14053,#14076,#14097));
#14052 = ORIENTED_EDGE('',*,*,#14028,.T.);
#14053 = ORIENTED_EDGE('',*,*,#14054,.T.);
#14054 = EDGE_CURVE('',#14001,#14055,#14057,.T.);
#14055 = VERTEX_POINT('',#14056);
#14056 = CARTESIAN_POINT('',(11.3515625,0.171875,3.));
#14057 = SURFACE_CURVE('',#14058,(#14062,#14069),.PCURVE_S1.);
#14058 = LINE('',#14059,#14060);
#14059 = CARTESIAN_POINT('',(11.3515625,1.20703125,3.));
#14060 = VECTOR('',#14061,1.);
#14061 = DIRECTION('',(0.,-1.,0.));
#14062 = PCURVE('',#13150,#14063);
#14063 = DEFINITIONAL_REPRESENTATION('',(#14064),#14068);
#14064 = LINE('',#14065,#14066);
#14065 = CARTESIAN_POINT('',(0.,-0.35));
#14066 = VECTOR('',#14067,1.);
#14067 = DIRECTION('',(1.,0.));
#14068 = ( GEOMETRIC_REPRESENTATION_CONTEXT(2) 
PARAMETRIC_REPRESENTATION_CONTEXT() REPRESENTATION_CONTEXT('2D SPACE',''
  ) );
#14069 = PCURVE('',#14016,#14070);
#14070 = DEFINITIONAL_REPRESENTATION('',(#14071),#14075);
#14071 = LINE('',#14072,#14073);
#14072 = CARTESIAN_POINT('',(41.3515625,16.20703125));
#14073 = VECTOR('',#14074,1.);
#14074 = DIRECTION('',(0.,-1.));
#14075 = ( GEOMETRIC_REPRESENTATION_CONTEXT(2) 
PARAMETRIC_REPRESENTATION_CONTEXT() REPRESENTATION_CONTEXT('2D SPACE',''
  ) );
#14076 = ORIENTED_EDGE('',*,*,#14077,.F.);
#14077 = EDGE_CURVE('',#13135,#14055,#14078,.T.);
#14078 = SURFACE_CURVE('',#14079,(#14083,#14090),.PCURVE_S1.);
#14079 = LINE('',#14080,#14081);
#14080 = CARTESIAN_POINT('',(11.3515625,0.171875,2.65));
#14081 = VECTOR('',#14082,1.);
#14082 = DIRECTION('',(0.,0.,1.));
#14083 = PCURVE('',#13150,#14084);
#14084 = DEFINITIONAL_REPRESENTATION('',(#14085),#14089);
#14085 = LINE('',#14086,#14087);
#14086 = CARTESIAN_POINT('',(1.03515625,0.));
#14087 = VECTOR('',#14088,1.);
#14088 = DIRECTION('',(0.,-1.));
#14089 = ( GEOMETRIC_REPRESENTATION_CONTEXT(2) 
PARAMETRIC_REPRESENTATION_CONTEXT() REPRESENTATION_CONTEXT('2D SPACE',''
  ) );
#14090 = PCURVE('',#13178,#14091);
#14091 = DEFINITIONAL_REPRESENTATION('',(#14092),#14096);
#14092 = LINE('',#14093,#14094);
#14093 = CARTESIAN_POINT('',(0.,0.));
#14094 = VECTOR('',#14095,1.);
#14095 = DIRECTION('',(0.,-1.));
#14096 = ( GEOMETRIC_REPRESENTATION_CONTEXT(2) 
PARAMETRIC_REPRESENTATION_CONTEXT() REPRESENTATION_CONTEXT('2D SPACE',''
  ) );
#14097 = ORIENTED_EDGE('',*,*,#13134,.F.);
#14098 = ADVANCED_FACE('',(#14099),#13178,.F.);
#14099 = FACE_BOUND('',#14100,.F.);
#14100 = EDGE_LOOP('',(#14101,#14102,#14125,#14146));
#14101 = ORIENTED_EDGE('',*,*,#14077,.T.);
#14102 = ORIENTED_EDGE('',*,*,#14103,.T.);
#14103 = EDGE_CURVE('',#14055,#14104,#14106,.T.);
#14104 = VERTEX_POINT('',#14105);
#14105 = CARTESIAN_POINT('',(11.84765625,0.171875,3.));
#14106 = SURFACE_CURVE('',#14107,(#14111,#14118),.PCURVE_S1.);
#14107 = LINE('',#14108,#14109);
#14108 = CARTESIAN_POINT('',(11.3515625,0.171875,3.));
#14109 = VECTOR('',#14110,1.);
#14110 = DIRECTION('',(1.,0.,0.));
#14111 = PCURVE('',#13178,#14112);
#14112 = DEFINITIONAL_REPRESENTATION('',(#14113),#14117);
#14113 = LINE('',#14114,#14115);
#14114 = CARTESIAN_POINT('',(0.,-0.35));
#14115 = VECTOR('',#14116,1.);
#14116 = DIRECTION('',(1.,0.));
#14117 = ( GEOMETRIC_REPRESENTATION_CONTEXT(2) 
PARAMETRIC_REPRESENTATION_CONTEXT() REPRESENTATION_CONTEXT('2D SPACE',''
  ) );
#14118 = PCURVE('',#14016,#14119);
#14119 = DEFINITIONAL_REPRESENTATION('',(#14120),#14124);
#14120 = LINE('',#14121,#14122);
#14121 = CARTESIAN_POINT('',(41.3515625,15.171875));
#14122 = VECTOR('',#14123,1.);
#14123 = DIRECTION('',(1.,0.));
#14124 = ( GEOMETRIC_REPRESENTATION_CONTEXT(2) 
PARAMETRIC_REPRESENTATION_CONTEXT() REPRESENTATION_CONTEXT('2D SPACE',''
  ) );
#14125 = ORIENTED_EDGE('',*,*,#14126,.F.);
#14126 = EDGE_CURVE('',#13163,#14104,#14127,.T.);
#14127 = SURFACE_CURVE('',#14128,(#14132,#14139),.PCURVE_S1.);
#14128 = LINE('',#14129,#14130);
#14129 = CARTESIAN_POINT('',(11.84765625,0.171875,2.65));
#14130 = VECTOR('',#14131,1.);
#14131 = DIRECTION('',(0.,0.,1.));
#14132 = PCURVE('',#13178,#14133);
#14133 = DEFINITIONAL_REPRESENTATION('',(#14134),#14138);
#14134 = LINE('',#14135,#14136);
#14135 = CARTESIAN_POINT('',(0.49609375,0.));
#14136 = VECTOR('',#14137,1.);
#14137 = DIRECTION('',(0.,-1.));
#14138 = ( GEOMETRIC_REPRESENTATION_CONTEXT(2) 
PARAMETRIC_REPRESENTATION_CONTEXT() REPRESENTATION_CONTEXT('2D SPACE',''
  ) );
#14139 = PCURVE('',#13206,#14140);
#14140 = DEFINITIONAL_REPRESENTATION('',(#14141),#14145);
#14141 = LINE('',#14142,#14143);
#14142 = CARTESIAN_POINT('',(0.,0.));
#14143 = VECTOR('',#14144,1.);
#14144 = DIRECTION('',(0.,-1.));
#14145 = ( GEOMETRIC_REPRESENTATION_CONTEXT(2) 
PARAMETRIC_REPRESENTATION_CONTEXT() REPRESENTATION_CONTEXT('2D SPACE',''
  ) );
#14146 = ORIENTED_EDGE('',*,*,#13162,.F.);
#14147 = ADVANCED_FACE('',(#14148),#13206,.F.);
#14148 = FACE_BOUND('',#14149,.F.);
#14149 = EDGE_LOOP('',(#14150,#14151,#14174,#14195));
#14150 = ORIENTED_EDGE('',*,*,#14126,.T.);
#14151 = ORIENTED_EDGE('',*,*,#14152,.T.);
#14152 = EDGE_CURVE('',#14104,#14153,#14155,.T.);
#14153 = VERTEX_POINT('',#14154);
#14154 = CARTESIAN_POINT('',(12.2783203125,0.3037109375,3.));
#14155 = SURFACE_CURVE('',#14156,(#14160,#14167),.PCURVE_S1.);
#14156 = B_SPLINE_CURVE_WITH_KNOTS('',2,(#14157,#14158,#14159),
  .UNSPECIFIED.,.F.,.F.,(3,3),(0.,1.),.PIECEWISE_BEZIER_KNOTS.);
#14157 = CARTESIAN_POINT('',(11.84765625,0.171875,3.));
#14158 = CARTESIAN_POINT('',(12.1328125,0.171875,3.));
#14159 = CARTESIAN_POINT('',(12.2783203125,0.3037109375,3.));
#14160 = PCURVE('',#13206,#14161);
#14161 = DEFINITIONAL_REPRESENTATION('',(#14162),#14166);
#14162 = LINE('',#14163,#14164);
#14163 = CARTESIAN_POINT('',(0.,-0.35));
#14164 = VECTOR('',#14165,1.);
#14165 = DIRECTION('',(1.,0.));
#14166 = ( GEOMETRIC_REPRESENTATION_CONTEXT(2) 
PARAMETRIC_REPRESENTATION_CONTEXT() REPRESENTATION_CONTEXT('2D SPACE',''
  ) );
#14167 = PCURVE('',#14016,#14168);
#14168 = DEFINITIONAL_REPRESENTATION('',(#14169),#14173);
#14169 = B_SPLINE_CURVE_WITH_KNOTS('',2,(#14170,#14171,#14172),
  .UNSPECIFIED.,.F.,.F.,(3,3),(0.,1.),.PIECEWISE_BEZIER_KNOTS.);
#14170 = CARTESIAN_POINT('',(41.84765625,15.171875));
#14171 = CARTESIAN_POINT('',(42.1328125,15.171875));
#14172 = CARTESIAN_POINT('',(42.2783203125,15.3037109375));
#14173 = ( GEOMETRIC_REPRESENTATION_CONTEXT(2) 
PARAMETRIC_REPRESENTATION_CONTEXT() REPRESENTATION_CONTEXT('2D SPACE',''
  ) );
#14174 = ORIENTED_EDGE('',*,*,#14175,.F.);
#14175 = EDGE_CURVE('',#13191,#14153,#14176,.T.);
#14176 = SURFACE_CURVE('',#14177,(#14181,#14188),.PCURVE_S1.);
#14177 = LINE('',#14178,#14179);
#14178 = CARTESIAN_POINT('',(12.2783203125,0.3037109375,2.65));
#14179 = VECTOR('',#14180,1.);
#14180 = DIRECTION('',(0.,0.,1.));
#14181 = PCURVE('',#13206,#14182);
#14182 = DEFINITIONAL_REPRESENTATION('',(#14183),#14187);
#14183 = LINE('',#14184,#14185);
#14184 = CARTESIAN_POINT('',(1.,0.));
#14185 = VECTOR('',#14186,1.);
#14186 = DIRECTION('',(0.,-1.));
#14187 = ( GEOMETRIC_REPRESENTATION_CONTEXT(2) 
PARAMETRIC_REPRESENTATION_CONTEXT() REPRESENTATION_CONTEXT('2D SPACE',''
  ) );
#14188 = PCURVE('',#13236,#14189);
#14189 = DEFINITIONAL_REPRESENTATION('',(#14190),#14194);
#14190 = LINE('',#14191,#14192);
#14191 = CARTESIAN_POINT('',(0.,0.));
#14192 = VECTOR('',#14193,1.);
#14193 = DIRECTION('',(0.,-1.));
#14194 = ( GEOMETRIC_REPRESENTATION_CONTEXT(2) 
PARAMETRIC_REPRESENTATION_CONTEXT() REPRESENTATION_CONTEXT('2D SPACE',''
  ) );
#14195 = ORIENTED_EDGE('',*,*,#13190,.F.);
#14196 = ADVANCED_FACE('',(#14197),#13236,.F.);
#14197 = FACE_BOUND('',#14198,.F.);
#14198 = EDGE_LOOP('',(#14199,#14200,#14223,#14244));
#14199 = ORIENTED_EDGE('',*,*,#14175,.T.);
#14200 = ORIENTED_EDGE('',*,*,#14201,.T.);
#14201 = EDGE_CURVE('',#14153,#14202,#14204,.T.);
#14202 = VERTEX_POINT('',#14203);
#14203 = CARTESIAN_POINT('',(12.423828125,0.69140625,3.));
#14204 = SURFACE_CURVE('',#14205,(#14209,#14216),.PCURVE_S1.);
#14205 = B_SPLINE_CURVE_WITH_KNOTS('',2,(#14206,#14207,#14208),
  .UNSPECIFIED.,.F.,.F.,(3,3),(0.,1.),.PIECEWISE_BEZIER_KNOTS.);
#14206 = CARTESIAN_POINT('',(12.2783203125,0.3037109375,3.));
#14207 = CARTESIAN_POINT('',(12.423828125,0.435546875,3.));
#14208 = CARTESIAN_POINT('',(12.423828125,0.69140625,3.));
#14209 = PCURVE('',#13236,#14210);
#14210 = DEFINITIONAL_REPRESENTATION('',(#14211),#14215);
#14211 = LINE('',#14212,#14213);
#14212 = CARTESIAN_POINT('',(0.,-0.35));
#14213 = VECTOR('',#14214,1.);
#14214 = DIRECTION('',(1.,0.));
#14215 = ( GEOMETRIC_REPRESENTATION_CONTEXT(2) 
PARAMETRIC_REPRESENTATION_CONTEXT() REPRESENTATION_CONTEXT('2D SPACE',''
  ) );
#14216 = PCURVE('',#14016,#14217);
#14217 = DEFINITIONAL_REPRESENTATION('',(#14218),#14222);
#14218 = B_SPLINE_CURVE_WITH_KNOTS('',2,(#14219,#14220,#14221),
  .UNSPECIFIED.,.F.,.F.,(3,3),(0.,1.),.PIECEWISE_BEZIER_KNOTS.);
#14219 = CARTESIAN_POINT('',(42.2783203125,15.3037109375));
#14220 = CARTESIAN_POINT('',(42.423828125,15.435546875));
#14221 = CARTESIAN_POINT('',(42.423828125,15.69140625));
#14222 = ( GEOMETRIC_REPRESENTATION_CONTEXT(2) 
PARAMETRIC_REPRESENTATION_CONTEXT() REPRESENTATION_CONTEXT('2D SPACE',''
  ) );
#14223 = ORIENTED_EDGE('',*,*,#14224,.F.);
#14224 = EDGE_CURVE('',#13221,#14202,#14225,.T.);
#14225 = SURFACE_CURVE('',#14226,(#14230,#14237),.PCURVE_S1.);
#14226 = LINE('',#14227,#14228);
#14227 = CARTESIAN_POINT('',(12.423828125,0.69140625,2.65));
#14228 = VECTOR('',#14229,1.);
#14229 = DIRECTION('',(0.,0.,1.));
#14230 = PCURVE('',#13236,#14231);
#14231 = DEFINITIONAL_REPRESENTATION('',(#14232),#14236);
#14232 = LINE('',#14233,#14234);
#14233 = CARTESIAN_POINT('',(1.,0.));
#14234 = VECTOR('',#14235,1.);
#14235 = DIRECTION('',(0.,-1.));
#14236 = ( GEOMETRIC_REPRESENTATION_CONTEXT(2) 
PARAMETRIC_REPRESENTATION_CONTEXT() REPRESENTATION_CONTEXT('2D SPACE',''
  ) );
#14237 = PCURVE('',#13266,#14238);
#14238 = DEFINITIONAL_REPRESENTATION('',(#14239),#14243);
#14239 = LINE('',#14240,#14241);
#14240 = CARTESIAN_POINT('',(0.,0.));
#14241 = VECTOR('',#14242,1.);
#14242 = DIRECTION('',(0.,-1.));
#14243 = ( GEOMETRIC_REPRESENTATION_CONTEXT(2) 
PARAMETRIC_REPRESENTATION_CONTEXT() REPRESENTATION_CONTEXT('2D SPACE',''
  ) );
#14244 = ORIENTED_EDGE('',*,*,#13220,.F.);
#14245 = ADVANCED_FACE('',(#14246),#13266,.F.);
#14246 = FACE_BOUND('',#14247,.F.);
#14247 = EDGE_LOOP('',(#14248,#14249,#14272,#14293));
#14248 = ORIENTED_EDGE('',*,*,#14224,.T.);
#14249 = ORIENTED_EDGE('',*,*,#14250,.T.);
#14250 = EDGE_CURVE('',#14202,#14251,#14253,.T.);
#14251 = VERTEX_POINT('',#14252);
#14252 = CARTESIAN_POINT('',(12.2783203125,1.0771484375,3.));
#14253 = SURFACE_CURVE('',#14254,(#14258,#14265),.PCURVE_S1.);
#14254 = B_SPLINE_CURVE_WITH_KNOTS('',2,(#14255,#14256,#14257),
  .UNSPECIFIED.,.F.,.F.,(3,3),(0.,1.),.PIECEWISE_BEZIER_KNOTS.);
#14255 = CARTESIAN_POINT('',(12.423828125,0.69140625,3.));
#14256 = CARTESIAN_POINT('',(12.423828125,0.947265625,3.));
#14257 = CARTESIAN_POINT('',(12.2783203125,1.0771484375,3.));
#14258 = PCURVE('',#13266,#14259);
#14259 = DEFINITIONAL_REPRESENTATION('',(#14260),#14264);
#14260 = LINE('',#14261,#14262);
#14261 = CARTESIAN_POINT('',(0.,-0.35));
#14262 = VECTOR('',#14263,1.);
#14263 = DIRECTION('',(1.,0.));
#14264 = ( GEOMETRIC_REPRESENTATION_CONTEXT(2) 
PARAMETRIC_REPRESENTATION_CONTEXT() REPRESENTATION_CONTEXT('2D SPACE',''
  ) );
#14265 = PCURVE('',#14016,#14266);
#14266 = DEFINITIONAL_REPRESENTATION('',(#14267),#14271);
#14267 = B_SPLINE_CURVE_WITH_KNOTS('',2,(#14268,#14269,#14270),
  .UNSPECIFIED.,.F.,.F.,(3,3),(0.,1.),.PIECEWISE_BEZIER_KNOTS.);
#14268 = CARTESIAN_POINT('',(42.423828125,15.69140625));
#14269 = CARTESIAN_POINT('',(42.423828125,15.947265625));
#14270 = CARTESIAN_POINT('',(42.2783203125,16.0771484375));
#14271 = ( GEOMETRIC_REPRESENTATION_CONTEXT(2) 
PARAMETRIC_REPRESENTATION_CONTEXT() REPRESENTATION_CONTEXT('2D SPACE',''
  ) );
#14272 = ORIENTED_EDGE('',*,*,#14273,.F.);
#14273 = EDGE_CURVE('',#13251,#14251,#14274,.T.);
#14274 = SURFACE_CURVE('',#14275,(#14279,#14286),.PCURVE_S1.);
#14275 = LINE('',#14276,#14277);
#14276 = CARTESIAN_POINT('',(12.2783203125,1.0771484375,2.65));
#14277 = VECTOR('',#14278,1.);
#14278 = DIRECTION('',(0.,0.,1.));
#14279 = PCURVE('',#13266,#14280);
#14280 = DEFINITIONAL_REPRESENTATION('',(#14281),#14285);
#14281 = LINE('',#14282,#14283);
#14282 = CARTESIAN_POINT('',(1.,0.));
#14283 = VECTOR('',#14284,1.);
#14284 = DIRECTION('',(0.,-1.));
#14285 = ( GEOMETRIC_REPRESENTATION_CONTEXT(2) 
PARAMETRIC_REPRESENTATION_CONTEXT() REPRESENTATION_CONTEXT('2D SPACE',''
  ) );
#14286 = PCURVE('',#13294,#14287);
#14287 = DEFINITIONAL_REPRESENTATION('',(#14288),#14292);
#14288 = LINE('',#14289,#14290);
#14289 = CARTESIAN_POINT('',(0.,0.));
#14290 = VECTOR('',#14291,1.);
#14291 = DIRECTION('',(0.,-1.));
#14292 = ( GEOMETRIC_REPRESENTATION_CONTEXT(2) 
PARAMETRIC_REPRESENTATION_CONTEXT() REPRESENTATION_CONTEXT('2D SPACE',''
  ) );
#14293 = ORIENTED_EDGE('',*,*,#13250,.F.);
#14294 = ADVANCED_FACE('',(#14295),#13294,.F.);
#14295 = FACE_BOUND('',#14296,.F.);
#14296 = EDGE_LOOP('',(#14297,#14298,#14319,#14320));
#14297 = ORIENTED_EDGE('',*,*,#14273,.T.);
#14298 = ORIENTED_EDGE('',*,*,#14299,.T.);
#14299 = EDGE_CURVE('',#14251,#13978,#14300,.T.);
#14300 = SURFACE_CURVE('',#14301,(#14305,#14312),.PCURVE_S1.);
#14301 = B_SPLINE_CURVE_WITH_KNOTS('',2,(#14302,#14303,#14304),
  .UNSPECIFIED.,.F.,.F.,(3,3),(0.,1.),.PIECEWISE_BEZIER_KNOTS.);
#14302 = CARTESIAN_POINT('',(12.2783203125,1.0771484375,3.));
#14303 = CARTESIAN_POINT('',(12.1328125,1.20703125,3.));
#14304 = CARTESIAN_POINT('',(11.84765625,1.20703125,3.));
#14305 = PCURVE('',#13294,#14306);
#14306 = DEFINITIONAL_REPRESENTATION('',(#14307),#14311);
#14307 = LINE('',#14308,#14309);
#14308 = CARTESIAN_POINT('',(0.,-0.35));
#14309 = VECTOR('',#14310,1.);
#14310 = DIRECTION('',(1.,0.));
#14311 = ( GEOMETRIC_REPRESENTATION_CONTEXT(2) 
PARAMETRIC_REPRESENTATION_CONTEXT() REPRESENTATION_CONTEXT('2D SPACE',''
  ) );
#14312 = PCURVE('',#14016,#14313);
#14313 = DEFINITIONAL_REPRESENTATION('',(#14314),#14318);
#14314 = B_SPLINE_CURVE_WITH_KNOTS('',2,(#14315,#14316,#14317),
  .UNSPECIFIED.,.F.,.F.,(3,3),(0.,1.),.PIECEWISE_BEZIER_KNOTS.);
#14315 = CARTESIAN_POINT('',(42.2783203125,16.0771484375));
#14316 = CARTESIAN_POINT('',(42.1328125,16.20703125));
#14317 = CARTESIAN_POINT('',(41.84765625,16.20703125));
#14318 = ( GEOMETRIC_REPRESENTATION_CONTEXT(2) 
PARAMETRIC_REPRESENTATION_CONTEXT() REPRESENTATION_CONTEXT('2D SPACE',''
  ) );
#14319 = ORIENTED_EDGE('',*,*,#13977,.F.);
#14320 = ORIENTED_EDGE('',*,*,#13280,.F.);
#14321 = ADVANCED_FACE('',(#14322),#13364,.T.);
#14322 = FACE_BOUND('',#14323,.T.);
#14323 = EDGE_LOOP('',(#14324,#14325,#14326));
#14324 = ORIENTED_EDGE('',*,*,#13451,.T.);
#14325 = ORIENTED_EDGE('',*,*,#13348,.T.);
#14326 = ORIENTED_EDGE('',*,*,#13402,.T.);
#14327 = ADVANCED_FACE('',(#14328),#13516,.T.);
#14328 = FACE_BOUND('',#14329,.T.);
#14329 = EDGE_LOOP('',(#14330,#14331,#14332));
#14330 = ORIENTED_EDGE('',*,*,#13603,.T.);
#14331 = ORIENTED_EDGE('',*,*,#13500,.T.);
#14332 = ORIENTED_EDGE('',*,*,#13554,.T.);
#14333 = ADVANCED_FACE('',(#14334),#13668,.T.);
#14334 = FACE_BOUND('',#14335,.T.);
#14335 = EDGE_LOOP('',(#14336,#14337,#14338,#14339,#14340,#14341,#14342)
  );
#14336 = ORIENTED_EDGE('',*,*,#13951,.T.);
#14337 = ORIENTED_EDGE('',*,*,#13652,.T.);
#14338 = ORIENTED_EDGE('',*,*,#13706,.T.);
#14339 = ORIENTED_EDGE('',*,*,#13755,.T.);
#14340 = ORIENTED_EDGE('',*,*,#13804,.T.);
#14341 = ORIENTED_EDGE('',*,*,#13853,.T.);
#14342 = ORIENTED_EDGE('',*,*,#13902,.T.);
#14343 = ADVANCED_FACE('',(#14344),#14016,.T.);
#14344 = FACE_BOUND('',#14345,.T.);
#14345 = EDGE_LOOP('',(#14346,#14347,#14348,#14349,#14350,#14351,#14352)
  );
#14346 = ORIENTED_EDGE('',*,*,#14299,.T.);
#14347 = ORIENTED_EDGE('',*,*,#14000,.T.);
#14348 = ORIENTED_EDGE('',*,*,#14054,.T.);
#14349 = ORIENTED_EDGE('',*,*,#14103,.T.);
#14350 = ORIENTED_EDGE('',*,*,#14152,.T.);
#14351 = ORIENTED_EDGE('',*,*,#14201,.T.);
#14352 = ORIENTED_EDGE('',*,*,#14250,.T.);
#14353 = ( GEOMETRIC_REPRESENTATION_CONTEXT(3) 
GLOBAL_UNCERTAINTY_ASSIGNED_CONTEXT((#14357)) 
GLOBAL_UNIT_ASSIGNED_CONTEXT((#14354,#14355,#14356)) 
REPRESENTATION_CONTEXT('Context #1',
  '3D Context with UNIT and UNCERTAINTY') );
#14354 = ( LENGTH_UNIT() NAMED_UNIT(*) SI_UNIT(.MILLI.,.METRE.) );
#14355 = ( NAMED_UNIT(*) PLANE_ANGLE_UNIT() SI_UNIT($,.RADIAN.) );
#14356 = ( NAMED_UNIT(*) SI_UNIT($,.STERADIAN.) SOLID_ANGLE_UNIT() );
#14357 = UNCERTAINTY_MEASURE_WITH_UNIT(LENGTH_MEASURE(1.E-07),#14354,
  'distance_accuracy_value','confusion accuracy');
#14358 = PRODUCT_RELATED_PRODUCT_CATEGORY('part',$,(#7));
ENDSEC;
END-ISO-10303-21;
