frequency_hz,spl_1v_db,sealed_spl_1v_db,impedance_magnitude_ohm,impedance_phase_deg,driver_excursion_1v_mm,pr_excursion_each_1v_mm,maximum_spl_db,limiting_factor
20.0,28.748640607763928,50.123248194354844,5.299108456018967,31.568195527623146,0.8763236204018463,0.2297645057708848,43.150506885154556,driver_xmax
20.138772629520556,28.683781462305696,50.231801344618376,5.3145825582299535,31.76245812595638,0.8751830196470946,0.22985605813038099,43.096960438661654,driver_xmax
20.27850815117631,28.61601713225359,50.340311025096014,5.330328521173327,31.95756326548982,0.8740301752722138,0.22994990251949643,43.040645233837964,driver_xmax
20.419213246120933,28.54555506712241,50.44877590512965,5.346352164675515,32.153505743186514,0.8728649886707676,0.2300461055028398,42.98177022205457,driver_xmax
20.560894641866188,28.47266344119515,50.55719464389785,5.3626594700600245,32.35028002787868,0.871687360985357,0.23014473544009917,42.920605095095205,driver_xmax
20.70355911260353,28.397681926121997,50.66556589054287,5.379256585938143,32.547880247114584,0.8704971931027864,0.23024586253819554,42.85749105808307,driver_xmax
20.847213479528037,28.321033879012383,50.7738882842978,5.396149834255125,32.74630017335389,0.869294385648051,0.23034955890504985,42.792853017918866,driver_xmax
20.991864611164555,28.243239954757282,50.88216045461343,5.413345716604974,32.945533209471556,0.8680788389770764,0.23045589860501875,42.727213195968446,driver_xmax
21.137519423696084,28.164933058582776,50.99038102128512,5.430850920827927,33.145572373528296,0.8668504531681017,0.2305649577160588,42.66120608100226,driver_xmax
21.284184881294486,28.08687441703256,51.09854859457977,5.448672327905398,33.34641028276269,0.865609128011625,0.23067681438867785,42.595594500585655,driver_xmax
21.431867996453427,28.00997035070052,51.206661775362655,5.466817019168126,33.548039136756664,0.8643547629988039,0.23079154890674178,42.53128639424238,driver_xmax
21.580575830323685,27.935289068825853,51.31471915522444,5.485292283834179,33.750450699722876,0.8630872573082046,0.23090924375019586,42.46935160850537,driver_xmax
21.73031549305077,27.8640764669139,51.42271931660834,5.504105626894503,33.9536362818592,0.8618065097907883,0.2310299836597762,42.4110376950194,driver_xmax
21.88109414411485,27.797769495486833,51.530660832937365,5.523264777364685,34.15758671971093,0.8605124189530171,0.23115385570377694,42.35778327980149,driver_xmax
22.03291899267313,27.73800519894637,51.63854226874193,5.542777696922934,34.36229235547801,0.8592048829379466,0.23128094934694884,42.31122710264283,driver_xmax
22.185797297904458,27.686623042289643,51.74636217978751,5.562652588955237,34.567743015199206,0.8578837995041829,0.23141135652160805,42.273210344395395,driver_xmax
22.339736369356466,27.64565772974859,51.85411911320286,5.58289790803026,34.77392798574129,0.856549066002557,0.2315451717010321,42.24576944621534,driver_xmax
22.494743567295043,27.617319495432803,51.96181160760843,5.603522369827687,34.98083599051499,0.8552005793503635,0.23168249197522592,42.23111640084544,driver_xmax
22.650826303056235,27.603958973615175,52.06943819324525,5.624534961545371,35.188455163834725,0.8538382360030174,0.23182341712914625,42.23160362357789,driver_xmax
22.807992039400652,27.608014416729617,52.176997392104326,5.64594495281221,35.39677302383263,0.852461931922954,0.2319680497234721,42.24967117096929,driver_xmax
22.966248290870226,27.63194037795174,52.284487718056496,5.6677619071352945,35.605776443830266,0.8510715625455951,0.2321164951780129,42.287775424181135,driver_xmax
23.125602624147522,27.6781190708091,52.39190767698289,5.68999569391187,35.81545162206603,0.8496670227422046,0.23226886185785328,42.34830044939491,driver_xmax
23.28606265841754,27.74875833777156,52.49925576690603,5.7126565010384205,36.02578404966605,0.8482482067794249,0.2324252611623323,42.4334559672556,driver_xmax
23.447636065731974,27.845783134668594,52.60653047812159,5.7357548481514575,36.236758476740405,0.8468150082752902,0.23258580761696124,42.54516883819291,driver_xmax
23.610330571376103,27.970730056392064,52.71373029333092,5.759301600536721,36.44835887647609,0.8453673201514983,0.23275061896838825,42.68497758908234,driver_xmax
23.77415395423807,28.124655947795407,52.82085368777432,5.783307983745922,36.66056840708844,0.8439050345817007,0.2329198162825188,42.85394102516038,driver_xmax
23.939114047180873,28.308071407239677,52.92789912936519,5.807785598962843,36.87336937148311,0.842428042935566,0.23309352404591197,43.052571734647735,driver_xmax
24.105218737416855,28.52090770132476,53.03486507882504,5.832746439163236,37.08674317446828,0.8409362357183531,0.23327187027056748,43.280803004622996,driver_xmax
24.272475966884812,28.762521522391637,53.141749989819544,5.858202906116007,37.30067027734451,0.8394295025057142,0.23345498660223046,43.537993579736636,driver_xmax
24.440893732629764,29.031736944310342,53.24855230909545,5.884167828276375,37.51513014968647,0.8379077318734303,0.23364300843234076,43.822969619284464,driver_xmax
24.610480087185234,29.32691900197704,53.355270476618664,5.910654479625071,37.73010121811606,0.8363708113217692,0.2338360750137614,44.13409827806855,driver_xmax
24.781243138958327,29.646069621951867,53.46190292571336,5.937676599511303,37.945560811850015,0.8348186271941266,0.2340343295804216,44.46938363848239,driver_xmax
24.9531910526174,29.98693485026234,53.56844808320234,5.96524841356127,38.16148510478851,0.8332510645896007,0.234237919471017,44.826573939850476,driver_xmax
25.12633204948242,30.347112567169816,53.67490436954853,5.993384655718042,38.377849053891886,0.8316680072691227,0.23444699625691393,45.20326929482529,driver_xmax
25.300674407918066,30.724151738413276,53.78127019899769,6.022100591483386,38.594626333572215,0.8300693375547427,0.2346617158744091,45.59702094236235,driver_xmax
25.476226463729574,31.115637026413356,53.8875439797226,6.051412042436911,38.81178926580444,0.828454936221646,0.23488223876149944,46.00541586076256,driver_xmax
25.652996610561214,31.519255545104077,53.9937241139684,6.081335412113078,39.02930874563691,0.8268246823824537,0.235108729999324,46.42614352445638,driver_xmax
25.830993300297685,31.932845131301466,54.09980899819945,6.11188771332249,39.24715416175503,0.8251784533633156,0.23534135945844192,46.85704417744641,driver_xmax
26.01022504346819,32.35442541928782,54.20579702324762,6.143086597009759,39.46529331172265,0.8235161245712973,0.23558030195011676,47.29613991009518,driver_xmax
26.190700409653346,32.782214173110546,54.31168657446203,6.174950382746831,39.683692311494305,0.8218375693525094,0.23582573738278137,47.74165099376549,driver_xmax
26.372428027894973,33.214631843123506,54.41747603186037,6.207498090967839,39.902315498756515,0.8201426588403984,0.23607785092386027,48.19200043985049,driver_xmax
26.5554165871086,33.6502973371594,54.52316377028171,6.240749477058819,40.12112532961909,0.8184312617935904,0.23633683316713403,48.64580977359178,driver_xmax
26.739674836498935,34.08801771207212,54.62874815954105,6.274725067424055,40.34008226813593,0.8167032444226187,0.2366028803058286,49.10188872843481,driver_xmax
26.92521158597821,34.52677405131419,54.73422756458536,6.309446197659388,40.559144668089196,0.8149584702048424,0.23687619431162255,49.55922112659816,driver_xmax
27.112035706587367,34.96570531009168,54.83960034565146,6.344935052972299,40.77826864642201,0.8131967996868046,0.23715698311976138,50.01694872741091,driver_xmax
27.30015613092028,35.40409145147787,54.944864858425476,6.3812147109987185,40.99740794765018,0.8114180902732318,0.23744546082047574,50.474354366812435,driver_xmax
27.48958185355075,35.84133680124945,55.05001945420416,6.4183091871773,41.21651379852329,0.8096221960018214,0.23774184785689884,50.93084531579219,driver_xmax
27.680321931462636,36.27695422931518,55.15506248005788,6.456243482853691,41.43553475214185,0.8078089673029117,0.23804637122968123,51.38593746565434,driver_xmax
27.87238548448286,36.71055052021741,55.259992278995504,6.49504363629989,41.65441652066381,0.8059782507430578,0.23835926470850144,51.83924070260362,driver_xmax
28.06578169571745,37.14181311555419,55.364807190131046,6.53473677684717,41.87310179565626,0.8041298887514787,0.23868076905066804,52.290445654517285,driver_xmax
28.260519811990676,37.57049828562025,55.469505548852226,6.5753511823456705,42.09153005506064,0.802263719328259,0.2390111322270092,52.739311867219996,driver_xmax
28.456609144287057,37.996420704223276,55.574085686990855,6.616916340179121,42.30963735564493,0.8003795757331263,0.23935060965523977,53.18565738423781,driver_xmax
28.654059068196624,38.419444348877946,55.67854593299508,6.659463012080005,42.52735610971168,0.798477286153526,0.23969946444099405,53.629349652255215,driver_xmax
28.852879024363165,38.83947461956736,55.782884612103594,6.7030233030080675,42.74461484471458,0.7965566733506394,0.2400579676267022,54.070297645487756,driver_xmax
29.053078518935628,39.25645155603617,55.88710004652175,6.7476307343743045,42.961337944309335,0.7946175542818802,0.24042639844847874,54.5084450889595,driver_xmax
29.254667124022603,39.670344030863525,55.99119055559959,6.79332032191267,43.177445369223825,0.7926597396983236,0.2408050446011859,54.943764657959925,driver_xmax
29.457654478150054,40.08114479949607,56.09515445601174,6.84012865852368,43.392852356177855,0.7906830337153815,0.2411942025118091,55.37625303488947,driver_xmax
29.662050286722092,40.488866296266025,56.198990061939355,6.888094002436778,43.60746909291091,0.7886872333549453,0.24159417762127464,55.80592671254968,driver_xmax
29.867864322485055,40.89353707528285,56.30269568525392,6.937256371063039,43.82120036718742,0.7866721280570675,0.24200528467481,56.23281844279999,driver_xmax
30.075106425994772,41.29519880571902,56.40626963570302,6.987657640935404,44.03394518744004,0.7846374991591251,0.2424278480209253,56.65697424013787,driver_xmax
30.283786506087043,41.693903741601524,56.509710221097926,7.039341654160859,44.24559637247867,0.782583119340255,0.2428622019190586,57.078450860352916,driver_xmax
30.49391454035148,42.089712596291974,56.61301574750336,7.0923543318375755,44.456040107437985,0.780508752028691,0.24330869085589768,57.49731368447989,driver_xmax
30.705500575608458,42.482692761115715,56.71618451942881,7.146743794919531,44.665155462850905,0.7784141507694541,0.2437676698703363,57.913634947557014,driver_xmax
30.91855472838956,42.87291681597016,56.819214840022035,7.202560493042242,44.87281387342155,0.7762990585496589,0.24423950488698165,58.32749226006861,driver_xmax
31.133087185421246,43.26046128716615,56.92210501126429,7.259857341854531,45.07887857272133,0.7741632070785113,0.24472457305806622,58.73896737737962,driver_xmax
31.349108204111904,43.645405614269706,57.02485333416742,7.318689869433607,45.28320397964528,0.7720063160188295,0.24522326311354173,59.148145178986866,driver_xmax
31.566628113042352,44.02783129337106,57.12745810897278,7.379116372393016,45.485635032035546,0.7698280921667031,0.24573597571906194,59.55511282507666,driver_xmax
31.785657312459563,44.407821169092486,57.22991763535202,7.441198082324357,45.68600646240173,0.7676282285756577,0.24626312384145943,59.959959062767865,driver_xmax
32.00620627477402,44.78545885183966,57.332230212609474,7.504999343244683,45.88414201013815,0.7654064036213896,0.24680513312121524,60.36277365861869,driver_xmax
32.2282855450604,45.16082824038409,57.43439413988646,7.570587800748898,46.07985356404942,0.7631622800028822,0.247362442251299,60.76364693756431,driver_xmax
32.451905741561745,45.534013132917806,57.53640771636708,7.6380346035916675,46.27294022834155,0.7608955036753635,0.24793550336160766,61.162669411512844,driver_xmax
32.677077556197226,45.90509691231353,57.6382692414859,7.707414618441828,46.46318730450963,0.75860570271025,0.2485247824080729,61.55993148342675,driver_xmax
32.90381175507326,46.27416229352353,57.73997701513693,7.7788066585644655,46.65036518074545,0.75629248607684,0.2491307595653123,61.955523214924405,driver_xmax
33.132119178998295,46.64129112291053,57.84152933788435,7.852293727186979,46.83422811959269,0.7539554423401365,0.24975392962148896,62.349534147305846,driver_xmax
33.36201074400119,47.006564220877124,57.94292451117479,7.927963276293259,47.01451293358058,0.7515941382687528,0.25039480237379425,62.742053167489196,driver_xmax
33.59349744185307,47.37006126048777,58.044160837550756,8.005907481559511,47.190937537462865,0.7492081173464062,0.25105390302268366,63.13316841168221,driver_xmax
33.826590340592965,47.731860675898055,58.14523662086576,8.086223534091436,47.36319936446307,0.7467968981800136,0.25173177256268153,63.5229672007456,driver_xmax
34.06130058505689,48.092039595347586,58.246150166500534,8.16901394953706,47.53097363256898,0.7443599727968927,0.25242896816718874,63.911536002158584,driver_xmax
34.297639397410805,48.45067379427,58.34689978158056,8.254386895025876,47.69391144541764,0.7418968048230112,0.2531460635643268,64.29896041430825,driver_xmax
34.535618077687126,48.80783766473769,58.44748377519481,8.342456534209512,47.851637710651076,0.7394068275336358,0.2538836494003522,64.68532516950263,driver_xmax
34.775248004325015,49.1636041980218,58.54790045861548,8.433343390440331,48.0037488567939,0.7368894417671078,0.2546423335866523,65.07071415268703,driver_xmax
35.01654063471449,49.51804497751628,58.64814814551884,8.527174727803587,48.14981032769177,0.7343440136918005,0.25542274162569956,65.45521043332867,driver_xmax
35.25950750574412,49.871230179666824,58.74822515220694,8.624084949294652,48.28935383134409,0.7317698724155998,0.25622551691064277,65.83889630834608,driver_xmax
35.50416023435271,50.2232285808729,58.848129797830225,8.724216010879042,48.42187431755834,0.7291663074265111,0.25705132099241423,66.22185335430814,driver_xmax
35.75051051808472,50.57410756860147,58.94786040461084,8.827717849454604,48.546826656241194,0.7265325658522003,0.2579008338073214,66.60416248742055,driver_xmax
35.99857013564954,50.92393315517347,59.04741529806663,8.934748821811391,48.66362198532327,0.7238678495254552,0.25877475385705534,66.98590403006547,driver_xmax
36.24835094748474,51.27276999286671,59.146792807235755,9.045476150502495,48.77162369430446,0.7211713118416976,0.25967379833188253,67.36715778286901,driver_xmax
36.499864896323054,51.620681389124556,59.245991264901676,9.16007637103247,48.87014300622056,0.7184420543937823,0.260598703166445,67.7480031014474,driver_xmax
36.75312400776343,51.96772932077597,59.34500900781859,9.27873577285939,48.958434117517704,0.7156791233684144,0.2615502230160949,68.12851897712973,driver_xmax
37.008140390846044,52.31397444626136,59.44384437693708,9.401650824288817,49.0356888519369,0.7128815056875788,0.2625291311399687,68.5087841210803,driver_xmax
37.264926238631205,52.65947611492305,59.54249571762997,9.52902856828928,49.10103078115896,0.7100481248774657,0.26353621917507214,68.88887705134405,driver_xmax
37.523493828782414,53.004292372464164,59.64096137991813,9.661086972423506,49.15350876178355,0.7071778366464321,0.26457229678344385,69.26887618242593,driver_xmax
37.78385552415333,53.34847996170356,59.739239718696304,9.798055211275061,49.1920898354227,0.7042694241526815,0.2656381911519831,69.64885991708142,driver_xmax
38.0460237733789,53.69209431776271,59.83732909395867,9.940173853721461,49.21565143656797,0.7013215929414977,0.26673474632171024,70.02890674005266,driver_xmax
38.310011111470565,54.03518955681057,59.93522787102415,10.087694919870472,49.222972851847565,0.698332965531143,0.26786282232004366,70.4090953135242,driver_xmax
38.57583016041556,54.37781845746895,60.03293442076128,10.24088176308442,49.212725874874785,0.6953020756259289,0.2690232940660927,70.78950457410458,driver_xmax
38.84349362978051,54.720032433941725,60.13044711981243,10.400008720837626,49.18346460385384,0.6922273619345347,0.27021705001489776,71.17021383115807,driver_xmax
39.113014317318985,55.061881499877444,60.227764350817516,10.56536046366977,49.13361433546566,0.6891071615714878,0.27144499050198273,71.55130286631899,driver_xmax
39.384405109583454,55.40341422190835,60.324884502636706,10.737230953600266,49.06145951965189,0.6859397030198653,0.2727080257444351,71.93285203401915,driver_xmax
39.657678982541434,55.74467766172667,60.421805970572315,10.915921901338448,48.96513075755027,0.6827230986338536,0.2740070734489353,72.3149423628443,driver_xmax
39.93284900219587,56.08571730546318,60.51852715658957,11.101740584637994,48.84259085136964,0.6794553366609145,0.2753430559706472,72.69765565751004,driver_xmax
40.209928325209965,56.426576979023444,60.61504646953619,11.294996857287599,48.69161995352674,0.6761342727651225,0.27671689695959895,73.08107460120888,driver_xmax
40.488930199536085,56.76729874791094,60.71136232536054,11.495999138525768,48.50979991691806,0.6727576210359155,0.2781295174230152,73.4652828580262,driver_xmax
40.769867965049265,57.10792279992742,60.80747314732839,11.705049125155545,48.29449802392924,0.6693229444702425,0.2795818311229574,73.85036517505412,driver_xmax
41.05275505418505,57.448487308984014,60.90337736623799,11.922434912485246,48.04285037525758,0.6658276449212437,0.2810747392184895,74.23640748374225,driver_xmax
41.337604992581646,57.789028278086015,60.99907342063342,12.148422144967896,47.75174535905453,0.6622689525133335,0.2826091240503283,74.62349699991438,driver_xmax
41.62443139972677,58.12957935936709,61.094559757015965,12.383242743282702,47.417807806390094,0.6586439145324325,0.28418584195349755,75.01172232174264,driver_xmax
41.913247989608664,58.47017164884569,61.18983483005348,12.627080673070934,47.03738468272211,0.6549493838114236,0.28580571496979346,75.40117352480327,driver_xmax
42.20406857137191,58.810833453359635,61.28489710278756,12.880054135129878,46.60653348096442,0.6511820066453299,0.28746952131686343,75.79194225313378,driver_xmax
42.496907049977665,59.151590026902774,61.37974504683834,13.142193474328016,46.121014885361284,0.6473382102888694,0.28917798445434284,76.18412180496361,driver_xmax
42.791777426868435,59.49246327334432,61.47437714260684,13.413414036448186,45.57629178234032,0.6434141901117045,0.2909317605698249,76.57780721148976,driver_xmax
43.08869380063767,59.833471412258994,61.56879187947468,13.693483167269568,44.967537318243366,0.6394058965147974,0.2927314242884986,76.97309530670692,driver_xmax
43.38767036770369,60.174628604336824,61.662987756000966,13.981980574969736,44.28965545125649,0.6353090217459494,0.2945774523902164,77.37008478586205,driver_xmax
43.68872142298855,60.51594453258464,61.75696328011634,14.278251406883323,43.537318309454854,0.6311189867950288,0.2964702052967861,77.76887624957615,driver_xmax
43.991861360601504,60.857423935279556,61.85071696931388,14.581351682408398,42.70502561812229,0.6268309286011783,0.29840990607074763,78.16957223003676,driver_xmax
44.29710467452719,61.19906608640235,61.94424735083687,14.889986251018357,41.78719242760648,0.6224396878670491,0.30039661664533424,78.57227719489539,driver_xmax
44.60446595931875,61.54086421907613,62.03755296186322,15.202440300103833,40.778272228731566,0.6179397978508875,0.30243021098443384,78.97709752357576,driver_xmax
44.913959910795484,61.88280488738013,62.13063234968628,15.516506722353816,39.67292307344426,0.6133254745982544,0.30451034485216333,79.38414144957757,driver_xmax
45.225601326745576,62.2248672618235,62.22348407189217,15.82941345568645,38.466224203618545,0.6085906091837981,0.3066364218554543,79.79351896101012,driver_xmax
45.539405107633605,62.56702235377233,62.31610669653329,16.137757270066185,37.153949488257176,0.6037287626625378,0.30880755541157173,80.20534164995792,driver_xmax
45.85538625731298,62.90923216426346,62.40849880229784,16.43745332407422,35.73290112522066,0.5987331645824281,0.31102252628796434,80.61972249931296,driver_xmax
46.17355988374338,63.251448752947496,62.500658978675474,16.723712884012873,34.20130197610159,0.5935967160886017,0.31327973536714815,81.03677559333424,driver_xmax
46.493941199712964,63.59361322343421,62.59258582611858,16.99106433411778,32.55923706591759,0.5883119988575926,0.31557715130797254,81.45661573533069,driver_xmax
46.81654552356587,63.93565462212499,62.68427795619938,17.233434094430294,30.809124033960266,0.5828712913397734,0.31791225281105595,81.87935795241314,driver_xmax
47.14138827993456,64.27748874877932,62.77573399176258,17.444303055679068,28.956179208629692,0.5772665940623983,0.3202819652556797,82.30511686310294,driver_xmax
47.46848500047733,64.61901687865992,62.86695256707339,17.616949264388378,27.008832117356942,0.5714896660552594,0.3226825915644192,82.73400587858416,driver_xmax
47.797851324621014,64.96012439822653,62.95793232796097,17.744777810030545,24.97902956997731,0.5655320748056646,0.32510973727768105,83.16613620238184,driver_xmax
48.12950300030849,65.30067935910688,63.04867193195691,17.821724180407543,22.882365054723593,0.5593852625265446,0.32755822999166073,83.6016155860543,driver_xmax
48.463455884751994,65.64053095858127,63.13917004842898,17.842699528209486,20.73797445247453,0.5530406319247855,0.33002203353950493,84.04054678989914,driver_xmax
48.799725945191014,65.9795079591853,63.22942535870963,17.804029193637955,18.56815813771717,0.546489655075582,0.33249415758677503,84.48302568745416,driver_xmax
49.13832925965581,66.31741706539144,63.319436556219515,17.70382484502341,16.39772234281635,0.5397240094252191,0.3349665636790195,84.9291389404995,driver_xmax
49.47928201773629,66.65404128176522,63.40920234658572,17.542230953239855,14.253074595550473,0.5327357453336448,0.3374300692309678,85.37896115708581,driver_xmax
49.822600521355774,66.98913828459305,63.49872144775447,17.321500676986943,12.161150123563806,0.525517489892788,0.3398742514913756,85.83255142863571,driver_xmax
50.1683011855508,67.3224388477739,63.58799259009869,17.045882809439508,10.148277393278706,0.5180626919668553,0.34228735415916267,86.28994912326478,driver_xmax
50.5164005392557,67.6536453737137,63.677014516519684,16.721333820325025,8.2391023727004,0.5103659134305633,0.34465620006360376,86.75116879117702,driver_xmax
50.866915226093,67.98243059092651,63.76578598254337,16.35509834040538,6.455679222341164,0.502423171345099,0.3469661141439103,87.21619401462257,driver_xmax
51.2198620051692,68.30843649173895,63.854305756410774,15.95521981911365,4.816803539602641,0.4942323352030868,0.34920086184938615,87.68497001020545,driver_xmax
51.57525775187602,68.63127359546621,63.9425726191626,15.530046732133016,3.3376221456335626,0.48579358226376307,0.35134260899261516,88.15739476676546,driver_xmax
51.933119458697426,68.95052063399513,64.03058536471806,15.087789859629863,2.0295116712086547,0.4771099122366207,0.3533719099673657,88.63330848015173,driver_xmax
52.29346423602185,69.26572476694336,64.11834279994763,14.63616778541891,0.9001857702670618,0.4681877199857004,0.35526773200969247,89.11248103106408,driver_xmax
52.65630931296043,69.57640244126374,64.20584374473982,14.182157087032712,-0.04602781720580415,0.45903742133519204,0.35700752373000155,89.57640244126374,amplifier_voltage
53.021672038170784,69.88204101384954,64.29308703206195,13.731845788908643,-0.8078039551171534,0.4496741222789667,0.35856733634631593,89.88204101384954,amplifier_voltage
53.38956988068642,70.18210125368311,64.3800715080146,13.290376319880874,-1.3863883785079572,0.4401183157718255,0.35992200575596284,90.18210125368311,amplifier_voltage
53.76002043075213,70.47602083052703,64.46679603188005,12.861957945695089,-1.7851633890833218,0.4303965826999019,0.36104540263626383,90.47602083052703,amplifier_voltage
54.13304140066484,70.76321887830738,64.5532594761645,12.449927389790943,-2.00924273646273,0.4205422645774257,0.3619107560138076,90.76321887830738,amplifier_voltage
54.50865062562059,71.04310169166742,64.63946072663374,12.056838423759164,-2.0651141522463785,0.41059606513668767,0.36249105306705426,91.04310169166742,amplifier_voltage
54.886866064567315,71.31506957274948,64.72539868234296,11.684564957782626,-1.9603371300694556,0.40060652664286556,0.3627595142704104,91.31506957274948,amplifier_voltage
55.26770580106341,71.57852479207881,64.81107225565985,11.334406341075416,-1.70329563294479,0.3906303151926166,0.3626901383869168,91.57852479207881,amplifier_voltage
55.65118804414249,71.83288056374006,64.89648037228163,11.007187420039783,-1.3030003171600024,0.38073223863786027,0.3622583064361458,91.83288056374006,amplifier_voltage
56.03733112918391,72.07757086366067,64.9816219712455,10.703349029583881,-0.7689321071658678,0.37098491293326724,0.3614414279192698,92.07757086366067,amplifier_voltage
56.42615351878945,72.3120608452397,65.06649600493293,10.42302692102548,-0.11091795997011271,0.3614679902190178,0.3602196067455321,92.3120608452397,amplifier_voltage
56.81767380366609,72.53585753484779,65.15110143906742,10.166118726359736,0.6609701157132303,0.35226686820908326,0.3585762990785222,92.53585753484779,amplifier_voltage
57.211910703514846,72.74852042811332,65.23543725270603,9.932339560018406,1.5365007087429934,0.34347081947676245,0.35649893139159783,92.74852042811332,amplifier_voltage
57.60888306792594,72.94967156408032,65.31950243822452,9.721267415246384,2.5053597827234193,0.33517051505361334,0.3539794450683397,92.94967156408032,amplifier_voltage
58.00860987727984,73.13900463539619,65.40329600129604,9.532379756910872,3.5572233690395616,0.3274549722110577,0.35101473446936376,93.13900463539619,amplifier_voltage
58.41111024365494,73.31629270407976,65.48681696086383,9.36508275348214,4.681829263590307,0.3204080310455888,0.3476069488438317,93.31629270407976,amplifier_voltage
58.816403411741284,73.48139413675455,65.57006434910724,9.21873450824328,5.869049219891854,0.3141045527105142,0.3437636347980323,93.48139413675455,amplifier_voltage
59.224508759760695,73.63425644953972,65.65303721140191,9.092663500029008,7.108961741806319,0.3086066206813243,0.33949770487005937,93.63425644953972,amplifier_voltage
59.63544580039345,73.77491785621825,65.73573460627344,8.986183265031634,8.391924468909801,0.30396009505343524,0.3348272283562741,93.77491785621825,amplifier_voltage
60.04923418171099,73.90350643545926,65.81815560534521,8.898604167997263,9.708644363020259,0.30019189494935705,0.3297750518634309,93.90350643545926,amplifier_voltage
60.465893688115564,74.02023696281958,65.90029929327986,8.829242938518192,11.050243463733093,0.2973083463020971,0.32436826794869383,94.02023696281958,amplifier_voltage
60.885444241286066,74.12540557895755,65.98216476771495,8.77743049466045,12.408317872468682,0.2952948257473072,0.31863755952151457,94.12540557895755,amplifier_voltage
61.307905901130546,74.21938257552874,66.06375113919258,8.742518445983782,13.774987809251172,0.2941167702263115,0.312616454488834,94.21938257552874,amplifier_voltage
61.733298866745464,74.30260366531573,66.1450575310832,8.72388456226139,15.14293700220035,0.29372193923339984,0.3063405288454861,94.30260366531573,amplifier_voltage
62.16164347738128,74.37556015729946,66.22608307950352,8.720937412007451,16.505440240064722,0.29404365456080817,0.29984659687584864,94.37556015729946,amplifier_voltage
62.59296021341505,74.43878847848103,66.30682693322896,8.733120314053128,17.856378561986553,0.29500463728705495,0.2931719245776313,94.43878847848103,amplifier_voltage
63.027269697329594,74.49285947392538,66.38728825360018,8.759914702846784,19.19024220014651,0.2965210317513601,0.2863534974117414,94.49285947392538,amplifier_voltage
63.46459269469953,74.53836787941087,66.4674662144244,8.800842980470902,20.502121967243383,0.29850624704430034,0.2794273668002009,94.53836787941087,amplifier_voltage
63.90495011518425,74.57592230396534,66.54736000187123,8.855470912102376,21.78769024734005,0.3008743364581321,0.27242809228656395,94.57592230396534,amplifier_voltage
64.34836301352743,74.60613599007779,66.62696881436305,8.923409613553428,23.043173080816118,0.30354274577030266,0.2653882887375306,94.60613599007779,amplifier_voltage
64.79485259056395,74.62961854495462,66.70629186246059,9.004317176788964,24.265315026029803,0.30643436668421964,0.2583382810531815,94.62961854495462,amplifier_voltage
65.2444401942334,74.64696876331246,66.78532836874315,9.097899979613132,25.451338541033714,0.30947891571796393,0.2513058630234915,94.64696876331246,amplifier_voltage
65.69714732060088,74.65876859585097,66.86407756768406,9.203913727299293,26.598899578165394,0.31261371482009986,0.24431615247052596,94.65876859585097,amplifier_voltage
66.15299561488483,74.66557826103382,66.9425387055214,9.322164275574291,27.70604094819391,0.3157839792427864,0.23739153171273478,94.66557826103382,amplifier_voltage
66.61200687249178,74.6679324528244,67.02071104012393,9.452508285290131,28.77114481619508,0.3189427262742235,0.23055166059757753,94.6679324528244,amplifier_voltage
67.07420304005862,74.66633756390819,67.09859384085279,9.594853758919351,29.792885464030753,0.3220504122018841,0.22381354869081602,94.66633756390819,amplifier_voltage
67.53960621650184,74.66126982199191,67.17618638841856,9.749160507553272,30.770183216012594,0.3250743906151023,0.21719167345313137,94.66126982199191,amplifier_voltage
68.00823865407413,74.65317422462947,67.25348797473448,9.915440594397465,31.702160192043106,0.32798826765272016,0.21069813213204389,94.65317422462947,amplifier_voltage
68.48012275942848,74.6424641539559,67.33049790276536,10.093758796963929,32.588098338217264,0.330771212235532,0.20434281641948235,94.6424641539559,amplifier_voltage
68.9552810946893,74.62952155488318,67.4072154863727,10.284233125396716,33.42739999592648,0.3334072635018708,0.19813360047511264,94.62952155488318,amplifier_voltage
69.43373637853124,74.61469756697915,67.48364005015637,10.487035428751618,34.2195511104736,0.33588466439916054,0.1920765345356133,94.61469756697915,amplifier_voltage
69.91551148726552,74.5983135098671,67.55977092929227,10.702392114630298,34.964087049661345,0.33819523984513644,0.18617603790495268,94.5983135098671,amplifier_voltage
70.40062945593358,74.58066213326374,67.6356074693672,10.930585000305824,35.6605609002741,0.3403338298682771,0.18043508657292134,94.58066213326374,amplifier_voltage
70.88911347940872,74.56200905470533,67.71114902621024,11.171952305220495,36.30851403305171,0.34229778230729063,0.17485539199322095,94.56200905470533,amplifier_voltage
71.3809869135046,74.54259431984651,67.78639496572109,11.42688978520972,36.907448671232835,0.3440865055847483,0.1694375686479738,94.54259431984651,amplifier_voltage
71.87627327609256,74.52263403143522,67.86134466369593,11.695851997585887,37.45680216045033,0.3457010793785836,0.16418128893038117,94.52263403143522,amplifier_voltage
72.37499624822561,74.50232200333859,67.93599750565036,11.979353672706372,37.955922615304985,0.3471439193552123,0.15908542460175684,94.50232200333859,amplifier_voltage
72.8771796752709,74.48183140514313,68.01035288664005,12.277971151059425,38.404045607409614,0.34841849121776375,0.15414817464076097,94.48183140514313,amplifier_voltage
73.38284756804988,74.46131637080866,68.0844102110792,12.592343824191,38.8002715587459,0.3495290689395634,0.14936717972282695,94.46131637080866,amplifier_voltage
73.89202410398606,74.44091355163513,68.15816889255684,12.923175491635961,39.14354351121145,0.3504805320261675,0.14473962386882316,94.44091355163513,amplifier_voltage
74.40473362826137,74.42074359946778,68.2316283536515,13.271235512720809,39.43262495745983,0.35127819685206213,0.14026232400552835,94.42074359946778,amplifier_voltage
74.92100065497986,74.40091257072005,68.30478802574393,13.637359589537237,39.66607743964337,0.35192767745862247,0.13593180830639653,94.40091257072005,amplifier_voltage
75.44084986833995,74.38151324554555,68.37764734882877,14.022449962890207,39.84223765259297,0.35243477161312164,0.13174438424665308,94.38151324554555,amplifier_voltage
75.96430612381474,74.36262635946149,68.45020577132465,14.427474733293387,39.959193828600796,0.35280536836990767,0.12769619732689944,94.36262635946149,amplifier_voltage
76.49139444933999,74.3443217470296,68.52246274988335,14.853465930081176,40.014761236042965,0.35304537381489,0.1237832814063491,94.3443217470296,amplifier_voltage
77.02214004651142,74.32665939894574,68.59441774919836,15.301515838560318,40.00645669903858,0.35316065209463904,0.12000160155048845,94.32665939894574,amplifier_voltage
77.55656829178916,74.3096904351738,68.66607024181239,15.772770952094408,39.93147214779654,0.3531569792209009,0.1163470902462883,94.3096904351738,amplifier_voltage
78.09470473771121,74.2934579976681,68.73741970792481,16.268422736583837,39.78664734954399,0.35304000749476305,0.11281567777704471,94.2934579976681,amplifier_voltage
78.63657511411542,74.27799806683646,68.80846563519873,16.789694171914185,39.56844216155283,0.35281523871020987,0.10940331748319992,94.27799806683646,amplifier_voltage
79.18220532936918,74.2633402062674,68.87920751856794,17.337820761668176,39.27290890840062,0.3524880045749294,0.10610600656840001,94.2633402062674,amplifier_voltage
79.73162147160883,74.2495082404296,68.94964486004432,17.914024373135224,38.89566583752973,0.35206345302891906,0.10291980304398765,94.2495082404296,amplifier_voltage
80.28484980998645,74.23652087009796,69.01977716852541,18.519477882311268,38.431873077900235,0.35154653935144875,0.09984083934181812,94.23652087009796,amplifier_voltage
80.84191679592612,74.22439223019917,69.08960395960254,19.15525815824965,37.876213148705226,0.35094202112744277,0.0968653330656839,94.22439223019917,amplifier_voltage
81.40284906438879,74.2131323946339,69.15912475536997,19.822284445822113,37.22287887535885,0.3502544562985731,0.09398959529645723,94.2131323946339,amplifier_voltage
81.96767343514524,74.20274783244164,69.22833908423476,20.521238735539164,36.46557260563966,0.34948820365548455,0.09121003681554178,94.20274783244164,amplifier_voltage
82.53641691405909,74.19324181944921,69.29724648072795,21.252464318067915,35.597521911311006,0.3486474252385808,0.08852317256542754,94.19324181944921,amplifier_voltage
83.10910669437752,74.18461480929673,69.36584648531706,22.015838536128893,34.61151852254046,0.3477360902084156,0.08592562462501553,94.18461480929673,amplifier_voltage
83.68577015803162,74.17686476747679,69.43413864422028,22.810615968319173,33.499989047159865,0.346757979825394,0.08341412394061894,94.17686476747679,amplifier_voltage
84.2664348769458,74.16998747176339,69.50212250922216,23.6352392066,32.255107974846176,0.34571669324439797,0.08098551102096353,94.16998747176339,amplifier_voltage
84.85112861435556,74.16397678214953,69.56979763749146,24.487116436175654,30.868965338065372,0.34461565388499077,0.07863673577572462,94.16397678214953,amplifier_voltage
85.43987932613558,74.15882488316424,69.63716359140108,25.36236872092816,29.33380279524459,0.34345811618368915,0.07636485665182757,94.15882488316424,amplifier_voltage
86.03271516213591,74.15452250120117,69.70421993835015,26.25555582930274,27.642332163898494,0.3422471725728783,0.07416703919960134,94.15452250120117,amplifier_voltage
86.62966446752799,74.15105909926565,69.7709662505888,27.15939811619099,25.788148603440778,0.3409857605624619,0.0720405541815313,94.15105909926565,amplifier_voltage
87.23075578416012,74.14842305133524,69.83740210504548,28.064523559931157,23.766245470910984,0.33967666982638706,0.06998277531954904,94.14842305133524,amplifier_voltage
87.83601785192172,74.14660179833128,69.903527083157,28.95928288319356,21.573627932242548,0.3383225492176225,0.06799117676221789,94.14660179833128,amplifier_voltage
88.445479610118,74.14558198751583,69.96934077070183,29.82968969879803,19.21000651094806,0.33692591365275726,0.06606333034054544,94.14558198751583,amplifier_voltage
89.05917019885312,74.14534959695982,70.03484275763628,30.659552788711448,16.678529613407793,0.33548915082178254,0.06419690267028298,94.14534959695982,amplifier_voltage
89.67711896042374,74.14589004657239,70.10003263793409,31.430867847172,13.986487307192796,0.33401452769033246,0.06238965214918448,94.14589004657239,amplifier_voltage
90.29935544072205,74.1471882970398,70.16491000942958,32.12451909693725,11.145891790378503,0.33250419677116544,0.06063942588965636,94.1471882970398,amplifier_voltage
90.925909390648,74.1492289378919,70.22947447366414,32.72130144571103,8.173820969711452,0.33096020214933697,0.05894415662032772,94.1492289378919,amplifier_voltage
91.55681076753238,74.15199626579634,70.29372563573685,33.20321131659116,5.092410553503037,0.32938448525164943,0.05730185958416185,94.15199626579634,amplifier_voltage
92.19208973656869,74.1554743540726,70.35766310415865,33.55487889441935,1.9284063265178697,0.3277788903558758,0.055710629455709225,94.1554743540726,amplifier_voltage
92.83177667225556,74.15964711432098,70.42128649071067,33.76494724581204,-1.2877548618584171,0.3261451698390929,0.054168637295799994,94.15964711432098,amplifier_voltage
93.47590215984928,74.1644983509726,70.4845954103068,33.827171490012894,-4.523286692898085,0.3244849891674853,0.05267412755834631,94.1644983509726,amplifier_voltage
94.12449699682564,74.17001180948665,70.5475894808603,33.74103519639943,-7.7446842820189605,0.32279993163229515,0.05122541516083771,94.17001180948665,amplifier_voltage
94.77759219435308,74.17617121884919,70.61026832315508,33.5117641977881,-10.91944747792908,0.3210915028383378,0.049820882627505954,94.17617121884919,amplifier_voltage
95.43521897877493,74.18296032896171,70.67263156072126,33.14973853911771,-14.01767843963018,0.3193611349527997,0.048458977311952006,94.18296032896171,amplifier_voltage
96.09740879310259,74.1903629434494,70.73467881971541,32.669422940808616,-17.013364139236316,0.31761019072294755,0.04713820870418111,94.1903629434494,amplifier_voltage
96.76419329851916,74.19836294836547,70.79640972880557,32.088017150825706,-19.88522299116746,0.3158399672719887,0.04585714582545889,94.19836294836547,amplifier_voltage
97.43560437589264,74.20694433722022,70.85782391906092,31.42404972352003,-22.61708030194484,0.3140516996827097,0.04461441471312527,94.20694433722022,amplifier_voltage
98.11167412730097,74.21609123272027,70.9189210238465,30.6961059533285,-25.197814746889218,0.3122465643786837,0.04340869599643812,94.21609123272027,amplifier_voltage
98.79243487756642,74.22578790556446,70.97970067872268,29.921814428688087,-27.62097034026988,0.3104256823128897,0.04223872256365898,94.22578790556446,amplifier_voltage
99.47791917580126,74.23601879060817,71.04016252134994,29.117143257352875,-29.884149936662055,0.30859012197348223,0.041103277319872816,94.23601879060817,amplifier_voltage
100.16815979696426,74.24676850067603,71.10030619139854,28.295996508898696,-31.988301792505705,0.3067409022162875,0.04000119103446574,94.24676850067603,amplifier_voltage
100.86318974342718,74.25802183827491,71.16013133046346,27.47006306946268,-33.93698983751869,0.3048789949333496,0.038931340276725235,94.25802183827491,amplifier_voltage
101.56304224655342,74.26976380543353,71.21963758198444,26.64885369651031,-35.735711041009395,0.3030053275665543,0.03789264543765821,94.26976380543353,amplifier_voltage
102.26775076828653,74.28197961187176,71.27882459117157,25.83986205616842,-37.39129700060723,0.30112078547503535,0.036884068835851276,94.28197961187176,amplifier_voltage
102.97734900274986,74.29465468168306,71.33769200493583,25.048795028200484,-38.911415665917986,0.2992262141647052,0.03590461290497831,94.29465468168306,amplifier_voltage
103.69187087785828,74.30777465869338,71.39623947182524,24.27983077612414,-40.30417419019053,0.2973224213878812,0.03495331846040697,94.30777465869338,amplifier_voltage
104.41135055693952,74.32132541064487,71.45446664196625,23.5358761821072,-41.57781479554535,0.295410179120618,0.034029263042255266,94.32132541064487,amplifier_voltage
105.1358224403684,74.3352930323364,71.51237316701065,22.81880627474413,-42.74049097422365,0.2934902254249526,0.033131559332173245,94.3352930323364,amplifier_voltage
105.86532116721123,74.34966384783996,71.56995870008771,22.12967659491919,-43.800109920910124,0.29156326620292283,0.032259353641101295,94.34966384783996,amplifier_voltage
106.59988161688177,74.36442441190037,71.62722289576186,21.468905178342585,-44.764227583064894,0.2896299768488322,0.03141182446524358,94.36442441190037,amplifier_voltage
107.33953891080954,74.37956151061334,71.68416540999581,20.83642445136804,-45.63998421799029,0.28769100380588397,0.030588181107512116,94.37956151061334,amplifier_voltage
108.08432841411832,74.39506216146873,71.74078590011894,20.231805386287547,-46.43407024731627,0.2857469660329657,0.02978766236173442,94.39506216146873,amplifier_voltage
108.83428573731777,74.41091361283623,71.79708402480128,19.65435723641083,-47.15271413279118,0.2837984563870218,0.02900953525695889,94.41091361283623,amplifier_voltage
109.58944673800576,74.42710334296225,71.85305944403262,19.10320645976642,-47.80168576453698,0.2818460429261435,0.028253093859257575,94.42710334296225,amplifier_voltage
110.34984752258259,74.44361905854095,71.90871181910728,18.577358326116595,-48.3863103688656,0.2798902701381932,0.02751765812848961,94.44361905854095,amplifier_voltage
111.11552444797758,74.46044869291444,71.96404081261386,18.075744377132178,-48.9114891884366,0.27793166009949194,0.02680257282756357,94.46044869291444,amplifier_voltage
111.88651412338757,74.47758040395263,72.01904608843056,17.597258496555163,-49.381724179690835,0.27597071356782504,0.026107206481816855,94.47758040395263,amplifier_voltage
112.66285341202705,74.49500257165703,72.07372731172552,17.140783919227516,-49.801144743947354,0.27400791101375943,0.025430950386212375,94.49500257165703,amplifier_voltage
113.44457943289089,74.51270379552868,72.12808414896246,16.705213105193927,-50.17353509678619,0.2720437135940157,0.024773217658135158,94.51270379552868,amplifier_voltage
114.23172956252871,74.53067289173609,72.18211626791138,16.289462046868735,-50.502361321405985,0.2700785640704146,0.024133442333659428,94.53067289173609,amplifier_voltage
115.02434143683229,74.5488988901149,72.23582333766434,15.892480269974458,-50.79079747732947,0.26811288767768265,0.0235110785052385,94.5488988901149,amplifier_voltage
115.82245295283518,74.567371031028,72.28920502865623,15.51325753194218,-51.04175037274166,0.2661470929432144,0.022905599498858172,94.567371031028,amplifier_voltage
116.62610227052438,74.58607876211148,72.34226101269034,15.150828010379307,-51.25788277836774,0.26418157246167906,0.02231649708877535,94.58607876211148,amplifier_voltage
117.43532781466513,74.60501173492914,72.39499096296898,14.804272603203284,-51.44163498010275,0.2622167036271856,0.02174328074804633,94.60501173492914,amplifier_voltage
118.25016827663764,74.6241598015556,72.44739455412844,14.472719824945536,-51.59524464967642,0.2602528493255459,0.021185476933130252,94.6241598015556,amplifier_voltage
119.07066261628742,74.6435130111063,72.49947146227905,14.155345674718536,-51.72076506750314,0.25829035858901755,0.020642628400929123,94.6435130111063,amplifier_voltage
119.8968500637882,74.66306160622959,72.55122136504946,13.851372765230552,-51.820081767041174,0.25632956721575334,0.020114293556703838,94.66306160622959,amplifier_voltage
120.7287701215173,74.68279601957592,72.60264394163536,13.560068934580654,-51.894927691112144,0.25437079835605164,0.019600045831377554,94.68279601957592,amplifier_voltage
121.56646256594462,74.7027068702557,72.65373887285264,13.28074550966007,-51.94689696185576,0.2524143630673616,0.019099473086808098,94.7027068702557,amplifier_voltage
122.40996744953408,74.72278496029739,72.70450584119463,13.012755348779907,-51.977457370376634,0.25046056083987894,0.018612177047679763,94.72278496029739,amplifier_voltage
123.25932510265886,74.74302127111505,72.75494453089348,12.755490759172181,-51.98796169189754,0.24850968009445082,0.01813777275872929,94.74302127111505,amplifier_voltage
124.11457613553003,74.76340695999427,72.80505462798546,12.5083813602927,-51.97965792896263,0.24656199865440057,0.01767588806608394,94.76340695999427,amplifier_voltage
124.97576144013777,74.78393335660316,72.85483582038002,12.270891944817171,-51.95369858008665,0.24461778419278507,0.017226163121549745,94.78393335660316,amplifier_voltage
125.8429221922069,74.80459195953559,72.90428779793265,12.042520374617972,-51.911149025016684,0.24267729465649707,0.01678824990874406,94.80459195953559,amplifier_voltage
126.7160998531651,74.82537443289162,72.95341025252112,11.82279553785904,-51.85299511103242,0.24074077866854243,0.0163618117900229,94.82537443289162,amplifier_voltage
127.59533617212567,74.8462726029002,73.00220287812516,11.611275384876249,-51.78015001783524,0.23880847590973753,0.01594652307320393,94.8462726029002,amplifier_voltage
128.48067318788384,74.86727845458807,73.05066537090943,11.407545054119854,-51.69346047181691,0.23688061748099165,0.015542068597137398,94.86727845458807,amplifier_voltage
129.37215323092656,74.88838412849849,73.09879742930954,11.211215094649942,-51.59371237402919,0.23495742624727708,0.015148143335224044,94.88838412849849,amplifier_voltage
130.26981892545606,74.9095819174623,73.14659875412092,11.021919788128281,-51.48163590007287,0.23303911716430895,0.01476445201602376,94.9095819174623,amplifier_voltage
131.17371319142873,74.93086426342431,73.19406904859062,10.839315570654936,-51.35791012446424,0.23112589758890362,0.014390708760141832,94.93086426342431,amplifier_voltage
132.08387924660613,74.95222375432631,73.24120801851147,10.663079552932444,-51.22316721681571,0.22921796757392376,0.014026636732621764,94.95222375432631,amplifier_voltage
133.00036060862237,74.97365312104867,73.28801537231895,10.49290813592968,-51.07799625240386,0.22731552014865708,0.013671967810109488,94.97365312104867,amplifier_voltage
133.92320109706446,74.99514523441164,73.3344908211901,10.328515718331776,-50.92294667536627,0.2254187415854356,0.013326442262094463,94.99514523441164,amplifier_voltage
134.85244483556687,75.01669310223699,73.38063407914463,10.1696334914934,-50.758531448849276,0.22352781165324392,0.012989808445564863,95.01669310223699,amplifier_voltage
135.78813625392226,75.0382898664709,73.42644486314792,10.016008317283342,-50.58522992289727,0.2216429038590209,0.012661822512448552,95.0382898664709,amplifier_voltage
136.7303200902048,75.05992880036825,73.47192289321578,9.86740168405665,-50.40349044769841,0.21976418567732794,0.0123422481292441,95.05992880036825,amplifier_voltage
137.67904139290994,75.08160330573833,73.51706789252076,9.723588735966942,-50.21373275694836,0.21789181876900043,0.01203085620827361,95.08160330573833,amplifier_voltage
138.63434552310815,75.10330691025216,73.56187958749985,9.584357370902781,-50.01635014354226,0.21602595918937753,0.01172742465001993,95.10330691025216,amplifier_voltage
139.5962781566132,75.12503326481094,73.6063577079633,9.449507402467725,-49.8117114475166,0.2141667575866628,0.011431738096036308,95.12503326481094,amplifier_voltage
140.56488528616708,75.1467761409752,73.65050198720469,9.318849781603781,-49.600162874119164,0.21231435939093485,0.011143587691941894,95.1467761409752,amplifier_voltage
141.5402132236378,75.16852942845435,73.69431216211152,9.19220587366774,-49.38202965805685,0.21046890499430557,0.010862770860042338,95.16852942845435,amplifier_voltage
142.52230860223492,75.19028713265567,73.73778797327672,9.069406786994264,-49.15761758833786,0.2086305299226822,0.010589091081135224,95.19028713265567,amplifier_voltage
143.5112183787386,75.21204337229217,73.78092916511056,8.950292749213682,-48.92721440666494,0.20679936499957594,0.010322357685084221,95.21204337229217,amplifier_voltage
144.5069898357443,75.23379237704839,73.82373548595268,8.834712527826248,-48.69109109103345,0.2049755365023681,0.010062385649765124,95.23379237704839,amplifier_voltage
145.50967058392467,75.2555284853033,73.86620668818452,8.722522891765378,-48.4495030350195,0.2031591663114171,0.009808995408005968,95.2555284853033,amplifier_voltage
146.51930856430462,75.27724614190915,73.90834252834136,8.613588110907203,-48.20269113220474,0.201350372052382,0.009562012662164264,95.27724614190915,amplifier_voltage
147.53595205055464,75.29893989602542,73.95014276722443,8.50777949069799,-47.95088277424967,0.19954926723210092,0.009321268205998849,95.29893989602542,amplifier_voltage
148.5596496512984,75.32060439900663,73.99160717001222,8.404974939276459,-47.6942927702935,0.19775596136835571,0.009086597753513255,95.32060439900663,amplifier_voltage
149.59045031243645,75.34223440234301,74.03273550637141,8.305058564661284,-47.433124194614365,0.19597056011383307,0.008857841774461755,95.34223440234301,amplifier_voltage
150.62840331948755,75.36382475565283,74.07352755056704,8.20792029975565,-47.16756916881024,0.19419316537456768,0.008634845336224292,95.36382475565283,amplifier_voltage
151.67355829994383,75.38537040472504,74.11398308157136,8.113455553091795,-46.89780958416617,0.19242387542315376,0.008417457951771722,95.38537040472504,amplifier_voltage
152.72596522564484,75.40686638961142,74.15410188317199,8.021564883396238,-46.624017769331225,0.19066278500697567,0.008205533433454806,95.40686638961142,amplifier_voltage
153.78567441516628,75.42830784276674,74.19388374407839,7.932153696204845,-46.34635710794917,0.1889099854517139,0.007998929752364586,95.42830784276674,amplifier_voltage
154.85273653622542,75.44968998723566,74.23332845802699,7.845131960893354,-46.06498261045087,0.18716556476035628,0.007797508903022951,95.44968998723566,amplifier_voltage
155.92720260810475,75.47100813488547,74.27243582388463,7.760413946615743,-45.780041443826434,0.18542960770793385,0.007601136773173661,95.47100813488547,amplifier_voltage
157.0091240040902,75.49225768468315,74.31120564575019,7.677917975760437,-45.49167342284715,0.18370219593219986,0.007409683018456155,95.49225768468315,amplifier_voltage
158.09855245392842,75.51343412101583,74.34963773305421,7.597566193641826,-45.200011465886384,0.18198340802044047,0.007223020941752985,95.51343412101583,amplifier_voltage
159.19554004629973,75.53453301205307,74.38773190065628,7.519284353244974,-44.90518201820947,0.18027331959261528,0.007041027377013341,95.53453301205307,amplifier_voltage
160.30013923130812,75.55555000815016,74.4254879689403,7.4430016139329656,-44.60730544534131,0.17857200338100251,0.006863582577363325,95.55555000815016,amplifier_voltage
161.41240282299017,75.5764808402911,74.46290576390722,7.368650353110814,-44.30649639889121,0.17687952930651765,0.006690570107322567,95.5764808402911,amplifier_voltage
162.53238400183892,75.59732131856995,74.499985117265,7.296165989918298,-44.0028641570046,0.1751959645518725,0.006521876738956,95.59732131856995,amplifier_voltage
163.66013631734782,75.61806733070974,74.53672586651612,7.2254868200950195,-43.69651294142119,0.17352137363172065,0.0063573923517962734,95.61806733070974,amplifier_voltage
164.7957136905704,75.63871484061744,74.57312785504205,7.156553861227565,-43.3875422129494,0.17185581845994277,0.0061970098363812445,95.63871484061744,amplifier_voltage
165.93917041669815,75.6592598869742,74.60919093218463,7.089310707648772,-43.076046947010354,0.1701993584142051,0.0060406250012571714,95.6592598869742,amplifier_voltage
167.09056116765746,75.6796985818595,74.64491495332456,7.023703394315024,-42.762117890764344,0.16855205039792295,0.005888136483305225,95.6796985818595,amplifier_voltage
168.24994099472238,75.7000271094084,74.68029977995633,6.95968026903891,-42.445841803207,0.16691394889976005,0.0057394456612562365,95.7000271094084,amplifier_voltage
169.41736533114806,75.72024172450054,74.71534527976,6.897191872501242,-42.12730167950305,0.1652851060507739,0.00559445657226336,95.72024172450054,amplifier_voltage
170.59288999482052,75.74033875148027,74.75005132666938,6.836190825510399,-41.80657696072477,0.16366557167933016,0.005453075831409676,95.74033875148027,amplifier_voltage
171.776571190925,75.76031458290642,74.78441780093662,6.776631723016374,-41.48374373006256,0.16205539336388766,0.0053152125540322295,95.76031458290642,amplifier_voltage
172.96846551463454,75.78016567833119,74.8184445891931,6.718471034423659,-41.15887489649104,0.16045461648375875,0.005180778280749746,95.78016567833119,amplifier_voltage
174.1686299538145,75.79988856310682,74.85213158450658,6.661667009781177,-40.8320403667932,0.15886328426794524,0.005049686905086531,95.79988856310682,amplifier_voltage
175.37712189174854,75.81947982721954,74.88547868643433,6.606179591458134,-40.503307206772895,0.1572814378421395,0.004921854603589218,95.81947982721954,amplifier_voltage
176.59399910988185,75.83893612414938,74.91848580107246,6.551970330943633,-40.172739792421545,0.1557091162739835,0.004797199768338288,95.83893612414938,amplifier_voltage
177.8193197905832,75.85825416975543,74.95115284110112,6.499002310434091,-39.840399951743,0.15414635661666967,0.0046756429417602295,95.85825416975543,amplifier_voltage
179.05314251992803,75.87743074118535,74.98347972582556,6.4472400688967895,-39.50634709788632,0.15259319395096219,0.004557106753650166,95.87743074118535,amplifier_voltage
180.29552629049837,75.89646267580864,75.01546638121307,6.396649532320478,-39.170638354186636,0.15104966142572118,0.00444151586031945,95.89646267580864,amplifier_voltage
181.5465305042045,75.91534687017241,75.04711273992565,6.347197947884347,-38.833328671666614,0.14951579029699766,0.004328796885785424,95.91534687017241,amplifier_voltage
182.80621497512467,75.93408027897948,75.07841874134843,6.29885382179601,-38.49447093951119,0.1479916099657751,0.004218878364925108,95.93408027897948,amplifier_voltage
184.07463993236445,75.95265991408726,75.10938433161373,6.251586860566574,-38.15411608898781,0.14647714801442188,0.004111690688517361,95.95265991408726,amplifier_voltage
185.35186602293768,75.97108284352768,75.14000946362079,6.205367915507097,-37.81231319124962,0.14497243024191822,0.004007166050101308,95.97108284352768,amplifier_voltage
186.6379543146648,75.98934619054634,75.17029409705104,6.160168930245984,-37.46910954942737,0.1434774806979225,0.0039052383945824324,95.98934619054634,amplifier_voltage
187.93296629909383,76.00744713266127,75.20023819837908,6.115962891080399,-37.12455078538469,0.14199232171573067,0.003805843368519873,96.00744713266127,amplifier_voltage
189.23696389444007,76.02538290073983,75.22984174087907,6.072723779987922,-36.778680921485396,0.14051697394418944,0.003708918272032071,96.02538290073983,amplifier_voltage
190.55000944854584,76.04315077809362,75.2591047046268,6.030426530136355,-36.43154245769521,0.13905145637861388,0.0036144020122600273,96.04315077809362,amplifier_voltage
191.87216574186297,76.06074809959046,75.28802707649727,5.989046983740561,-36.08317644431734,0.13759578639075962,0.0035222350583300156,96.06074809959046,amplifier_voltage
193.20349599045295,76.0781722507831,75.31660885015785,5.948561852125621,-35.73362255064122,0.13614997975790286,0.0034323593977605457,96.0781722507831,amplifier_voltage
194.54406384901077,76.09542066705403,75.34485002605699,5.908948677864646,-35.38291912976168,0.1347140506910681,0.0033447184942598613,96.09542066705403,amplifier_voltage
195.89393341390794,76.11249083277568,75.37275061140858,5.870185798868652,-35.03110327981044,0.13328801186245473,0.0032592572468632505,96.11249083277568,amplifier_voltage
197.25316922625643,76.12938028048575,75.40031062017181,5.832252314313864,-34.67821090182313,0.131871874432101,0.003175921950361083,96.12938028048575,amplifier_voltage
198.62183627499604,76.14608659007703,75.42753007302689,5.795128052299237,-34.324276754450025,0.13046564807382524,0.003094660256970518,96.14608659007703,amplifier_voltage
200.00000000000003,76.16260738800128,75.45440899734618,5.758793539134153,-33.969334505705774,0.12906934100048761,0.0030154211392061383,96.16260738800128,amplifier_voltage
201.38772629520545,76.17894034648646,75.4809474271614,5.723229970162568,-33.61341678193733,0.12768295998860282,0.0029381548539059985,96.17894034648646,amplifier_voltage
202.78508151176308,76.1950831827676,75.50714540312632,5.688419182035991,-33.25655521418081,0.1263065104023451,0.0028628129073719325,96.1950831827676,amplifier_voltage
204.19213246120933,76.21103365832991,75.53300297247551,5.654343626353202,-32.89878048206387,0.1249399962169762,0.0027893480215842466,96.21103365832991,amplifier_voltage
205.608946418662,76.22678957816446,75.55852018897889,5.620986344589841,-32.54012235540019,0.12358342004172669,0.0027177141014525295,96.22678957816446,amplifier_voltage
207.03559112603529,76.24234879003589,75.58369711289238,5.588330944245919,-32.18060973361478,0.12223678314216596,0.0026478662030662075,96.24234879003589,amplifier_voltage
208.47213479528025,76.25770918376159,75.6085338109045,5.55636157614358,-31.820270683127358,0.1209000854620847,0.0025797605029093808,96.25770918376159,amplifier_voltage
209.91864611164556,76.27286869050224,75.63303035607927,5.525062912811935,-31.459132472814566,0.11957332564492147,0.0025133542680064068,96.27286869050224,amplifier_voltage
211.37519423696082,76.28782528206328,75.65718682779524,5.494420127899464,-31.09722160766354,0.11825650105475902,0.002448605826965709,96.28782528206328,amplifier_voltage
212.84184881294496,76.30257697020711,75.68100331168094,5.464418876558156,-30.73456386072099,0.11694960779691228,0.0023854745418905214,96.30257697020711,amplifier_voltage
214.31867996453425,76.31712180597549,75.70447989954667,5.435045276747128,-30.37118430343794,0.11565264073813752,0.0023239207811269133,96.31712180597549,amplifier_voltage
215.80575830323676,76.33145787902228,75.7276166893131,5.406285891406332,-30.007107334500674,0.11436559352647951,0.0022639058928200007,96.33145787902228,amplifier_voltage
217.3031549305077,76.3455833169559,75.75041378493624,5.378127711454215,-29.64235670723618,0.11308845861078268,0.0022053921792509756,96.3455833169559,amplifier_voltage
218.81094144114851,76.35949628469133,75.77287129632938,5.350558139565764,-29.27695555567173,0.1118212272598848,0.002148342871928209,96.35949628469133,amplifier_voltage
220.3291899267314,76.37319498381183,75.79498933928201,5.323564974689942,-28.91092641932561,0.11056388958151138,0.0020927221074068746,96.37319498381183,amplifier_voltage
221.85797297904458,76.38667765193945,75.81676803537549,5.29713639726815,-28.544291266800577,0.10931643454089242,0.0020384949038126437,96.38667765193945,amplifier_voltage
223.39736369356456,76.39994256211487,75.83820751189636,5.271260955117245,-28.177071518246283,0.10807884997911456,0.0019856271380456468,96.39994256211487,amplifier_voltage
224.9474356729504,76.41298802218591,75.85930790174652,5.245927549943113,-27.809288066754874,0.10685112263122935,0.0019340855236421209,96.41298802218591,amplifier_voltage
226.50826303056232,76.4258123742048,75.88006934335122,5.2211254244525005,-27.44096129874838,0.10563323814413023,0.001883837589271795,96.4258123742048,amplifier_voltage
228.07992039400665,76.43841399383382,75.90049198056447,5.1968441500327955,-27.072111113413225,0.10442518109421241,0.0018348516578499292,96.43841399383382,amplifier_voltage
229.66248290870226,76.45079128975956,75.92057596257226,5.173073614971139,-26.702756941235616,0.10322693500483297,0.001787096826243894,96.45079128975956,amplifier_voltage
231.2560262414751,76.46294270311525,75.9403214437937,5.14980401318584,-26.332917761685497,0.10203848236357904,0.0017405429455546087,96.46294270311525,amplifier_voltage
232.86062658417538,76.47486670691126,75.9597285837804,5.127025833444628,-25.962612120096498,0.10085980463935991,0.0016951606019542308,96.47486670691126,amplifier_voltage
234.47636065731973,76.48656180547376,75.97879754711374,5.104729849045712,-25.591858143785856,0.09969088229933419,0.0016509210980619848,96.48656180547376,amplifier_voltage
236.10330571376113,76.49802653389114,75.99752850330093,5.082907107938828,-25.220673557453882,0.09853169482567858,0.0016077964348406133,96.49802653389114,amplifier_voltage
237.74153954238068,76.50925945746853,76.01592162666937,5.061548923264936,-24.849075697903963,0.09738222073221454,0.0015657592939969183,96.50925945746853,amplifier_voltage
239.3911404718086,76.52025917118992,76.03397709625992,5.0406468642941435,-24.477081528117374,0.0962424375808954,0.0015247830208699972,96.52025917118992,amplifier_voltage
241.05218737416854,76.53102429918812,76.05169509571903,5.020192747742739,-24.10470765071934,0.09511232199816771,0.001484841607791827,96.53102429918812,amplifier_voltage
242.72475966884815,76.54155349422236,76.06907581318991,5.0001786294511925,-23.731970320867507,0.09399184969121192,0.0014459096779051131,96.54155349422236,amplifier_voltage
244.40893732629777,76.55184543716356,76.08611944120311,4.98059679640587,-23.35888545859366,0.09288099546406912,0.0014079624694239195,96.55184543716356,amplifier_voltage
246.10480087185235,76.56189883648725,76.10282617656637,4.961439759088307,-22.985468660628346,0.09177973323366355,0.0013709758203232984,96.56189883648725,amplifier_voltage
247.81243138958317,76.57171242777386,76.11919622025427,4.942700244136545,-22.611735211734327,0.09068803604572284,0.001334926153444331,96.57171242777386,amplifier_voltage
249.531910526174,76.58128497321688,76.13522977729755,4.924371187304023,-22.237700095576052,0.0896058760906054,0.0012997904620017926,96.58128497321688,amplifier_voltage
251.2633204948243,76.59061526113823,76.1509270566725,4.906445726702184,-21.863378005148316,0.08853322471903763,0.0012655462954818733,96.59061526113823,amplifier_voltage
253.0067440791808,76.59970210551135,76.16628827119052,4.888917196313681,-21.488783352787458,0.08747005245776579,0.0012321717459179446,96.59970210551135,amplifier_voltage
254.76226463729574,76.60854434549188,76.18131363738796,4.8717791197637625,-21.113930279786572,0.08641632902512704,0.0011996454345327694,96.60854434549188,amplifier_voltage
256.529966105612,76.61714084495554,76.19600337541655,4.855025204338099,-20.73883266563556,0.08537202334654317,0.0011679464987359729,96.61714084495554,amplifier_voltage
258.30993300297683,76.62549049204398,76.21035770893455,4.838649335235836,-20.3635041369046,0.08433710356993973,0.0011370545794659524,96.62549049204398,amplifier_voltage
260.102250434682,76.63359219871775,76.22437686499877,4.822645570047267,-19.98795807579026,0.08331153708109448,0.001106949808865824,96.63359219871775,amplifier_voltage
261.90700409653357,76.64144490031717,76.2380610739577,4.807008133446075,-19.61220762834011,0.08229529051891521,0.0010776127982833007,96.64144490031717,amplifier_voltage
263.7242802789497,76.64904755513058,76.2514105693458,4.791731412086536,-19.23626571237329,0.08128832979065077,0.0010490246265848428,96.64904755513058,amplifier_voltage
265.55416587108584,76.65639914397025,76.26442558777937,4.776809949696667,-18.860145025111773,0.08029062008703679,0.00102116682877468,96.65639914397025,amplifier_voltage
267.3967483649894,76.66349866975591,76.27710636885388,4.762238442358603,-18.48385805053694,0.07930212589737617,0.0009940213849096615,96.66349866975591,amplifier_voltage
269.25211585978224,76.67034515710594,76.28945315504322,4.748011733968057,-18.10741706648523,0.07832281102455667,0.0009675707093011888,96.67034515710594,amplifier_voltage
271.1203570658738,76.6769376519363,76.30146619160075,4.73412481186501,-17.730834151495486,0.07735263860000455,0.0009417976399957818,96.6769376519363,amplifier_voltage
273.00156130920277,76.68327522106706,76.31314572646262,4.720572802628224,-17.354121191420504,0.07639157109857592,0.0009166854285261295,96.68327522106706,amplifier_voltage
274.8958185355074,76.6893569518368,76.32449201015332,4.707350968026529,-16.977289885814205,0.07543957035338539,0.0008922177299247613,96.6893569518368,amplifier_voltage
276.80321931462635,76.69518195172469,76.33550529569365,4.694454701120135,-16.600351754105272,0.07449659757057166,0.000868378592992704,96.69518195172469,amplifier_voltage
278.72385484482874,76.70074934798055,76.34618583851136,4.6818795225055565,-16.223318141567653,0.0735626133439998,0.0008451524508157897,96.70074934798055,amplifier_voltage
280.65781695717465,76.70605828726261,76.35653389635455,4.669621076698118,-15.84620022509719,0.07263757766989921,0.0008225241115214768,96.70605828726261,amplifier_voltage
282.6051981199068,76.71110793528324,76.36654972920805,4.657675128646125,-15.469009018803863,0.07172144996143599,0.0008004787492693285,96.71110793528324,amplifier_voltage
284.5660914428704,76.71589747646267,76.37623359921275,4.646037560371287,-15.091755379428383,0.07081418906322028,0.0007790018954685267,96.71589747646267,amplifier_voltage
286.54059068196625,76.72042611359058,76.38558577058836,4.6347043677300155,-14.714450011590706,0.06991575326574476,0.0007580794302159419,96.72042611359058,amplifier_voltage
288.5287902436318,76.72469306749569,76.39460650955934,4.623671657290654,-14.337103472878916,0.06902610031975571,0.0007376975739486115,96.72469306749569,amplifier_voltage
290.53078518935627,76.7286975767236,76.40329608428443,4.612935643321765,-13.959726178784708,0.06814518745055191,0.0007178428793045544,96.7286975767236,amplifier_voltage
292.54667124022603,76.73243889722235,76.41165476479001,4.602492644886975,-13.58232840749284,0.06727297137221173,0.0006985022231861406,96.73243889722235,amplifier_voltage
294.5765447815004,76.73591630203649,76.41968282290682,4.592339083041958,-13.204920304531257,0.06640940830174655,0.0006796627990204127,96.73591630203649,amplifier_voltage
296.6205028672209,76.73912908100885,76.42738053221107,4.582471478129436,-12.827511887286935,0.06555445397317693,0.0006613121092108636,96.73912908100885,amplifier_voltage
298.6786432248507,76.74207654049094,76.43474816796916,4.572886447168186,-12.45011304939418,0.06470806365153128,0.0006434379577754568,96.74207654049094,amplifier_voltage
300.7510642599477,76.7447580030611,76.44178600708685,4.563580701332273,-12.072733564999702,0.06387019214676339,0.0006260284431657494,96.7447580030611,amplifier_voltage
302.83786506087046,76.74717280725113,76.44849432806248,4.554551043516902,-11.69538309290997,0.06304079382758648,0.0006090719512622032,96.74717280725113,amplifier_voltage
304.93914540351466,76.74932030728115,76.45487341094471,4.545794365987388,-11.318071180625719,0.06221982263522353,0.0005925571485409117,96.74932030728115,amplifier_voltage
307.0550057560846,76.75119987280252,76.46092353729455,4.53730764810797,-10.94080726826739,0.061407232097068214,0.0005764729754070987,96.75119987280252,amplifier_voltage
309.18554728389574,76.75281088864911,76.46664499015203,4.529087954147288,-10.563600692396273,0.06060297534025725,0.000560808639690921,96.75281088864911,amplifier_voltage
311.33087185421243,76.75415275459699,76.47203805400763,4.521132431157515,-10.186460689734558,0.059807005105148865,0.0005455536103012228,96.75415275459699,amplifier_voltage
313.49108204111906,76.7552248851321,76.47710301477807,4.513438306924219,-9.809396400788179,0.05901927375870627,0.0005306976110330349,96.7552248851321,amplifier_voltage
315.66628113042333,76.75602670922642,76.48184015978734,4.506002887984248,-9.43241687337624,0.05823973330778407,0.0005162306145247669,96.75602670922642,amplifier_voltage
317.8565731245956,76.75655767012235,76.4862497777523,4.498823557708931,-9.05553106606919,0.057468335412313436,0.0005021428363611095,96.75655767012235,amplifier_voltage
320.0620627477404,76.7568172251253,76.49033215877331,4.49189777445012,-8.678747851539912,0.05670503139838547,0.0004884247293178513,96.7568172251253,amplifier_voltage
322.282855450604,76.75680484540459,76.49408759432977,4.485223069746608,-8.302076019829082,0.05594977227122792,0.0004750669777448665,96.75680484540459,amplifier_voltage
324.51905741561745,76.75652001580252,76.4975163772808,4.478797046588632,-7.925524281528383,0.05520250872807445,0.0004620604920836974,96.75652001580252,amplifier_voltage
326.77077556197213,76.7559622346518,76.500618801871,4.472617377738238,-7.549101270883624,0.05446319117092358,0.00044939640351624816,96.7559622346518,amplifier_voltage
329.0381175507325,76.75513101360102,76.5033951637412,4.466681804103358,-7.1728155488197105,0.05373176971918422,0.0004370660587411807,96.75513101360102,amplifier_voltage
331.32119178998306,76.75402587744829,76.50584575994446,4.460988133163619,-6.796675605889972,0.05300819422220609,0.00042506101487475894,96.75402587744829,amplifier_voltage
333.62010744001185,76.75264636398309,76.50797088896726,4.455534237445868,-6.420689865151113,0.05229241427169183,0.0004133730344729302,96.75264636398309,amplifier_voltage
335.93497441853066,76.7509920238362,76.50977085075583,4.4503180530475985,-6.044866684965862,0.0515843792139888,0.00040199408067157025,96.7509920238362,amplifier_voltage
338.26590340592946,76.7490624203376,76.51124594674758,4.445337578206452,-5.669214361735148,0.050884038162258595,0.0003909163124418932,96.7490624203376,amplifier_voltage
340.6130058505689,76.74685712938235,76.51239647990808,4.440590871914096,-5.293741132560767,0.05019134000852142,0.000380132079958106,96.74685712938235,amplifier_voltage
342.97639397410825,76.74437573930449,76.51322275477273,4.436076052572862,-4.918455177840299,0.049506233435573595,0.00036963392007449306,96.74437573930449,amplifier_voltage
345.3561807768712,76.74161785075874,76.51372507749407,4.431791296693478,-4.54336462379519,0.04882866692877551,0.000359414551909172,96.74161785075874,amplifier_voltage
347.75248004325016,76.73858307661006,76.51390375589405,4.427734837632498,-4.1684775449332,0.048158588787708186,0.0003494668725318672,96.73858307661006,amplifier_voltage
350.1654063471447,76.73527104183079,76.51375909952145,4.4239049643678845,-3.793801966446584,0.04749594713769712,0.00033978395275311444,96.73527104183079,amplifier_voltage
352.5950750574412,76.73168138340574,76.51329141971449,4.420300020311405,-3.4193458665464833,0.0468406899412004,0.00033035903301237453,96.73168138340574,amplifier_voltage
355.04160234352725,76.72781375024448,76.51250102966847,4.416918402156503,-3.0451171787346683,0.0461927650090601,0.0003211855193626207,96.72781375024448,amplifier_voltage
357.5051051808471,76.72366780310138,76.51138824450845,4.413758558760312,-2.671123794013216,0.04555212001161463,0.0003122569795490159,96.72366780310138,amplifier_voltage
359.9857013564953,76.71924321450292,76.50995338136697,4.410818990058677,-2.2973735630328127,0.04491870248967063,0.0003035671391793831,96.71924321450292,amplifier_voltage
362.4835094748472,76.7145396686823,76.50819675946661,4.4080982460129015,-1.9238742981805612,0.0442924598653331,0.0002951098779842219,96.7145396686823,amplifier_voltage
364.9986489632305,76.70955686152129,76.50611870020757,4.405594925587167,-1.5506337756076853,0.04367333945269204,0.00028687922616409356,96.70955686152129,amplifier_voltage
367.53124007763455,76.70429450049897,76.50371952725978,4.403307675755491,-1.1776597371974389,0.04306128846836392,0.00027886936082224914,96.70429450049897,amplifier_voltage
370.08140390846046,76.69875230464764,76.50099956666007,4.401235190537199,-0.8049598924741022,0.04245625404188747,0.00027107460248044515,96.69875230464764,amplifier_voltage
372.649262386312,76.6929300045154,76.49795914691366,4.399376210059896,-0.4325419204527083,0.04185818322597129,0.00026348941167593146,96.6929300045154,amplifier_voltage
375.234938287824,76.68682734213553,76.49459859910041,4.397729519648999,-0.060413471430962,0.04126702300659406,0.000256108385637678,96.68682734213553,amplifier_voltage
377.8385552415333,76.68044407100231,76.49091825698545,4.39629394894287,0.3114178312774536,0.04068272031295454,0.0002489262550399241,96.68044407100231,amplifier_voltage
380.4602377337892,76.67377995605341,76.48691845713412,4.395068371032687,0.6829443896670649,0.04010522202727178,0.00024193788083121554,96.67377995605341,amplifier_voltage
383.1001111147056,76.6668347736585,76.4825995390312,4.39405170162619,1.0541586294227223,0.039534474994433806,0.00023513825113712227,96.6668347736585,amplifier_voltage
385.7583016041556,76.65960831161394,76.47796184520429,4.393242898234493,1.4250529983591653,0.038970426031494323,0.00022852247823489178,96.65960831161394,amplifier_voltage
388.43493629780494,76.6521003691436,76.4730057213511,4.392640959381142,1.7956199649174884,0.03841302193701771,0.00022208579559833755,96.6521003691436,amplifier_voltage
391.1301431731899,76.64431075690533,76.46773151647078,4.392244923832711,2.1658520167190125,0.037862209500270326,0.00021582355501129647,96.64431075690533,amplifier_voltage
393.84405109583474,76.63623929700326,76.46213958299883,4.392053869850162,2.5357416591758692,0.037317935510259005,0.00020973122374804654,96.63623929700326,amplifier_voltage
396.5767898254143,76.62788582300547,76.45623027694579,4.392066914460299,2.9052814141585612,0.03678014676461568,0.0002038043818191033,96.62788582300547,amplifier_voltage
399.3284900219587,76.61925017996707,76.45000395803926,4.392283212746631,3.274463818720386,0.03624879007832783,0.00019803871928086657,96.61925017996707,amplifier_voltage
402.09928325209944,76.61033222445839,76.44346098986945,4.392701957158996,3.6432814238780318,0.03572381229231563,0.0001924300336076284,96.61033222445839,amplifier_voltage
404.8893019953608,76.6011318245981,76.43660174003762,4.3933223768413425,4.011726793449135,0.03520516028185439,0.00018697422712447782,96.6011318245981,amplifier_voltage
407.69867965049286,76.59164886009127,76.42942658030792,4.394143736977038,4.379792502945782,0.0346927809648439,0.0001816673044996941,96.59164886009127,amplifier_voltage
410.5275505418505,76.58188322227184,76.42193588676173,4.395165338151175,4.74747113852486,0.034186621309923,0.00017650537029523307,96.58188322227184,amplifier_voltage
413.37604992581646,76.57183481414963,76.41413003995501,4.396386515729272,5.114755295994345,0.033686628344431174,0.00017148462657397168,96.57183481414963,amplifier_voltage
416.2443139972675,76.56150355046148,76.40600942507801,4.397806639251894,5.481637579875711,0.03319274916221697,0.00016660137056239202,96.56150355046148,amplifier_voltage
419.13247989608664,76.55088935772652,76.39757443211741,4.399425111844624,5.848110602522562,0.03270493093129327,0.00016185199236742193,96.55088935772652,amplifier_voltage
422.04068571371937,76.53999217430511,76.38882545602061,4.401241369642952,6.214166983294798,0.03222312090134082,0.00015723297274618676,96.53999217430511,amplifier_voltage
424.96907049977665,76.52881195046152,76.37976289686216,4.403254881231561,6.579799347788958,0.03174726641105943,0.00015274088092745076,96.52881195046152,amplifier_voltage
427.91777426868435,76.51734864842992,76.37038716001186,4.4054651470975905,6.945000327124281,0.03127731489536824,0.00014837237248355777,96.51734864842992,amplifier_voltage
430.8869380063765,76.50560224248368,76.36069865630462,4.407871699097422,7.309762557283826,0.030813213892455962,0.00014412418725172048,96.50560224248368,amplifier_voltage
433.8767036770369,76.49357271900753,76.35069780221174,4.4104740999365815,7.674078678511269,0.030354911050681197,0.00013999314730351724,96.49357271900753,amplifier_voltage
436.8872142298857,76.48126007657255,76.34038502001357,4.413271942662349,8.03794133476269,0.029902354135324438,0.00013597615496149923,96.48126007657255,amplifier_voltage
439.918613606015,76.46866432601382,76.329760737973,4.416264850168671,8.40134317321339,0.02945549103519201,0.0001320701908618255,96.46866432601382,amplifier_voltage
442.9710467452719,76.45578549051017,76.31882539051017,4.4194524747130455,8.764276843819486,0.02901426976907323,0.00012827231206187837,96.45578549051017,amplifier_voltage
446.0446595931873,76.44262360566633,76.30757941837759,4.422834497444971,9.126734998933793,0.028578638492052232,0.00012457965019183322,96.44262360566633,amplifier_voltage
449.13959910795484,76.42917871959679,76.29602326883597,4.4264106279456605,9.488710292976048,0.02814854550167498,0.00012098940964917799,96.42917871959679,amplifier_voltage
452.25601326745596,76.41545089301141,76.28415739583018,4.430180603778651,9.850195382156725,0.027723939243973105,0.00011749886583520817,96.41545089301141,amplifier_voltage
455.39405107633604,76.4014401993026,76.27198226016543,4.434144190051017,10.211182924254771,0.027304768319345456,0.00011410536343253784,96.4014401993026,amplifier_voltage
458.55386257312983,76.38714672463345,76.25949832968331,4.438301178984874,10.571665578448536,0.02689098148829858,0.0001108063147226963,96.38714672463345,amplifier_voltage
461.73559883743354,76.37257056802733,76.24670607943752,4.4426513894988675,10.93163600519913,0.02648252767704825,0.00010759919794290398,96.37257056802733,amplifier_voltage
464.93941199712964,76.35771184145779,76.23360599186906,4.447194666799384,11.291086866186678,0.026079355982982225,0.00010448155568112948,96.35771184145779,amplifier_voltage
468.16545523565895,76.34257066993948,76.22019855698085,4.451930881981192,11.650010824298011,0.025681415679986934,0.00010145099330856925,96.34257066993948,amplifier_voltage
471.41388279934563,76.32714719161918,76.20648427251129,4.456859931637262,12.008400543666287,0.025288656223638285,9.850517744869209e-05,96.32714719161918,amplifier_voltage
474.6848500047733,76.31144155786698,76.1924636441068,4.461981737477535,12.366248689761631,0.024901027256258822,9.564183448202382e-05,96.31144155786698,amplifier_voltage
477.9785132462096,76.29545393336757,76.17813718549301,4.467296245956338,12.72354792953181,0.024518478611842993,9.28587490858659e-05,96.29545393336757,amplifier_voltage
481.2950300030849,76.27918449621095,76.16350541864455,4.472803427908289,13.080290931593145,0.024140960320851328,9.015376280814898e-05,96.27918449621095,amplifier_voltage
484.6345588475202,76.26263343798288,76.148568873953,4.4785032781924095,13.43647036647052,0.023768422614875825,8.752477267465635e-05,96.26263343798288,amplifier_voltage
487.9972594519101,76.24580096385455,76.13332809039301,4.48439581534427,13.792078906886141,0.02340081593117753,8.496972982885447e-05,96.24580096385455,amplifier_voltage
491.3832925965581,76.2286872926711,76.11778361568633,4.490481081235936,14.147109228096472,0.023038090917098342,8.248663820359735e-05,96.2286872926711,amplifier_voltage
494.7928201773624,76.21129265703935,76.10193600646357,4.496759140743541,14.501554008276068,0.022680198434348788,8.00735532239824e-05,96.21129265703935,amplifier_voltage
498.22600521355776,76.19361730341393,76.08578582842343,4.503230081422255,14.85540592894827,0.022327089563173093,7.772858054065159e-05,96.19361730341393,amplifier_voltage
501.6830118555083,76.17566149218186,76.0693336564893,4.509894013188529,15.2086576754615,0.021978715606393508,7.544987479285015e-05,96.17566149218186,amplifier_voltage
505.164005392557,76.15742549774546,76.05258007496309,4.516751068009373,15.561301937510752,0.02163502809333539,7.323563840056681e-05,96.15742549774546,amplifier_voltage
508.6691522609297,76.1389096086033,76.03552567767576,4.523801399598567,15.9133314097033,0.021295978783634737,7.108412038509883e-05,96.1389096086033,amplifier_voltage
512.1986200516914,76.12011412742886,76.018171068135,4.53104518311957,16.26473879216751,0.020961519670930257,6.899361521739945e-05,96.12011412742886,amplifier_voltage
515.7525775187603,76.10103937114702,76.00051685966929,4.538482614895027,16.61551679120426,0.020631602986441223,6.696246169357568e-05,96.10103937114702,amplifier_voltage
519.3311945869746,76.08168567100786,75.98256367556841,4.546113912122716,16.965658119979704,0.02030618120243327,6.498904183692372e-05,96.08168567100786,amplifier_voltage
522.9346423602185,76.06205337265787,75.96431214922033,4.553939312597765,17.315155499258832,0.01998520703557332,6.3071779825898e-05,96.06205337265787,amplifier_voltage
526.5630931296041,76.04214283620814,75.94576292424406,4.561959074441028,17.664001658178588,0.019668633450175804,6.120914094742787e-05,96.04214283620814,amplifier_voltage
530.2167203817073,76.02195443629954,75.92691665461858,4.57017347583348,18.01218933505939,0.019356413661341904,5.9399630575007213e-05,96.02195443629954,amplifier_voltage
533.8956988068643,76.00148856216467,75.90777400480745,4.578582814756496,18.359711278254363,0.01904850113799318,5.764179317099306e-05,96.00148856216467,amplifier_voltage
537.6002043075216,75.98074561768628,75.88833564987911,4.587187408737908,18.706560247034833,0.0187448496058018,5.5934211312566034e-05,95.98074561768628,amplifier_voltage
541.3304140066483,75.95972602145233,75.8686022756227,4.595987594603701,19.052729012511534,0.018445413050018445,5.42755047408121e-05,95.95972602145233,amplifier_voltage
545.0865062562057,75.938430206807,75.84857457865907,4.604983728235269,19.39821035858995,0.018150145718200006,5.266432943240184e-05,95.938430206807,amplifier_voltage
548.8686606456725,75.91685862189814,75.8282532665472,4.614176184332081,19.74299708295866,0.017859002122838898,5.109937669335515e-05,95.91685862189814,amplifier_voltage
552.677058010634,75.89501172972051,75.80763905788551,4.623565356179679,20.08708199810986,0.017571937043895078,4.957937227438494e-05,95.89501172972051,amplifier_voltage
556.5118804414252,75.87289000815477,75.78673268240829,4.633151655422919,20.430457932390382,0.01728890553123313,4.8103075507332087e-05,95.87289000815477,amplifier_voltage
560.3733112918392,75.85049395000243,75.76553488107676,4.642935511844327,20.7731177310827,0.01700986290696529,4.666927846220805e-05,95.85049395000243,amplifier_voltage
564.2615351878942,75.82782406301612,75.74404640616501,4.652917373147504,21.115054257513993,0.01673476476770264,4.5276805124377315e-05,95.82782406301612,amplifier_voltage
568.1767380366604,75.80488086992534,75.72226802134045,4.66309770474548,21.456260394192363,0.016463566986715843,4.392451059141972e-05,95.80488086992534,amplifier_voltage
572.1191070351484,75.7816649084577,75.70020050173873,4.673476989553935,21.796729043968966,0.01619622571600697,4.261128028922268e-05,95.7816649084577,amplifier_voltage
576.0888306792597,75.75817673135512,75.67784463403314,4.684055727789202,22.136453131224506,0.015932697388294056,4.1336029206864465e-05,95.75817673135512,amplifier_voltage
580.0860987727984,75.73441690638538,75.65520121649821,4.694834436770987,22.475425603079252,0.01567293871890982,4.009770114985794e-05,95.73441690638538,amplifier_voltage
584.1111024365491,75.71038601634848,75.63227105906766,4.705813650729713,22.813639430624928,0.015416906707616031,3.8895268011334865e-05,95.71038601634848,amplifier_voltage
588.1640341174123,75.68608465907802,75.60905498338632,4.716993920618417,23.151087610177104,0.015164558640335352,3.7727729060760276e-05,95.68608465907802,amplifier_voltage
592.2450875976069,75.66151344743749,75.58555382285621,4.728375813929148,23.487763164547008,0.01491585209080167,3.6594110249774116e-05,95.66151344743749,amplifier_voltage
596.3544580039347,75.63667300931105,75.56176842267668,4.739959914513776,23.823659144331156,0.014670744922130743,3.549346353476767e-05,95.63667300931105,amplifier_voltage
600.49234181711,75.61156398758935,75.53769963987827,4.751746822409163,24.158768629217775,0.014429195288312269,3.4424866215809484e-05,95.61156398758935,amplifier_voltage
604.6589368811553,75.58618704014961,75.51334834335069,4.76373715366663,24.493084729308347,0.01419116163562493,3.3387420291545426e-05,95.58618704014961,amplifier_voltage
608.8544424128606,75.56054283983056,75.48871541386445,4.775931540185654,24.826600586453168,0.013956602703975788,3.2380251829705253e-05,95.56054283983056,amplifier_voltage
613.0790590113054,75.53463207440161,75.46380174408648,4.788330629551739,25.159309375598948,0.013725477528165582,3.140251035285686e-05,95.53463207440161,amplifier_voltage
617.332988667455,75.50845544652677,75.43860823858914,4.800935084878417,25.49120430614843,0.013497745439080508,3.0453368239053807e-05,95.50845544652677,amplifier_voltage
621.6164347738129,75.48201367372273,75.41313581385347,4.8137455846533,25.822278623328724,0.013273366064812928,2.9532020137036608e-05,95.48201367372273,amplifier_voltage
625.9296021341502,75.45530748831146,75.38738539826568,4.826762822588163,26.152525609569015,0.013052299331711033,2.8637682395647127e-05,95.45530748831146,amplifier_voltage
630.272696973296,75.42833763736719,75.3613579321076,4.839987507472985,26.48193858588466,0.012834505465359728,2.776959250713061e-05,95.42833763736719,amplifier_voltage
634.6459269469954,75.40110488265763,75.33505436754072,4.8534203630338935,26.810510913267088,0.012619944991493407,2.6927008564002604e-05,95.40110488265763,amplifier_voltage
639.0495011518428,75.37361000057966,75.30847566858397,4.867062127794994,27.13823599407838,0.012408578736841792,2.6109208729165276e-05,95.37361000057966,amplifier_voltage
643.4836301352744,75.34585378208921,75.28162281108503,4.880913554944007,27.46510727344805,0.012200367829910456,2.5315490718968367e-05,95.34585378208921,amplifier_voltage
647.9485259056391,75.31783703262562,75.25449678268555,4.894975412201694,27.791118240672404,0.01199527370169647,2.4545171298910928e-05,95.31783703262562,amplifier_voltage
652.444401942334,75.28956057203013,75.22709858277997,4.909248481695022,28.116262430613336,0.011793258086340961,2.379758579169273e-05,95.28956057203013,amplifier_voltage
656.9714732060088,75.26102523445897,75.19942922246807,4.923733559833998,28.440533425096408,0.011594283021719365,2.307208759732669e-05,95.26102523445897,amplifier_voltage
661.5299561488486,75.23223186829063,75.17148972450124,4.938431457192186,28.763924854306758,0.011398310849970237,2.2368047725030376e-05,95.23223186829063,amplifier_voltage
666.1200687249178,75.2031813360276,75.14328112322278,4.953342998390811,29.086430398180852,0.011205304217964243,2.168485433662433e-05,95.2031813360276,amplifier_voltage
670.7420304005858,75.17387451419255,75.11480446450172,4.968469021986465,29.40804378779391,0.011015226077713575,2.1021912301165548e-05,95.17387451419255,amplifier_voltage
675.3960621650184,75.14431229321897,75.08606080566081,4.983810380362326,29.728758806740604,0.010828039686723544,2.0378642760555884e-05,95.14431229321897,amplifier_voltage
680.0823865407413,75.11449557733633,75.05705121539827,4.999367939622885,30.048569292508304,0.010643708608286959,1.9754482705867818e-05,95.11449557733633,amplifier_voltage
684.8012275942853,75.08442528444976,75.02777677370374,5.015142579492159,30.367469137842196,0.010462196711721898,1.9148884564135e-05,95.08442528444976,amplifier_voltage
689.5528109468929,75.05410234601449,74.998238571768,5.0311351932152935,30.685452292099622,0.010283468172554782,1.8561315795365373e-05,95.05410234601449,amplifier_voltage
694.3373637853119,75.02352770690476,74.96843771188725,5.0473466874636115,31.002512762594087,0.010107487472648478,1.7991258499533188e-05,95.02352770690476,amplifier_voltage
699.1551148726552,74.99270232527772,74.93837530736117,5.063777982242981,31.318644615926583,0.00993421940027722,1.7438209033318085e-05,94.99270232527772,amplifier_voltage
704.0062945593359,74.96162717243197,74.90805248238564,5.080430010805537,31.633841979303302,0.009763629050148978,1.6901677636361167e-05,94.96162717243197,amplifier_voltage
708.8911347940872,74.93030323266117,74.87747037193965,5.0973037195646995,31.948099041839566,0.009595681823375628,1.6381188066812304e-05,94.93030323266117,amplifier_voltage
713.809869135046,74.89873150310247,74.84663012166669,5.1144000680134525,32.26141005584704,0.009430343427392763,1.5876277245952516e-05,94.89873150310247,amplifier_voltage
718.7627327609252,74.86691299358009,74.81553288775086,5.131720028645866,32.57376933810525,0.009267579875828814,1.538649491167396e-05,94.86691299358009,amplifier_voltage
723.7499624822561,74.83484872644416,74.78417983678749,5.14926458688182,32.885171271114714,0.009107357488325262,1.4911403280610686e-05,94.83484872644416,amplifier_voltage
728.771796752709,74.80253973640474,74.75257214564861,5.167034740994882,33.19561030433128,0.008949642890308238,1.4450576718714198e-05,94.80253973640474,amplifier_voltage
733.8284756804989,74.76998707036115,74.72071100134337,5.185031502043384,33.50508095538129,0.008794403012712096,1.4003601420073256e-05,94.76998707036115,amplifier_voltage
738.9202410398606,74.7371917872269,74.68859760087335,5.203255893804545,33.81357781125513,0.008641605091656434,1.3570075093784293e-05,94.7371917872269,amplifier_voltage
744.0473362826133,74.70415495775013,74.65623315108304,5.221708952711739,34.12109552948006,0.008491216668076453,1.3149606658678766e-05,94.70415495775013,amplifier_voltage
749.2100065497987,74.67087766432985,74.62361886850563,5.240391727794794,34.427628839269836,0.008343205587308037,1.2741815945722779e-05,94.67087766432985,amplifier_voltage
754.4084986833996,74.63736100082781,74.59075597920405,5.25930528062331,34.73317254265104,0.008197539998628012,1.234633340790524e-05,94.63736100082781,amplifier_voltage
759.6430612381473,74.60360607237645,74.55764571860753,5.278450685253004,35.03772151556559,0.008054188354750164,1.1962799837435963e-05,94.60360607237645,amplifier_voltage
764.9139444934,74.56961399518296,74.52428933134391,5.297829028175008,35.34127070894749,0.007913119411278114,1.1590866090080393e-05,94.56961399518296,amplifier_voltage
770.2214004651139,74.53538589632939,74.49068807106757,5.317441408268121,35.643815149774504,0.007774302226115227,1.1230192816458979e-05,94.53538589632939,amplifier_voltage
775.5656829178915,74.50092291356911,74.45684320028322,5.337288936753976,35.94534994209286,0.007637706158832704,1.0880450200145988e-05,94.50092291356911,amplifier_voltage
780.9470473771121,74.4662261951199,74.42275599016595,5.3573727371550905,36.24587026801463,0.007503300869996308,1.054131770240424e-05,94.4662261951199,amplifier_voltage
786.3657511411542,74.43129689945327,74.3884277203772,5.3776939452558015,36.54537138868771,0.0073710563204522385,1.0212483813396516e-05,94.43129689945327,amplifier_voltage
791.8220532936919,74.39613619508096,74.3538596788772,5.3982537090659894,36.84384864523664,0.007240942770573284,9.89364580971906e-06,94.39613619508096,amplifier_voltage
797.3162147160879,74.36074526033785,74.31905316173386,5.419053188787674,37.141297459674846,0.007112930779465298,9.584509518104057e-06,94.36074526033785,amplifier_voltage
802.8484980998645,74.32512528316228,74.28400947292826,5.440093556784342,37.43771333578691,0.006986991204135149,9.284789085143658e-06,94.32512528316228,amplifier_voltage
808.4191679592622,74.28927746087322,74.24872992415682,5.461375997553033,37.73309185998056,0.006863095198620604,8.99420675289022e-06,94.28927746087322,amplifier_voltage
814.0284906438878,74.25320299994488,74.21321583463057,5.482901707699173,38.02742870210815,0.006741214213082654,8.712492640190527e-06,94.25320299994488,amplifier_voltage
819.6767343514524,74.21690311577873,74.17746853087135,5.504671895914109,38.32071961625709,0.006621319992861062,8.43938452961613e-06,94.21690311577873,amplifier_voltage
825.3641691405904,74.18037903247314,74.14148934650517,5.526687782955291,38.61296044150831,0.00650338457749382,8.174627659854375e-06,94.18037903247314,amplifier_voltage
831.0910669437752,74.14363198259066,74.10527962205316,5.548950601629122,38.904147102663195,0.006387380299700962,7.917974523427647e-06,94.14363198259066,amplifier_voltage
836.857701580317,74.10666320692333,74.06884070471983,5.571461596776434,39.19427561093786,0.006273279784333527,7.669184669611985e-06,94.10666320692333,amplifier_voltage
842.6643487694579,74.06947395425586,74.03217394817918,5.594222025260512,39.48334206462503,0.006161055947288163,7.428024512428641e-06,94.06947395425586,amplifier_voltage
848.5112861435555,74.03206548112709,73.99528071235844,5.617233155957775,39.771342649723124,0.00605068199438802,7.194267143585281e-06,94.03206548112709,amplifier_voltage
854.3987932613554,73.99443905158986,73.95816236322007,5.640496269750902,40.05827364053198,0.005942131420230657,6.967692150246694e-06,93.99443905158986,amplifier_voltage
860.3271516213591,73.95659593696911,73.92082027254162,5.664012659524525,40.344131400215225,0.005835378007003488,6.74808543751703e-06,93.95659593696911,amplifier_voltage
866.2966446752807,73.91853741561887,73.88325581769416,5.687783630163399,40.62891238132926,0.0057303958232673745,6.5352390555187175e-06,93.91853741561887,amplifier_voltage
872.3075578416012,73.88026477267796,73.84547038141899,5.711810498553037,40.912613126318526,0.005627159222709022,6.3289510309557356e-06,93.88026477267796,amplifier_voltage
878.3601785192174,73.84177929982445,73.80746535160296,5.73609459358277,41.19523026797712,0.005525642842862747,6.129025203051472e-06,93.84177929982445,amplifier_voltage
884.4547961011796,73.8030822950295,73.76924212105264,5.7606372561512345,41.47676052987624,0.005425821603802347,5.935271063754314e-06,93.8030822950295,amplifier_voltage
890.5917019885312,73.7641750623101,73.73080208726736,5.785439839174225,41.757200726758086,0.0053276707068035615,5.747503602105902e-06,93.7641750623101,amplifier_voltage
896.7711896042383,73.72505891148145,73.69214665221135,5.810503707594901,42.036547764895545,0.005231165632977839,5.565543152670093e-06,93.72505891148145,amplifier_voltage
902.9935544072205,73.68573515790871,73.65327722208492,5.835830238396341,42.3147986424181,0.0051362821418779545,5.389215247922541e-06,93.68573515790871,amplifier_voltage
909.2590939064801,73.64620512225835,73.61419520709532,5.861420820616405,42.59195044960413,0.005042996270076114,5.218350474503454e-06,93.64620512225835,amplifier_voltage
915.5681076753234,73.60647013024953,73.57490202122678,5.887276855364842,42.86800036913898,0.004951284329715269,5.052784333238343e-06,93.60647013024953,amplifier_voltage
921.9208973656869,73.56653151240516,73.5353990820104,5.913399755842697,43.142945676339735,0.004861122907034098,4.892357102833492e-06,93.56653151240516,amplifier_voltage
928.3177667225565,73.52639060380324,73.49568781029379,5.939790947363897,43.41678373934615,0.004772488860866469,4.7369137071554595e-06,93.52639060380324,amplifier_voltage
934.7590215984928,73.48604874382819,73.45576963001066,5.966451867379069,43.689512019278446,0.004685359321115799,4.586303586005658e-06,93.48604874382819,amplifier_voltage
941.2449699682564,73.44550727592286,73.4156459679504,5.993383965501535,43.96112807036196,0.004599711687205095,4.44038056930338e-06,93.44550727592286,amplifier_voltage
947.7759219435303,73.40476754734068,73.37531825352796,6.020588703535445,44.231629540018574,0.004515523626503269,4.299002754592736e-06,93.40476754734068,amplifier_voltage
954.3521897877492,73.3638309088986,73.3347879185541,6.048067555506031,44.50101416892564,0.004432773072728347,4.162032387790615e-06,93.3638309088986,amplifier_voltage
960.9740879310269,73.32269871473079,73.29405639700602,6.075822007691961,44.76927979104222,0.004351438224328193,4.029335747095071e-06,93.32269871473079,amplifier_voltage
967.6419329851916,73.28137232204317,73.25312512479871,6.103853558659787,45.03642433360334,0.004271497542839406,3.900783029975169e-06,93.28137232204317,amplifier_voltage
974.3560437589264,73.23985309086879,73.21199553955694,6.132163719300418,45.30244581708248,0.004192929751224943,3.776248243165277e-06,93.23985309086879,amplifier_voltage
981.1167412730092,73.19814238382465,73.17066908038815,6.160754012867632,45.56734235512215,0.004115713832191287,3.6556090955888347e-06,93.19814238382465,amplifier_voltage
987.9243487756643,73.15624156586941,73.12914718765637,6.189625975018577,45.83111215443369,0.004039829026485578,3.538746894137839e-06,93.15624156586941,amplifier_voltage
994.7791917580137,73.1141520040626,73.08743130275718,6.218781153856244,46.09375351466596,0.00396525483117352,3.4255464422367e-06,93.1141520040626,amplifier_voltage
1001.6815979696427,73.07187506732542,73.04552286789395,6.248221109973897,46.35526482824383,0.0038919709978985917,3.3158959411201494e-06,93.07187506732542,amplifier_voltage
1008.6318974342719,73.02941212620273,73.00342332585528,6.2779474165014415,46.61564458017677,0.0038199575311231907,3.2096868937570096e-06,93.02941212620273,amplifier_voltage
1015.6304224655343,72.98676455262715,72.96113411979408,6.3079616591536665,46.87489134783758,0.0037491946863524874,3.1068140113531824e-06,92.98676455262715,amplifier_voltage
1022.6775076828653,72.94393371968462,72.9186566930081,6.338265436280378,47.133003800712295,0.003679662968341462,3.0071751223685143e-06,92.94393371968462,amplifier_voltage
1029.7734900274997,72.90092100138202,72.87599248872208,6.368860358918389,47.38998070012126,0.003611343129285883,2.910671083984079e-06,92.90092100138202,amplifier_voltage
1036.9187087785826,72.85772777241671,72.83314294987167,6.399748050845319,47.64582089891216,0.003544216166997791,2.8172056959576727e-06,92.85772777241671,amplifier_voltage
1044.113505569395,72.81435540794803,72.79010951888934,6.4309301486352535,47.900523341125606,0.003478263323066079,2.7266856168069026e-06,92.81435540794803,amplifier_voltage
1051.358224403684,72.7708052833712,72.74689363749201,6.46240830171612,48.15408706163313,0.003413466081003035,2.6390202822608677e-06,92.7708052833712,amplifier_voltage
1058.6532116721123,72.72707877409326,72.7034967464709,6.494184172428856,48.40651118574889,0.0033498061643771797,2.5541218259224114e-06,92.72707877409326,amplifier_voltage
1065.9988161688188,72.68317725531149,72.65992028548351,6.52625943608832,48.6577949288152,0.003287265534933257,2.471905002084704e-06,92.68317725531149,amplifier_voltage
1073.3953891080953,72.63910210179411,72.61616569284763,6.558635781045909,48.907937595762476,0.0032258263906998924,2.3922871106470836e-06,92.63910210179411,amplifier_voltage
1080.8432841411832,72.59485468766358,72.57223440533794,6.591314908753874,49.15693858064449,0.003165471164085565,2.3151879240763275e-06,92.59485468766358,amplifier_voltage
1088.3428573731776,72.5504363861825,72.52812785798463,6.624298533831313,49.40479736614877,0.0031061825199636016,2.2405296163611188e-06,92.5504363861825,amplifier_voltage
1095.8944673800574,72.50584856954202,72.48384748387484,6.657588384131779,49.651513523083544,0.0030479433537467042,2.1682366939083097e-06,92.50584856954202,amplifier_voltage
1103.4984752258258,72.46109260865308,72.43939471395637,6.69118620081257,49.89708670984128,0.0029907367894517153,2.098235928331152e-06,92.46109260865308,amplifier_voltage
1111.1552444797758,72.41616987294039,72.39477097684406,6.72509373840557,50.141516671839476,0.0029345461777552143,2.030456291080689e-06,92.41616987294039,amplifier_voltage
1118.8651412338756,72.37108173013928,72.34997769862883,6.759312764889736,50.38480324093978,0.0028793550940404956,1.9648288898726945e-06,92.37108173013928,amplifier_voltage
1126.6285341202706,72.3258295460954,72.3050163026894,6.793845061765103,50.62694633484531,0.00282514733643669,1.901286906863838e-06,92.3258295460954,amplifier_voltage
1134.4457943289087,72.28041468456738,72.25988820950688,6.828692424128356,50.867945956477165,0.002771906923850498,1.8397655385316492e-06,92.28041468456738,amplifier_voltage
1142.3172956252872,72.23483850703255,72.21459483648216,6.863856660749911,51.1078021933309,0.0027196180939912133,1.7802019372141325e-06,92.23483850703255,amplifier_voltage
1150.2434143683229,72.18910237249575,72.16913759775606,6.899339594152534,51.346515216813174,0.002668265301389601,1.7225351542658469e-06,92.18910237249575,amplifier_voltage
1158.2245295283517,72.14320763730106,72.12351790403255,6.935143060691411,51.584085281559744,0.0026178332154112175,1.6667060847883322e-06,92.14320763730106,amplifier_voltage
1166.261022705244,72.09715565494689,72.07773716240499,6.9712689106357315,51.82051272473478,0.0025683067182648255,1.612657413893926e-06,92.09715565494689,amplifier_voltage
1174.3532781466513,72.05094777590419,72.0317967761852,7.007719008251663,52.0557979653125,0.0025196709030064204,1.5603335644627332e-06,92.05094777590419,amplifier_voltage
1182.5016827663765,72.00458534743782,71.98569814473585,7.044495231886797,52.289941503341836,0.002471911071539484,1.5096806463537896e-06,92.00458534743782,amplifier_voltage
1190.7066261628743,71.9580697134313,71.93944266330568,7.081599474055999,52.522943919194454,0.0024250127326120056,1.4606464070321643e-06,91.9580697134313,amplifier_voltage
1198.968500637882,71.91140221421469,71.89303172286809,7.119033641528669,52.75480587279716,0.0023789615998108453,1.4131801835748417e-06,91.91140221421469,amplifier_voltage
1207.287701215173,71.864584186396,71.8464667099627,7.156799655417347,52.98552810284871,0.002333743589554062,1.367232856019129e-06,91.864584186396,amplifier_voltage
1215.664625659446,71.8176169626957,71.79974900654025,7.194899451267717,53.21511142602233,0.002289344819081655,1.3227568020180857e-06,91.8176169626957,amplifier_voltage
1224.0996744953407,71.77050187178484,71.75287998981071,7.2333349791499195,53.443556736154,0.0022457516044453534,1.2797058527685194e-06,91.77050187178484,amplifier_voltage
1232.5932510265886,71.72324023812644,71.70586103209443,7.272108203751229,53.670865003417504,0.002202950458497937,1.2380352501778115e-06,91.72324023812644,amplifier_voltage
1241.1457613553002,71.67583338182021,71.65869350067683,7.311221104470024,53.89703727348676,0.0021609280888826342,1.1977016052367158e-06,91.67583338182021,amplifier_voltage
1249.7576144013779,71.62828261845081,71.6113787576662,7.350675675511081,54.12207466668578,0.002119671396023149,1.158662857566144e-06,91.62828261845081,amplifier_voltage
1258.429221922069,71.58058925893953,71.56391815985474,7.390473925982092,54.3459783771274,0.0020791674711148015,1.1208782361066243e-06,91.58058925893953,amplifier_voltage
1267.160998531651,71.53275460939935,71.5163130585831,7.430617879991519,54.568749671840614,0.0020394035941173104,1.084308220919995e-06,91.53275460939935,amplifier_voltage
1275.9533617212567,71.48477997099349,71.46856479960802,7.471109576747664,54.79038988988802,0.0020003672317496913,1.048914506073596e-06,91.48477997099349,amplifier_voltage
1284.8067318788383,71.43666663979735,71.42067472297343,7.51195107065901,55.010900441473275,0.0019620460354877745,1.0146599635779718e-06,91.43666663979735,amplifier_voltage
1293.7215323092644,71.38841590666401,71.37264416288473,7.5531444314357365,55.23028280703943,0.0019244278395648608,9.815086083498931e-07,91.38841590666401,amplifier_voltage
1302.6981892545607,71.34002905709309,71.32447444758657,7.594691744192512,55.44853853635858,0.0018875006589759331,9.494255641730646e-07,91.34002905709309,amplifier_voltage
1311.7371319142871,71.29150737110305,71.27616689924378,7.636595109552431,55.665669247613536,0.0018512526874859343,9.183770306297326e-07,91.29150737110305,amplifier_voltage
1320.8387924660612,71.24285212310707,71.22772283382568,7.678856643752172,55.88167662647209,0.0018156722956425373,8.883302509769568e-07,91.24285212310707,amplifier_voltage
1330.003606086224,71.1940645817921,71.1791435609938,7.721478478748344,56.0965624251544,0.001780748028793851,8.592534809420358e-07,91.1940645817921,amplifier_voltage
1339.2320109706432,71.1451460100017,71.13043038399263,7.764462762324961,56.310328461493874,0.0017464686051115554,8.311159584122402e-07,91.1451460100017,amplifier_voltage
1348.5244483556685,71.09609766462191,71.08158459954399,7.807811658202104,56.52297661799236,0.001712822913619819,8.038878739945336e-07,91.09609766462191,amplifier_voltage
1357.8813625392227,71.04692079647079,71.03260749774451,7.851527346145693,56.734508840869964,0.0016798000122304896,7.775403424217135e-07,91.04692079647079,amplifier_voltage
1367.3032009020478,70.99761665019132,70.98350036196635,7.895612022078401,56.944927139110185,0.0016473891257849026,7.520453747818609e-07,90.99761665019132,amplifier_voltage
1376.7904139290995,70.94818646414748,70.93426446876121,7.940067898191748,57.154233583500854,0.0016155796441027358,7.273758515486734e-07,90.94818646414748,amplifier_voltage
1386.3434552310803,70.8986314703239,70.88490108776764,7.984897203059209,57.36243030567121,0.0015843611200383292,7.035054963908241e-07,90.8986314703239,amplifier_voltage
1395.9627815661322,70.84895289422873,70.83541148162152,8.030102181750504,57.56951949712585,0.0015537232675448013,6.804088507389692e-07,90.84895289422873,amplifier_voltage
1405.6488528616708,70.79915195479981,70.78579690586965,8.075685095946929,57.77550340827575,0.0015236559597463714,6.580612490896634e-07,90.79915195479981,amplifier_voltage
1415.402132236378,70.74922986431419,70.7360586088867,8.121648224057799,57.98038434746729,0.0014941492270192191,6.364387950259017e-07,90.74922986431419,amplifier_voltage
1425.2230860223492,70.69918782830084,70.68619783179506,8.167993861338005,58.18416468000932,0.0014651932550812292,6.155183379345676e-07,90.69918782830084,amplifier_voltage
1435.1121837873843,70.64902704545658,70.63621580838814,8.214724320006553,58.386846827198845,0.0014367783830910206,5.952774504015934e-07,90.64902704545658,amplifier_voltage
1445.069898357443,70.59874870756533,70.58611376505644,8.26184192936625,58.58843326534591,0.0014088951017565072,5.756944062660607e-07,90.59874870756533,amplifier_voltage
1455.0967058392466,70.54835399942044,70.53589292071689,8.309349035924365,58.78892652479798,0.0013815340514533848,5.567481593150333e-07,90.54835399942044,amplifier_voltage
1465.1930856430463,70.49784409875011,70.48555448674519,8.357248003514421,58.988329188964265,0.001354686020353791,5.384183226013233e-07,90.49784409875011,amplifier_voltage
1475.3595205055462,70.447220176146,70.43509966691113,8.405541213418978,59.1866438933406,0.0013283419425654838,5.206851483668948e-07,90.447220176146,amplifier_voltage
1485.5964965129824,70.39648339499502,70.38452965731693,8.454231064493458,59.38387332453491,0.0013024928962818206,5.035295085550544e-07,90.39648339499502,amplifier_voltage
1495.9045031243645,70.34563491141385,70.33384564633847,8.503319973291012,59.58002021929408,0.001277130101942803,4.869328758949818e-07,90.34563491141385,amplifier_voltage
1506.2840331948753,70.29467587418686,70.28304881456953,8.552810374188379,59.775087363532116,0.001252244920407488,4.7087730554263896e-07,90.29467587418686,amplifier_voltage
1516.7355829994383,70.24360742470671,70.23214033476879,8.602704719512808,59.969077591360694,0.0012278288511379824,4.5534541726244883e-07,90.24360742470671,amplifier_voltage
1527.2596522564486,70.19243069691797,70.18112137180975,8.65300547966999,60.16199378412168,0.0012038735303953046,4.403203781345956e-07,90.19243069691797,amplifier_voltage
1537.8567441516614,70.14114681726366,70.12999308263345,8.70371514327296,60.353838869422596,0.0011803707294473613,4.257858857731983e-07,90.14114681726366,amplifier_voltage
1548.5273653622542,70.08975690463473,70.07875661620395,8.754836217272043,60.544615820174855,0.0011573123527892424,4.1172615204093706e-07,90.08975690463473,amplifier_voltage
1559.2720260810477,70.03826207032212,70.02741311346648,8.806371227085778,60.734327653635624,0.0011346904363760838,3.9812588724617196e-07,90.03826207032212,amplifier_voltage
1570.091240040902,69.98666341797188,69.97596370730848,8.858322716732854,60.922977430453194,0.0011124971458686868,3.849702848088991e-07,89.98666341797188,amplifier_voltage
1580.9855245392844,69.93496204354284,69.92440952252298,8.910693248965064,61.110568253716586,0.0010907247748921018,3.722450063822816e-07,89.93496204354284,amplifier_voltage
1591.9554004629958,69.883159035267,69.8727516757749,8.963485405401215,61.297103268009195,0.0010693657433074035,3.599361674168599e-07,89.883159035267,amplifier_voltage
1603.0013923130812,69.83125547361267,69.82099127556968,9.016701786662034,61.48258565846731,0.0010484125954967902,3.4803032315484036e-07,89.83125547361267,amplifier_voltage
1614.1240282299018,69.77925243125017,69.76912942222471,9.070345012506083,61.667018649843286,0.001027857998662222,3.365144550422488e-07,89.77925243125017,amplifier_voltage
1625.3238400183893,69.72715097302006,69.71716720784295,9.12441772196663,61.85040550557403,0.0010076947411377505,3.2537595754702766e-07,89.72715097302006,amplifier_voltage
1636.6013631734781,69.6749521559039,69.66510571628915,9.178922573489565,62.03274952685509,0.0009879157307156724,3.146026253714831e-07,89.6749521559039,amplifier_voltage
1647.9571369057026,69.62265702899762,69.61294602316858,9.233862245072235,62.21405405172001,0.0009685139929867194,3.0418264104782593e-07,89.62265702899762,amplifier_voltage
1659.3917041669815,69.57026663348717,69.56068919580787,9.289239434403285,62.39432245412605,0.0009494826696943479,2.9410456290580184e-07,89.57026663348717,amplifier_voltage
1670.9056116765746,69.51778200262665,69.50833629323843,9.345056859003495,62.57355814304574,0.0009308150171033298,2.84357313401758e-07,89.51778200262665,amplifier_voltage
1682.499409947224,69.4652041617188,69.455888366182,9.40131725636757,62.751764561565054,0.0009125044043827038,2.74930167798733e-07,89.4652041617188,amplifier_voltage
1694.1736533114806,69.41253412809775,69.40334645703837,9.458023384106964,62.928945185988184,0.000894544312003239,2.658127431874718e-07,89.41253412809775,amplifier_voltage
1705.9288999482035,69.35977291111408,69.35071159987554,9.515178020093643,63.105103524949044,0.0008769283301495234,2.56994987838538e-07,89.35977291111408,amplifier_voltage
1717.76571190925,69.306921512122,69.29798482042175,9.572783962604829,63.28024311852981,0.0008596501571467398,2.4846717087594235e-07,89.306921512122,amplifier_voltage
1729.6846551463454,69.25398092446896,69.24516713605982,9.630844030468745,63.45436753738666,0.0008427035979022621,2.402198722629918e-07,89.25398092446896,amplifier_voltage
1741.686299538145,69.20095213348705,69.19225955582345,9.689361063211333,63.62748038188295,0.0008260825623621137,2.3224397309129835e-07,89.20095213348705,amplifier_voltage
1753.7712189174856,69.14783611648672,69.13926308039552,9.748337921204012,63.799585281230016,0.0008097810639823789,2.24530646164145e-07,89.14783611648672,amplifier_voltage
1765.9399910988168,69.09463384275243,69.08617870210844,9.807777485812329,63.97068589263552,0.0007937932182156573,2.1707134686565847e-07,89.09463384275243,amplifier_voltage
1778.1931979058318,69.04134627354041,69.03300740494637,9.867682659545672,64.14078590045982,0.000778113241012579,2.0985780430744123e-07,89.04134627354041,amplifier_voltage
1790.5314251992804,68.98797436207823,68.97975016454942,9.928056366207949,64.30988901538018,0.0007627354473384682,2.0288201274458338e-07,88.98797436207823,amplifier_voltage
1802.9552629049838,68.9345190535664,68.92640794821949,9.988901551049228,64.47799897356339,0.00074765424970518,1.961362232531662e-07,88.9345190535664,amplifier_voltage
1815.465305042045,68.88098128518176,68.87298171492817,10.050221180918488,64.64511953584655,0.0007328641567181477,1.896129356616045e-07,88.88098128518176,amplifier_voltage
1828.0621497512448,68.82736198608268,68.81947241532622,10.112018244417232,64.81125448692615,0.0007183597716386958,1.8330489072839257e-07,88.82736198608268,amplifier_voltage
1840.7463993236445,68.77366207741609,68.76588099175477,10.17429575205418,64.97640763455593,0.0007041357909616178,1.7720506255900455e-07,88.77366207741609,amplifier_voltage
1853.5186602293768,68.71988247232632,68.71220837825835,10.237056736400923,65.14058280875304,0.0006901870030080558,1.7130665125492054e-07,88.71988247232632,amplifier_voltage
1866.379543146648,68.66602407596535,68.65845550059936,10.300304252248655,65.30378386101324,0.000676508286533678,1.6560307578793327e-07,88.66602407596535,amplifier_voltage
1879.3296629909385,68.61208778550503,68.6046232762742,10.364041376765838,65.46601466353478,0.000663094609352168,1.6008796709309025e-07,88.61208778550503,amplifier_voltage
1892.3696389443987,68.5580744901507,68.550712614531,10.428271209656964,65.62727910845113,0.000649941026974041,1.547551613738123e-07,88.5580744901507,amplifier_voltage
1905.5000944854582,68.50398507115645,68.49672441638876,10.492996873322253,65.78758110707282,0.0006370426812607516,1.495986936129003e-07,88.50398507115645,amplifier_voltage
1918.7216574186295,68.44982040184189,68.4426595746581,10.558221513018422,65.94692458913818,0.0006243947990941158,1.4461279128333422e-07,88.44982040184189,amplifier_voltage
1932.0349599045294,68.39558134761042,68.3885189739632,10.623948297020492,66.1053135020733,0.0006119926910609966,1.3979186825292336e-07,88.39558134761042,amplifier_voltage
1945.4406384901076,68.34126876596885,68.33430349076536,10.69018041678463,66.26275181026126,0.0005998317501532559,1.3513051887704858e-07,88.34126876596885,amplifier_voltage
1958.9393341390794,68.28688350654852,68.28001399338777,10.756921087112008,66.41924349432036,0.0005879074504829379,1.3062351227389654e-07,88.28688350654852,amplifier_voltage
1972.5316922625643,68.23242641112775,68.22565134204166,10.824173546313686,66.57479255039163,0.0005762153460126609,1.2626578677674154e-07,88.23242641112775,amplifier_voltage
1986.2183627499603,68.17789831365556,68.17121638885354,10.89194105637662,66.72940298943602,0.0005647510693011483,1.22052444557979e-07,88.17789831365556,amplifier_voltage
2000.0000000000002,68.12330004027675,68.11670997789399,10.960226903130646,66.88307883654038,0.0005535103302639115,1.1797874641979002e-07,88.12330004027675,amplifier_voltage
2013.8772629520545,68.06863240935809,68.06213294520732,11.029034396416586,67.0358241302333,0.0005424889149489793,1.140401067464261e-07,88.06863240935809,amplifier_voltage
2027.8508151176309,68.01389623151586,68.00748611884252,11.098366870255386,67.18764292181002,0.0005316826843276705,1.102320886132814e-07,88.01389623151586,amplifier_voltage
2041.9213246120933,67.95909230964448,67.95277031888536,11.168227683018316,67.3385392746669,0.0005210875731003336,1.065503990480353e-07,87.95909230964448,amplifier_voltage
2056.08946418662,67.90422143894621,67.89798635749145,11.238620217598294,67.4885172636453,0.0005106995885169862,1.0299088443928775e-07,87.90422143894621,amplifier_voltage
2070.355911260353,67.84928440696207,67.84313503892045,11.309547881582244,67.63758097438485,0.0005005148092128187,9.954952608825385e-08,87.84928440696207,amplifier_voltage
2084.7213479528027,67.79428199360369,67.78821715957127,11.381014107424615,67.78573450268621,0.000490529384058463,9.622243589919045e-08,87.79428199360369,amplifier_voltage
2099.1864611164556,67.73921497118617,67.7332335080181,11.453022352621918,67.9329819538832,0.0004807395310249831,9.300585220437327e-08,87.73921497118617,amplifier_voltage
2113.751942369608,67.6840841044621,67.67818486504761,11.525576099888397,68.07932744222434,0.0004711415360635029,8.989613571955182e-08,87.6840841044621,amplifier_voltage
2128.4184881294495,67.6288901506563,67.62307200369682,11.598678857332885,68.22477509026396,0.00046173175199938046,8.688976562592363e-08,87.6288901506563,amplifier_voltage
2143.1867996453425,67.57363385950158,67.56789568929202,11.67233415863662,68.36932902826248,0.0004525065974408813,8.398333577480398e-08,87.57363385950158,amplifier_voltage
2158.0575830323673,67.51831597327539,67.51265667948834,11.746545563232392,68.51299339359629,0.00044346255570222576,8.117355101124879e-08,87.51831597327539,amplifier_voltage
2173.031549305077,67.4629372268372,67.45735572431035,11.821316656484653,68.65577233017675,0.0004345961737409599,7.845722361302683e-08,87.4629372268372,amplifier_voltage
2188.109414411485,67.4074983476669,67.40199356619318,11.896651049870817,68.79766998787869,0.0004259040611095427,7.58312698414225e-08,87.4074983476669,amplifier_voltage
2203.291899267314,67.35200005590377,67.34657094002458,11.97255238116382,68.93869052197829,0.00041738288892105026,7.329270660045717e-08,87.35200005590377,amplifier_voltage
2218.579729790446,67.29644306438632,67.29108857318752,12.049024314615624,69.07883809259987,0.000409029388828927,7.083864820122813e-08,87.29644306438632,amplifier_voltage
2233.9736369356456,67.24082807869274,67.23554718560364,12.126070541142107,69.21811686417232,0.00040084035202065494,6.846630322814123e-08,87.24082807869274,amplifier_voltage
2249.474356729504,67.18515579718216,67.1799474897771,12.203694778509023,69.35653100489445,0.0003928126282252687,6.617297150392793e-08,87.18515579718216,amplifier_voltage
2265.0826303056233,67.12942691103649,67.1242901908394,12.281900771519044,69.49408468620949,0.00038494312473460264,6.395604115041559e-08,87.12942691103649,amplifier_voltage
2280.7992039400665,67.07364210430288,67.0685759865944,12.360692292200264,69.63078208228893,0.00037722880543815445,6.18129857421114e-08,87.07364210430288,amplifier_voltage
2296.6248290870226,67.01780205393682,67.01280556756414,12.440073139995585,69.766627369525,0.00036966668987148925,5.974136154975526e-08,87.01780205393682,amplifier_voltage
2312.560262414751,66.96190742984577,66.95697961703516,12.520047141953578,69.90162472603255,0.0003622538522780395,5.773880487106684e-08,86.96190742984577,amplifier_voltage
2328.606265841754,66.9059588949333,66.90109881110521,12.600618152920406,70.03577833115963,0.00035498742068421893,5.580302944600832e-08,86.9059588949333,amplifier_voltage
2344.763606573197,66.8499571051439,66.84516381873067,12.68179005573299,70.16909236500692,0.0003478645759877336,5.393182395395628e-08,86.8499571051439,amplifier_voltage
2361.033057137611,66.79390270950802,66.78917530177402,12.763566761413498,70.30157100795617,0.0003408825510589561,5.212304959024917e-08,86.79390270950802,amplifier_voltage
2377.415395423807,66.73779635018779,66.73313391505225,12.845952209364954,70.43321844020723,0.00033403862985528435,5.037463771966758e-08,86.73779635018779,amplifier_voltage
2393.911404718086,66.68163866252311,66.67704030638518,12.92895036756821,70.56403884132388,0.0003273301465483331,4.868458760445732e-08,86.68163866252311,amplifier_voltage
2410.5218737416853,66.62543027507812,66.62089511664452,13.01256523278011,70.69403638978821,0.00032075448466386674,4.705096420459451e-08,86.62543027507812,amplifier_voltage
2427.2475966884813,66.56917180968799,66.56469897980307,13.096800830732967,70.82321526256352,0.0003143090762343443,4.5471896048049034e-08,86.56917180968799,amplifier_voltage
2444.0893732629775,66.51286388150628,66.50845252298431,13.181661216335298,70.95157963466595,0.0003079914009639519,4.3945573168872914e-08,86.51286388150628,amplifier_voltage
2461.0480087185233,66.45650709905244,66.45215636651236,13.267150473873853,71.07913367874418,0.00030179898540601995,4.247024511101047e-08,86.45650709905244,amplifier_voltage
2478.1243138958316,66.4001020642597,66.39581112396202,13.353272717216987,71.20588156466776,0.000295729402152679,4.104421899577996e-08,86.4001020642597,amplifier_voltage
2495.31910526174,66.3436493725232,66.33941740220935,13.440032090019285,71.33182745912357,0.0002897802690366557,3.9665857651049346e-08,86.3436493725232,amplifier_voltage
2512.6332049482407,66.28714961274856,66.28297580148234,13.52743276592751,71.45697552522046,0.00028394924834507365,3.833357780018014e-08,86.28714961274856,amplifier_voltage
2530.067440791808,66.23060336740045,66.22648691541168,13.615478948787988,71.58132992210211,0.0002782340460451299,3.704584830887299e-08,86.23060336740045,amplifier_voltage
2547.622646372957,66.17401121255155,66.16995133108199,13.704174872855157,71.7048948045678,0.00027263241102154414,3.580118848811111e-08,86.17401121255155,amplifier_voltage
2565.29966105612,66.1173737179317,66.113369629083,13.793524803001654,71.82767432270128,0.00026714213432562636,3.45981664514405e-08,86.1173737179317,amplifier_voltage
2583.099330029768,66.06069144697722,66.056742383561,13.883533034929643,71.9496726215074,0.00026176104843586616,3.343539752489227e-08,86.06069144697722,amplifier_voltage
2601.0225043468176,66.0039649568804,66.00007016227048,13.974203895383527,72.07089384055651,0.00025648702652990264,3.231154270789435e-08,86.0039649568804,amplifier_voltage
2619.070040965336,65.94719479863907,65.94335352662567,14.06554174236413,72.19134211363676,0.00025131798176774575,3.122530718357245e-08,85.94719479863907,amplifier_voltage
2637.2428027894975,65.8903815171065,65.8865930317525,14.157550965344152,72.31102156841375,0.000246251866586141,3.0175438876893014e-08,85.8903815171065,amplifier_voltage
2655.5416587108584,65.83352565104114,65.82978922654033,14.25023598548518,72.42993632609802,0.00024128667200392807,2.9160727059140305e-08,85.83352565104114,amplifier_voltage
2673.9674836498934,65.77662773315669,65.77294265369397,14.343601255855967,72.54809050111972,0.00023642042693828728,2.818000099727386e-08,85.77662773315669,amplifier_voltage
2692.5211585978195,65.71968829017217,65.71605384978574,14.437651261652174,72.6654882008109,0.00023165119753173918,2.72321286467511e-08,85.71968829017217,amplifier_voltage
2711.203570658738,65.66270784286192,65.6591233453073,14.532390520417712,72.78213352509489,0.000226977086489764,2.6316015386444237e-08,85.66270784286192,amplifier_voltage
2730.015613092028,65.605686906106,65.60215166472193,14.627823582267226,72.89803056618295,0.00022239623242893323,2.5430602794326805e-08,85.605686906106,amplifier_voltage
2748.9581853550735,65.54862598894009,65.54513932651649,14.723955030110377,73.01318340827807,0.00021790680923540449,2.4574867462638124e-08,85.54862598894009,amplifier_voltage
2768.0321931462636,65.49152559460597,65.4880868432534,14.820789479877382,73.1275961272858,0.00021350702543367428,2.374781985128153e-08,85.49152559460597,amplifier_voltage
2787.2385484482843,65.43438622060164,65.43099472162282,14.91833158074605,73.24127279053191,0.00020919512356545376,2.294850317824555e-08,85.43438622060164,amplifier_voltage
2806.5781695717465,65.37720835873145,65.37386346249448,15.016586015370454,73.35421745648699,0.00020496937957853537,2.2175992345874155e-08,85.37720835873145,amplifier_voltage
2826.0519811990675,65.31999249515644,65.31669356096977,15.115557500110942,73.46643417449778,0.00020082810222554453,2.1429392901853587e-08,85.31999249515644,amplifier_voltage
2845.6609144287045,65.2627391104443,65.25948550643345,15.215250785265804,73.57792698452522,0.00019676963247242972,2.0707840033810443e-08,85.2627391104443,amplifier_voltage
2865.405906819662,65.20544867961966,65.20223978260559,15.315670655304384,73.688699916889,0.00019279234291658443,2.001049759645735e-08,85.20544867961966,amplifier_voltage
2885.287902436315,65.14812167221392,65.14495686759321,15.416821929101763,73.79875699201864,0.0001888946372144691,1.9336557170250387e-08,85.14812167221392,amplifier_voltage
2905.3078518935627,65.09075855231532,65.08763723394183,15.518709460175039,73.90810222021103,0.0001850749495186081,1.8685237150555823e-08,85.09075855231532,amplifier_voltage
2925.4667124022603,65.03335977861879,65.03028134868713,15.621338136921057,74.0167396013942,0.00018133174392384772,1.8055781866356875e-08,85.03335977861879,amplifier_voltage
2945.765447815004,64.9759258044756,64.97288967340612,15.72471288285591,74.12467312489737,0.00017766351392274285,1.7447460727557373e-08,84.9759258044756,amplifier_voltage
2966.205028672209,64.9184570779431,64.9154626642685,15.82883865685587,74.23190676922715,0.00017406878186995847,1.685956739997221e-08,84.9184570779431,amplifier_voltage
2986.786432248504,64.86095404183429,64.85800077208776,15.933720453399916,74.33844450184971,0.00017054609845556617,1.6291419007121163e-08,84.86095404183429,amplifier_voltage
3007.5106425994773,64.80341713376706,64.800504442372,16.03936330281408,74.44429027897911,0.0001670940421871034,1.574235535796838e-08,84.80341713376706,amplifier_voltage
3028.3786506087044,64.74584678621353,64.74297411537486,16.145772271517146,74.54944804537121,0.00016371121888029717,1.5211738199781624e-08,84.74584678621353,amplifier_voltage
3049.3914540351498,64.68824342654915,64.68541022614598,16.252952462268247,74.65392173412371,0.00016039626115830994,1.4698950495304195e-08,84.68824342654915,amplifier_voltage
3070.5500575608457,64.63060747710162,64.6278132045815,16.36090901441588,74.75771526648158,0.00015714782795941252,1.4203395723464944e-08,84.63060747710162,amplifier_voltage
3091.8554728389545,64.5729393551996,64.57018347547424,16.469647104148848,74.86083255164834,0.00015396460405294623,1.3724497202869126e-08,84.5729393551996,amplifier_voltage
3113.3087185421246,64.51523947322136,64.51252145856374,16.57917194474866,74.96327748660278,0.00015084529956347676,1.3261697437342747e-08,84.51523947322136,amplifier_voltage
3134.9108204111903,64.45750823864316,64.4548275685861,16.689488786843693,75.06505395592107,0.00014778864950301134,1.28144574828211e-08,84.45750823864316,amplifier_voltage
3156.6628113042366,64.3997460540874,64.39710221532354,16.80060291866517,75.16616583160439,0.00014479341331116873,1.2382256334896476e-08,84.3997460540874,amplifier_voltage
3178.5657312459566,64.34195331737071,64.33934580365384,16.91251966630467,75.26661697291162,0.00014185837440319456,1.1964590336362701e-08,84.34195331737071,amplifier_voltage
3200.620627477401,64.28413042155165,64.2815587335994,17.025244393973562,75.36641122619744,0.00013898233972569647,1.1560972604111532e-08,84.28413042155165,amplifier_voltage
3222.8285545060403,64.22627775497831,64.22374140037621,17.138782504264036,75.46555242475544,0.00013616413932000077,1.117093247476016e-08,84.22627775497831,amplifier_voltage
3245.1905741561745,64.16839570133563,64.16589419444253,17.25313943841194,75.56404438866612,0.00013340262589301352,1.0794014968405994e-08,84.16839570133563,amplifier_voltage
3267.7077556197246,64.11048463969257,64.10801750154731,17.368320676561492,75.6618909246502,0.00013069667439547254,1.042978026992427e-08,84.11048463969257,amplifier_voltage
3290.381175507325,64.05254494454897,64.0501117027783,17.484331738031564,75.7590958259263,0.00012804518160749266,1.0077803227244204e-08,84.05254494454897,amplifier_voltage
3313.2119178998273,63.99457698588211,63.992177174610006,17.60117818158403,75.85566287207389,0.00012544706573128242,9.737672866054315e-09,83.9945769858821,amplifier_voltage
3336.2010744001186,63.93658112919315,63.93421428895131,17.718865605693715,75.95159582890064,0.0001229012659909379,9.408991920408019e-09,83.93658112919314,amplifier_voltage
3359.349744185307,63.87855773555331,63.876223413192854,17.83739964882022,76.04689844831432,0.00012040674223920207,9.09137637871518e-09,83.8785577355533,amplifier_voltage
3382.659034059298,63.82050716164961,63.81820491025408,17.956785989681762,76.14157446819964,0.00011796247457108107,8.784455044621748e-09,83.8205071616496,amplifier_voltage
3406.1300585056892,63.76242975983061,63.76015913863013,18.077030347530524,76.23562761229906,0.00011556746294422499,8.48786911229731e-09,83.76242975983061,amplifier_voltage
3429.763939741079,63.70432587815167,63.70208645243824,18.198138482430288,76.32906159009838,0.00011322072680595683,8.201271755662609e-09,83.70432587815168,amplifier_voltage
3453.5618077687122,63.64619586042,63.64398720146406,18.320116195535643,76.42188009671641,0.00011092130472685913,7.924327731106768e-09,83.64619586042,amplifier_voltage
3477.5248004325013,63.5880400462395,63.5858617312076,18.442969329373145,76.51408681279891,0.00010866825404081323,7.656712993256706e-09,83.5880400462395,amplifier_voltage
3501.6540634714506,63.52985877105523,63.52771038292882,18.566703768124604,76.6056854044168,0.00010646065049138803,7.3981143233748514e-09,83.52985877105523,amplifier_voltage
3525.950750574412,63.471652366197624,63.46953349369297,18.69132543791195,76.69667952296831,0.00010429758788448874,7.14822896997669e-09,83.47165236619762,amplifier_voltage
3550.416023435269,63.413421158926425,63.41133139641566,18.816840307084362,76.78707280508517,0.0001021781777471585,6.906764301270026e-09,83.41342115892643,amplifier_voltage
3575.0510518084716,63.355165472474305,63.35310441990755,18.943254386507217,76.87686887254283,0.00010010154899244381,6.6734374690329545e-09,83.35516547247431,amplifier_voltage
3599.8570135649534,63.296885626090244,63.294852888918804,19.070573729852853,76.96607133217437,9.806684759022634e-05,6.447975083558379e-09,83.29688562609024,amplifier_voltage
3624.835094748476,63.23858193508251,63.23657712418311,19.198804433893745,77.05468377578839,9.607323624392334e-05,6.230112899304731e-09,83.23858193508251,amplifier_voltage
3649.986489632305,63.18025471086144,63.178277442461564,19.327952638797136,77.14270978009041,9.411989407297166e-05,6.019595510905433e-09,83.18025471086145,amplifier_voltage
3675.3124007763417,63.121904260981864,63.11995415658607,19.4580245284222,77.23015290660818,9.220601630099383e-05,5.816176059198701e-09,83.12190426098186,amplifier_voltage
3700.8140390846047,63.063530889185216,63.061607575502464,19.58902633061888,77.31701670162028,9.033081394956373e-05,5.619615946952208e-09,83.06353088918522,amplifier_voltage
3726.49262386312,63.005134895441365,63.00323800431343,19.720964317528853,77.4033046960884,8.849351353747775e-05,5.42968456396606e-09,83.00513489544136,amplifier_voltage
3752.3493828782434,62.9467165759901,62.944845744320865,19.853844805888762,77.48902040559312,8.669335678544165e-05,5.246159021248154e-09,82.94671657599011,amplifier_voltage
3778.385552415333,62.88827622338238,62.886431093068154,19.987674157335157,77.57416733027281,8.492960032609103e-05,5.06882389396636e-09,82.88827622338238,amplifier_voltage
3804.6023773378884,62.8298141265211,62.82799434438195,20.1224587787119,77.65874895476618,8.32015154192514e-05,4.897470972890329e-09,82.8298141265211,amplifier_voltage
3831.0011111470562,62.77133057070179,62.76953578841366,20.258205122379437,77.7427687481578,8.150838767235939e-05,4.731899024046133e-09,82.77133057070179,amplifier_voltage
3857.5830160415558,62.71282583765276,62.71105571168074,20.39491968652623,77.82623016392681,7.984951676595738e-05,4.571913556315127e-09,82.71282583765276,amplifier_voltage
3884.3493629780533,62.654300205575,62.65255439710738,20.532609015482468,77.90913663989903,7.82242161841763e-05,4.417326596716973e-09,82.654300205575,amplifier_voltage
3911.301431731899,62.59575394918191,62.59403212406514,20.6712797000357,77.9914915982018,7.663181295013063e-05,4.267956473126063e-09,82.59575394918191,amplifier_voltage
3938.4405109583436,62.53718733973847,62.535489168413065,20.810938377748887,78.0732984452219,7.507164736613715e-05,4.123627604177286e-09,82.53718733973847,amplifier_voltage
3965.7678982541433,62.47860064510021,62.47692580253752,20.951591733280484,78.15456057156655,7.354307275868284e-05,3.984170296126253e-09,82.47860064510022,amplifier_voltage
3993.284900219587,62.41999412975186,62.41834229539178,21.093246498706673,78.23528135202703,7.204545522806162e-05,3.849420546435984e-09,82.41999412975187,amplifier_voltage
4020.992832520999,62.361368054845705,62.359738912535065,21.235909453846077,78.31546414554535,7.057817340259887e-05,3.719219853869192e-09,82.36136805484571,amplifier_voltage
4048.8930199536085,62.3027226782395,62.3011159161715,21.379587426586358,78.39511229518348,6.91406181973928e-05,3.593415034873495e-09,82.30272267823949,amplifier_voltage
4076.9867965049248,62.24405825453416,62.24247356518853,21.52428729321337,78.4742291280954,6.773219257749027e-05,3.471858046052335e-09,82.24405825453417,amplifier_voltage
4105.2755054185045,62.18537503511108,62.183812115195124,21.670015978742452,78.55281795550174,6.635231132542761e-05,3.3544058125223776e-09,82.18537503511108,amplifier_voltage
4133.760499258165,62.12667326816919,62.12513181855955,21.8167804572519,78.63088207266692,6.50004008130604e-05,3.240920061963866e-09,82.12667326816918,amplifier_voltage
4162.443139972679,62.06795319876158,62.06643292444696,21.964587752218996,78.70842475887902,6.367589877760814e-05,3.1312671641767396e-09,82.06795319876159,amplifier_voltage
4191.324798960866,62.009215068831914,62.0077156788564,22.113444936858052,78.78544927743187,6.237825410184585e-05,3.025317975961874e-09,82.0092150688319,amplifier_voltage
4220.406857137189,61.9504591172504,61.94898032465774,22.263359134461115,78.8619588756097,6.110692659836749e-05,2.922947691151911e-09,81.9504591172504,amplifier_voltage
4249.690704997766,61.89168557984957,61.89022710162809,22.41433751874076,78.93795678467424,5.9861386797855174e-05,2.8240356956226383e-09,81.89168557984956,amplifier_voltage
4279.177742686844,61.83289468945961,61.831456246487974,22.566387314175298,79.01344621985379,5.86411157412843e-05,2.7284654271207976e-09,81.83289468945961,amplifier_voltage
4308.869380063769,61.774086675943394,61.77266799293707,22.719515796356557,79.08843038033501,5.744560477599472e-05,2.6361242397496187e-09,81.7740866759434,amplifier_voltage
4338.7670367703695,61.71526176623136,61.71386257168983,22.87373029233979,79.16291244925648,5.627435535556571e-05,2.546903272958957e-09,81.71526176623135,amplifier_voltage
4368.872142298853,61.65642018435571,61.65504021051043,23.029038180996235,79.23689559370477,5.5126878843424325e-05,2.460697324891257e-09,81.65642018435571,amplifier_voltage
4399.186136060151,61.59756215148469,61.59620113424769,23.185446893368056,79.31038296471239,5.400269632012552e-05,2.377404729939941e-09,81.59756215148468,amplifier_voltage
4429.710467452719,61.53868788595623,61.53734556486958,23.342963913025486,79.38337769725781,5.2901338394240086e-05,2.2969272403812926e-09,81.53868788595622,amplifier_voltage
4460.446595931878,61.47979760331144,61.47847372149723,23.501596776427004,79.45588291026772,5.182234501678408e-05,2.2191699119451877e-09,81.47979760331144,amplifier_voltage
4491.395991079548,61.42089151632777,61.419585820438876,23.6613530732813,79.52790170662092,5.0765265299133884e-05,2.144040993195055e-09,81.42089151632777,amplifier_voltage
4522.5601326745555,61.36196983505171,61.36068207522327,23.82224044691246,79.59943717315441,4.9729657334359095e-05,2.071451818590874e-09,81.36196983505171,amplifier_voltage
4553.94051076336,61.30303276683138,61.30176269663284,23.984266594627044,79.6704923806712,4.8715088021919116e-05,2.0013167051138606e-09,81.30303276683138,amplifier_voltage
4585.538625731298,61.244080516348696,61.242827892736585,24.147439268084153,79.74107038394995,4.772113289566072e-05,1.9335528523349864e-09,81.2440805163487,amplifier_voltage
4617.35598837434,61.18511328565111,61.18387786892248,24.311766273667903,79.81117422175649,4.6747375955058715e-05,1.8680802458134632e-09,81.18511328565111,amplifier_voltage
4649.394119971296,61.12613127418329,61.124912827929734,24.477255472862357,79.88080691685701,4.579340949964463e-05,1.8048215637152237e-09,81.12613127418328,amplifier_voltage
4681.654552356585,61.06713467881826,61.06593296988062,24.64391478262936,79.94997147603296,4.485883396656371e-05,1.7437020865446665e-09,81.06713467881826,amplifier_voltage
4714.138827993456,61.008123693888344,61.00693849231198,24.811752175788715,80.01867089009758,4.394325777120709e-05,1.6846496098868085e-09,81.00812369388834,amplifier_voltage
4746.848500047733,60.94909851121577,60.94792959020654,24.980775681401052,80.08690813391414,4.304629715086436e-05,1.6275943600601403e-09,80.94909851121577,amplifier_voltage
4779.7851324621015,60.89005932014294,60.88890645602369,25.150993385153537,80.15468616641556,4.2167576011339725e-05,1.572468912583646e-09,80.89005932014294,amplifier_voltage
4812.950300030849,60.831006307562426,60.82986927973017,25.32241342974798,80.22200793062586,4.130672577648374e-05,1.5192081133650398e-09,80.83100630756243,amplifier_voltage
4846.3455884751975,60.77193965794667,60.77081824883024,25.495044015291914,80.28887635368287,4.046338524058302e-05,1.4677490025197192e-09,80.77193965794666,amplifier_voltage
4879.972594519101,60.71285955337733,60.71175354839572,25.668893399692138,80.35529434686235,3.9637200423561245e-05,1.4180307407334971e-09,80.71285955337733,amplifier_voltage
4913.832925965581,60.653766173574354,60.652675361095625,25.843969899051185,80.42126480560385,3.882782442893819e-05,1.3699945380845954e-09,80.65376617357435,amplifier_voltage
4947.928201773629,60.59465969592475,60.59358386722542,26.020281888066457,80.48679060953764,3.80349173044971e-05,1.3235835852433295e-09,80.59465969592475,amplifier_voltage
4982.260052135578,60.535540295511076,60.53447924473615,26.197837800432072,80.55187462251304,3.7258145905613825e-05,1.2787429869706931e-09,80.53554029551108,amplifier_voltage
5016.830118555078,60.47640814513956,60.475361669263094,26.376646129243678,80.61651969262827,3.649718376119617e-05,1.2354196978393759e-09,80.47640814513956,amplifier_voltage
5051.64005392557,60.41726341536804,60.416231314154196,26.556715427405972,80.6807286522613,3.575171094218935e-05,1.1935624601035566e-09,80.41726341536804,amplifier_voltage
5086.691522609297,60.35810627453347,60.3570883504982,26.73805430804292,80.74450431810206,3.502141393259917e-05,1.1531217436460402e-09,80.35810627453347,amplifier_voltage
5121.98620051692,60.298936888779274,60.29793294715245,26.92067144491116,80.80784949118599,3.430598550298681e-05,1.114049687933673e-09,80.29893688877928,amplifier_voltage
5157.525775187602,60.2397554220823,60.2387652707704,27.104575572815914,80.87076695692845,3.36051245863924e-05,1.0763000459144215e-09,80.2397554220823,amplifier_voltage
5193.31194586974,60.18056203627951,60.179585485828824,27.289775488030095,80.9332594851606,3.2918536156639775e-05,1.0398281297913992e-09,80.18056203627951,amplifier_voltage
5229.346423602185,60.12135689109448,60.12039375465476,27.47628004871616,80.9953298301662,3.224593110898208e-05,1.0045907586115685e-09,80.12135689109448,amplifier_voltage
5265.63093129604,60.06214014416341,60.061190237452166,27.66409817535078,81.05698073071946,3.15870261430435e-05,9.70546207608685e-10,80.06214014416341,amplifier_voltage
5302.167203817078,60.002911951061066,60.00197509232819,27.853238851152952,81.11821491012414,3.094154364801467e-05,9.376541592420822e-10,80.00291195106107,amplifier_voltage
5338.956988068642,59.94367246532636,59.942748475319306,28.043711122514367,81.17903507625337,3.0309211590062607e-05,9.058756558749609e-10,79.94367246532636,amplifier_voltage
5376.00204307521,59.88442183848754,59.88351054041702,28.23552409943344,81.23944392159076,2.968976340191108e-05,8.751730540374599e-10,79.88442183848754,amplifier_voltage
5413.304140066483,59.82516022008728,59.82426143959338,28.428686955952006,81.29944412327232,2.9082937874554576e-05,8.45509980221856e-10,79.82516022008727,amplifier_voltage
5450.865062562057,59.765887757707425,59.765001322826194,28.623208930595016,81.35903834312914,2.8488479051064743e-05,8.168512881588019e-10,79.76588775770742,amplifier_voltage
5488.686606456731,59.70660459699338,59.70573033812389,28.819099326813603,81.41822922773136,2.7906136122450212e-05,7.89163017525218e-10,79.70660459699337,amplifier_voltage
5526.77058010634,59.647310881678386,59.64644863155024,29.016367513430826,81.47701940843268,2.7335663325533815e-05,7.624123540362236e-10,79.64731088167838,amplifier_voltage
5565.118804414253,59.588006753607374,59.58715634724871,29.215022925090928,81.53541150141587,2.677681984280702e-05,7.365675908748411e-10,79.58800675360737,amplifier_voltage
5603.733112918391,59.52869235276065,59.527853627466484,29.415075062711306,81.593408107739,2.6229369704227728e-05,7.115980914150004e-10,79.52869235276066,amplifier_voltage
5642.615351878942,59.4693678172773,59.468540612578366,29.616533493938043,81.65101181338258,2.569308169092236e-05,6.874742531945602e-10,79.4693678172773,amplifier_voltage
5681.767380366609,59.41003328347826,59.4092174411103,29.819407853604318,81.70822518929745,2.516772924075936e-05,6.641674730967807e-10,79.41003328347827,amplifier_voltage
5721.191070351485,59.350688885889284,59.34988424976272,30.02370784419197,81.76505079145326,2.465309035575785e-05,6.41650113699836e-10,79.35068888588928,amplifier_voltage
5760.888306792596,59.29133475726339,59.290541173433446,30.229443236296728,81.82149116088786,2.4148947511296596e-05,6.198954707553755e-10,79.2913347572634,amplifier_voltage
5800.860987727984,59.2319710286034,59.23118834524058,30.436623869095957,81.87754882375725,2.365508756709149e-05,5.98877741758509e-10,79.2319710286034,amplifier_voltage
5841.111024365491,59.172597829183886,59.17182589654493,30.645259650820392,81.93322629138636,2.317130167990626e-05,5.785719955726746e-10,79.17259782918389,amplifier_voltage
5881.6403411741285,59.113215286573066,59.11245395697225,30.855360559228693,81.98852606032025,2.269738521796551e-05,5.5895414307423e-10,79.11321528657307,amplifier_voltage
5922.45087597607,59.05382352665444,59.05307265443531,31.066936642085352,82.04345061237606,2.223313767703765e-05,5.400009087826675e-10,79.05382352665444,amplifier_voltage
5963.544580039347,58.994422673648046,58.99368211515551,31.279998017642207,82.09800241469569,2.1778362598155288e-05,5.216898034434829e-10,78.99442267364805,amplifier_voltage
6004.923418171099,58.93501285013166,58.934282463684454,31.49455487512292,82.15218391979873,2.133286748694433e-05,5.039990975319303e-10,78.93501285013167,amplifier_voltage
6046.589368811554,58.875594177061565,58.87487382292516,31.710617475211194,82.20599756563634,2.089646373452907e-05,4.869077956467891e-10,78.87559417706157,amplifier_voltage
6088.544424128607,58.816166773793185,58.81545631415301,31.92819615054217,82.25944577564533,2.046896653998556e-05,4.70395611764452e-10,78.81616677379319,amplifier_voltage
6130.790590113054,58.75673075810152,58.75603005703658,32.14730130619717,82.31253095880298,2.0050194834312915e-05,4.5444294532452035e-10,78.75673075810153,amplifier_voltage
6173.32988667455,58.69728624620117,58.69659516965801,32.367943420202295,82.36525550968226,1.9639971205893417e-05,4.3903085811907596e-10,78.69728624620117,amplifier_voltage
6216.1643477381285,58.63783335276641,58.6371517685334,32.5901330440299,82.41762180850749,1.923812182741497e-05,4.241410519587967e-10,78.6378333527664,amplifier_voltage
6259.296021341502,58.57837219095063,58.57769996863275,32.81388080310418,82.46963222121063,1.884447638422578e-05,4.097558470898327e-10,78.57837219095063,amplifier_voltage
6302.726969732959,58.51890287240596,58.51823988339974,33.03919739730976,82.52128909948787,1.8458868004096217e-05,3.958581613363836e-10,78.51890287240596,amplifier_voltage
6346.459269469953,58.45942550730243,58.458771624771366,33.26609360150414,82.5725947808565,1.808113318835985e-05,3.82431489944642e-10,78.45942550730243,amplifier_voltage
6390.495011518428,58.39994020434689,58.39929530319715,33.49458026603367,82.62355158871263,1.771111174440749e-05,3.694598861046079e-10,78.39994020434689,amplifier_voltage
6434.836301352744,58.34044707080187,58.33981102765832,33.72466831725292,82.67416183238878,1.7348646719509295e-05,3.569279421271042e-10,78.34044707080187,amplifier_voltage
6479.485259056391,58.280946212504034,58.280318905686656,33.95636875804797,82.72442780721222,1.699358433593834e-05,3.4482077125399425e-10,78.28094621250403,amplifier_voltage
6524.44401942334,58.221437733882496,58.22081904338306,34.189692668363215,82.77435179456349,1.6645773927371937e-05,3.3312399008042695e-10,78.2214377338825,amplifier_voltage
6569.714732060088,58.161921737977025,58.161311545436114,34.424651205731564,82.82393606193519,1.6305067876545812e-05,3.2182370156857745e-10,78.16192173797702,amplifier_voltage
6615.299561488486,58.102398326455756,58.10179651514013,34.66125560580895,82.87318286299134,1.5971321554136735e-05,3.1090647863304025e-10,78.10239832645576,amplifier_voltage
6661.200687249178,58.042867599633055,58.04227405441325,34.899517182911865,82.92209443762677,1.5644393258851188e-05,3.0035934827874994e-10,78.04286759963306,amplifier_voltage
6707.420304005858,57.983329656486795,57.982744263815135,35.13944733055928,82.97067301202696,1.5324144158695527e-05,2.901697762728502e-10,77.9833296564868,amplifier_voltage
6753.960621650183,57.92378459467571,57.92320724256452,35.38105752201785,83.01892079872815,1.5010438233406263e-05,2.8032565233264634e-10,77.92378459467571,amplifier_voltage
6800.823865407413,57.86423251055641,57.86366308855663,35.62435931085113,83.06683999667752,1.470314221801747e-05,2.7081527581230687e-10,77.8642325105564,amplifier_voltage
6848.012275942852,57.804673499200206,57.8041118983802,35.869364331472696,83.11443279129395,1.4402125547543346e-05,2.6162734187157445e-10,77.8046734992002,amplifier_voltage
6895.528109468929,57.74510765440978,57.744553767334466,36.11608429970286,83.16170135452872,1.410726030275518e-05,2.5275092811033576e-10,77.74510765440978,amplifier_voltage
6943.37363785312,57.68553506873552,57.684988789445896,36.364531013329646,83.2086478449265,1.3818421157030617e-05,2.4417548165338247e-10,77.68553506873552,amplifier_voltage
6991.551148726551,57.62595583349185,57.62541705748458,36.61471635267331,83.25527440768663,1.3535485324255601e-05,2.358908066702807e-10,77.62595583349184,amplifier_voltage
7040.062945593359,57.566370038773265,57.56583866298076,36.86665228115484,83.30158317472451,1.3258332507758048e-05,2.2788705231572515e-10,77.56637003877327,amplifier_voltage
7088.9113479408725,57.50677777347006,57.506253696240734,37.1203508458688,83.34757626473322,1.2986844850253139e-05,2.2015470107624936e-10,77.50677777347006,amplifier_voltage
7138.09869135046,57.44717912528409,57.44666224636289,37.37582417815958,83.39325578324511,1.2720906884781548e-05,2.1268455750967211e-10,77.4471791252841,amplifier_voltage
7187.6273276092525,57.38757418074417,57.38706440125337,37.63308449420227,83.43862382269393,1.2460405486620247e-05,2.0546773736405252e-10,77.38757418074417,amplifier_voltage
7237.499624822562,57.32796302522135,57.327460247641646,37.89214409558699,83.48368246247671,1.2205229826148131e-05,1.9849565706343672e-10,77.32796302522135,amplifier_voltage
7287.71796752709,57.26834574294401,57.26784987109585,38.15301536990772,83.52843376901596,1.195527132264725e-05,1.9176002354804972e-10,77.268345742944,amplifier_voltage
7338.284756804989,57.208722417012694,57.20823335603785,38.41571079135512,83.57287979582202,1.1710423599021567e-05,1.8525282445702464e-10,77.2087224170127,amplifier_voltage
7389.202410398606,57.149093129414936,57.148610785758365,38.68024292131329,83.6170225835553,1.1470582437415989e-05,1.7896631864216788e-10,77.14909312941494,amplifier_voltage
7440.473362826133,57.089457961039656,57.08898224243156,38.94662440896107,83.6608641600889,1.1235645735717281e-05,1.7289302700161278e-10,77.08945796103966,amplifier_voltage
7492.100065497987,57.02981699169157,57.02934780712977,39.21486799187724,83.70440654057114,1.1005513464920522e-05,1.6702572362262297e-10,77.02981699169158,amplifier_voltage
7544.084986833996,56.97017030010539,56.9697075598379,39.48498649664976,83.74765172748816,1.0780087627344002e-05,1.6135742722314644e-10,76.9701703001054,amplifier_voltage
7596.430612381473,56.91051796395975,56.910061579467595,39.756992839489946,83.79060171072666,1.0559272215675528e-05,1.5588139288205956e-10,76.91051796395975,amplifier_voltage
7649.139444934,56.85086005989112,56.85040994387137,40.03090002685003,83.8332584676366,1.0342973172835032e-05,1.5059110404841494e-10,76.85086005989112,amplifier_voltage
7702.214004651139,56.791196663507364,56.79075272985646,40.306721156045796,83.87562396309406,1.0131098352636257e-05,1.4548026482028107e-10,76.79119666350736,amplifier_voltage
7755.656829178915,56.73152784940128,56.731090013198504,40.58446941588315,83.91770014956403,9.923557481233023e-06,1.4054279248412355e-10,76.73152784940129,amplifier_voltage
7809.470473771121,56.67185369116389,56.67142186865518,40.86415808728896,83.95948896716328,9.720262119334227e-06,1.3577281030595327e-10,76.67185369116389,amplifier_voltage
7863.657511411541,56.61217426139761,56.611748369979466,41.14580054394673,84.00099234372323,9.521125625172414e-06,1.3116464056576177e-10,76.61217426139761,amplifier_voltage
7918.220532936918,56.5524896317292,56.5520695899329,41.42941025293623,84.04221219485278,9.326063118211683e-06,1.26712797827069e-10,76.5524896317292,amplifier_voltage
7973.162147160879,56.492799872822616,56.49238560029862,41.71500077537796,84.0831504240013,9.134991443579937e-06,1.224119824336554e-10,76.49279987282262,amplifier_voltage
8028.484980998645,56.43310505439162,56.432696471894204,42.00258576708181,84.12380892252136,8.947829137211648e-06,1.1825707422583878e-10,76.43310505439162,amplifier_voltage
8084.191679592613,56.37340524521237,56.37300227458444,42.29217897920034,84.16418956973163,8.764496391687147e-06,1.1424312646890166e-10,76.37340524521237,amplifier_voltage
8140.284906438879,56.31370051313568,56.31330307729382,42.58379425888684,84.20429423297976,8.584915022754452e-06,1.1036535998651641e-10,76.31370051313567,amplifier_voltage
8196.767343514524,56.253990925099245,56.25359894801896,42.877445549957464,84.24412476770506,8.409008436520876e-06,1.0661915749228037e-10,76.25399092509925,amplifier_voltage
8253.641691405905,56.194276547139694,56.19388995384085,43.17314689355859,84.2836830175013,8.23670159730057e-06,1.0300005811266968e-10,76.1942765471397,amplifier_voltage
8310.910669437751,56.13455744440439,56.134176160936924,43.47091242883832,84.32297081417946,8.06792099610557e-06,9.950375209497564e-11,76.1345574444044,amplifier_voltage
8368.577015803161,56.074833681163305,56.07445763459299,43.77075639362285,84.36198997783022,7.902594619767695e-06,9.612607569398955e-11,76.07483368116331,amplifier_voltage
8426.643487694579,56.01510532082048,56.014734439215,44.07269312509777,84.40074231688673,7.740651920678414e-06,9.286300623140302e-11,76.01510532082048,amplifier_voltage
8485.112861435555,55.95537242592552,55.95500663834072,44.37673706049355,84.43922962818694,7.582023787135259e-06,8.971065732212026e-11,75.95537242592552,amplifier_voltage
8543.987932613554,55.89563505818488,55.89527429465116,44.68290273777649,84.47745369703613,7.426642514282056e-06,8.666527426183827e-11,75.89563505818488,amplifier_voltage
8603.271516213592,55.835893278473,55.83553746998196,44.991204796344,84.51541629726928,7.2744417756318965e-06,8.372322957047397e-11,75.83589327847301,amplifier_voltage
8662.966446752798,55.77614714684336,55.77579622533456,45.30165797772474,84.55311919131327,7.1253565951610995e-06,8.088101868617762e-11,75.77614714684336,amplifier_voltage
8723.075578416012,55.71639672253929,55.716050620887216,45.614277126284016,84.59056413024905,6.979323319962695e-06,7.813525580485229e-11,75.71639672253929,amplifier_voltage
8783.601785192173,55.65664206400471,55.656300716006015,45.92907718993353,84.62775285387374,6.836279593448884e-06,7.548266986028312e-11,75.6566420640047,amplifier_voltage
8844.547961011795,55.59688322889481,55.596546569255494,46.246073220846704,84.66468709076258,6.696164329091105e-06,7.292010064012306e-11,75.59688322889481,amplifier_voltage
8905.917019885312,55.537120274086355,55.536788238409414,46.565280376178436,84.70136855833078,6.558917684687427e-06,7.044449503316253e-11,75.53712027408636,amplifier_voltage
8967.711896042374,55.477353255688165,55.47702578046119,46.88671391879005,84.73779896289524,6.424481037146829e-06,6.805290340345116e-11,75.47735325568817,amplifier_voltage
9029.935544072205,55.41758222905119,55.417259251634206,47.21038921797956,84.77397999973614,6.292796957779753e-06,6.57424760869889e-11,75.41758222905119,amplifier_voltage
9092.5909390648,55.357807248778656,55.3574887073922,47.53632175021655,84.80991335315845,6.163809188085588e-06,6.35104600068607e-11,75.35780724877866,amplifier_voltage
9155.681076753233,55.29802836873593,55.29771420244917,47.864527099882544,84.84560069655332,6.037462616026496e-06,6.13541954028079e-11,75.29802836873593,amplifier_voltage
9219.208973656869,55.23824564206038,55.237935790779474,48.19502096001645,84.8810436924592,5.91370325277852e-06,5.927111267138285e-11,75.23824564206038,amplifier_voltage
9283.177667225556,55.178459121171045,55.17815352562764,48.52781913306488,84.91624399262295,5.792478209950316e-06,5.7258729312953136e-11,75.17845912117104,amplifier_voltage
9347.590215984928,55.11866885777817,55.118367459518055,48.86293753163839,84.9512032380608,5.673735677259986e-06,5.531464698194434e-11,75.11866885777818,amplifier_voltage
9412.449699682564,55.058874902892654,55.058577644264595,49.200392179272036,84.98592305911905,5.557424900661457e-06,5.343654863684569e-11,75.05887490289265,amplifier_voltage
9477.759219435304,54.999077306835346,54.99878413098003,49.54019921119229,85.02040507553475,5.4434961609108655e-06,5.162219578660208e-11,74.99907730683535,amplifier_voltage
9543.521897877494,54.93927611924626,54.93898697008541,49.882374875088274,85.05465089649614,5.331900752564778e-06,4.986942583014558e-11,74.93927611924626,amplifier_voltage
9609.740879310259,54.87947138909365,54.879186211319336,50.22693553188907,85.08866212070295,5.2225909634012684e-06,4.817614948591823e-11,74.87947138909365,amplifier_voltage
9676.419329851915,54.81966316468292,54.819381903746944,50.573897656546265,85.12244033642644,5.115520054255524e-06,4.654034830834655e-11,74.81966316468292,amplifier_voltage
9743.560437589264,54.75985149366554,54.75957409576899,50.92327783882164,85.15598712156952,5.010642239262002e-06,4.4960072288337075e-11,74.75985149366554,amplifier_voltage
9811.167412730092,54.700036423047706,54.69976283513067,51.27509278408089,85.18930404372642,4.907912666494571e-06,4.3433437534948125e-11,74.7000364230477,amplifier_voltage
9879.243487756643,54.64021799919897,54.6399481689304,51.629359314092405,85.2223926602423,4.807287398997182e-06,4.195862403550212e-11,74.64021799919897,amplifier_voltage
9947.791917580127,54.58039626786076,54.580130143628445,51.986094367831605,85.25525451827274,4.708723396197039e-06,4.053387349148712e-11,74.58039626786076,amplifier_voltage
10016.815979696426,54.52057127415476,54.520308805055436,52.34531500229156,85.28789115484285,4.6121784956925774e-06,3.9157487227684786e-11,74.52057127415476,amplifier_voltage
10086.31897434272,54.4607430625912,54.46048419842085,52.70703839329803,85.3203040969065,4.517611395409125e-06,3.782782417205684e-11,74.4607430625912,amplifier_voltage
10156.304224655343,54.400911677077,54.4006563683212,53.07128183633153,85.352494861405,4.424981636114448e-06,3.6543298903992845e-11,74.400911677077,amplifier_voltage
10226.775076828664,54.34107716092386,54.34082535874835,53.43806274735422,85.38446495532594,4.334249584287386e-06,3.530237976861482e-11,74.34107716092386,amplifier_voltage
10297.734900274976,54.28123955685629,54.28099121309757,53.80739866364235,85.41621587576144,4.24537641533247e-06,3.4103587054905606e-11,74.28123955685629,amplifier_voltage
10369.187087785827,54.221398907019285,54.22115397417548,54.17930724462611,85.4477491099667,4.1583240971331325e-06,3.294549123549798e-11,74.22139890701928,amplifier_voltage
10441.135055693952,54.16155525298633,54.161313684208025,54.55380627273264,85.4790661354178,4.0730553739377805e-06,3.182671126605449e-11,74.16155525298633,amplifier_voltage
10513.58224403684,54.101708635766826,54.101470384848156,54.930913654237756,85.51016841986971,3.989533750570813e-06,3.0745912942207013e-11,74.10170863576683,amplifier_voltage
10586.532116721135,54.0418590958138,54.041624117183574,55.31064742012165,85.541057421414,3.907723476963105e-06,2.9701807312123835e-11,74.0418590958138,amplifier_voltage
10659.988161688167,53.98200667303135,53.981774921744346,55.69302572693083,85.57173458853605,3.827589532995177e-06,2.8693149142819074e-11,73.98200667303135,amplifier_voltage
10733.953891080953,53.92215140678183,53.92192283851023,56.07806685764767,85.60220136017256,3.7490976136464326e-06,2.771873543838292e-11,73.92215140678184,amplifier_voltage
10808.432841411832,53.86229333589341,53.86206790691823,56.465789222563046,85.63245916576841,3.6722141144453313e-06,2.6777404008389435e-11,73.86229333589341,amplifier_voltage
10883.428573731777,53.802432498667,53.802210165869795,56.856211360158014,85.66250942533348,3.596906117213243e-06,2.5868032084771006e-11,73.802432498667,amplifier_voltage
10958.944673800586,53.742568932883394,53.742349653738025,57.249351937990006,85.69235354949933,3.523141376097065e-06,2.4989534985531657e-11,73.74256893288339,amplifier_voltage
11034.984752258237,53.682702675810354,53.68248640837479,57.645229753585014,85.7219929395754,3.4508883038844535e-06,2.4140864823711493e-11,73.68270267581036,amplifier_voltage
11111.552444797757,53.62283376420932,53.62262046711764,58.043863735337574,85.75142898760537,3.380115958595734e-06,2.332100926006843e-11,73.62283376420932,amplifier_voltage
11188.651412338757,53.562962234342365,53.56275186679687,58.4452729434147,85.78066307642284,3.310794030347688e-06,2.2528990298007798e-11,73.56296223434236,amplifier_voltage
11266.285341202705,53.50308812197885,53.50288064374219,58.849476570668266,85.80969657970724,3.2428928284828483e-06,2.1763863119320087e-11,73.50308812197885,amplifier_voltage
11344.4579432891,53.44321146240198,53.44300683378954,59.256493943552606,85.83853086203918,3.1763832689597066e-06,2.1024714959354904e-11,73.44321146240199,amplifier_voltage
11423.172956252847,53.38333229041553,53.383130472287775,59.66634452304797,85.86716727895568,3.1112368619983297e-06,2.031066402029439e-11,73.38333229041552,amplifier_voltage
11502.43414368323,53.323450640349996,53.32325159410501,60.079047905592766,85.89560717700529,3.0474256999759602e-06,1.96208584212335e-11,73.32345064034999,amplifier_voltage
11582.245295283517,53.2635665460693,53.26337023363539,60.49462382401868,85.92385189380276,2.98492244556837e-06,1.8954475183831293e-11,73.2635665460693,amplifier_voltage
11662.610227052439,53.203680040976806,53.203486424805234,60.91309214849588,85.95190275808359,2.9237003201310266e-06,1.8310719252318086e-11,73.2036800409768,amplifier_voltage
11743.532781466525,53.14379115802162,53.143600201079394,61.33447288748243,85.97976108975845,2.863733092316097e-06,1.7688822546705918e-11,73.14379115802163,amplifier_voltage
11825.01682766374,53.08389992970479,53.08371159546759,61.75878618868087,86.00742819996708,2.8049950669201606e-06,1.7088043048074012e-11,73.08389992970478,amplifier_voltage
11907.06626162874,53.024006388085134,53.02382064053034,62.186052340002746,86.03490539113234,2.7474610739578245e-06,1.650766391484266e-11,73.02400638808513,amplifier_voltage
11989.685006378819,52.9641105647854,52.96392736838517,62.61629177053726,86.06219395701359,2.6911064579573323e-06,1.59469926289931e-11,72.9641105647854,amplifier_voltage
12072.87701215173,52.90421249099804,52.90403181071255,63.049525051529415,86.08929518276025,2.6359070674728823e-06,1.540536017121179e-11,72.90421249099805,amplifier_voltage
12156.646256594475,52.84431219749102,52.84413399876172,63.485772897363056,86.11621034496481,2.5818392448099596e-06,1.4882120223986558e-11,72.84431219749102,amplifier_voltage
12240.996744953381,52.7844097146136,52.78423396335665,63.92505616655121,86.1429407117157,2.5288798159591083e-06,1.4376648401706228e-11,72.7844097146136,amplifier_voltage
12325.932510265886,52.72450507230183,52.72433173490151,64.36739586273465,86.16948754265003,2.4770060807337853e-06,1.3888341506847546e-11,72.72450507230184,amplifier_voltage
12411.457613553002,52.66459830008437,52.664427343386734,64.81281313568458,86.19585208900592,2.426195803108747e-06,1.3416616811372274e-11,72.66459830008438,amplifier_voltage
12497.576144013778,52.60468942708775,52.60452081839421,65.26132928231524,86.22203559367463,2.3764272017541754e-06,1.2960911362473469e-11,72.60468942708775,amplifier_voltage
12584.292219220702,52.5447784820419,52.544612189103006,65.71296574770197,86.24803929125255,2.3276789407622365e-06,1.2520681311852984e-11,72.54477848204189,amplifier_voltage
12671.609985316483,52.484865493285575,52.484701484294845,66.16774412610596,86.2738644080928,2.27993012056192e-06,1.2095401267730717e-11,72.48486549328558,amplifier_voltage
12759.533617212566,52.424950488771444,52.424788732359275,66.62568616200839,86.29951216235675,2.233160269018195e-06,1.1684563668814575e-11,72.42495048877144,amplifier_voltage
12848.067318788384,52.36503349607152,52.36487396129918,67.08681375114828,86.32498376406501,2.1873493327123035e-06,1.1287678179492531e-11,72.36503349607152,amplifier_voltage
12937.215323092643,52.30511454238217,52.304957198735885,67.55114894157094,86.35028041514862,2.1424776683988506e-06,1.0904271105521816e-11,72.30511454238217,amplifier_voltage
13026.98189254562,52.24519365452919,52.24503847191431,68.01871393468181,86.37540330949949,2.098526034636669e-06,1.0533884829526226e-11,72.24519365452919,amplifier_voltage
13117.371319142845,52.185270858972935,52.185117807708174,68.48953108630734,86.40035363302101,2.055475583589766e-06,1.0176077265629028e-11,72.18527085897293,amplifier_voltage
13208.387924660612,52.12534618181304,52.12519523262479,68.9636229077657,86.4251325636782,2.013307852994694e-06,9.830421332571488e-12,72.12534618181304,amplifier_voltage
13300.036060862238,52.065419648793565,52.06527077281031,69.44101206694106,86.44974127154755,1.9720047582915327e-06,9.496504444695684e-12,72.06541964879356,amplifier_voltage
13392.320109706432,52.005491285307606,52.00534445405437,69.92172138936915,86.47418091886689,1.931548584914523e-06,9.173928020180992e-12,72.00549128530761,amplifier_voltage
13485.2444835567,51.94556111640209,51.945416301795014,70.40577385932818,86.49845266008472,1.8919219807396272e-06,8.862307005954133e-12,71.94556111640209,amplifier_voltage
13578.813625392198,51.885629166782515,51.88548634112352,70.8931926209371,86.52255764190943,1.8531079486856847e-06,8.561269418706515e-12,71.88562916678251,amplifier_voltage
13673.032009020479,51.82569546081747,51.82555459678888,71.38400097926397,86.5464970033583,1.8150898394658464e-06,8.270455901471759e-12,71.82569546081747,amplifier_voltage
13767.904139290995,51.76576002254333,51.7656210932027,71.87822240143846,86.57027187580613,1.7778513444867524e-06,7.989519295240109e-12,71.76576002254333,amplifier_voltage
13863.434552310802,51.705822875668645,51.70568585444358,72.37588051777514,86.59388338303377,1.7413764888918698e-06,7.718124225095853e-12,71.70582287566864,amplifier_voltage
13959.627815661337,51.64588404357857,51.64574890426168,72.87699912290334,86.6173326412763,1.7056496247465268e-06,7.455946700389115e-12,71.64588404357858,amplifier_voltage
14056.48852861668,51.58594354933939,51.58581026608323,73.38160217690377,86.64062075927093,1.6706554243616319e-06,7.202673728465421e-12,71.58594354933939,amplifier_voltage
14154.02132236378,51.526001415702616,51.52586996301476,73.88971380645631,86.66374883830484,1.6363788737530903e-06,6.958002941492474e-12,71.52600141570261,amplifier_voltage
14252.230860223493,51.466057665109474,51.46592801784764,74.40135830599118,86.68671797226251,1.6028052662345938e-06,6.721642235943369e-12,71.46605766510947,amplifier_voltage
14351.121837873845,51.406112319694955,51.40598445306219,74.91656013885253,86.70952924767299,1.5699201961405992e-06,6.493309424303858e-12,71.40611231969496,amplifier_voltage
14450.698983574444,51.346165401292,51.346039290831975,75.43534393846743,86.73218374375692,1.5377095526772147e-06,6.2727318985921975e-12,71.346165401292,amplifier_voltage
14550.967058392438,51.28621693143569,51.286092553027956,75.95773450952312,86.7546825324731,1.5061595138983054e-06,6.059646305290291e-12,71.28621693143569,amplifier_voltage
14651.930856430463,51.2262669313671,51.226144261222515,76.48375682915469,86.77702667856514,1.4752565408041066e-06,5.853798231298531e-12,71.22626693136709,amplifier_voltage
14753.595205055462,51.1663154220375,51.16619443669368,77.01343604813742,86.79921723960753,1.4449873715602504e-06,5.654941900543156e-12,71.1663154220375,amplifier_voltage
14855.964965129824,51.10636242411211,51.10624310042891,77.54679749209089,86.82125526605171,1.4153390158343088e-06,5.462839880872192e-12,71.10636242411212,amplifier_voltage
14959.045031243659,51.04640795797407,51.04629027312918,78.08386666268942,86.84314180127176,1.3862987492478334e-06,5.277262800893578e-12,71.04640795797407,amplifier_voltage
15062.840331948722,50.98645204372828,50.98633597521288,78.62466923888066,86.86487788160986,1.3578541079414054e-06,5.097989076417675e-12,70.98645204372828,amplifier_voltage
15167.355829994383,50.92649470120505,50.92638022681946,79.16923107811529,86.88646453642161,1.3299928832503e-06,4.924804646177807e-12,70.92649470120506,amplifier_voltage
15272.596522564485,50.86653594996403,50.8664230478135,79.71757821758126,86.90790278812088,1.3027031164888398e-06,4.757502716516522e-12,70.86653594996403,amplifier_voltage
15378.567441516612,50.806575809297726,50.80646445778821,80.26973687545029,86.92919365222467,1.275973093840831e-06,4.595883514731017e-12,70.80657580929773,amplifier_voltage
15485.273653622557,50.746614298235144,50.746504476069205,80.82573345213102,86.95033813739755,1.2497913413542469e-06,4.439754050786302e-12,70.74661429823514,amplifier_voltage
15592.720260810444,50.6866514355455,50.68654312171822,81.3855945315307,86.97133724549595,1.2241466200379384e-06,4.288927887111628e-12,70.6866514355455,amplifier_voltage
15700.91240040902,50.62668723974149,50.626580413536466,81.94934688232787,86.99219197161209,1.1990279210581751e-06,4.143224916205582e-12,70.6266872397415,amplifier_voltage
15809.855245392842,50.5667217290831,50.56661637006844,82.51701745925037,87.01290330411786,1.1744244610332973e-06,4.002471145786816e-12,70.5667217290831,amplifier_voltage
15919.554004629957,50.50675492158077,50.506651009605235,83.08863340436561,87.0334722247082,1.1503256774241182e-06,3.86649849123249e-12,70.50675492158078,amplifier_voltage
16030.01392313083,50.44678683499889,50.44668435018803,83.66422204837797,87.05389970844453,1.126721224018423e-06,3.735144575059026e-12,70.44678683499889,amplifier_voltage
16141.240282298984,50.38681748685923,50.38671640961155,84.24381091193489,87.07418672379767,1.1036009665075506e-06,3.6082525332058097e-12,70.38681748685923,amplifier_voltage
16253.238400183893,50.326846894444,50.32674720542724,84.82742770694439,87.09433423269061,1.0809549781530797e-06,3.4856708278905912e-12,70.326846894444,amplifier_voltage
16366.01363173478,50.2668750747994,50.26677675494682,85.4151003378981,87.11434319054122,1.0587735355420693e-06,3.3672530668152708e-12,70.2668750747994,amplifier_voltage
16479.571369057026,50.2069020447386,50.20680507524535,86.006856903207,87.13421454630435,1.0370471144287073e-06,3.252857828504925e-12,70.2069020447386,amplifier_voltage
16593.917041669833,50.146927820844994,50.1468321831645,86.60272569654461,87.15394924251406,1.0157663856608977e-06,3.142348493573564e-12,70.146927820845,amplifier_voltage
16709.05611676571,50.086952419475416,50.08685809531584,87.20273520819873,87.1735482153254,9.949222111899401e-07,3.035593081715039e-12,70.08695241947541,amplifier_voltage
16824.99409947224,50.02697585676295,50.02688282808371,87.80691412643614,87.19301239455595,9.7450564016153e-07,2.9324640942245754e-12,70.02697585676296,amplifier_voltage
16941.736533114807,49.96699814862035,49.96690639762862,88.41529133887117,87.21234270372723,9.545079050866878e-07,2.8328383618646127e-12,69.96699814862035,amplifier_voltage
17059.288999482036,49.90701931074271,49.90692881989006,89.02789593384962,87.23154006010583,9.349204180906526e-07,2.7365968978921036e-12,69.90701931074271,amplifier_voltage
17177.65711909252,49.84703935861059,49.84695011058962,89.64475720183829,87.25060537474421,9.157347672384402e-07,2.643624756073589e-12,69.84703935861059,amplifier_voltage
17296.84655146342,49.78705830749295,49.78697028523396,90.26590463682497,87.26953955252141,8.969427129353818e-07,2.553810893518285e-12,69.78705830749294,amplifier_voltage
17416.86299538145,49.727076172449856,49.726989359117624,90.89136793773096,87.2883434921834,8.785361844010516e-07,2.4670480381654775e-12,69.72707617244986,amplifier_voltage
17537.712189174854,49.6670929683356,49.66700734732612,91.52117700982804,87.30701808638331,8.60507276215315e-07,2.3832325607694117e-12,69.6670929683356,amplifier_voltage
17659.39991098817,49.60710870980126,49.60702426473857,92.15536196617066,87.32556422172135,8.428482449347456e-07,2.3022643512278188e-12,69.60710870980125,amplifier_voltage
17781.931979058336,49.54712341129756,49.54704012603062,92.79395312903499,87.34398277878444,8.255515057782125e-07,2.2240466991078034e-12,69.54712341129756,amplifier_voltage
17905.314251992804,49.48713708707765,49.48705494567726,93.4369810313683,87.36227463218577,8.086096293801196e-07,2.1484861782262638e-12,69.48713708707766,amplifier_voltage
18029.55262904984,49.427149751199664,49.42706873795541,94.08447641824972,87.38044065060404,7.920153386099146e-07,2.0754925351472216e-12,69.42714975119966,amplifier_voltage
18154.65305042045,49.36716141752953,49.367081516946755,94.73647024835982,87.39848169682239,7.757615054565848e-07,2.004978581463564e-12,69.36716141752953,amplifier_voltage
18280.62149751245,49.307172099743454,49.30709329654036,95.39299369546079,87.41639862776722,7.598411479767554e-07,1.9368600897345e-12,69.30717209974345,amplifier_voltage
18407.463993236463,49.24718181133056,49.24710409043521,96.05407814988745,87.43419229454676,7.442474273051243e-07,1.8710556929548755e-12,69.24718181133056,amplifier_voltage
18535.18660229377,49.187190565595515,49.18711391214299,96.71975522004716,87.45186354248935,7.289736447259807e-07,1.8074867874365882e-12,69.18719056559551,amplifier_voltage
18663.79543146648,49.1271983756609,49.12712277499044,97.39005673393235,87.46941321118153,7.14013238804498e-07,1.7460774389860844e-12,69.1271983756609,amplifier_voltage
18793.296629909382,49.06720525446978,49.06713069212199,98.06501474064167,87.48684213450595,6.993597825766708e-07,1.6867542922664862e-12,69.06720525446978,amplifier_voltage
18923.696389443987,49.007211214788136,49.007137676502225,98.7446615119124,87.50415114067897,6.850069807966453e-07,1.6294464832360502e-12,69.00721121478813,amplifier_voltage
19055.0009448546,48.94721626920724,48.94714374091828,99.4290295436638,87.52134105228805,6.709486672402858e-07,1.5740855545586756e-12,68.94721626920725,amplifier_voltage
19187.216574186295,48.887220430146144,48.8871488979824,100.11815155755006,87.538412686329,6.571788020638538e-07,1.520605373885684e-12,68.88722043014614,amplifier_voltage
19320.349599045294,48.8272237098539,48.82715316013413,100.81206050252597,87.5553668542429,6.436914692166241e-07,1.4689420549112633e-12,68.8272237098539,amplifier_voltage
19454.406384901078,48.76722612041192,48.76715653964282,101.51078955642164,87.57220436195283,6.304808739064106e-07,1.4190338811077458e-12,68.76722612041192,amplifier_voltage
19589.393341390773,48.70722767373633,48.7071590486099,102.21437212752897,87.58892600990043,6.175413401168695e-07,1.3708212320495905e-12,68.70722767373633,amplifier_voltage
19725.316922625665,48.64722838158009,48.647160698971135,102.92284185619928,87.60553259308217,6.048673081755403e-07,1.3242465122382744e-12,68.64722838158009,amplifier_voltage
19862.183627499606,48.587228255535415,48.58716150249898,103.63623261645081,87.62202490108547,5.924533323716178e-07,1.2792540823433746e-12,68.58722825553542,amplifier_voltage
20000.0,48.52722730703572,48.527161470804685,104.35457851758989,87.63840371812444,5.802940786223746e-07,1.2357901927775622e-12,68.52722730703573,amplifier_voltage
