ISO-10303-21;
HEADER;
FILE_DESCRIPTION(('Open CASCADE Model'),'2;1');
FILE_NAME('Open CASCADE Shape Model','2026-07-31T00:42:27',('Author'),(
    'Open CASCADE'),'Open CASCADE STEP processor 7.8','Open CASCADE 7.8'
  ,'Unknown');
FILE_SCHEMA(('AUTOMOTIVE_DESIGN { 1 0 10303 214 1 1 1 1 }'));
ENDSEC;
DATA;
#1 = APPLICATION_PROTOCOL_DEFINITION('international standard',
  'automotive_design',2000,#2);
#2 = APPLICATION_CONTEXT(
  'core data for automotive mechanical design processes');
#3 = SHAPE_DEFINITION_REPRESENTATION(#4,#10);
#4 = PRODUCT_DEFINITION_SHAPE('','',#5);
#5 = PRODUCT_DEFINITION('design','',#6,#9);
#6 = PRODUCT_DEFINITION_FORMATION('','',#7);
#7 = PRODUCT('Open CASCADE STEP translator 7.8 1',
  'Open CASCADE STEP translator 7.8 1','',(#8));
#8 = PRODUCT_CONTEXT('',#2,'mechanical');
#9 = PRODUCT_DEFINITION_CONTEXT('part definition',#2,'design');
#10 = ADVANCED_BREP_SHAPE_REPRESENTATION('',(#11,#15),#5057);
#11 = AXIS2_PLACEMENT_3D('',#12,#13,#14);
#12 = CARTESIAN_POINT('',(0.,0.,0.));
#13 = DIRECTION('',(0.,0.,1.));
#14 = DIRECTION('',(1.,0.,-0.));
#15 = MANIFOLD_SOLID_BREP('',#16);
#16 = CLOSED_SHELL('',(#17,#905,#3051,#5030));
#17 = ADVANCED_FACE('',(#18),#32,.F.);
#18 = FACE_BOUND('',#19,.F.);
#19 = EDGE_LOOP('',(#20,#212,#558,#559));
#20 = ORIENTED_EDGE('',*,*,#21,.T.);
#21 = EDGE_CURVE('',#22,#24,#26,.T.);
#22 = VERTEX_POINT('',#23);
#23 = CARTESIAN_POINT('',(92.,-4.440892098501E-16,0.));
#24 = VERTEX_POINT('',#25);
#25 = CARTESIAN_POINT('',(92.,-4.440892098501E-16,2.));
#26 = SEAM_CURVE('',#27,(#31,#205),.PCURVE_S1.);
#27 = LINE('',#28,#29);
#28 = CARTESIAN_POINT('',(92.,-4.440892098501E-16,0.));
#29 = VECTOR('',#30,1.);
#30 = DIRECTION('',(0.,0.,1.));
#31 = PCURVE('',#32,#199);
#32 = SURFACE_OF_LINEAR_EXTRUSION('',#33,#197);
#33 = B_SPLINE_CURVE_WITH_KNOTS('',3,(#34,#35,#36,#37,#38,#39,#40,#41,
    #42,#43,#44,#45,#46,#47,#48,#49,#50,#51,#52,#53,#54,#55,#56,#57,#58,
    #59,#60,#61,#62,#63,#64,#65,#66,#67,#68,#69,#70,#71,#72,#73,#74,#75,
    #76,#77,#78,#79,#80,#81,#82,#83,#84,#85,#86,#87,#88,#89,#90,#91,#92,
    #93,#94,#95,#96,#97,#98,#99,#100,#101,#102,#103,#104,#105,#106,#107,
    #108,#109,#110,#111,#112,#113,#114,#115,#116,#117,#118,#119,#120,
    #121,#122,#123,#124,#125,#126,#127,#128,#129,#130,#131,#132,#133,
    #134,#135,#136,#137,#138,#139,#140,#141,#142,#143,#144,#145,#146,
    #147,#148,#149,#150,#151,#152,#153,#154,#155,#156,#157,#158,#159,
    #160,#161,#162,#163,#164,#165,#166,#167,#168,#169,#170,#171,#172,
    #173,#174,#175,#176,#177,#178,#179,#180,#181,#182,#183,#184,#185,
    #186,#187,#188,#189,#190,#191,#192,#193,#194,#195,#196),
  .UNSPECIFIED.,.T.,.F.,(1,1,2,1,1,1,1,1,1,1,1,1,1,1,1,1,1,1,1,1,1,1,1,1
    ,1,1,1,1,1,1,1,1,1,1,1,1,1,1,1,1,1,1,1,1,1,1,1,1,1,1,1,1,1,1,1,1,1,1
    ,1,1,1,1,1,1,1,1,1,1,1,1,1,1,1,1,1,1,1,1,1,1,1,1,1,1,1,1,1,1,1,1,1,1
    ,1,1,1,1,1,1,1,1,1,1,1,1,1,1,1,1,1,1,1,1,1,1,1,1,1,1,1,1,1,1,1,1,1,1
    ,1,1,1,1,1,1,1,1,1,1,1,1,1,1,1,1,1,1,1,1,1,1,1,1,1,1,1,1,1,1,1,1,1,1
    ,1,1,2,1,1),(-26.82365098411,-19.1819076656,0.,19.181907665609,
    26.823650984111,32.625222359041,37.474977286647,41.714878331926,
    45.519988717709,48.994597877403,52.207239863028,55.206274009221,
    58.027785013109,60.699980819126,63.245819809492,65.684669089248,
    68.033397870524,70.307123604883,72.519734816485,74.684264864494,
    76.813163456494,78.918497321758,81.012102787852,83.105708253946,
    85.21104211921,87.339940711209,89.504470759218,91.71708197082,
    93.99080770518,96.339536486456,98.778385766212,101.32422475657,
    103.99642056259,106.81793156648,109.81696571267,113.0296076983,
    116.50421685799,120.30932724377,124.54922828905,129.39898321666,
    135.20055459159,142.84229791009,162.02420428017,181.20611324131,
    188.84785655981,194.64942793474,199.49918286235,203.73908390763,
    207.54419429341,211.0188034531,214.23144543873,217.23047958492,
    220.05199058881,222.72418639483,225.27002538519,227.70887466495,
    230.05760344622,232.33132918058,234.54394039218,236.70847044019,
    238.83736903219,240.94270289746,243.03630836355,245.12991382965,
    247.23524769491,249.36414628691,251.52867633492,253.74128754652,
    256.01501328088,258.36374206216,260.80259134191,263.34843033228,
    266.02062613829,268.84213714218,271.84117128837,275.053813274,
    278.52842243369,282.33353281948,286.57343386476,291.42318879236,
    297.22476016729,304.86650348579,324.04840933913,343.23031881701,
    350.87206213551,356.67363351044,361.52338843805,365.76328948333,
    369.56839986911,373.04300902881,376.25565101443,379.25468516062,
    382.07619616451,384.74839197053,387.2942309609,389.73308024065,
    392.08180902193,394.35553475629,396.56814596789,398.7326760159,
    400.8615746079,402.96690847316,405.06051393926,407.15411940535,
    409.25945327061,411.38835186261,413.55288191062,415.76549312222,
    418.03921885658,420.38794763786,422.82679691762,425.37263590798,
    428.044831714,430.86634271789,433.86537686408,437.0780188497,
    440.5526280094,444.35773839518,448.59763944046,453.44739436807,
    459.248965743,466.8907090615,486.07261452166,505.25452439272,
    512.89626771122,518.69783908615,523.54759401375,527.78749505903,
    531.59260544482,535.06721460451,538.27985659014,541.27889073633,
    544.10040174022,546.77259754623,549.3184365366,551.75728581635,
    554.10601459763,556.37974033199,558.59235154359,560.7568815916,
    562.8857801836,564.99111404887,567.08471951496,569.17832498105,
    571.28365884632,573.41255743832,575.57708748633,577.78969869793,
    580.06342443229,582.41215321356,584.85100249332,587.39684148369,
    590.0690372897,592.89054829359,595.88958243978,599.10222442541,
    602.5768335851,606.38194397089,610.62184501616,615.47159994377,
    621.2731713187,628.9149146372,648.09682230281,667.27872996842,
    674.92047328692),.UNSPECIFIED.);
#34 = CARTESIAN_POINT('',(92.035056964884,-6.392092294843,0.));
#35 = CARTESIAN_POINT('',(91.964943035116,6.392092294843,0.));
#36 = CARTESIAN_POINT('',(92.02690186837,15.335679874911,0.));
#37 = CARTESIAN_POINT('',(91.893168160605,26.209964305033,0.));
#38 = CARTESIAN_POINT('',(91.721015185382,32.305587405256,0.));
#39 = CARTESIAN_POINT('',(91.479907194257,37.263860034879,0.));
#40 = CARTESIAN_POINT('',(91.169987525105,41.551379754264,0.));
#41 = CARTESIAN_POINT('',(90.790651306348,45.37298219642,0.));
#42 = CARTESIAN_POINT('',(90.341532823241,48.84205289639,0.));
#43 = CARTESIAN_POINT('',(89.822160252551,52.02940523191,0.));
#44 = CARTESIAN_POINT('',(89.231997377366,54.982769845669,0.));
#45 = CARTESIAN_POINT('',(88.570416686097,57.736067903244,0.));
#46 = CARTESIAN_POINT('',(87.836692047627,60.314365886362,0.));
#47 = CARTESIAN_POINT('',(87.029986846826,62.736749072891,0.));
#48 = CARTESIAN_POINT('',(86.14934199812,65.018094775413,0.));
#49 = CARTESIAN_POINT('',(85.19366197571,67.170221319381,0.));
#50 = CARTESIAN_POINT('',(84.161698496155,69.202662802197,0.));
#51 = CARTESIAN_POINT('',(83.052030864892,71.123209382592,0.));
#52 = CARTESIAN_POINT('',(81.863041757518,72.938295255253,0.));
#53 = CARTESIAN_POINT('',(80.592886792461,74.653284580331,0.));
#54 = CARTESIAN_POINT('',(79.239455852839,76.272687076841,0.));
#55 = CARTESIAN_POINT('',(77.800323711554,77.800323711554,0.));
#56 = CARTESIAN_POINT('',(76.272687076841,79.239455852839,0.));
#57 = CARTESIAN_POINT('',(74.653284580331,80.592886792461,0.));
#58 = CARTESIAN_POINT('',(72.938295255253,81.863041757517,0.));
#59 = CARTESIAN_POINT('',(71.123209382592,83.052030864893,0.));
#60 = CARTESIAN_POINT('',(69.202662802197,84.161698496149,0.));
#61 = CARTESIAN_POINT('',(67.170221319382,85.193661975733,0.));
#62 = CARTESIAN_POINT('',(65.018094775408,86.149341998032,0.));
#63 = CARTESIAN_POINT('',(62.73674907291,87.029986847175,0.));
#64 = CARTESIAN_POINT('',(60.314365886285,87.836692046235,0.));
#65 = CARTESIAN_POINT('',(57.736067903554,88.570416691701,0.));
#66 = CARTESIAN_POINT('',(54.982769844411,89.231997354594,0.));
#67 = CARTESIAN_POINT('',(52.029405237076,89.82216034608,0.));
#68 = CARTESIAN_POINT('',(48.8420528749,90.341532434198,0.));
#69 = CARTESIAN_POINT('',(45.372982287248,90.790652950653,0.));
#70 = CARTESIAN_POINT('',(41.551379362082,91.169980425219,0.));
#71 = CARTESIAN_POINT('',(37.263861781325,91.479938811139,0.));
#72 = CARTESIAN_POINT('',(32.305579233149,91.720867241189,0.));
#73 = CARTESIAN_POINT('',(26.210006395938,91.893930155706,0.));
#74 = CARTESIAN_POINT('',(15.335329450808,92.020550122898,0.));
#75 = CARTESIAN_POINT('',(4.318417644235E-07,91.985304362682,0.));
#76 = CARTESIAN_POINT('',(-15.33532858715,92.020550131914,0.));
#77 = CARTESIAN_POINT('',(-26.21000639593,91.893930155831,0.));
#78 = CARTESIAN_POINT('',(-32.30557923314,91.720867241165,0.));
#79 = CARTESIAN_POINT('',(-37.26386178132,91.479938811144,0.));
#80 = CARTESIAN_POINT('',(-41.55137936208,91.169980425218,0.));
#81 = CARTESIAN_POINT('',(-45.37298228724,90.790652950654,0.));
#82 = CARTESIAN_POINT('',(-48.8420528749,90.341532434198,0.));
#83 = CARTESIAN_POINT('',(-52.02940523707,89.82216034608,0.));
#84 = CARTESIAN_POINT('',(-54.98276984441,89.231997354594,0.));
#85 = CARTESIAN_POINT('',(-57.73606790355,88.570416691701,0.));
#86 = CARTESIAN_POINT('',(-60.31436588628,87.836692046235,0.));
#87 = CARTESIAN_POINT('',(-62.73674907291,87.029986847175,0.));
#88 = CARTESIAN_POINT('',(-65.0180947754,86.149341998032,0.));
#89 = CARTESIAN_POINT('',(-67.17022131938,85.193661975733,0.));
#90 = CARTESIAN_POINT('',(-69.20266280219,84.161698496149,0.));
#91 = CARTESIAN_POINT('',(-71.12320938259,83.052030864893,0.));
#92 = CARTESIAN_POINT('',(-72.93829525525,81.863041757517,0.));
#93 = CARTESIAN_POINT('',(-74.65328458033,80.592886792461,0.));
#94 = CARTESIAN_POINT('',(-76.27268707684,79.239455852839,0.));
#95 = CARTESIAN_POINT('',(-77.80032371155,77.800323711554,0.));
#96 = CARTESIAN_POINT('',(-79.23945585283,76.272687076841,0.));
#97 = CARTESIAN_POINT('',(-80.59288679246,74.653284580331,0.));
#98 = CARTESIAN_POINT('',(-81.86304175751,72.938295255253,0.));
#99 = CARTESIAN_POINT('',(-83.05203086489,71.123209382592,0.));
#100 = CARTESIAN_POINT('',(-84.16169849614,69.202662802197,0.));
#101 = CARTESIAN_POINT('',(-85.19366197573,67.170221319382,0.));
#102 = CARTESIAN_POINT('',(-86.14934199803,65.018094775408,0.));
#103 = CARTESIAN_POINT('',(-87.02998684717,62.73674907291,0.));
#104 = CARTESIAN_POINT('',(-87.83669204623,60.314365886285,0.));
#105 = CARTESIAN_POINT('',(-88.5704166917,57.736067903554,0.));
#106 = CARTESIAN_POINT('',(-89.23199735459,54.982769844411,0.));
#107 = CARTESIAN_POINT('',(-89.82216034608,52.029405237076,0.));
#108 = CARTESIAN_POINT('',(-90.34153243419,48.8420528749,0.));
#109 = CARTESIAN_POINT('',(-90.79065295065,45.372982287248,0.));
#110 = CARTESIAN_POINT('',(-91.16998042522,41.551379362082,0.));
#111 = CARTESIAN_POINT('',(-91.47993881113,37.263861781325,0.));
#112 = CARTESIAN_POINT('',(-91.72086724119,32.305579233149,0.));
#113 = CARTESIAN_POINT('',(-91.89393015568,26.210006395938,0.));
#114 = CARTESIAN_POINT('',(-92.0205501211,15.335329623051,0.));
#115 = CARTESIAN_POINT('',(-91.98530436268,6.040903205266E-07,0.));
#116 = CARTESIAN_POINT('',(-92.02055013371,-15.3353284149,0.));
#117 = CARTESIAN_POINT('',(-91.89393015585,-26.21000639593,0.));
#118 = CARTESIAN_POINT('',(-91.72086724116,-32.30557923314,0.));
#119 = CARTESIAN_POINT('',(-91.47993881114,-37.26386178132,0.));
#120 = CARTESIAN_POINT('',(-91.16998042521,-41.55137936208,0.));
#121 = CARTESIAN_POINT('',(-90.79065295065,-45.37298228724,0.));
#122 = CARTESIAN_POINT('',(-90.34153243419,-48.8420528749,0.));
#123 = CARTESIAN_POINT('',(-89.82216034608,-52.02940523707,0.));
#124 = CARTESIAN_POINT('',(-89.23199735459,-54.98276984441,0.));
#125 = CARTESIAN_POINT('',(-88.5704166917,-57.73606790355,0.));
#126 = CARTESIAN_POINT('',(-87.83669204623,-60.31436588628,0.));
#127 = CARTESIAN_POINT('',(-87.02998684717,-62.73674907291,0.));
#128 = CARTESIAN_POINT('',(-86.14934199803,-65.0180947754,0.));
#129 = CARTESIAN_POINT('',(-85.19366197573,-67.17022131938,0.));
#130 = CARTESIAN_POINT('',(-84.16169849614,-69.20266280219,0.));
#131 = CARTESIAN_POINT('',(-83.05203086489,-71.12320938259,0.));
#132 = CARTESIAN_POINT('',(-81.86304175751,-72.93829525525,0.));
#133 = CARTESIAN_POINT('',(-80.59288679246,-74.65328458033,0.));
#134 = CARTESIAN_POINT('',(-79.23945585283,-76.27268707684,0.));
#135 = CARTESIAN_POINT('',(-77.80032371155,-77.80032371155,0.));
#136 = CARTESIAN_POINT('',(-76.27268707684,-79.23945585283,0.));
#137 = CARTESIAN_POINT('',(-74.65328458033,-80.59288679246,0.));
#138 = CARTESIAN_POINT('',(-72.93829525525,-81.86304175751,0.));
#139 = CARTESIAN_POINT('',(-71.12320938259,-83.05203086489,0.));
#140 = CARTESIAN_POINT('',(-69.20266280219,-84.16169849614,0.));
#141 = CARTESIAN_POINT('',(-67.17022131938,-85.19366197573,0.));
#142 = CARTESIAN_POINT('',(-65.0180947754,-86.14934199803,0.));
#143 = CARTESIAN_POINT('',(-62.73674907291,-87.02998684717,0.));
#144 = CARTESIAN_POINT('',(-60.31436588628,-87.83669204623,0.));
#145 = CARTESIAN_POINT('',(-57.73606790355,-88.5704166917,0.));
#146 = CARTESIAN_POINT('',(-54.98276984441,-89.23199735459,0.));
#147 = CARTESIAN_POINT('',(-52.02940523707,-89.82216034608,0.));
#148 = CARTESIAN_POINT('',(-48.8420528749,-90.34153243419,0.));
#149 = CARTESIAN_POINT('',(-45.37298228724,-90.79065295065,0.));
#150 = CARTESIAN_POINT('',(-41.55137936208,-91.16998042522,0.));
#151 = CARTESIAN_POINT('',(-37.26386178132,-91.47993881113,0.));
#152 = CARTESIAN_POINT('',(-32.30557923315,-91.72086724119,0.));
#153 = CARTESIAN_POINT('',(-26.21000639593,-91.89393015566,0.));
#154 = CARTESIAN_POINT('',(-15.3353297541,-92.02055011973,0.));
#155 = CARTESIAN_POINT('',(-7.351502337048E-07,-91.98530436268,0.));
#156 = CARTESIAN_POINT('',(15.335328283853,-92.02055013508,0.));
#157 = CARTESIAN_POINT('',(26.210006395938,-91.89393015587,0.));
#158 = CARTESIAN_POINT('',(32.305579233149,-91.72086724115,0.));
#159 = CARTESIAN_POINT('',(37.263861781325,-91.47993881114,0.));
#160 = CARTESIAN_POINT('',(41.551379362082,-91.16998042521,0.));
#161 = CARTESIAN_POINT('',(45.372982287248,-90.79065295065,0.));
#162 = CARTESIAN_POINT('',(48.8420528749,-90.34153243419,0.));
#163 = CARTESIAN_POINT('',(52.029405237076,-89.82216034608,0.));
#164 = CARTESIAN_POINT('',(54.982769844411,-89.23199735459,0.));
#165 = CARTESIAN_POINT('',(57.736067903554,-88.5704166917,0.));
#166 = CARTESIAN_POINT('',(60.314365886285,-87.83669204623,0.));
#167 = CARTESIAN_POINT('',(62.73674907291,-87.02998684717,0.));
#168 = CARTESIAN_POINT('',(65.018094775408,-86.14934199803,0.));
#169 = CARTESIAN_POINT('',(67.170221319382,-85.19366197573,0.));
#170 = CARTESIAN_POINT('',(69.202662802197,-84.16169849614,0.));
#171 = CARTESIAN_POINT('',(71.123209382592,-83.05203086489,0.));
#172 = CARTESIAN_POINT('',(72.938295255253,-81.86304175751,0.));
#173 = CARTESIAN_POINT('',(74.653284580331,-80.59288679246,0.));
#174 = CARTESIAN_POINT('',(76.272687076841,-79.23945585283,0.));
#175 = CARTESIAN_POINT('',(77.800323711554,-77.80032371155,0.));
#176 = CARTESIAN_POINT('',(79.239455852839,-76.27268707684,0.));
#177 = CARTESIAN_POINT('',(80.592886792461,-74.65328458033,0.));
#178 = CARTESIAN_POINT('',(81.863041757517,-72.93829525525,0.));
#179 = CARTESIAN_POINT('',(83.052030864895,-71.12320938259,0.));
#180 = CARTESIAN_POINT('',(84.161698496143,-69.20266280219,0.));
#181 = CARTESIAN_POINT('',(85.193661975755,-67.17022131938,0.));
#182 = CARTESIAN_POINT('',(86.149341997944,-65.01809477541,0.));
#183 = CARTESIAN_POINT('',(87.029986847524,-62.73674907289,0.));
#184 = CARTESIAN_POINT('',(87.836692044843,-60.31436588636,0.));
#185 = CARTESIAN_POINT('',(88.570416697305,-57.73606790324,0.));
#186 = CARTESIAN_POINT('',(89.231997331821,-54.98276984566,0.));
#187 = CARTESIAN_POINT('',(89.82216043961,-52.02940523191,0.));
#188 = CARTESIAN_POINT('',(90.341532045155,-48.84205289639,0.));
#189 = CARTESIAN_POINT('',(90.790654594959,-45.37298219642,0.));
#190 = CARTESIAN_POINT('',(91.169973325333,-41.55137975426,0.));
#191 = CARTESIAN_POINT('',(91.479970428026,-37.26386003487,0.));
#192 = CARTESIAN_POINT('',(91.720719296973,-32.30558740525,0.));
#193 = CARTESIAN_POINT('',(91.894692150932,-26.20996430503,0.));
#194 = CARTESIAN_POINT('',(92.014198386441,-15.33567987491,0.));
#195 = CARTESIAN_POINT('',(92.035056964884,-6.392092294843,0.));
#196 = CARTESIAN_POINT('',(91.964943035116,6.392092294843,0.));
#197 = VECTOR('',#198,1.);
#198 = DIRECTION('',(-0.,-0.,-1.));
#199 = DEFINITIONAL_REPRESENTATION('',(#200),#204);
#200 = LINE('',#201,#202);
#201 = CARTESIAN_POINT('',(0.,0.));
#202 = VECTOR('',#203,1.);
#203 = DIRECTION('',(0.,-1.));
#204 = ( GEOMETRIC_REPRESENTATION_CONTEXT(2) 
PARAMETRIC_REPRESENTATION_CONTEXT() REPRESENTATION_CONTEXT('2D SPACE',''
  ) );
#205 = PCURVE('',#32,#206);
#206 = DEFINITIONAL_REPRESENTATION('',(#207),#211);
#207 = LINE('',#208,#209);
#208 = CARTESIAN_POINT('',(648.09682230281,0.));
#209 = VECTOR('',#210,1.);
#210 = DIRECTION('',(0.,-1.));
#211 = ( GEOMETRIC_REPRESENTATION_CONTEXT(2) 
PARAMETRIC_REPRESENTATION_CONTEXT() REPRESENTATION_CONTEXT('2D SPACE',''
  ) );
#212 = ORIENTED_EDGE('',*,*,#213,.T.);
#213 = EDGE_CURVE('',#24,#24,#214,.T.);
#214 = SURFACE_CURVE('',#215,(#379,#386),.PCURVE_S1.);
#215 = B_SPLINE_CURVE_WITH_KNOTS('',3,(#216,#217,#218,#219,#220,#221,
    #222,#223,#224,#225,#226,#227,#228,#229,#230,#231,#232,#233,#234,
    #235,#236,#237,#238,#239,#240,#241,#242,#243,#244,#245,#246,#247,
    #248,#249,#250,#251,#252,#253,#254,#255,#256,#257,#258,#259,#260,
    #261,#262,#263,#264,#265,#266,#267,#268,#269,#270,#271,#272,#273,
    #274,#275,#276,#277,#278,#279,#280,#281,#282,#283,#284,#285,#286,
    #287,#288,#289,#290,#291,#292,#293,#294,#295,#296,#297,#298,#299,
    #300,#301,#302,#303,#304,#305,#306,#307,#308,#309,#310,#311,#312,
    #313,#314,#315,#316,#317,#318,#319,#320,#321,#322,#323,#324,#325,
    #326,#327,#328,#329,#330,#331,#332,#333,#334,#335,#336,#337,#338,
    #339,#340,#341,#342,#343,#344,#345,#346,#347,#348,#349,#350,#351,
    #352,#353,#354,#355,#356,#357,#358,#359,#360,#361,#362,#363,#364,
    #365,#366,#367,#368,#369,#370,#371,#372,#373,#374,#375,#376,#377,
    #378),.UNSPECIFIED.,.T.,.F.,(1,1,2,1,1,1,1,1,1,1,1,1,1,1,1,1,1,1,1,1
    ,1,1,1,1,1,1,1,1,1,1,1,1,1,1,1,1,1,1,1,1,1,1,1,1,1,1,1,1,1,1,1,1,1,1
    ,1,1,1,1,1,1,1,1,1,1,1,1,1,1,1,1,1,1,1,1,1,1,1,1,1,1,1,1,1,1,1,1,1,1
    ,1,1,1,1,1,1,1,1,1,1,1,1,1,1,1,1,1,1,1,1,1,1,1,1,1,1,1,1,1,1,1,1,1,1
    ,1,1,1,1,1,1,1,1,1,1,1,1,1,1,1,1,1,1,1,1,1,1,1,1,1,1,1,1,1,1,1,1,1,1
    ,1,1,1,1,1,1,2,1,1),(-26.82365098411,-19.1819076656,0.,
    19.181907665609,26.823650984111,32.625222359041,37.474977286647,
    41.714878331926,45.519988717709,48.994597877403,52.207239863028,
    55.206274009221,58.027785013109,60.699980819126,63.245819809492,
    65.684669089248,68.033397870524,70.307123604883,72.519734816485,
    74.684264864494,76.813163456494,78.918497321758,81.012102787852,
    83.105708253946,85.21104211921,87.339940711209,89.504470759218,
    91.71708197082,93.99080770518,96.339536486456,98.778385766212,
    101.32422475657,103.99642056259,106.81793156648,109.81696571267,
    113.0296076983,116.50421685799,120.30932724377,124.54922828905,
    129.39898321666,135.20055459159,142.84229791009,162.02420428017,
    181.20611324131,188.84785655981,194.64942793474,199.49918286235,
    203.73908390763,207.54419429341,211.0188034531,214.23144543873,
    217.23047958492,220.05199058881,222.72418639483,225.27002538519,
    227.70887466495,230.05760344622,232.33132918058,234.54394039218,
    236.70847044019,238.83736903219,240.94270289746,243.03630836355,
    245.12991382965,247.23524769491,249.36414628691,251.52867633492,
    253.74128754652,256.01501328088,258.36374206216,260.80259134191,
    263.34843033228,266.02062613829,268.84213714218,271.84117128837,
    275.053813274,278.52842243369,282.33353281948,286.57343386476,
    291.42318879236,297.22476016729,304.86650348579,324.04840933913,
    343.23031881701,350.87206213551,356.67363351044,361.52338843805,
    365.76328948333,369.56839986911,373.04300902881,376.25565101443,
    379.25468516062,382.07619616451,384.74839197053,387.2942309609,
    389.73308024065,392.08180902193,394.35553475629,396.56814596789,
    398.7326760159,400.8615746079,402.96690847316,405.06051393926,
    407.15411940535,409.25945327061,411.38835186261,413.55288191062,
    415.76549312222,418.03921885658,420.38794763786,422.82679691762,
    425.37263590798,428.044831714,430.86634271789,433.86537686408,
    437.0780188497,440.5526280094,444.35773839518,448.59763944046,
    453.44739436807,459.248965743,466.8907090615,486.07261452166,
    505.25452439272,512.89626771122,518.69783908615,523.54759401375,
    527.78749505903,531.59260544482,535.06721460451,538.27985659014,
    541.27889073633,544.10040174022,546.77259754623,549.3184365366,
    551.75728581635,554.10601459763,556.37974033199,558.59235154359,
    560.7568815916,562.8857801836,564.99111404887,567.08471951496,
    569.17832498105,571.28365884632,573.41255743832,575.57708748633,
    577.78969869793,580.06342443229,582.41215321356,584.85100249332,
    587.39684148369,590.0690372897,592.89054829359,595.88958243978,
    599.10222442541,602.5768335851,606.38194397089,610.62184501616,
    615.47159994377,621.2731713187,628.9149146372,648.09682230281,
    667.27872996842,674.92047328692),.UNSPECIFIED.);
#216 = CARTESIAN_POINT('',(92.035056964884,-6.392092294843,2.));
#217 = CARTESIAN_POINT('',(91.964943035116,6.392092294843,2.));
#218 = CARTESIAN_POINT('',(92.02690186837,15.335679874911,2.));
#219 = CARTESIAN_POINT('',(91.893168160605,26.209964305033,2.));
#220 = CARTESIAN_POINT('',(91.721015185382,32.305587405256,2.));
#221 = CARTESIAN_POINT('',(91.479907194257,37.263860034879,2.));
#222 = CARTESIAN_POINT('',(91.169987525105,41.551379754264,2.));
#223 = CARTESIAN_POINT('',(90.790651306348,45.37298219642,2.));
#224 = CARTESIAN_POINT('',(90.341532823241,48.84205289639,2.));
#225 = CARTESIAN_POINT('',(89.822160252551,52.02940523191,2.));
#226 = CARTESIAN_POINT('',(89.231997377366,54.982769845669,2.));
#227 = CARTESIAN_POINT('',(88.570416686097,57.736067903244,2.));
#228 = CARTESIAN_POINT('',(87.836692047627,60.314365886362,2.));
#229 = CARTESIAN_POINT('',(87.029986846826,62.736749072891,2.));
#230 = CARTESIAN_POINT('',(86.14934199812,65.018094775413,2.));
#231 = CARTESIAN_POINT('',(85.19366197571,67.170221319381,2.));
#232 = CARTESIAN_POINT('',(84.161698496155,69.202662802197,2.));
#233 = CARTESIAN_POINT('',(83.052030864892,71.123209382592,2.));
#234 = CARTESIAN_POINT('',(81.863041757518,72.938295255253,2.));
#235 = CARTESIAN_POINT('',(80.592886792461,74.653284580331,2.));
#236 = CARTESIAN_POINT('',(79.239455852839,76.272687076841,2.));
#237 = CARTESIAN_POINT('',(77.800323711554,77.800323711554,2.));
#238 = CARTESIAN_POINT('',(76.272687076841,79.239455852839,2.));
#239 = CARTESIAN_POINT('',(74.653284580331,80.592886792461,2.));
#240 = CARTESIAN_POINT('',(72.938295255253,81.863041757517,2.));
#241 = CARTESIAN_POINT('',(71.123209382592,83.052030864893,2.));
#242 = CARTESIAN_POINT('',(69.202662802197,84.161698496149,2.));
#243 = CARTESIAN_POINT('',(67.170221319382,85.193661975733,2.));
#244 = CARTESIAN_POINT('',(65.018094775408,86.149341998032,2.));
#245 = CARTESIAN_POINT('',(62.73674907291,87.029986847175,2.));
#246 = CARTESIAN_POINT('',(60.314365886285,87.836692046235,2.));
#247 = CARTESIAN_POINT('',(57.736067903554,88.570416691701,2.));
#248 = CARTESIAN_POINT('',(54.982769844411,89.231997354594,2.));
#249 = CARTESIAN_POINT('',(52.029405237076,89.82216034608,2.));
#250 = CARTESIAN_POINT('',(48.8420528749,90.341532434198,2.));
#251 = CARTESIAN_POINT('',(45.372982287248,90.790652950653,2.));
#252 = CARTESIAN_POINT('',(41.551379362082,91.169980425219,2.));
#253 = CARTESIAN_POINT('',(37.263861781325,91.479938811139,2.));
#254 = CARTESIAN_POINT('',(32.305579233149,91.720867241189,2.));
#255 = CARTESIAN_POINT('',(26.210006395938,91.893930155706,2.));
#256 = CARTESIAN_POINT('',(15.335329450808,92.020550122898,2.));
#257 = CARTESIAN_POINT('',(4.318417644235E-07,91.985304362682,2.));
#258 = CARTESIAN_POINT('',(-15.33532858715,92.020550131914,2.));
#259 = CARTESIAN_POINT('',(-26.21000639593,91.893930155831,2.));
#260 = CARTESIAN_POINT('',(-32.30557923314,91.720867241165,2.));
#261 = CARTESIAN_POINT('',(-37.26386178132,91.479938811144,2.));
#262 = CARTESIAN_POINT('',(-41.55137936208,91.169980425218,2.));
#263 = CARTESIAN_POINT('',(-45.37298228724,90.790652950654,2.));
#264 = CARTESIAN_POINT('',(-48.8420528749,90.341532434198,2.));
#265 = CARTESIAN_POINT('',(-52.02940523707,89.82216034608,2.));
#266 = CARTESIAN_POINT('',(-54.98276984441,89.231997354594,2.));
#267 = CARTESIAN_POINT('',(-57.73606790355,88.570416691701,2.));
#268 = CARTESIAN_POINT('',(-60.31436588628,87.836692046235,2.));
#269 = CARTESIAN_POINT('',(-62.73674907291,87.029986847175,2.));
#270 = CARTESIAN_POINT('',(-65.0180947754,86.149341998032,2.));
#271 = CARTESIAN_POINT('',(-67.17022131938,85.193661975733,2.));
#272 = CARTESIAN_POINT('',(-69.20266280219,84.161698496149,2.));
#273 = CARTESIAN_POINT('',(-71.12320938259,83.052030864893,2.));
#274 = CARTESIAN_POINT('',(-72.93829525525,81.863041757517,2.));
#275 = CARTESIAN_POINT('',(-74.65328458033,80.592886792461,2.));
#276 = CARTESIAN_POINT('',(-76.27268707684,79.239455852839,2.));
#277 = CARTESIAN_POINT('',(-77.80032371155,77.800323711554,2.));
#278 = CARTESIAN_POINT('',(-79.23945585283,76.272687076841,2.));
#279 = CARTESIAN_POINT('',(-80.59288679246,74.653284580331,2.));
#280 = CARTESIAN_POINT('',(-81.86304175751,72.938295255253,2.));
#281 = CARTESIAN_POINT('',(-83.05203086489,71.123209382592,2.));
#282 = CARTESIAN_POINT('',(-84.16169849614,69.202662802197,2.));
#283 = CARTESIAN_POINT('',(-85.19366197573,67.170221319382,2.));
#284 = CARTESIAN_POINT('',(-86.14934199803,65.018094775408,2.));
#285 = CARTESIAN_POINT('',(-87.02998684717,62.73674907291,2.));
#286 = CARTESIAN_POINT('',(-87.83669204623,60.314365886285,2.));
#287 = CARTESIAN_POINT('',(-88.5704166917,57.736067903554,2.));
#288 = CARTESIAN_POINT('',(-89.23199735459,54.982769844411,2.));
#289 = CARTESIAN_POINT('',(-89.82216034608,52.029405237076,2.));
#290 = CARTESIAN_POINT('',(-90.34153243419,48.8420528749,2.));
#291 = CARTESIAN_POINT('',(-90.79065295065,45.372982287248,2.));
#292 = CARTESIAN_POINT('',(-91.16998042522,41.551379362082,2.));
#293 = CARTESIAN_POINT('',(-91.47993881113,37.263861781325,2.));
#294 = CARTESIAN_POINT('',(-91.72086724119,32.305579233149,2.));
#295 = CARTESIAN_POINT('',(-91.89393015568,26.210006395938,2.));
#296 = CARTESIAN_POINT('',(-92.0205501211,15.335329623051,2.));
#297 = CARTESIAN_POINT('',(-91.98530436268,6.040903205266E-07,2.));
#298 = CARTESIAN_POINT('',(-92.02055013371,-15.3353284149,2.));
#299 = CARTESIAN_POINT('',(-91.89393015585,-26.21000639593,2.));
#300 = CARTESIAN_POINT('',(-91.72086724116,-32.30557923314,2.));
#301 = CARTESIAN_POINT('',(-91.47993881114,-37.26386178132,2.));
#302 = CARTESIAN_POINT('',(-91.16998042521,-41.55137936208,2.));
#303 = CARTESIAN_POINT('',(-90.79065295065,-45.37298228724,2.));
#304 = CARTESIAN_POINT('',(-90.34153243419,-48.8420528749,2.));
#305 = CARTESIAN_POINT('',(-89.82216034608,-52.02940523707,2.));
#306 = CARTESIAN_POINT('',(-89.23199735459,-54.98276984441,2.));
#307 = CARTESIAN_POINT('',(-88.5704166917,-57.73606790355,2.));
#308 = CARTESIAN_POINT('',(-87.83669204623,-60.31436588628,2.));
#309 = CARTESIAN_POINT('',(-87.02998684717,-62.73674907291,2.));
#310 = CARTESIAN_POINT('',(-86.14934199803,-65.0180947754,2.));
#311 = CARTESIAN_POINT('',(-85.19366197573,-67.17022131938,2.));
#312 = CARTESIAN_POINT('',(-84.16169849614,-69.20266280219,2.));
#313 = CARTESIAN_POINT('',(-83.05203086489,-71.12320938259,2.));
#314 = CARTESIAN_POINT('',(-81.86304175751,-72.93829525525,2.));
#315 = CARTESIAN_POINT('',(-80.59288679246,-74.65328458033,2.));
#316 = CARTESIAN_POINT('',(-79.23945585283,-76.27268707684,2.));
#317 = CARTESIAN_POINT('',(-77.80032371155,-77.80032371155,2.));
#318 = CARTESIAN_POINT('',(-76.27268707684,-79.23945585283,2.));
#319 = CARTESIAN_POINT('',(-74.65328458033,-80.59288679246,2.));
#320 = CARTESIAN_POINT('',(-72.93829525525,-81.86304175751,2.));
#321 = CARTESIAN_POINT('',(-71.12320938259,-83.05203086489,2.));
#322 = CARTESIAN_POINT('',(-69.20266280219,-84.16169849614,2.));
#323 = CARTESIAN_POINT('',(-67.17022131938,-85.19366197573,2.));
#324 = CARTESIAN_POINT('',(-65.0180947754,-86.14934199803,2.));
#325 = CARTESIAN_POINT('',(-62.73674907291,-87.02998684717,2.));
#326 = CARTESIAN_POINT('',(-60.31436588628,-87.83669204623,2.));
#327 = CARTESIAN_POINT('',(-57.73606790355,-88.5704166917,2.));
#328 = CARTESIAN_POINT('',(-54.98276984441,-89.23199735459,2.));
#329 = CARTESIAN_POINT('',(-52.02940523707,-89.82216034608,2.));
#330 = CARTESIAN_POINT('',(-48.8420528749,-90.34153243419,2.));
#331 = CARTESIAN_POINT('',(-45.37298228724,-90.79065295065,2.));
#332 = CARTESIAN_POINT('',(-41.55137936208,-91.16998042522,2.));
#333 = CARTESIAN_POINT('',(-37.26386178132,-91.47993881113,2.));
#334 = CARTESIAN_POINT('',(-32.30557923315,-91.72086724119,2.));
#335 = CARTESIAN_POINT('',(-26.21000639593,-91.89393015566,2.));
#336 = CARTESIAN_POINT('',(-15.3353297541,-92.02055011973,2.));
#337 = CARTESIAN_POINT('',(-7.351502337048E-07,-91.98530436268,2.));
#338 = CARTESIAN_POINT('',(15.335328283853,-92.02055013508,2.));
#339 = CARTESIAN_POINT('',(26.210006395938,-91.89393015587,2.));
#340 = CARTESIAN_POINT('',(32.305579233149,-91.72086724115,2.));
#341 = CARTESIAN_POINT('',(37.263861781325,-91.47993881114,2.));
#342 = CARTESIAN_POINT('',(41.551379362082,-91.16998042521,2.));
#343 = CARTESIAN_POINT('',(45.372982287248,-90.79065295065,2.));
#344 = CARTESIAN_POINT('',(48.8420528749,-90.34153243419,2.));
#345 = CARTESIAN_POINT('',(52.029405237076,-89.82216034608,2.));
#346 = CARTESIAN_POINT('',(54.982769844411,-89.23199735459,2.));
#347 = CARTESIAN_POINT('',(57.736067903554,-88.5704166917,2.));
#348 = CARTESIAN_POINT('',(60.314365886285,-87.83669204623,2.));
#349 = CARTESIAN_POINT('',(62.73674907291,-87.02998684717,2.));
#350 = CARTESIAN_POINT('',(65.018094775408,-86.14934199803,2.));
#351 = CARTESIAN_POINT('',(67.170221319382,-85.19366197573,2.));
#352 = CARTESIAN_POINT('',(69.202662802197,-84.16169849614,2.));
#353 = CARTESIAN_POINT('',(71.123209382592,-83.05203086489,2.));
#354 = CARTESIAN_POINT('',(72.938295255253,-81.86304175751,2.));
#355 = CARTESIAN_POINT('',(74.653284580331,-80.59288679246,2.));
#356 = CARTESIAN_POINT('',(76.272687076841,-79.23945585283,2.));
#357 = CARTESIAN_POINT('',(77.800323711554,-77.80032371155,2.));
#358 = CARTESIAN_POINT('',(79.239455852839,-76.27268707684,2.));
#359 = CARTESIAN_POINT('',(80.592886792461,-74.65328458033,2.));
#360 = CARTESIAN_POINT('',(81.863041757517,-72.93829525525,2.));
#361 = CARTESIAN_POINT('',(83.052030864895,-71.12320938259,2.));
#362 = CARTESIAN_POINT('',(84.161698496143,-69.20266280219,2.));
#363 = CARTESIAN_POINT('',(85.193661975755,-67.17022131938,2.));
#364 = CARTESIAN_POINT('',(86.149341997944,-65.01809477541,2.));
#365 = CARTESIAN_POINT('',(87.029986847524,-62.73674907289,2.));
#366 = CARTESIAN_POINT('',(87.836692044843,-60.31436588636,2.));
#367 = CARTESIAN_POINT('',(88.570416697305,-57.73606790324,2.));
#368 = CARTESIAN_POINT('',(89.231997331821,-54.98276984566,2.));
#369 = CARTESIAN_POINT('',(89.82216043961,-52.02940523191,2.));
#370 = CARTESIAN_POINT('',(90.341532045155,-48.84205289639,2.));
#371 = CARTESIAN_POINT('',(90.790654594959,-45.37298219642,2.));
#372 = CARTESIAN_POINT('',(91.169973325333,-41.55137975426,2.));
#373 = CARTESIAN_POINT('',(91.479970428026,-37.26386003487,2.));
#374 = CARTESIAN_POINT('',(91.720719296973,-32.30558740525,2.));
#375 = CARTESIAN_POINT('',(91.894692150932,-26.20996430503,2.));
#376 = CARTESIAN_POINT('',(92.014198386441,-15.33567987491,2.));
#377 = CARTESIAN_POINT('',(92.035056964884,-6.392092294843,2.));
#378 = CARTESIAN_POINT('',(91.964943035116,6.392092294843,2.));
#379 = PCURVE('',#32,#380);
#380 = DEFINITIONAL_REPRESENTATION('',(#381),#385);
#381 = LINE('',#382,#383);
#382 = CARTESIAN_POINT('',(0.,-2.));
#383 = VECTOR('',#384,1.);
#384 = DIRECTION('',(1.,0.));
#385 = ( GEOMETRIC_REPRESENTATION_CONTEXT(2) 
PARAMETRIC_REPRESENTATION_CONTEXT() REPRESENTATION_CONTEXT('2D SPACE',''
  ) );
#386 = PCURVE('',#387,#392);
#387 = PLANE('',#388);
#388 = AXIS2_PLACEMENT_3D('',#389,#390,#391);
#389 = CARTESIAN_POINT('',(9.610168624189E-06,-2.087329950889E-06,2.));
#390 = DIRECTION('',(0.,0.,1.));
#391 = DIRECTION('',(1.,0.,-0.));
#392 = DEFINITIONAL_REPRESENTATION('',(#393),#557);
#393 = B_SPLINE_CURVE_WITH_KNOTS('',3,(#394,#395,#396,#397,#398,#399,
    #400,#401,#402,#403,#404,#405,#406,#407,#408,#409,#410,#411,#412,
    #413,#414,#415,#416,#417,#418,#419,#420,#421,#422,#423,#424,#425,
    #426,#427,#428,#429,#430,#431,#432,#433,#434,#435,#436,#437,#438,
    #439,#440,#441,#442,#443,#444,#445,#446,#447,#448,#449,#450,#451,
    #452,#453,#454,#455,#456,#457,#458,#459,#460,#461,#462,#463,#464,
    #465,#466,#467,#468,#469,#470,#471,#472,#473,#474,#475,#476,#477,
    #478,#479,#480,#481,#482,#483,#484,#485,#486,#487,#488,#489,#490,
    #491,#492,#493,#494,#495,#496,#497,#498,#499,#500,#501,#502,#503,
    #504,#505,#506,#507,#508,#509,#510,#511,#512,#513,#514,#515,#516,
    #517,#518,#519,#520,#521,#522,#523,#524,#525,#526,#527,#528,#529,
    #530,#531,#532,#533,#534,#535,#536,#537,#538,#539,#540,#541,#542,
    #543,#544,#545,#546,#547,#548,#549,#550,#551,#552,#553,#554,#555,
    #556),.UNSPECIFIED.,.F.,.F.,(1,1,2,1,1,1,1,1,1,1,1,1,1,1,1,1,1,1,1,1
    ,1,1,1,1,1,1,1,1,1,1,1,1,1,1,1,1,1,1,1,1,1,1,1,1,1,1,1,1,1,1,1,1,1,1
    ,1,1,1,1,1,1,1,1,1,1,1,1,1,1,1,1,1,1,1,1,1,1,1,1,1,1,1,1,1,1,1,1,1,1
    ,1,1,1,1,1,1,1,1,1,1,1,1,1,1,1,1,1,1,1,1,1,1,1,1,1,1,1,1,1,1,1,1,1,1
    ,1,1,1,1,1,1,1,1,1,1,1,1,1,1,1,1,1,1,1,1,1,1,1,1,1,1,1,1,1,1,1,1,1,1
    ,1,1,1,1,1,1,2,1,1),(-26.82365098411,-19.1819076656,0.,
    19.181907665609,26.823650984111,32.625222359041,37.474977286647,
    41.714878331926,45.519988717709,48.994597877403,52.207239863028,
    55.206274009221,58.027785013109,60.699980819126,63.245819809492,
    65.684669089248,68.033397870524,70.307123604883,72.519734816485,
    74.684264864494,76.813163456494,78.918497321758,81.012102787852,
    83.105708253946,85.21104211921,87.339940711209,89.504470759218,
    91.71708197082,93.99080770518,96.339536486456,98.778385766212,
    101.32422475657,103.99642056259,106.81793156648,109.81696571267,
    113.0296076983,116.50421685799,120.30932724377,124.54922828905,
    129.39898321666,135.20055459159,142.84229791009,162.02420428017,
    181.20611324131,188.84785655981,194.64942793474,199.49918286235,
    203.73908390763,207.54419429341,211.0188034531,214.23144543873,
    217.23047958492,220.05199058881,222.72418639483,225.27002538519,
    227.70887466495,230.05760344622,232.33132918058,234.54394039218,
    236.70847044019,238.83736903219,240.94270289746,243.03630836355,
    245.12991382965,247.23524769491,249.36414628691,251.52867633492,
    253.74128754652,256.01501328088,258.36374206216,260.80259134191,
    263.34843033228,266.02062613829,268.84213714218,271.84117128837,
    275.053813274,278.52842243369,282.33353281948,286.57343386476,
    291.42318879236,297.22476016729,304.86650348579,324.04840933913,
    343.23031881701,350.87206213551,356.67363351044,361.52338843805,
    365.76328948333,369.56839986911,373.04300902881,376.25565101443,
    379.25468516062,382.07619616451,384.74839197053,387.2942309609,
    389.73308024065,392.08180902193,394.35553475629,396.56814596789,
    398.7326760159,400.8615746079,402.96690847316,405.06051393926,
    407.15411940535,409.25945327061,411.38835186261,413.55288191062,
    415.76549312222,418.03921885658,420.38794763786,422.82679691762,
    425.37263590798,428.044831714,430.86634271789,433.86537686408,
    437.0780188497,440.5526280094,444.35773839518,448.59763944046,
    453.44739436807,459.248965743,466.8907090615,486.07261452166,
    505.25452439272,512.89626771122,518.69783908615,523.54759401375,
    527.78749505903,531.59260544482,535.06721460451,538.27985659014,
    541.27889073633,544.10040174022,546.77259754623,549.3184365366,
    551.75728581635,554.10601459763,556.37974033199,558.59235154359,
    560.7568815916,562.8857801836,564.99111404887,567.08471951496,
    569.17832498105,571.28365884632,573.41255743832,575.57708748633,
    577.78969869793,580.06342443229,582.41215321356,584.85100249332,
    587.39684148369,590.0690372897,592.89054829359,595.88958243978,
    599.10222442541,602.5768335851,606.38194397089,610.62184501616,
    615.47159994377,621.2731713187,628.9149146372,648.09682230281,
    667.27872996842,674.92047328692),.UNSPECIFIED.);
#394 = CARTESIAN_POINT('',(92.035047354715,-6.392090207513));
#395 = CARTESIAN_POINT('',(91.964933424948,6.392094382173));
#396 = CARTESIAN_POINT('',(92.026892258202,15.335681962241));
#397 = CARTESIAN_POINT('',(91.893158550437,26.209966392363));
#398 = CARTESIAN_POINT('',(91.721005575213,32.305589492586));
#399 = CARTESIAN_POINT('',(91.479897584089,37.263862122209));
#400 = CARTESIAN_POINT('',(91.169977914936,41.551381841594));
#401 = CARTESIAN_POINT('',(90.79064169618,45.37298428375));
#402 = CARTESIAN_POINT('',(90.341523213072,48.84205498372));
#403 = CARTESIAN_POINT('',(89.822150642382,52.02940731924));
#404 = CARTESIAN_POINT('',(89.231987767198,54.982771932999));
#405 = CARTESIAN_POINT('',(88.570407075928,57.736069990574));
#406 = CARTESIAN_POINT('',(87.836682437458,60.314367973692));
#407 = CARTESIAN_POINT('',(87.029977236658,62.736751160221));
#408 = CARTESIAN_POINT('',(86.149332387951,65.018096862743));
#409 = CARTESIAN_POINT('',(85.193652365542,67.170223406711));
#410 = CARTESIAN_POINT('',(84.161688885986,69.202664889527));
#411 = CARTESIAN_POINT('',(83.052021254723,71.123211469922));
#412 = CARTESIAN_POINT('',(81.863032147349,72.938297342583));
#413 = CARTESIAN_POINT('',(80.592877182292,74.653286667661));
#414 = CARTESIAN_POINT('',(79.239446242671,76.272689164171));
#415 = CARTESIAN_POINT('',(77.800314101385,77.800325798883));
#416 = CARTESIAN_POINT('',(76.272677466673,79.239457940169));
#417 = CARTESIAN_POINT('',(74.653274970162,80.592888879791));
#418 = CARTESIAN_POINT('',(72.938285645084,81.863043844847));
#419 = CARTESIAN_POINT('',(71.123199772424,83.052032952223));
#420 = CARTESIAN_POINT('',(69.202653192029,84.161700583479));
#421 = CARTESIAN_POINT('',(67.170211709214,85.193664063063));
#422 = CARTESIAN_POINT('',(65.01808516524,86.149344085362));
#423 = CARTESIAN_POINT('',(62.736739462741,87.029988934505));
#424 = CARTESIAN_POINT('',(60.314356276116,87.836694133565));
#425 = CARTESIAN_POINT('',(57.736058293385,88.570418779031));
#426 = CARTESIAN_POINT('',(54.982760234242,89.231999441924));
#427 = CARTESIAN_POINT('',(52.029395626907,89.82216243341));
#428 = CARTESIAN_POINT('',(48.842043264731,90.341534521528));
#429 = CARTESIAN_POINT('',(45.372972677079,90.790655037983));
#430 = CARTESIAN_POINT('',(41.551369751913,91.169982512549));
#431 = CARTESIAN_POINT('',(37.263852171157,91.479940898469));
#432 = CARTESIAN_POINT('',(32.305569622981,91.720869328519));
#433 = CARTESIAN_POINT('',(26.209996785769,91.893932243036));
#434 = CARTESIAN_POINT('',(15.33531984064,92.020552210228));
#435 = CARTESIAN_POINT('',(-9.178326859766E-06,91.985306450012));
#436 = CARTESIAN_POINT('',(-15.33533819732,92.020552219243));
#437 = CARTESIAN_POINT('',(-26.2100160061,91.893932243161));
#438 = CARTESIAN_POINT('',(-32.30558884331,91.720869328495));
#439 = CARTESIAN_POINT('',(-37.26387139149,91.479940898474));
#440 = CARTESIAN_POINT('',(-41.55138897225,91.169982512548));
#441 = CARTESIAN_POINT('',(-45.37299189741,90.790655037983));
#442 = CARTESIAN_POINT('',(-48.84206248506,90.341534521528));
#443 = CARTESIAN_POINT('',(-52.02941484724,89.82216243341));
#444 = CARTESIAN_POINT('',(-54.98277945457,89.231999441924));
#445 = CARTESIAN_POINT('',(-57.73607751372,88.570418779031));
#446 = CARTESIAN_POINT('',(-60.31437549645,87.836694133565));
#447 = CARTESIAN_POINT('',(-62.73675868307,87.029988934505));
#448 = CARTESIAN_POINT('',(-65.01810438557,86.149344085362));
#449 = CARTESIAN_POINT('',(-67.17023092955,85.193664063063));
#450 = CARTESIAN_POINT('',(-69.20267241236,84.161700583479));
#451 = CARTESIAN_POINT('',(-71.12321899276,83.052032952223));
#452 = CARTESIAN_POINT('',(-72.93830486542,81.863043844847));
#453 = CARTESIAN_POINT('',(-74.6532941905,80.592888879791));
#454 = CARTESIAN_POINT('',(-76.27269668701,79.239457940169));
#455 = CARTESIAN_POINT('',(-77.80033332172,77.800325798883));
#456 = CARTESIAN_POINT('',(-79.239465463,76.272689164171));
#457 = CARTESIAN_POINT('',(-80.59289640262,74.653286667661));
#458 = CARTESIAN_POINT('',(-81.86305136768,72.938297342583));
#459 = CARTESIAN_POINT('',(-83.05204047506,71.123211469922));
#460 = CARTESIAN_POINT('',(-84.16170810631,69.202664889527));
#461 = CARTESIAN_POINT('',(-85.1936715859,67.170223406712));
#462 = CARTESIAN_POINT('',(-86.1493516082,65.018096862738));
#463 = CARTESIAN_POINT('',(-87.02999645734,62.73675116024));
#464 = CARTESIAN_POINT('',(-87.8367016564,60.314367973615));
#465 = CARTESIAN_POINT('',(-88.57042630186,57.736069990884));
#466 = CARTESIAN_POINT('',(-89.23200696476,54.982771931741));
#467 = CARTESIAN_POINT('',(-89.82216995624,52.029407324406));
#468 = CARTESIAN_POINT('',(-90.34154204436,48.84205496223));
#469 = CARTESIAN_POINT('',(-90.79066256082,45.372984374578));
#470 = CARTESIAN_POINT('',(-91.16999003538,41.551381449412));
#471 = CARTESIAN_POINT('',(-91.4799484213,37.263863868655));
#472 = CARTESIAN_POINT('',(-91.72087685136,32.305581320479));
#473 = CARTESIAN_POINT('',(-91.89393976585,26.210008483268));
#474 = CARTESIAN_POINT('',(-92.02055973126,15.335331710381));
#475 = CARTESIAN_POINT('',(-91.98531397285,2.691420271416E-06));
#476 = CARTESIAN_POINT('',(-92.02055974388,-15.33532632757));
#477 = CARTESIAN_POINT('',(-91.89393976602,-26.2100043086));
#478 = CARTESIAN_POINT('',(-91.72087685132,-32.30557714581));
#479 = CARTESIAN_POINT('',(-91.47994842131,-37.26385969399));
#480 = CARTESIAN_POINT('',(-91.16999003538,-41.55137727475));
#481 = CARTESIAN_POINT('',(-90.79066256082,-45.37298019991));
#482 = CARTESIAN_POINT('',(-90.34154204436,-48.84205078757));
#483 = CARTESIAN_POINT('',(-89.82216995624,-52.02940314974));
#484 = CARTESIAN_POINT('',(-89.23200696476,-54.98276775708));
#485 = CARTESIAN_POINT('',(-88.57042630186,-57.73606581622));
#486 = CARTESIAN_POINT('',(-87.8367016564,-60.31436379895));
#487 = CARTESIAN_POINT('',(-87.02999645734,-62.73674698558));
#488 = CARTESIAN_POINT('',(-86.1493516082,-65.01809268807));
#489 = CARTESIAN_POINT('',(-85.1936715859,-67.17021923205));
#490 = CARTESIAN_POINT('',(-84.16170810631,-69.20266071486));
#491 = CARTESIAN_POINT('',(-83.05204047506,-71.12320729526));
#492 = CARTESIAN_POINT('',(-81.86305136768,-72.93829316792));
#493 = CARTESIAN_POINT('',(-80.59289640262,-74.653282493));
#494 = CARTESIAN_POINT('',(-79.239465463,-76.27268498951));
#495 = CARTESIAN_POINT('',(-77.80033332172,-77.80032162422));
#496 = CARTESIAN_POINT('',(-76.27269668701,-79.2394537655));
#497 = CARTESIAN_POINT('',(-74.6532941905,-80.59288470513));
#498 = CARTESIAN_POINT('',(-72.93830486542,-81.86303967018));
#499 = CARTESIAN_POINT('',(-71.12321899276,-83.05202877756));
#500 = CARTESIAN_POINT('',(-69.20267241236,-84.16169640881));
#501 = CARTESIAN_POINT('',(-67.17023092955,-85.1936598884));
#502 = CARTESIAN_POINT('',(-65.01810438557,-86.1493399107));
#503 = CARTESIAN_POINT('',(-62.73675868307,-87.02998475984));
#504 = CARTESIAN_POINT('',(-60.31437549645,-87.8366899589));
#505 = CARTESIAN_POINT('',(-57.73607751372,-88.57041460437));
#506 = CARTESIAN_POINT('',(-54.98277945457,-89.23199526726));
#507 = CARTESIAN_POINT('',(-52.02941484724,-89.82215825875));
#508 = CARTESIAN_POINT('',(-48.84206248506,-90.34153034686));
#509 = CARTESIAN_POINT('',(-45.37299189741,-90.79065086332));
#510 = CARTESIAN_POINT('',(-41.55138897225,-91.16997833789));
#511 = CARTESIAN_POINT('',(-37.26387139149,-91.4799367238));
#512 = CARTESIAN_POINT('',(-32.30558884331,-91.72086515386));
#513 = CARTESIAN_POINT('',(-26.2100160061,-91.89392806833));
#514 = CARTESIAN_POINT('',(-15.33533936427,-92.0205480324));
#515 = CARTESIAN_POINT('',(-1.034531885789E-05,-91.98530227535));
#516 = CARTESIAN_POINT('',(15.335318673685,-92.02054804775));
#517 = CARTESIAN_POINT('',(26.20999678577,-91.89392806854));
#518 = CARTESIAN_POINT('',(32.305569622981,-91.72086515382));
#519 = CARTESIAN_POINT('',(37.263852171157,-91.47993672381));
#520 = CARTESIAN_POINT('',(41.551369751913,-91.16997833788));
#521 = CARTESIAN_POINT('',(45.372972677079,-90.79065086332));
#522 = CARTESIAN_POINT('',(48.842043264731,-90.34153034686));
#523 = CARTESIAN_POINT('',(52.029395626907,-89.82215825875));
#524 = CARTESIAN_POINT('',(54.982760234242,-89.23199526726));
#525 = CARTESIAN_POINT('',(57.736058293385,-88.57041460437));
#526 = CARTESIAN_POINT('',(60.314356276116,-87.8366899589));
#527 = CARTESIAN_POINT('',(62.736739462741,-87.02998475984));
#528 = CARTESIAN_POINT('',(65.01808516524,-86.1493399107));
#529 = CARTESIAN_POINT('',(67.170211709214,-85.1936598884));
#530 = CARTESIAN_POINT('',(69.202653192029,-84.16169640881));
#531 = CARTESIAN_POINT('',(71.123199772424,-83.05202877756));
#532 = CARTESIAN_POINT('',(72.938285645084,-81.86303967018));
#533 = CARTESIAN_POINT('',(74.653274970162,-80.59288470513));
#534 = CARTESIAN_POINT('',(76.272677466673,-79.2394537655));
#535 = CARTESIAN_POINT('',(77.800314101385,-77.80032162422));
#536 = CARTESIAN_POINT('',(79.23944624267,-76.27268498951));
#537 = CARTESIAN_POINT('',(80.592877182292,-74.653282493));
#538 = CARTESIAN_POINT('',(81.863032147348,-72.93829316792));
#539 = CARTESIAN_POINT('',(83.052021254726,-71.12320729526));
#540 = CARTESIAN_POINT('',(84.161688885975,-69.20266071486));
#541 = CARTESIAN_POINT('',(85.193652365587,-67.17021923205));
#542 = CARTESIAN_POINT('',(86.149332387775,-65.01809268808));
#543 = CARTESIAN_POINT('',(87.029977237355,-62.73674698556));
#544 = CARTESIAN_POINT('',(87.836682434675,-60.31436379903));
#545 = CARTESIAN_POINT('',(88.570407087136,-57.73606581591));
#546 = CARTESIAN_POINT('',(89.231987721652,-54.98276775833));
#547 = CARTESIAN_POINT('',(89.822150829442,-52.02940314458));
#548 = CARTESIAN_POINT('',(90.341522434987,-48.84205080906));
#549 = CARTESIAN_POINT('',(90.79064498479,-45.37298010909));
#550 = CARTESIAN_POINT('',(91.169963715164,-41.55137766693));
#551 = CARTESIAN_POINT('',(91.479960817857,-37.26385794755));
#552 = CARTESIAN_POINT('',(91.720709686804,-32.30558531792));
#553 = CARTESIAN_POINT('',(91.894682540764,-26.2099622177));
#554 = CARTESIAN_POINT('',(92.014188776273,-15.33567778758));
#555 = CARTESIAN_POINT('',(92.035047354715,-6.392090207513));
#556 = CARTESIAN_POINT('',(91.964933424948,6.392094382173));
#557 = ( GEOMETRIC_REPRESENTATION_CONTEXT(2) 
PARAMETRIC_REPRESENTATION_CONTEXT() REPRESENTATION_CONTEXT('2D SPACE',''
  ) );
#558 = ORIENTED_EDGE('',*,*,#21,.F.);
#559 = ORIENTED_EDGE('',*,*,#560,.F.);
#560 = EDGE_CURVE('',#22,#22,#561,.T.);
#561 = SURFACE_CURVE('',#562,(#726,#733),.PCURVE_S1.);
#562 = B_SPLINE_CURVE_WITH_KNOTS('',3,(#563,#564,#565,#566,#567,#568,
    #569,#570,#571,#572,#573,#574,#575,#576,#577,#578,#579,#580,#581,
    #582,#583,#584,#585,#586,#587,#588,#589,#590,#591,#592,#593,#594,
    #595,#596,#597,#598,#599,#600,#601,#602,#603,#604,#605,#606,#607,
    #608,#609,#610,#611,#612,#613,#614,#615,#616,#617,#618,#619,#620,
    #621,#622,#623,#624,#625,#626,#627,#628,#629,#630,#631,#632,#633,
    #634,#635,#636,#637,#638,#639,#640,#641,#642,#643,#644,#645,#646,
    #647,#648,#649,#650,#651,#652,#653,#654,#655,#656,#657,#658,#659,
    #660,#661,#662,#663,#664,#665,#666,#667,#668,#669,#670,#671,#672,
    #673,#674,#675,#676,#677,#678,#679,#680,#681,#682,#683,#684,#685,
    #686,#687,#688,#689,#690,#691,#692,#693,#694,#695,#696,#697,#698,
    #699,#700,#701,#702,#703,#704,#705,#706,#707,#708,#709,#710,#711,
    #712,#713,#714,#715,#716,#717,#718,#719,#720,#721,#722,#723,#724,
    #725),.UNSPECIFIED.,.T.,.F.,(1,1,2,1,1,1,1,1,1,1,1,1,1,1,1,1,1,1,1,1
    ,1,1,1,1,1,1,1,1,1,1,1,1,1,1,1,1,1,1,1,1,1,1,1,1,1,1,1,1,1,1,1,1,1,1
    ,1,1,1,1,1,1,1,1,1,1,1,1,1,1,1,1,1,1,1,1,1,1,1,1,1,1,1,1,1,1,1,1,1,1
    ,1,1,1,1,1,1,1,1,1,1,1,1,1,1,1,1,1,1,1,1,1,1,1,1,1,1,1,1,1,1,1,1,1,1
    ,1,1,1,1,1,1,1,1,1,1,1,1,1,1,1,1,1,1,1,1,1,1,1,1,1,1,1,1,1,1,1,1,1,1
    ,1,1,1,1,1,1,2,1,1),(-26.82365098411,-19.1819076656,0.,
    19.181907665609,26.823650984111,32.625222359041,37.474977286647,
    41.714878331926,45.519988717709,48.994597877403,52.207239863028,
    55.206274009221,58.027785013109,60.699980819126,63.245819809492,
    65.684669089248,68.033397870524,70.307123604883,72.519734816485,
    74.684264864494,76.813163456494,78.918497321758,81.012102787852,
    83.105708253946,85.21104211921,87.339940711209,89.504470759218,
    91.71708197082,93.99080770518,96.339536486456,98.778385766212,
    101.32422475657,103.99642056259,106.81793156648,109.81696571267,
    113.0296076983,116.50421685799,120.30932724377,124.54922828905,
    129.39898321666,135.20055459159,142.84229791009,162.02420428017,
    181.20611324131,188.84785655981,194.64942793474,199.49918286235,
    203.73908390763,207.54419429341,211.0188034531,214.23144543873,
    217.23047958492,220.05199058881,222.72418639483,225.27002538519,
    227.70887466495,230.05760344622,232.33132918058,234.54394039218,
    236.70847044019,238.83736903219,240.94270289746,243.03630836355,
    245.12991382965,247.23524769491,249.36414628691,251.52867633492,
    253.74128754652,256.01501328088,258.36374206216,260.80259134191,
    263.34843033228,266.02062613829,268.84213714218,271.84117128837,
    275.053813274,278.52842243369,282.33353281948,286.57343386476,
    291.42318879236,297.22476016729,304.86650348579,324.04840933913,
    343.23031881701,350.87206213551,356.67363351044,361.52338843805,
    365.76328948333,369.56839986911,373.04300902881,376.25565101443,
    379.25468516062,382.07619616451,384.74839197053,387.2942309609,
    389.73308024065,392.08180902193,394.35553475629,396.56814596789,
    398.7326760159,400.8615746079,402.96690847316,405.06051393926,
    407.15411940535,409.25945327061,411.38835186261,413.55288191062,
    415.76549312222,418.03921885658,420.38794763786,422.82679691762,
    425.37263590798,428.044831714,430.86634271789,433.86537686408,
    437.0780188497,440.5526280094,444.35773839518,448.59763944046,
    453.44739436807,459.248965743,466.8907090615,486.07261452166,
    505.25452439272,512.89626771122,518.69783908615,523.54759401375,
    527.78749505903,531.59260544482,535.06721460451,538.27985659014,
    541.27889073633,544.10040174022,546.77259754623,549.3184365366,
    551.75728581635,554.10601459763,556.37974033199,558.59235154359,
    560.7568815916,562.8857801836,564.99111404887,567.08471951496,
    569.17832498105,571.28365884632,573.41255743832,575.57708748633,
    577.78969869793,580.06342443229,582.41215321356,584.85100249332,
    587.39684148369,590.0690372897,592.89054829359,595.88958243978,
    599.10222442541,602.5768335851,606.38194397089,610.62184501616,
    615.47159994377,621.2731713187,628.9149146372,648.09682230281,
    667.27872996842,674.92047328692),.UNSPECIFIED.);
#563 = CARTESIAN_POINT('',(92.035056964884,-6.392092294843,0.));
#564 = CARTESIAN_POINT('',(91.964943035116,6.392092294843,0.));
#565 = CARTESIAN_POINT('',(92.02690186837,15.335679874911,0.));
#566 = CARTESIAN_POINT('',(91.893168160605,26.209964305033,0.));
#567 = CARTESIAN_POINT('',(91.721015185382,32.305587405256,0.));
#568 = CARTESIAN_POINT('',(91.479907194257,37.263860034879,0.));
#569 = CARTESIAN_POINT('',(91.169987525105,41.551379754264,0.));
#570 = CARTESIAN_POINT('',(90.790651306348,45.37298219642,0.));
#571 = CARTESIAN_POINT('',(90.341532823241,48.84205289639,0.));
#572 = CARTESIAN_POINT('',(89.822160252551,52.02940523191,0.));
#573 = CARTESIAN_POINT('',(89.231997377366,54.982769845669,0.));
#574 = CARTESIAN_POINT('',(88.570416686097,57.736067903244,0.));
#575 = CARTESIAN_POINT('',(87.836692047627,60.314365886362,0.));
#576 = CARTESIAN_POINT('',(87.029986846826,62.736749072891,0.));
#577 = CARTESIAN_POINT('',(86.14934199812,65.018094775413,0.));
#578 = CARTESIAN_POINT('',(85.19366197571,67.170221319381,0.));
#579 = CARTESIAN_POINT('',(84.161698496155,69.202662802197,0.));
#580 = CARTESIAN_POINT('',(83.052030864892,71.123209382592,0.));
#581 = CARTESIAN_POINT('',(81.863041757518,72.938295255253,0.));
#582 = CARTESIAN_POINT('',(80.592886792461,74.653284580331,0.));
#583 = CARTESIAN_POINT('',(79.239455852839,76.272687076841,0.));
#584 = CARTESIAN_POINT('',(77.800323711554,77.800323711554,0.));
#585 = CARTESIAN_POINT('',(76.272687076841,79.239455852839,0.));
#586 = CARTESIAN_POINT('',(74.653284580331,80.592886792461,0.));
#587 = CARTESIAN_POINT('',(72.938295255253,81.863041757517,0.));
#588 = CARTESIAN_POINT('',(71.123209382592,83.052030864893,0.));
#589 = CARTESIAN_POINT('',(69.202662802197,84.161698496149,0.));
#590 = CARTESIAN_POINT('',(67.170221319382,85.193661975733,0.));
#591 = CARTESIAN_POINT('',(65.018094775408,86.149341998032,0.));
#592 = CARTESIAN_POINT('',(62.73674907291,87.029986847175,0.));
#593 = CARTESIAN_POINT('',(60.314365886285,87.836692046235,0.));
#594 = CARTESIAN_POINT('',(57.736067903554,88.570416691701,0.));
#595 = CARTESIAN_POINT('',(54.982769844411,89.231997354594,0.));
#596 = CARTESIAN_POINT('',(52.029405237076,89.82216034608,0.));
#597 = CARTESIAN_POINT('',(48.8420528749,90.341532434198,0.));
#598 = CARTESIAN_POINT('',(45.372982287248,90.790652950653,0.));
#599 = CARTESIAN_POINT('',(41.551379362082,91.169980425219,0.));
#600 = CARTESIAN_POINT('',(37.263861781325,91.479938811139,0.));
#601 = CARTESIAN_POINT('',(32.305579233149,91.720867241189,0.));
#602 = CARTESIAN_POINT('',(26.210006395938,91.893930155706,0.));
#603 = CARTESIAN_POINT('',(15.335329450808,92.020550122898,0.));
#604 = CARTESIAN_POINT('',(4.318417644235E-07,91.985304362682,0.));
#605 = CARTESIAN_POINT('',(-15.33532858715,92.020550131914,0.));
#606 = CARTESIAN_POINT('',(-26.21000639593,91.893930155831,0.));
#607 = CARTESIAN_POINT('',(-32.30557923314,91.720867241165,0.));
#608 = CARTESIAN_POINT('',(-37.26386178132,91.479938811144,0.));
#609 = CARTESIAN_POINT('',(-41.55137936208,91.169980425218,0.));
#610 = CARTESIAN_POINT('',(-45.37298228724,90.790652950654,0.));
#611 = CARTESIAN_POINT('',(-48.8420528749,90.341532434198,0.));
#612 = CARTESIAN_POINT('',(-52.02940523707,89.82216034608,0.));
#613 = CARTESIAN_POINT('',(-54.98276984441,89.231997354594,0.));
#614 = CARTESIAN_POINT('',(-57.73606790355,88.570416691701,0.));
#615 = CARTESIAN_POINT('',(-60.31436588628,87.836692046235,0.));
#616 = CARTESIAN_POINT('',(-62.73674907291,87.029986847175,0.));
#617 = CARTESIAN_POINT('',(-65.0180947754,86.149341998032,0.));
#618 = CARTESIAN_POINT('',(-67.17022131938,85.193661975733,0.));
#619 = CARTESIAN_POINT('',(-69.20266280219,84.161698496149,0.));
#620 = CARTESIAN_POINT('',(-71.12320938259,83.052030864893,0.));
#621 = CARTESIAN_POINT('',(-72.93829525525,81.863041757517,0.));
#622 = CARTESIAN_POINT('',(-74.65328458033,80.592886792461,0.));
#623 = CARTESIAN_POINT('',(-76.27268707684,79.239455852839,0.));
#624 = CARTESIAN_POINT('',(-77.80032371155,77.800323711554,0.));
#625 = CARTESIAN_POINT('',(-79.23945585283,76.272687076841,0.));
#626 = CARTESIAN_POINT('',(-80.59288679246,74.653284580331,0.));
#627 = CARTESIAN_POINT('',(-81.86304175751,72.938295255253,0.));
#628 = CARTESIAN_POINT('',(-83.05203086489,71.123209382592,0.));
#629 = CARTESIAN_POINT('',(-84.16169849614,69.202662802197,0.));
#630 = CARTESIAN_POINT('',(-85.19366197573,67.170221319382,0.));
#631 = CARTESIAN_POINT('',(-86.14934199803,65.018094775408,0.));
#632 = CARTESIAN_POINT('',(-87.02998684717,62.73674907291,0.));
#633 = CARTESIAN_POINT('',(-87.83669204623,60.314365886285,0.));
#634 = CARTESIAN_POINT('',(-88.5704166917,57.736067903554,0.));
#635 = CARTESIAN_POINT('',(-89.23199735459,54.982769844411,0.));
#636 = CARTESIAN_POINT('',(-89.82216034608,52.029405237076,0.));
#637 = CARTESIAN_POINT('',(-90.34153243419,48.8420528749,0.));
#638 = CARTESIAN_POINT('',(-90.79065295065,45.372982287248,0.));
#639 = CARTESIAN_POINT('',(-91.16998042522,41.551379362082,0.));
#640 = CARTESIAN_POINT('',(-91.47993881113,37.263861781325,0.));
#641 = CARTESIAN_POINT('',(-91.72086724119,32.305579233149,0.));
#642 = CARTESIAN_POINT('',(-91.89393015568,26.210006395938,0.));
#643 = CARTESIAN_POINT('',(-92.0205501211,15.335329623051,0.));
#644 = CARTESIAN_POINT('',(-91.98530436268,6.040903205266E-07,0.));
#645 = CARTESIAN_POINT('',(-92.02055013371,-15.3353284149,0.));
#646 = CARTESIAN_POINT('',(-91.89393015585,-26.21000639593,0.));
#647 = CARTESIAN_POINT('',(-91.72086724116,-32.30557923314,0.));
#648 = CARTESIAN_POINT('',(-91.47993881114,-37.26386178132,0.));
#649 = CARTESIAN_POINT('',(-91.16998042521,-41.55137936208,0.));
#650 = CARTESIAN_POINT('',(-90.79065295065,-45.37298228724,0.));
#651 = CARTESIAN_POINT('',(-90.34153243419,-48.8420528749,0.));
#652 = CARTESIAN_POINT('',(-89.82216034608,-52.02940523707,0.));
#653 = CARTESIAN_POINT('',(-89.23199735459,-54.98276984441,0.));
#654 = CARTESIAN_POINT('',(-88.5704166917,-57.73606790355,0.));
#655 = CARTESIAN_POINT('',(-87.83669204623,-60.31436588628,0.));
#656 = CARTESIAN_POINT('',(-87.02998684717,-62.73674907291,0.));
#657 = CARTESIAN_POINT('',(-86.14934199803,-65.0180947754,0.));
#658 = CARTESIAN_POINT('',(-85.19366197573,-67.17022131938,0.));
#659 = CARTESIAN_POINT('',(-84.16169849614,-69.20266280219,0.));
#660 = CARTESIAN_POINT('',(-83.05203086489,-71.12320938259,0.));
#661 = CARTESIAN_POINT('',(-81.86304175751,-72.93829525525,0.));
#662 = CARTESIAN_POINT('',(-80.59288679246,-74.65328458033,0.));
#663 = CARTESIAN_POINT('',(-79.23945585283,-76.27268707684,0.));
#664 = CARTESIAN_POINT('',(-77.80032371155,-77.80032371155,0.));
#665 = CARTESIAN_POINT('',(-76.27268707684,-79.23945585283,0.));
#666 = CARTESIAN_POINT('',(-74.65328458033,-80.59288679246,0.));
#667 = CARTESIAN_POINT('',(-72.93829525525,-81.86304175751,0.));
#668 = CARTESIAN_POINT('',(-71.12320938259,-83.05203086489,0.));
#669 = CARTESIAN_POINT('',(-69.20266280219,-84.16169849614,0.));
#670 = CARTESIAN_POINT('',(-67.17022131938,-85.19366197573,0.));
#671 = CARTESIAN_POINT('',(-65.0180947754,-86.14934199803,0.));
#672 = CARTESIAN_POINT('',(-62.73674907291,-87.02998684717,0.));
#673 = CARTESIAN_POINT('',(-60.31436588628,-87.83669204623,0.));
#674 = CARTESIAN_POINT('',(-57.73606790355,-88.5704166917,0.));
#675 = CARTESIAN_POINT('',(-54.98276984441,-89.23199735459,0.));
#676 = CARTESIAN_POINT('',(-52.02940523707,-89.82216034608,0.));
#677 = CARTESIAN_POINT('',(-48.8420528749,-90.34153243419,0.));
#678 = CARTESIAN_POINT('',(-45.37298228724,-90.79065295065,0.));
#679 = CARTESIAN_POINT('',(-41.55137936208,-91.16998042522,0.));
#680 = CARTESIAN_POINT('',(-37.26386178132,-91.47993881113,0.));
#681 = CARTESIAN_POINT('',(-32.30557923315,-91.72086724119,0.));
#682 = CARTESIAN_POINT('',(-26.21000639593,-91.89393015566,0.));
#683 = CARTESIAN_POINT('',(-15.3353297541,-92.02055011973,0.));
#684 = CARTESIAN_POINT('',(-7.351502337048E-07,-91.98530436268,0.));
#685 = CARTESIAN_POINT('',(15.335328283853,-92.02055013508,0.));
#686 = CARTESIAN_POINT('',(26.210006395938,-91.89393015587,0.));
#687 = CARTESIAN_POINT('',(32.305579233149,-91.72086724115,0.));
#688 = CARTESIAN_POINT('',(37.263861781325,-91.47993881114,0.));
#689 = CARTESIAN_POINT('',(41.551379362082,-91.16998042521,0.));
#690 = CARTESIAN_POINT('',(45.372982287248,-90.79065295065,0.));
#691 = CARTESIAN_POINT('',(48.8420528749,-90.34153243419,0.));
#692 = CARTESIAN_POINT('',(52.029405237076,-89.82216034608,0.));
#693 = CARTESIAN_POINT('',(54.982769844411,-89.23199735459,0.));
#694 = CARTESIAN_POINT('',(57.736067903554,-88.5704166917,0.));
#695 = CARTESIAN_POINT('',(60.314365886285,-87.83669204623,0.));
#696 = CARTESIAN_POINT('',(62.73674907291,-87.02998684717,0.));
#697 = CARTESIAN_POINT('',(65.018094775408,-86.14934199803,0.));
#698 = CARTESIAN_POINT('',(67.170221319382,-85.19366197573,0.));
#699 = CARTESIAN_POINT('',(69.202662802197,-84.16169849614,0.));
#700 = CARTESIAN_POINT('',(71.123209382592,-83.05203086489,0.));
#701 = CARTESIAN_POINT('',(72.938295255253,-81.86304175751,0.));
#702 = CARTESIAN_POINT('',(74.653284580331,-80.59288679246,0.));
#703 = CARTESIAN_POINT('',(76.272687076841,-79.23945585283,0.));
#704 = CARTESIAN_POINT('',(77.800323711554,-77.80032371155,0.));
#705 = CARTESIAN_POINT('',(79.239455852839,-76.27268707684,0.));
#706 = CARTESIAN_POINT('',(80.592886792461,-74.65328458033,0.));
#707 = CARTESIAN_POINT('',(81.863041757517,-72.93829525525,0.));
#708 = CARTESIAN_POINT('',(83.052030864895,-71.12320938259,0.));
#709 = CARTESIAN_POINT('',(84.161698496143,-69.20266280219,0.));
#710 = CARTESIAN_POINT('',(85.193661975755,-67.17022131938,0.));
#711 = CARTESIAN_POINT('',(86.149341997944,-65.01809477541,0.));
#712 = CARTESIAN_POINT('',(87.029986847524,-62.73674907289,0.));
#713 = CARTESIAN_POINT('',(87.836692044843,-60.31436588636,0.));
#714 = CARTESIAN_POINT('',(88.570416697305,-57.73606790324,0.));
#715 = CARTESIAN_POINT('',(89.231997331821,-54.98276984566,0.));
#716 = CARTESIAN_POINT('',(89.82216043961,-52.02940523191,0.));
#717 = CARTESIAN_POINT('',(90.341532045155,-48.84205289639,0.));
#718 = CARTESIAN_POINT('',(90.790654594959,-45.37298219642,0.));
#719 = CARTESIAN_POINT('',(91.169973325333,-41.55137975426,0.));
#720 = CARTESIAN_POINT('',(91.479970428026,-37.26386003487,0.));
#721 = CARTESIAN_POINT('',(91.720719296973,-32.30558740525,0.));
#722 = CARTESIAN_POINT('',(91.894692150932,-26.20996430503,0.));
#723 = CARTESIAN_POINT('',(92.014198386441,-15.33567987491,0.));
#724 = CARTESIAN_POINT('',(92.035056964884,-6.392092294843,0.));
#725 = CARTESIAN_POINT('',(91.964943035116,6.392092294843,0.));
#726 = PCURVE('',#32,#727);
#727 = DEFINITIONAL_REPRESENTATION('',(#728),#732);
#728 = LINE('',#729,#730);
#729 = CARTESIAN_POINT('',(0.,0.));
#730 = VECTOR('',#731,1.);
#731 = DIRECTION('',(1.,0.));
#732 = ( GEOMETRIC_REPRESENTATION_CONTEXT(2) 
PARAMETRIC_REPRESENTATION_CONTEXT() REPRESENTATION_CONTEXT('2D SPACE',''
  ) );
#733 = PCURVE('',#734,#739);
#734 = PLANE('',#735);
#735 = AXIS2_PLACEMENT_3D('',#736,#737,#738);
#736 = CARTESIAN_POINT('',(9.610168624189E-06,-2.087329950889E-06,0.));
#737 = DIRECTION('',(0.,0.,1.));
#738 = DIRECTION('',(1.,0.,-0.));
#739 = DEFINITIONAL_REPRESENTATION('',(#740),#904);
#740 = B_SPLINE_CURVE_WITH_KNOTS('',3,(#741,#742,#743,#744,#745,#746,
    #747,#748,#749,#750,#751,#752,#753,#754,#755,#756,#757,#758,#759,
    #760,#761,#762,#763,#764,#765,#766,#767,#768,#769,#770,#771,#772,
    #773,#774,#775,#776,#777,#778,#779,#780,#781,#782,#783,#784,#785,
    #786,#787,#788,#789,#790,#791,#792,#793,#794,#795,#796,#797,#798,
    #799,#800,#801,#802,#803,#804,#805,#806,#807,#808,#809,#810,#811,
    #812,#813,#814,#815,#816,#817,#818,#819,#820,#821,#822,#823,#824,
    #825,#826,#827,#828,#829,#830,#831,#832,#833,#834,#835,#836,#837,
    #838,#839,#840,#841,#842,#843,#844,#845,#846,#847,#848,#849,#850,
    #851,#852,#853,#854,#855,#856,#857,#858,#859,#860,#861,#862,#863,
    #864,#865,#866,#867,#868,#869,#870,#871,#872,#873,#874,#875,#876,
    #877,#878,#879,#880,#881,#882,#883,#884,#885,#886,#887,#888,#889,
    #890,#891,#892,#893,#894,#895,#896,#897,#898,#899,#900,#901,#902,
    #903),.UNSPECIFIED.,.F.,.F.,(1,1,2,1,1,1,1,1,1,1,1,1,1,1,1,1,1,1,1,1
    ,1,1,1,1,1,1,1,1,1,1,1,1,1,1,1,1,1,1,1,1,1,1,1,1,1,1,1,1,1,1,1,1,1,1
    ,1,1,1,1,1,1,1,1,1,1,1,1,1,1,1,1,1,1,1,1,1,1,1,1,1,1,1,1,1,1,1,1,1,1
    ,1,1,1,1,1,1,1,1,1,1,1,1,1,1,1,1,1,1,1,1,1,1,1,1,1,1,1,1,1,1,1,1,1,1
    ,1,1,1,1,1,1,1,1,1,1,1,1,1,1,1,1,1,1,1,1,1,1,1,1,1,1,1,1,1,1,1,1,1,1
    ,1,1,1,1,1,1,2,1,1),(-26.82365098411,-19.1819076656,0.,
    19.181907665609,26.823650984111,32.625222359041,37.474977286647,
    41.714878331926,45.519988717709,48.994597877403,52.207239863028,
    55.206274009221,58.027785013109,60.699980819126,63.245819809492,
    65.684669089248,68.033397870524,70.307123604883,72.519734816485,
    74.684264864494,76.813163456494,78.918497321758,81.012102787852,
    83.105708253946,85.21104211921,87.339940711209,89.504470759218,
    91.71708197082,93.99080770518,96.339536486456,98.778385766212,
    101.32422475657,103.99642056259,106.81793156648,109.81696571267,
    113.0296076983,116.50421685799,120.30932724377,124.54922828905,
    129.39898321666,135.20055459159,142.84229791009,162.02420428017,
    181.20611324131,188.84785655981,194.64942793474,199.49918286235,
    203.73908390763,207.54419429341,211.0188034531,214.23144543873,
    217.23047958492,220.05199058881,222.72418639483,225.27002538519,
    227.70887466495,230.05760344622,232.33132918058,234.54394039218,
    236.70847044019,238.83736903219,240.94270289746,243.03630836355,
    245.12991382965,247.23524769491,249.36414628691,251.52867633492,
    253.74128754652,256.01501328088,258.36374206216,260.80259134191,
    263.34843033228,266.02062613829,268.84213714218,271.84117128837,
    275.053813274,278.52842243369,282.33353281948,286.57343386476,
    291.42318879236,297.22476016729,304.86650348579,324.04840933913,
    343.23031881701,350.87206213551,356.67363351044,361.52338843805,
    365.76328948333,369.56839986911,373.04300902881,376.25565101443,
    379.25468516062,382.07619616451,384.74839197053,387.2942309609,
    389.73308024065,392.08180902193,394.35553475629,396.56814596789,
    398.7326760159,400.8615746079,402.96690847316,405.06051393926,
    407.15411940535,409.25945327061,411.38835186261,413.55288191062,
    415.76549312222,418.03921885658,420.38794763786,422.82679691762,
    425.37263590798,428.044831714,430.86634271789,433.86537686408,
    437.0780188497,440.5526280094,444.35773839518,448.59763944046,
    453.44739436807,459.248965743,466.8907090615,486.07261452166,
    505.25452439272,512.89626771122,518.69783908615,523.54759401375,
    527.78749505903,531.59260544482,535.06721460451,538.27985659014,
    541.27889073633,544.10040174022,546.77259754623,549.3184365366,
    551.75728581635,554.10601459763,556.37974033199,558.59235154359,
    560.7568815916,562.8857801836,564.99111404887,567.08471951496,
    569.17832498105,571.28365884632,573.41255743832,575.57708748633,
    577.78969869793,580.06342443229,582.41215321356,584.85100249332,
    587.39684148369,590.0690372897,592.89054829359,595.88958243978,
    599.10222442541,602.5768335851,606.38194397089,610.62184501616,
    615.47159994377,621.2731713187,628.9149146372,648.09682230281,
    667.27872996842,674.92047328692),.UNSPECIFIED.);
#741 = CARTESIAN_POINT('',(92.035047354715,-6.392090207513));
#742 = CARTESIAN_POINT('',(91.964933424948,6.392094382173));
#743 = CARTESIAN_POINT('',(92.026892258202,15.335681962241));
#744 = CARTESIAN_POINT('',(91.893158550437,26.209966392363));
#745 = CARTESIAN_POINT('',(91.721005575213,32.305589492586));
#746 = CARTESIAN_POINT('',(91.479897584089,37.263862122209));
#747 = CARTESIAN_POINT('',(91.169977914936,41.551381841594));
#748 = CARTESIAN_POINT('',(90.79064169618,45.37298428375));
#749 = CARTESIAN_POINT('',(90.341523213072,48.84205498372));
#750 = CARTESIAN_POINT('',(89.822150642382,52.02940731924));
#751 = CARTESIAN_POINT('',(89.231987767198,54.982771932999));
#752 = CARTESIAN_POINT('',(88.570407075928,57.736069990574));
#753 = CARTESIAN_POINT('',(87.836682437458,60.314367973692));
#754 = CARTESIAN_POINT('',(87.029977236658,62.736751160221));
#755 = CARTESIAN_POINT('',(86.149332387951,65.018096862743));
#756 = CARTESIAN_POINT('',(85.193652365542,67.170223406711));
#757 = CARTESIAN_POINT('',(84.161688885986,69.202664889527));
#758 = CARTESIAN_POINT('',(83.052021254723,71.123211469922));
#759 = CARTESIAN_POINT('',(81.863032147349,72.938297342583));
#760 = CARTESIAN_POINT('',(80.592877182292,74.653286667661));
#761 = CARTESIAN_POINT('',(79.239446242671,76.272689164171));
#762 = CARTESIAN_POINT('',(77.800314101385,77.800325798883));
#763 = CARTESIAN_POINT('',(76.272677466673,79.239457940169));
#764 = CARTESIAN_POINT('',(74.653274970162,80.592888879791));
#765 = CARTESIAN_POINT('',(72.938285645084,81.863043844847));
#766 = CARTESIAN_POINT('',(71.123199772424,83.052032952223));
#767 = CARTESIAN_POINT('',(69.202653192029,84.161700583479));
#768 = CARTESIAN_POINT('',(67.170211709214,85.193664063063));
#769 = CARTESIAN_POINT('',(65.01808516524,86.149344085362));
#770 = CARTESIAN_POINT('',(62.736739462741,87.029988934505));
#771 = CARTESIAN_POINT('',(60.314356276116,87.836694133565));
#772 = CARTESIAN_POINT('',(57.736058293385,88.570418779031));
#773 = CARTESIAN_POINT('',(54.982760234242,89.231999441924));
#774 = CARTESIAN_POINT('',(52.029395626907,89.82216243341));
#775 = CARTESIAN_POINT('',(48.842043264731,90.341534521528));
#776 = CARTESIAN_POINT('',(45.372972677079,90.790655037983));
#777 = CARTESIAN_POINT('',(41.551369751913,91.169982512549));
#778 = CARTESIAN_POINT('',(37.263852171157,91.479940898469));
#779 = CARTESIAN_POINT('',(32.305569622981,91.720869328519));
#780 = CARTESIAN_POINT('',(26.209996785769,91.893932243036));
#781 = CARTESIAN_POINT('',(15.33531984064,92.020552210228));
#782 = CARTESIAN_POINT('',(-9.178326859766E-06,91.985306450012));
#783 = CARTESIAN_POINT('',(-15.33533819732,92.020552219243));
#784 = CARTESIAN_POINT('',(-26.2100160061,91.893932243161));
#785 = CARTESIAN_POINT('',(-32.30558884331,91.720869328495));
#786 = CARTESIAN_POINT('',(-37.26387139149,91.479940898474));
#787 = CARTESIAN_POINT('',(-41.55138897225,91.169982512548));
#788 = CARTESIAN_POINT('',(-45.37299189741,90.790655037983));
#789 = CARTESIAN_POINT('',(-48.84206248506,90.341534521528));
#790 = CARTESIAN_POINT('',(-52.02941484724,89.82216243341));
#791 = CARTESIAN_POINT('',(-54.98277945457,89.231999441924));
#792 = CARTESIAN_POINT('',(-57.73607751372,88.570418779031));
#793 = CARTESIAN_POINT('',(-60.31437549645,87.836694133565));
#794 = CARTESIAN_POINT('',(-62.73675868307,87.029988934505));
#795 = CARTESIAN_POINT('',(-65.01810438557,86.149344085362));
#796 = CARTESIAN_POINT('',(-67.17023092955,85.193664063063));
#797 = CARTESIAN_POINT('',(-69.20267241236,84.161700583479));
#798 = CARTESIAN_POINT('',(-71.12321899276,83.052032952223));
#799 = CARTESIAN_POINT('',(-72.93830486542,81.863043844847));
#800 = CARTESIAN_POINT('',(-74.6532941905,80.592888879791));
#801 = CARTESIAN_POINT('',(-76.27269668701,79.239457940169));
#802 = CARTESIAN_POINT('',(-77.80033332172,77.800325798883));
#803 = CARTESIAN_POINT('',(-79.239465463,76.272689164171));
#804 = CARTESIAN_POINT('',(-80.59289640262,74.653286667661));
#805 = CARTESIAN_POINT('',(-81.86305136768,72.938297342583));
#806 = CARTESIAN_POINT('',(-83.05204047506,71.123211469922));
#807 = CARTESIAN_POINT('',(-84.16170810631,69.202664889527));
#808 = CARTESIAN_POINT('',(-85.1936715859,67.170223406712));
#809 = CARTESIAN_POINT('',(-86.1493516082,65.018096862738));
#810 = CARTESIAN_POINT('',(-87.02999645734,62.73675116024));
#811 = CARTESIAN_POINT('',(-87.8367016564,60.314367973615));
#812 = CARTESIAN_POINT('',(-88.57042630186,57.736069990884));
#813 = CARTESIAN_POINT('',(-89.23200696476,54.982771931741));
#814 = CARTESIAN_POINT('',(-89.82216995624,52.029407324406));
#815 = CARTESIAN_POINT('',(-90.34154204436,48.84205496223));
#816 = CARTESIAN_POINT('',(-90.79066256082,45.372984374578));
#817 = CARTESIAN_POINT('',(-91.16999003538,41.551381449412));
#818 = CARTESIAN_POINT('',(-91.4799484213,37.263863868655));
#819 = CARTESIAN_POINT('',(-91.72087685136,32.305581320479));
#820 = CARTESIAN_POINT('',(-91.89393976585,26.210008483268));
#821 = CARTESIAN_POINT('',(-92.02055973126,15.335331710381));
#822 = CARTESIAN_POINT('',(-91.98531397285,2.691420271416E-06));
#823 = CARTESIAN_POINT('',(-92.02055974388,-15.33532632757));
#824 = CARTESIAN_POINT('',(-91.89393976602,-26.2100043086));
#825 = CARTESIAN_POINT('',(-91.72087685132,-32.30557714581));
#826 = CARTESIAN_POINT('',(-91.47994842131,-37.26385969399));
#827 = CARTESIAN_POINT('',(-91.16999003538,-41.55137727475));
#828 = CARTESIAN_POINT('',(-90.79066256082,-45.37298019991));
#829 = CARTESIAN_POINT('',(-90.34154204436,-48.84205078757));
#830 = CARTESIAN_POINT('',(-89.82216995624,-52.02940314974));
#831 = CARTESIAN_POINT('',(-89.23200696476,-54.98276775708));
#832 = CARTESIAN_POINT('',(-88.57042630186,-57.73606581622));
#833 = CARTESIAN_POINT('',(-87.8367016564,-60.31436379895));
#834 = CARTESIAN_POINT('',(-87.02999645734,-62.73674698558));
#835 = CARTESIAN_POINT('',(-86.1493516082,-65.01809268807));
#836 = CARTESIAN_POINT('',(-85.1936715859,-67.17021923205));
#837 = CARTESIAN_POINT('',(-84.16170810631,-69.20266071486));
#838 = CARTESIAN_POINT('',(-83.05204047506,-71.12320729526));
#839 = CARTESIAN_POINT('',(-81.86305136768,-72.93829316792));
#840 = CARTESIAN_POINT('',(-80.59289640262,-74.653282493));
#841 = CARTESIAN_POINT('',(-79.239465463,-76.27268498951));
#842 = CARTESIAN_POINT('',(-77.80033332172,-77.80032162422));
#843 = CARTESIAN_POINT('',(-76.27269668701,-79.2394537655));
#844 = CARTESIAN_POINT('',(-74.6532941905,-80.59288470513));
#845 = CARTESIAN_POINT('',(-72.93830486542,-81.86303967018));
#846 = CARTESIAN_POINT('',(-71.12321899276,-83.05202877756));
#847 = CARTESIAN_POINT('',(-69.20267241236,-84.16169640881));
#848 = CARTESIAN_POINT('',(-67.17023092955,-85.1936598884));
#849 = CARTESIAN_POINT('',(-65.01810438557,-86.1493399107));
#850 = CARTESIAN_POINT('',(-62.73675868307,-87.02998475984));
#851 = CARTESIAN_POINT('',(-60.31437549645,-87.8366899589));
#852 = CARTESIAN_POINT('',(-57.73607751372,-88.57041460437));
#853 = CARTESIAN_POINT('',(-54.98277945457,-89.23199526726));
#854 = CARTESIAN_POINT('',(-52.02941484724,-89.82215825875));
#855 = CARTESIAN_POINT('',(-48.84206248506,-90.34153034686));
#856 = CARTESIAN_POINT('',(-45.37299189741,-90.79065086332));
#857 = CARTESIAN_POINT('',(-41.55138897225,-91.16997833789));
#858 = CARTESIAN_POINT('',(-37.26387139149,-91.4799367238));
#859 = CARTESIAN_POINT('',(-32.30558884331,-91.72086515386));
#860 = CARTESIAN_POINT('',(-26.2100160061,-91.89392806833));
#861 = CARTESIAN_POINT('',(-15.33533936427,-92.0205480324));
#862 = CARTESIAN_POINT('',(-1.034531885789E-05,-91.98530227535));
#863 = CARTESIAN_POINT('',(15.335318673685,-92.02054804775));
#864 = CARTESIAN_POINT('',(26.20999678577,-91.89392806854));
#865 = CARTESIAN_POINT('',(32.305569622981,-91.72086515382));
#866 = CARTESIAN_POINT('',(37.263852171157,-91.47993672381));
#867 = CARTESIAN_POINT('',(41.551369751913,-91.16997833788));
#868 = CARTESIAN_POINT('',(45.372972677079,-90.79065086332));
#869 = CARTESIAN_POINT('',(48.842043264731,-90.34153034686));
#870 = CARTESIAN_POINT('',(52.029395626907,-89.82215825875));
#871 = CARTESIAN_POINT('',(54.982760234242,-89.23199526726));
#872 = CARTESIAN_POINT('',(57.736058293385,-88.57041460437));
#873 = CARTESIAN_POINT('',(60.314356276116,-87.8366899589));
#874 = CARTESIAN_POINT('',(62.736739462741,-87.02998475984));
#875 = CARTESIAN_POINT('',(65.01808516524,-86.1493399107));
#876 = CARTESIAN_POINT('',(67.170211709214,-85.1936598884));
#877 = CARTESIAN_POINT('',(69.202653192029,-84.16169640881));
#878 = CARTESIAN_POINT('',(71.123199772424,-83.05202877756));
#879 = CARTESIAN_POINT('',(72.938285645084,-81.86303967018));
#880 = CARTESIAN_POINT('',(74.653274970162,-80.59288470513));
#881 = CARTESIAN_POINT('',(76.272677466673,-79.2394537655));
#882 = CARTESIAN_POINT('',(77.800314101385,-77.80032162422));
#883 = CARTESIAN_POINT('',(79.23944624267,-76.27268498951));
#884 = CARTESIAN_POINT('',(80.592877182292,-74.653282493));
#885 = CARTESIAN_POINT('',(81.863032147348,-72.93829316792));
#886 = CARTESIAN_POINT('',(83.052021254726,-71.12320729526));
#887 = CARTESIAN_POINT('',(84.161688885975,-69.20266071486));
#888 = CARTESIAN_POINT('',(85.193652365587,-67.17021923205));
#889 = CARTESIAN_POINT('',(86.149332387775,-65.01809268808));
#890 = CARTESIAN_POINT('',(87.029977237355,-62.73674698556));
#891 = CARTESIAN_POINT('',(87.836682434675,-60.31436379903));
#892 = CARTESIAN_POINT('',(88.570407087136,-57.73606581591));
#893 = CARTESIAN_POINT('',(89.231987721652,-54.98276775833));
#894 = CARTESIAN_POINT('',(89.822150829442,-52.02940314458));
#895 = CARTESIAN_POINT('',(90.341522434987,-48.84205080906));
#896 = CARTESIAN_POINT('',(90.79064498479,-45.37298010909));
#897 = CARTESIAN_POINT('',(91.169963715164,-41.55137766693));
#898 = CARTESIAN_POINT('',(91.479960817857,-37.26385794755));
#899 = CARTESIAN_POINT('',(91.720709686804,-32.30558531792));
#900 = CARTESIAN_POINT('',(91.894682540764,-26.2099622177));
#901 = CARTESIAN_POINT('',(92.014188776273,-15.33567778758));
#902 = CARTESIAN_POINT('',(92.035047354715,-6.392090207513));
#903 = CARTESIAN_POINT('',(91.964933424948,6.392094382173));
#904 = ( GEOMETRIC_REPRESENTATION_CONTEXT(2) 
PARAMETRIC_REPRESENTATION_CONTEXT() REPRESENTATION_CONTEXT('2D SPACE',''
  ) );
#905 = ADVANCED_FACE('',(#906,#909),#734,.F.);
#906 = FACE_BOUND('',#907,.F.);
#907 = EDGE_LOOP('',(#908));
#908 = ORIENTED_EDGE('',*,*,#560,.T.);
#909 = FACE_BOUND('',#910,.F.);
#910 = EDGE_LOOP('',(#911));
#911 = ORIENTED_EDGE('',*,*,#912,.T.);
#912 = EDGE_CURVE('',#913,#913,#915,.T.);
#913 = VERTEX_POINT('',#914);
#914 = CARTESIAN_POINT('',(88.5,-1.33226762955E-15,0.));
#915 = SURFACE_CURVE('',#916,(#1570,#2227),.PCURVE_S1.);
#916 = B_SPLINE_CURVE_WITH_KNOTS('',8,(#917,#918,#919,#920,#921,#922,
    #923,#924,#925,#926,#927,#928,#929,#930,#931,#932,#933,#934,#935,
    #936,#937,#938,#939,#940,#941,#942,#943,#944,#945,#946,#947,#948,
    #949,#950,#951,#952,#953,#954,#955,#956,#957,#958,#959,#960,#961,
    #962,#963,#964,#965,#966,#967,#968,#969,#970,#971,#972,#973,#974,
    #975,#976,#977,#978,#979,#980,#981,#982,#983,#984,#985,#986,#987,
    #988,#989,#990,#991,#992,#993,#994,#995,#996,#997,#998,#999,#1000,
    #1001,#1002,#1003,#1004,#1005,#1006,#1007,#1008,#1009,#1010,#1011,
    #1012,#1013,#1014,#1015,#1016,#1017,#1018,#1019,#1020,#1021,#1022,
    #1023,#1024,#1025,#1026,#1027,#1028,#1029,#1030,#1031,#1032,#1033,
    #1034,#1035,#1036,#1037,#1038,#1039,#1040,#1041,#1042,#1043,#1044,
    #1045,#1046,#1047,#1048,#1049,#1050,#1051,#1052,#1053,#1054,#1055,
    #1056,#1057,#1058,#1059,#1060,#1061,#1062,#1063,#1064,#1065,#1066,
    #1067,#1068,#1069,#1070,#1071,#1072,#1073,#1074,#1075,#1076,#1077,
    #1078,#1079,#1080,#1081,#1082,#1083,#1084,#1085,#1086,#1087,#1088,
    #1089,#1090,#1091,#1092,#1093,#1094,#1095,#1096,#1097,#1098,#1099,
    #1100,#1101,#1102,#1103,#1104,#1105,#1106,#1107,#1108,#1109,#1110,
    #1111,#1112,#1113,#1114,#1115,#1116,#1117,#1118,#1119,#1120,#1121,
    #1122,#1123,#1124,#1125,#1126,#1127,#1128,#1129,#1130,#1131,#1132,
    #1133,#1134,#1135,#1136,#1137,#1138,#1139,#1140,#1141,#1142,#1143,
    #1144,#1145,#1146,#1147,#1148,#1149,#1150,#1151,#1152,#1153,#1154,
    #1155,#1156,#1157,#1158,#1159,#1160,#1161,#1162,#1163,#1164,#1165,
    #1166,#1167,#1168,#1169,#1170,#1171,#1172,#1173,#1174,#1175,#1176,
    #1177,#1178,#1179,#1180,#1181,#1182,#1183,#1184,#1185,#1186,#1187,
    #1188,#1189,#1190,#1191,#1192,#1193,#1194,#1195,#1196,#1197,#1198,
    #1199,#1200,#1201,#1202,#1203,#1204,#1205,#1206,#1207,#1208,#1209,
    #1210,#1211,#1212,#1213,#1214,#1215,#1216,#1217,#1218,#1219,#1220,
    #1221,#1222,#1223,#1224,#1225,#1226,#1227,#1228,#1229,#1230,#1231,
    #1232,#1233,#1234,#1235,#1236,#1237,#1238,#1239,#1240,#1241,#1242,
    #1243,#1244,#1245,#1246,#1247,#1248,#1249,#1250,#1251,#1252,#1253,
    #1254,#1255,#1256,#1257,#1258,#1259,#1260,#1261,#1262,#1263,#1264,
    #1265,#1266,#1267,#1268,#1269,#1270,#1271,#1272,#1273,#1274,#1275,
    #1276,#1277,#1278,#1279,#1280,#1281,#1282,#1283,#1284,#1285,#1286,
    #1287,#1288,#1289,#1290,#1291,#1292,#1293,#1294,#1295,#1296,#1297,
    #1298,#1299,#1300,#1301,#1302,#1303,#1304,#1305,#1306,#1307,#1308,
    #1309,#1310,#1311,#1312,#1313,#1314,#1315,#1316,#1317,#1318,#1319,
    #1320,#1321,#1322,#1323,#1324,#1325,#1326,#1327,#1328,#1329,#1330,
    #1331,#1332,#1333,#1334,#1335,#1336,#1337,#1338,#1339,#1340,#1341,
    #1342,#1343,#1344,#1345,#1346,#1347,#1348,#1349,#1350,#1351,#1352,
    #1353,#1354,#1355,#1356,#1357,#1358,#1359,#1360,#1361,#1362,#1363,
    #1364,#1365,#1366,#1367,#1368,#1369,#1370,#1371,#1372,#1373,#1374,
    #1375,#1376,#1377,#1378,#1379,#1380,#1381,#1382,#1383,#1384,#1385,
    #1386,#1387,#1388,#1389,#1390,#1391,#1392,#1393,#1394,#1395,#1396,
    #1397,#1398,#1399,#1400,#1401,#1402,#1403,#1404,#1405,#1406,#1407,
    #1408,#1409,#1410,#1411,#1412,#1413,#1414,#1415,#1416,#1417,#1418,
    #1419,#1420,#1421,#1422,#1423,#1424,#1425,#1426,#1427,#1428,#1429,
    #1430,#1431,#1432,#1433,#1434,#1435,#1436,#1437,#1438,#1439,#1440,
    #1441,#1442,#1443,#1444,#1445,#1446,#1447,#1448,#1449,#1450,#1451,
    #1452,#1453,#1454,#1455,#1456,#1457,#1458,#1459,#1460,#1461,#1462,
    #1463,#1464,#1465,#1466,#1467,#1468,#1469,#1470,#1471,#1472,#1473,
    #1474,#1475,#1476,#1477,#1478,#1479,#1480,#1481,#1482,#1483,#1484,
    #1485,#1486,#1487,#1488,#1489,#1490,#1491,#1492,#1493,#1494,#1495,
    #1496,#1497,#1498,#1499,#1500,#1501,#1502,#1503,#1504,#1505,#1506,
    #1507,#1508,#1509,#1510,#1511,#1512,#1513,#1514,#1515,#1516,#1517,
    #1518,#1519,#1520,#1521,#1522,#1523,#1524,#1525,#1526,#1527,#1528,
    #1529,#1530,#1531,#1532,#1533,#1534,#1535,#1536,#1537,#1538,#1539,
    #1540,#1541,#1542,#1543,#1544,#1545,#1546,#1547,#1548,#1549,#1550,
    #1551,#1552,#1553,#1554,#1555,#1556,#1557,#1558,#1559,#1560,#1561,
    #1562,#1563,#1564,#1565,#1566,#1567,#1568,#1569),.UNSPECIFIED.,.T.,
  .F.,(9,7,7,7,7,7,7,7,7,7,7,7,7,7,7,7,7,7,7,7,7,7,7,7,7,7,7,7,7,7,7,7,7
    ,7,7,7,7,7,7,7,7,7,7,7,7,7,7,7,7,7,7,7,7,7,7,7,7,7,7,7,7,7,7,7,7,7,7
    ,7,7,7,7,7,7,7,7,7,7,7,7,7,7,7,7,7,7,7,7,7,7,7,7,7,7,9),(0.,
    2.899769979392E-02,3.699730598176E-02,4.299701736408E-02,
    5.299664066967E-02,6.299625456766E-02,7.199599443177E-02,
    7.799585794359E-02,8.799557834302E-02,9.899532255703E-02,
    0.104995267949,0.114995152758,0.124995010811,0.130994966312,
    0.140994849721,0.151994672169,0.163994367976,0.175993925843,
    0.182993658194,0.193993294837,0.204992923068,0.212992635475,
    0.221992319276,0.249991274891,0.26899058035,0.276990258806,
    0.285989892332,0.297989414816,0.309988986449,0.317988716822,
    0.323988537738,0.333988265644,0.343988071025,0.350987979547,
    0.362987938215,0.37498800296,0.380988119174,0.390988270435,
    0.401988387518,0.413988404746,0.425988284034,0.432988203882,
    0.443988135165,0.454988058037,0.462987984726,0.471987909596,
    0.499987615199,0.51898742958,0.526987322318,0.535987196911,
    0.547987040816,0.559986933873,0.567986878529,0.573986860158,
    0.583986855921,0.59398692916,0.600987025184,0.612987305286,
    0.624987691467,0.630987968401,0.640988387527,0.651988799262,
    0.663989137924,0.675989338642,0.68298944599,0.69398967192,
    0.704989889437,0.712990030414,0.721990196357,0.749990651965,
    0.768990975279,0.776991082303,0.785991197968,0.797991363304,
    0.809991577791,0.817991736735,0.82399187908,0.833992142704,
    0.843992483806,0.850992767335,0.862993368879,0.874994076505,
    0.880994514164,0.890995201164,0.901995907559,0.913996567669,
    0.925997089834,0.932997384776,0.943997905845,0.954998439002,
    0.961998729521,0.971999227479,0.983000005179,1.),.UNSPECIFIED.);
#917 = CARTESIAN_POINT('',(88.5,9.542508435859E-15,0.));
#918 = CARTESIAN_POINT('',(88.512392765127,-2.25963272832,0.));
#919 = CARTESIAN_POINT('',(88.519838499554,-4.519455759065,0.));
#920 = CARTESIAN_POINT('',(88.522506570296,-6.779421015922,0.));
#921 = CARTESIAN_POINT('',(88.520565907754,-9.039481134055,0.));
#922 = CARTESIAN_POINT('',(88.51418500571,-11.2995894601,0.));
#923 = CARTESIAN_POINT('',(88.503531921332,-13.55970005218,0.));
#924 = CARTESIAN_POINT('',(88.488774275172,-15.81976767987,0.));
#925 = CARTESIAN_POINT('',(88.464912634766,-18.70320946497,0.));
#926 = CARTESIAN_POINT('',(88.459491035566,-19.32665984168,0.));
#927 = CARTESIAN_POINT('',(88.453713667365,-19.95009818382,0.));
#928 = CARTESIAN_POINT('',(88.447479143944,-20.57352372642,0.));
#929 = CARTESIAN_POINT('',(88.440685479068,-21.19693571003,0.));
#930 = CARTESIAN_POINT('',(88.433230086478,-21.82033338076,0.));
#931 = CARTESIAN_POINT('',(88.425009779899,-22.44371599027,0.));
#932 = CARTESIAN_POINT('',(88.409102691297,-23.53460888321,0.));
#933 = CARTESIAN_POINT('',(88.401800299112,-24.00212650346,0.));
#934 = CARTESIAN_POINT('',(88.393966393265,-24.46963538715,0.));
#935 = CARTESIAN_POINT('',(88.385555805488,-24.93713489992,0.));
#936 = CARTESIAN_POINT('',(88.376525402458,-25.4046240424,0.));
#937 = CARTESIAN_POINT('',(88.3668340858,-25.87210145024,0.));
#938 = CARTESIAN_POINT('',(88.356442792089,-26.33956539413,0.));
#939 = CARTESIAN_POINT('',(88.326774041892,-27.5861015814,0.));
#940 = CARTESIAN_POINT('',(88.30619219672,-28.36514463908,0.));
#941 = CARTESIAN_POINT('',(88.283446987693,-29.14413377631,0.));
#942 = CARTESIAN_POINT('',(88.258349609484,-29.92305260472,0.));
#943 = CARTESIAN_POINT('',(88.230746320746,-30.70188714549,0.));
#944 = CARTESIAN_POINT('',(88.200527995602,-31.48062667893,0.));
#945 = CARTESIAN_POINT('',(88.167547326958,-32.25925582222,0.));
#946 = CARTESIAN_POINT('',(88.095347135222,-33.81621915826,0.));
#947 = CARTESIAN_POINT('',(88.056185049654,-34.59455983373,0.));
#948 = CARTESIAN_POINT('',(88.013689888878,-35.37272256239,0.));
#949 = CARTESIAN_POINT('',(87.967667261747,-36.15069371042,0.));
#950 = CARTESIAN_POINT('',(87.917895616935,-36.92844712429,0.));
#951 = CARTESIAN_POINT('',(87.864094504741,-37.70593273415,0.));
#952 = CARTESIAN_POINT('',(87.805961405775,-38.48308994585,0.));
#953 = CARTESIAN_POINT('',(87.686850836692,-39.95900226331,0.));
#954 = CARTESIAN_POINT('',(87.62674815908,-40.6578287135,0.));
#955 = CARTESIAN_POINT('',(87.562746512901,-41.3563178426,0.));
#956 = CARTESIAN_POINT('',(87.494625454422,-42.05442193234,0.));
#957 = CARTESIAN_POINT('',(87.422163451678,-42.75209059377,0.));
#958 = CARTESIAN_POINT('',(87.345134659183,-43.4492684853,0.));
#959 = CARTESIAN_POINT('',(87.263305692642,-44.1458930308,0.));
#960 = CARTESIAN_POINT('',(87.118515506877,-45.30589432972,0.));
#961 = CARTESIAN_POINT('',(87.058345402281,-45.76960966861,0.));
#962 = CARTESIAN_POINT('',(86.995852535188,-46.23302133789,0.));
#963 = CARTESIAN_POINT('',(86.930963811427,-46.69610864536,0.));
#964 = CARTESIAN_POINT('',(86.863602597339,-47.15884702307,0.));
#965 = CARTESIAN_POINT('',(86.793688719784,-47.62120802729,0.));
#966 = CARTESIAN_POINT('',(86.721138466136,-48.08315933852,0.));
#967 = CARTESIAN_POINT('',(86.520412223502,-49.31384203256,0.));
#968 = CARTESIAN_POINT('',(86.387371025138,-50.08176543137,0.));
#969 = CARTESIAN_POINT('',(86.246420711571,-50.84834125568,0.));
#970 = CARTESIAN_POINT('',(86.097114264491,-51.61335902903,0.));
#971 = CARTESIAN_POINT('',(85.939003643373,-52.37659970798,0.));
#972 = CARTESIAN_POINT('',(85.771682490721,-53.13786920846,0.));
#973 = CARTESIAN_POINT('',(85.594745824101,-53.89695725092,0.));
#974 = CARTESIAN_POINT('',(85.201884408398,-55.48574761071,0.));
#975 = CARTESIAN_POINT('',(84.983863598473,-56.3149610767,0.));
#976 = CARTESIAN_POINT('',(84.753025050115,-57.14077757964,0.));
#977 = CARTESIAN_POINT('',(84.508691883015,-57.96275798436,0.));
#978 = CARTESIAN_POINT('',(84.250269718645,-58.78047011288,0.));
#979 = CARTESIAN_POINT('',(83.977157304588,-59.5933886432,0.));
#980 = CARTESIAN_POINT('',(83.688670008053,-60.40085350283,0.));
#981 = CARTESIAN_POINT('',(83.218214686531,-61.63946056429,0.));
#982 = CARTESIAN_POINT('',(83.04743031623,-62.07481195955,0.));
#983 = CARTESIAN_POINT('',(82.871806678093,-62.50825833956,0.));
#984 = CARTESIAN_POINT('',(82.691249274051,-62.93969038485,0.));
#985 = CARTESIAN_POINT('',(82.505667889441,-63.36899240514,0.));
#986 = CARTESIAN_POINT('',(82.314976593011,-63.79604233933,0.));
#987 = CARTESIAN_POINT('',(82.119093736913,-64.22071175548,0.));
#988 = CARTESIAN_POINT('',(81.582673526173,-65.34646671647,0.));
#989 = CARTESIAN_POINT('',(81.232795567031,-66.0430976989,0.));
#990 = CARTESIAN_POINT('',(80.867892309358,-66.73214564683,0.));
#991 = CARTESIAN_POINT('',(80.48768570768,-67.41297470826,0.));
#992 = CARTESIAN_POINT('',(80.091943037702,-68.08491787477,0.));
#993 = CARTESIAN_POINT('',(79.680455973399,-68.7472823309,0.));
#994 = CARTESIAN_POINT('',(79.253091144482,-69.39936860827,0.));
#995 = CARTESIAN_POINT('',(78.366708516603,-70.68163164778,0.));
#996 = CARTESIAN_POINT('',(77.907670270059,-71.31182776033,0.));
#997 = CARTESIAN_POINT('',(77.432747377685,-71.93036265087,0.));
#998 = CARTESIAN_POINT('',(76.942043847215,-72.53658117692,0.));
#999 = CARTESIAN_POINT('',(76.435748196509,-73.12985730449,0.));
#1000 = CARTESIAN_POINT('',(75.914112647153,-73.70958850836,0.));
#1001 = CARTESIAN_POINT('',(75.377481066191,-74.27522955329,0.));
#1002 = CARTESIAN_POINT('',(74.495682913571,-75.15703634556,0.));
#1003 = CARTESIAN_POINT('',(74.159777156399,-75.48249020589,0.));
#1004 = CARTESIAN_POINT('',(73.818742861859,-75.8026217292,0.));
#1005 = CARTESIAN_POINT('',(73.472684267635,-76.11734021321,0.));
#1006 = CARTESIAN_POINT('',(73.121715371704,-76.42656976113,0.));
#1007 = CARTESIAN_POINT('',(72.76595993233,-76.7302492816,0.));
#1008 = CARTESIAN_POINT('',(72.405551468064,-77.02833248876,0.));
#1009 = CARTESIAN_POINT('',(71.432432601101,-77.80819960717,0.));
#1010 = CARTESIAN_POINT('',(70.811679364769,-78.2799599244,0.));
#1011 = CARTESIAN_POINT('',(70.179015212062,-78.73588532393,0.));
#1012 = CARTESIAN_POINT('',(69.535112193471,-79.17589570481,0.));
#1013 = CARTESIAN_POINT('',(68.880660226491,-79.60000624898,0.));
#1014 = CARTESIAN_POINT('',(68.216354575434,-80.00831927526,0.));
#1015 = CARTESIAN_POINT('',(67.542883331254,-80.4010160933,0.));
#1016 = CARTESIAN_POINT('',(66.110755011961,-81.19341803231,0.));
#1017 = CARTESIAN_POINT('',(65.350305130501,-81.58984487437,0.));
#1018 = CARTESIAN_POINT('',(64.58045323693,-81.9680966461,0.));
#1019 = CARTESIAN_POINT('',(63.80205682689,-82.32841922279,0.));
#1020 = CARTESIAN_POINT('',(63.015901387902,-82.6713924849,0.));
#1021 = CARTESIAN_POINT('',(62.222731247684,-82.99765003255,0.));
#1022 = CARTESIAN_POINT('',(61.423259129708,-83.30760066599,0.));
#1023 = CARTESIAN_POINT('',(59.739659678233,-83.92312459756,0.));
#1024 = CARTESIAN_POINT('',(58.854578476944,-84.22570606083,0.));
#1025 = CARTESIAN_POINT('',(57.963216781088,-84.51040224159,0.));
#1026 = CARTESIAN_POINT('',(57.067095970082,-84.77832065429,0.));
#1027 = CARTESIAN_POINT('',(56.165803264039,-85.02982331488,0.));
#1028 = CARTESIAN_POINT('',(55.260838723484,-85.26618873773,0.));
#1029 = CARTESIAN_POINT('',(54.352143929451,-85.4879026026,0.));
#1030 = CARTESIAN_POINT('',(52.528524105851,-85.90381038226,0.));
#1031 = CARTESIAN_POINT('',(51.613583364416,-86.09797935376,0.));
#1032 = CARTESIAN_POINT('',(50.695989793384,-86.27921619691,0.));
#1033 = CARTESIAN_POINT('',(49.775830405388,-86.44790396434,0.));
#1034 = CARTESIAN_POINT('',(48.854024070536,-86.60553440686,0.));
#1035 = CARTESIAN_POINT('',(47.930117441579,-86.75181557658,0.));
#1036 = CARTESIAN_POINT('',(47.004893598046,-86.88815652514,0.));
#1037 = CARTESIAN_POINT('',(45.537799349117,-87.0887312656,0.));
#1038 = CARTESIAN_POINT('',(44.996847314703,-87.15935820908,0.));
#1039 = CARTESIAN_POINT('',(44.455488383869,-87.22684198999,0.));
#1040 = CARTESIAN_POINT('',(43.913761346515,-87.29130682265,0.));
#1041 = CARTESIAN_POINT('',(43.371700511334,-87.352870257,0.));
#1042 = CARTESIAN_POINT('',(42.829335705806,-87.41164317869,0.));
#1043 = CARTESIAN_POINT('',(42.286692276205,-87.46772980903,0.));
#1044 = CARTESIAN_POINT('',(40.890660993232,-87.60530293339,0.));
#1045 = CARTESIAN_POINT('',(40.036898260761,-87.68297085519,0.));
#1046 = CARTESIAN_POINT('',(39.182623338541,-87.75472234446,0.));
#1047 = CARTESIAN_POINT('',(38.327903239224,-87.82091559895,0.));
#1048 = CARTESIAN_POINT('',(37.472784388576,-87.88184347747,0.));
#1049 = CARTESIAN_POINT('',(36.617331339364,-87.93786635957,0.));
#1050 = CARTESIAN_POINT('',(35.761626556466,-87.98942275534,0.));
#1051 = CARTESIAN_POINT('',(34.049747141621,-88.08403502064,0.));
#1052 = CARTESIAN_POINT('',(33.193574140671,-88.12713151238,0.));
#1053 = CARTESIAN_POINT('',(32.337199491514,-88.16626094999,0.));
#1054 = CARTESIAN_POINT('',(31.480666426314,-88.20176444923,0.));
#1055 = CARTESIAN_POINT('',(30.624017773819,-88.23399964458,0.));
#1056 = CARTESIAN_POINT('',(29.767272755338,-88.26319503336,0.));
#1057 = CARTESIAN_POINT('',(28.910426863666,-88.28945373693,0.));
#1058 = CARTESIAN_POINT('',(27.430297117481,-88.33032544557,0.));
#1059 = CARTESIAN_POINT('',(26.807044476766,-88.3461373697,0.));
#1060 = CARTESIAN_POINT('',(26.183760372741,-88.3606505095,0.));
#1061 = CARTESIAN_POINT('',(25.560451679451,-88.37395491767,0.));
#1062 = CARTESIAN_POINT('',(24.937123341432,-88.38613469925,0.));
#1063 = CARTESIAN_POINT('',(24.313778373705,-88.39726801159,0.));
#1064 = CARTESIAN_POINT('',(23.690417861782,-88.40742706439,0.));
#1065 = CARTESIAN_POINT('',(22.365742261119,-88.42708457496,0.));
#1066 = CARTESIAN_POINT('',(21.664426711411,-88.43636467566,0.));
#1067 = CARTESIAN_POINT('',(20.963097022363,-88.44460271612,0.));
#1068 = CARTESIAN_POINT('',(20.261756349156,-88.4519091757,0.));
#1069 = CARTESIAN_POINT('',(19.56040787317,-88.45840504356,0.));
#1070 = CARTESIAN_POINT('',(18.859054382826,-88.46420614336,0.));
#1071 = CARTESIAN_POINT('',(18.157697854428,-88.469407458,0.));
#1072 = CARTESIAN_POINT('',(15.274337280647,-88.48853666052,0.));
#1073 = CARTESIAN_POINT('',(13.09231101599,-88.49751622525,0.));
#1074 = CARTESIAN_POINT('',(10.910269528317,-88.50214702541,0.));
#1075 = CARTESIAN_POINT('',(8.728219837343,-88.50356993431,0.));
#1076 = CARTESIAN_POINT('',(6.546166693219,-88.50292582174,0.));
#1077 = CARTESIAN_POINT('',(4.364112576532,-88.50135555395,0.));
#1078 = CARTESIAN_POINT('',(2.182057698311,-88.49999999365,0.));
#1079 = CARTESIAN_POINT('',(-1.480683112333,-88.49999999984,0.));
#1080 = CARTESIAN_POINT('',(-2.961365818415,-88.50062417563,0.));
#1081 = CARTESIAN_POINT('',(-4.442048075127,-88.50151606636,0.));
#1082 = CARTESIAN_POINT('',(-5.922729614274,-88.50231920789,0.));
#1083 = CARTESIAN_POINT('',(-7.403409942559,-88.50267713286,0.));
#1084 = CARTESIAN_POINT('',(-8.884088341588,-88.50223337077,0.));
#1085 = CARTESIAN_POINT('',(-10.36476386786,-88.50063144795,0.));
#1086 = CARTESIAN_POINT('',(-12.46887370969,-88.49620265617,0.));
#1087 = CARTESIAN_POINT('',(-13.09231105442,-88.49462190428,0.));
#1088 = CARTESIAN_POINT('',(-13.71574731597,-88.49274602282,0.));
#1089 = CARTESIAN_POINT('',(-14.3391824233,-88.49054840274,0.));
#1090 = CARTESIAN_POINT('',(-14.96261630538,-88.48800243503,0.));
#1091 = CARTESIAN_POINT('',(-15.58604889119,-88.48508151064,0.));
#1092 = CARTESIAN_POINT('',(-16.20948010969,-88.48175902055,0.));
#1093 = CARTESIAN_POINT('',(-17.53426812946,-88.47379126782,0.));
#1094 = CARTESIAN_POINT('',(-18.23562468649,-88.46901411726,0.));
#1095 = CARTESIAN_POINT('',(-18.93698061138,-88.46369565134,0.));
#1096 = CARTESIAN_POINT('',(-19.63833437656,-88.45776810156,0.));
#1097 = CARTESIAN_POINT('',(-20.33968280651,-88.45111223274,0.));
#1098 = CARTESIAN_POINT('',(-21.04102200778,-88.44359239213,0.));
#1099 = CARTESIAN_POINT('',(-21.74234829898,-88.43509155848,0.));
#1100 = CARTESIAN_POINT('',(-23.37874067935,-88.41281002538,0.));
#1101 = CARTESIAN_POINT('',(-24.31379238189,-88.39817298656,0.));
#1102 = CARTESIAN_POINT('',(-25.24881441449,-88.38140517915,0.));
#1103 = CARTESIAN_POINT('',(-26.18377908911,-88.3621287528,0.));
#1104 = CARTESIAN_POINT('',(-27.11873184966,-88.34041313467,0.));
#1105 = CARTESIAN_POINT('',(-28.0535764285,-88.31551992559,0.));
#1106 = CARTESIAN_POINT('',(-28.9883403638,-88.28744583806,0.));
#1107 = CARTESIAN_POINT('',(-30.85761580761,-88.2240883199,0.));
#1108 = CARTESIAN_POINT('',(-31.79212574738,-88.18878023693,0.));
#1109 = CARTESIAN_POINT('',(-32.7265179723,-88.14975141623,0.));
#1110 = CARTESIAN_POINT('',(-33.66070502553,-88.10635107989,0.));
#1111 = CARTESIAN_POINT('',(-34.59468914741,-88.05840619929,0.));
#1112 = CARTESIAN_POINT('',(-35.52836885235,-88.00531843487,0.));
#1113 = CARTESIAN_POINT('',(-36.46175414365,-87.94692777577,0.));
#1114 = CARTESIAN_POINT('',(-38.01670823228,-87.83973716402,0.));
#1115 = CARTESIAN_POINT('',(-38.63850477312,-87.7942365064,0.));
#1116 = CARTESIAN_POINT('',(-39.26009850214,-87.74598635957,0.));
#1117 = CARTESIAN_POINT('',(-39.88146916543,-87.69485671493,0.));
#1118 = CARTESIAN_POINT('',(-40.50259026307,-87.64070753727,0.));
#1119 = CARTESIAN_POINT('',(-41.12342904917,-87.58338876483,0.));
#1120 = CARTESIAN_POINT('',(-41.74394653188,-87.5227403092,0.));
#1121 = CARTESIAN_POINT('',(-42.82921237458,-87.41048087855,0.));
#1122 = CARTESIAN_POINT('',(-43.29412396275,-87.36040551918,0.));
#1123 = CARTESIAN_POINT('',(-43.75881692146,-87.30830102537,0.));
#1124 = CARTESIAN_POINT('',(-44.22327357741,-87.25409904605,0.));
#1125 = CARTESIAN_POINT('',(-44.68747390038,-87.19772783094,0.));
#1126 = CARTESIAN_POINT('',(-45.15139550328,-87.13911223064,0.));
#1127 = CARTESIAN_POINT('',(-45.61501364211,-87.07817369656,0.));
#1128 = CARTESIAN_POINT('',(-46.85044734407,-86.90925764587,0.));
#1129 = CARTESIAN_POINT('',(-47.62169137874,-86.79703253831,0.));
#1130 = CARTESIAN_POINT('',(-48.39191485854,-86.6777978354,0.));
#1131 = CARTESIAN_POINT('',(-49.16097136068,-86.55115635675,0.));
#1132 = CARTESIAN_POINT('',(-49.92870914345,-86.41671562746,0.));
#1133 = CARTESIAN_POINT('',(-50.6949712428,-86.27409439244,0.));
#1134 = CARTESIAN_POINT('',(-51.45957302293,-86.12289088209,0.));
#1135 = CARTESIAN_POINT('',(-52.98494223952,-85.80233548413,0.));
#1136 = CARTESIAN_POINT('',(-53.74575782169,-85.63303778859,0.));
#1137 = CARTESIAN_POINT('',(-54.50442274034,-85.45424704723,0.));
#1138 = CARTESIAN_POINT('',(-55.26071676033,-85.26552876848,0.));
#1139 = CARTESIAN_POINT('',(-56.01438414117,-85.06643942698,0.));
#1140 = CARTESIAN_POINT('',(-56.76509697047,-84.85650875177,0.));
#1141 = CARTESIAN_POINT('',(-57.51247828861,-84.63525154026,0.));
#1142 = CARTESIAN_POINT('',(-58.77678733987,-84.23907709584,0.));
#1143 = CARTESIAN_POINT('',(-59.29557193941,-84.07017345957,0.));
#1144 = CARTESIAN_POINT('',(-59.81241373106,-83.89533228328,0.));
#1145 = CARTESIAN_POINT('',(-60.32717507688,-83.71439156034,0.));
#1146 = CARTESIAN_POINT('',(-60.83970577293,-83.52719308337,0.));
#1147 = CARTESIAN_POINT('',(-61.3498430493,-83.33358244426,0.));
#1148 = CARTESIAN_POINT('',(-61.8574115701,-83.13340903412,0.));
#1149 = CARTESIAN_POINT('',(-63.22761877508,-82.57187261399,0.));
#1150 = CARTESIAN_POINT('',(-64.08498081338,-82.19743983542,0.));
#1151 = CARTESIAN_POINT('',(-64.93322943155,-81.80275810814,0.));
#1152 = CARTESIAN_POINT('',(-65.77169112455,-81.38651346944,0.));
#1153 = CARTESIAN_POINT('',(-66.59887059459,-80.9491151387,0.));
#1154 = CARTESIAN_POINT('',(-67.41398820638,-80.48893814265,0.));
#1155 = CARTESIAN_POINT('',(-68.21564545425,-80.00654874644,0.));
#1156 = CARTESIAN_POINT('',(-69.78979688182,-78.99604318456,0.));
#1157 = CARTESIAN_POINT('',(-70.5622933028,-78.46806295058,0.));
#1158 = CARTESIAN_POINT('',(-71.319014977,-77.91717497386,0.));
#1159 = CARTESIAN_POINT('',(-72.05873299568,-77.34339625326,0.));
#1160 = CARTESIAN_POINT('',(-72.78032768105,-76.74693510818,0.));
#1161 = CARTESIAN_POINT('',(-73.48275048983,-76.1281780178,0.));
#1162 = CARTESIAN_POINT('',(-74.16500746973,-75.48770248705,0.));
#1163 = CARTESIAN_POINT('',(-75.15703634556,-74.49568291356,0.));
#1164 = CARTESIAN_POINT('',(-75.48249020589,-74.15977715639,0.));
#1165 = CARTESIAN_POINT('',(-75.8026217292,-73.81874286185,0.));
#1166 = CARTESIAN_POINT('',(-76.11734021321,-73.47268426763,0.));
#1167 = CARTESIAN_POINT('',(-76.42656976113,-73.1217153717,0.));
#1168 = CARTESIAN_POINT('',(-76.7302492816,-72.76595993232,0.));
#1169 = CARTESIAN_POINT('',(-77.02833248876,-72.40555146806,0.));
#1170 = CARTESIAN_POINT('',(-77.80819960718,-71.43243260109,0.));
#1171 = CARTESIAN_POINT('',(-78.2799599244,-70.81167936476,0.));
#1172 = CARTESIAN_POINT('',(-78.73588532393,-70.17901521205,0.));
#1173 = CARTESIAN_POINT('',(-79.17589570481,-69.53511219346,0.));
#1174 = CARTESIAN_POINT('',(-79.60000624898,-68.88066022648,0.));
#1175 = CARTESIAN_POINT('',(-80.00831927527,-68.21635457543,0.));
#1176 = CARTESIAN_POINT('',(-80.4010160933,-67.54288333124,0.));
#1177 = CARTESIAN_POINT('',(-81.19341803231,-66.11075501194,0.));
#1178 = CARTESIAN_POINT('',(-81.58984487437,-65.35030513052,0.));
#1179 = CARTESIAN_POINT('',(-81.9680966461,-64.58045323688,0.));
#1180 = CARTESIAN_POINT('',(-82.32841922279,-63.80205682688,0.));
#1181 = CARTESIAN_POINT('',(-82.6713924849,-63.01590138793,0.));
#1182 = CARTESIAN_POINT('',(-82.99765003255,-62.22273124764,0.));
#1183 = CARTESIAN_POINT('',(-83.30760066599,-61.42325912971,0.));
#1184 = CARTESIAN_POINT('',(-83.92312459756,-59.73965967817,0.));
#1185 = CARTESIAN_POINT('',(-84.22570606084,-58.85457847716,0.));
#1186 = CARTESIAN_POINT('',(-84.51040224158,-57.9632167806,0.));
#1187 = CARTESIAN_POINT('',(-84.7783206543,-57.06709597068,0.));
#1188 = CARTESIAN_POINT('',(-85.02982331488,-56.16580326354,0.));
#1189 = CARTESIAN_POINT('',(-85.26618873773,-55.26083872371,0.));
#1190 = CARTESIAN_POINT('',(-85.4879026026,-54.35214392938,0.));
#1191 = CARTESIAN_POINT('',(-85.90381038226,-52.52852410582,0.));
#1192 = CARTESIAN_POINT('',(-86.09797935376,-51.61358336451,0.));
#1193 = CARTESIAN_POINT('',(-86.27921619691,-50.69598979316,0.));
#1194 = CARTESIAN_POINT('',(-86.44790396434,-49.77583040564,0.));
#1195 = CARTESIAN_POINT('',(-86.60553440685,-48.85402407033,0.));
#1196 = CARTESIAN_POINT('',(-86.75181557658,-47.93011744166,0.));
#1197 = CARTESIAN_POINT('',(-86.88815652514,-47.00489359801,0.));
#1198 = CARTESIAN_POINT('',(-87.08873126561,-45.53779934911,0.));
#1199 = CARTESIAN_POINT('',(-87.15935820908,-44.99684731469,0.));
#1200 = CARTESIAN_POINT('',(-87.22684198999,-44.45548838386,0.));
#1201 = CARTESIAN_POINT('',(-87.29130682265,-43.9137613465,0.));
#1202 = CARTESIAN_POINT('',(-87.352870257,-43.37170051132,0.));
#1203 = CARTESIAN_POINT('',(-87.41164317869,-42.8293357058,0.));
#1204 = CARTESIAN_POINT('',(-87.46772980904,-42.28669227619,0.));
#1205 = CARTESIAN_POINT('',(-87.60530293339,-40.89066099321,0.));
#1206 = CARTESIAN_POINT('',(-87.68297085519,-40.03689826077,0.));
#1207 = CARTESIAN_POINT('',(-87.75472234446,-39.18262333851,0.));
#1208 = CARTESIAN_POINT('',(-87.82091559895,-38.32790323921,0.));
#1209 = CARTESIAN_POINT('',(-87.88184347747,-37.47278438859,0.));
#1210 = CARTESIAN_POINT('',(-87.93786635957,-36.61733133933,0.));
#1211 = CARTESIAN_POINT('',(-87.98942275534,-35.76162655646,0.));
#1212 = CARTESIAN_POINT('',(-88.08403502064,-34.04974714162,0.));
#1213 = CARTESIAN_POINT('',(-88.12713151238,-33.19357414065,0.));
#1214 = CARTESIAN_POINT('',(-88.16626094999,-32.33719949151,0.));
#1215 = CARTESIAN_POINT('',(-88.20176444923,-31.4806664263,0.));
#1216 = CARTESIAN_POINT('',(-88.23399964458,-30.6240177738,0.));
#1217 = CARTESIAN_POINT('',(-88.26319503335,-29.76727275534,0.));
#1218 = CARTESIAN_POINT('',(-88.28945373693,-28.91042686365,0.));
#1219 = CARTESIAN_POINT('',(-88.33032544556,-27.43029711747,0.));
#1220 = CARTESIAN_POINT('',(-88.34613736969,-26.80704447676,0.));
#1221 = CARTESIAN_POINT('',(-88.3606505095,-26.18376037273,0.));
#1222 = CARTESIAN_POINT('',(-88.37395491767,-25.56045167944,0.));
#1223 = CARTESIAN_POINT('',(-88.38613469926,-24.93712334142,0.));
#1224 = CARTESIAN_POINT('',(-88.3972680116,-24.31377837369,0.));
#1225 = CARTESIAN_POINT('',(-88.4074270644,-23.69041786177,0.));
#1226 = CARTESIAN_POINT('',(-88.42708457498,-22.36574226111,0.));
#1227 = CARTESIAN_POINT('',(-88.43636467569,-21.6644267114,0.));
#1228 = CARTESIAN_POINT('',(-88.44460271615,-20.96309702235,0.));
#1229 = CARTESIAN_POINT('',(-88.45190917573,-20.26175634915,0.));
#1230 = CARTESIAN_POINT('',(-88.45840504359,-19.56040787316,0.));
#1231 = CARTESIAN_POINT('',(-88.46420614337,-18.85905438281,0.));
#1232 = CARTESIAN_POINT('',(-88.46940745799,-18.15769785442,0.));
#1233 = CARTESIAN_POINT('',(-88.48853666043,-15.27433728064,0.));
#1234 = CARTESIAN_POINT('',(-88.49751622505,-13.09231101598,0.));
#1235 = CARTESIAN_POINT('',(-88.50214702508,-10.91026952831,0.));
#1236 = CARTESIAN_POINT('',(-88.50356993388,-8.728219837335,0.));
#1237 = CARTESIAN_POINT('',(-88.50292582126,-6.54616669321,0.));
#1238 = CARTESIAN_POINT('',(-88.50135555351,-4.364112576523,0.));
#1239 = CARTESIAN_POINT('',(-88.49999999335,-2.182057698302,0.));
#1240 = CARTESIAN_POINT('',(-88.50000000004,1.480683112343,0.));
#1241 = CARTESIAN_POINT('',(-88.50062417596,2.961365818424,0.));
#1242 = CARTESIAN_POINT('',(-88.50151606677,4.442048075136,0.));
#1243 = CARTESIAN_POINT('',(-88.50231920832,5.922729614282,0.));
#1244 = CARTESIAN_POINT('',(-88.50267713329,7.403409942567,0.));
#1245 = CARTESIAN_POINT('',(-88.50223337116,8.884088341597,0.));
#1246 = CARTESIAN_POINT('',(-88.50063144828,10.364763867877,0.));
#1247 = CARTESIAN_POINT('',(-88.49620265641,12.468873709706,0.));
#1248 = CARTESIAN_POINT('',(-88.49462190449,13.092311054437,0.));
#1249 = CARTESIAN_POINT('',(-88.492746023,13.71574731598,0.));
#1250 = CARTESIAN_POINT('',(-88.49054840289,14.339182423307,0.));
#1251 = CARTESIAN_POINT('',(-88.48800243515,14.962616305389,0.));
#1252 = CARTESIAN_POINT('',(-88.48508151074,15.586048891197,0.));
#1253 = CARTESIAN_POINT('',(-88.48175902062,16.209480109702,0.));
#1254 = CARTESIAN_POINT('',(-88.47379126784,17.534268129472,0.));
#1255 = CARTESIAN_POINT('',(-88.46901411726,18.235624686502,0.));
#1256 = CARTESIAN_POINT('',(-88.46369565133,18.936980611389,0.));
#1257 = CARTESIAN_POINT('',(-88.45776810154,19.638334376571,0.));
#1258 = CARTESIAN_POINT('',(-88.45111223272,20.339682806526,0.));
#1259 = CARTESIAN_POINT('',(-88.4435923921,21.041022007791,0.));
#1260 = CARTESIAN_POINT('',(-88.43509155845,21.742348298992,0.));
#1261 = CARTESIAN_POINT('',(-88.41281002536,23.378740679393,0.));
#1262 = CARTESIAN_POINT('',(-88.39817298655,24.313792381756,0.));
#1263 = CARTESIAN_POINT('',(-88.38140517915,25.248814414831,0.));
#1264 = CARTESIAN_POINT('',(-88.36212875282,26.183779088682,0.));
#1265 = CARTESIAN_POINT('',(-88.34041313467,27.118731850032,0.));
#1266 = CARTESIAN_POINT('',(-88.3155199256,28.053576428337,0.));
#1267 = CARTESIAN_POINT('',(-88.28744583807,28.98834036385,0.));
#1268 = CARTESIAN_POINT('',(-88.2240883199,30.857615807665,0.));
#1269 = CARTESIAN_POINT('',(-88.18878023693,31.792125747222,0.));
#1270 = CARTESIAN_POINT('',(-88.14975141622,32.726517972663,0.));
#1271 = CARTESIAN_POINT('',(-88.10635107989,33.660705025095,0.));
#1272 = CARTESIAN_POINT('',(-88.05840619929,34.594689147757,0.));
#1273 = CARTESIAN_POINT('',(-88.00531843487,35.52836885221,0.));
#1274 = CARTESIAN_POINT('',(-87.94692777577,36.461754143689,0.));
#1275 = CARTESIAN_POINT('',(-87.83973716402,38.016708232288,0.));
#1276 = CARTESIAN_POINT('',(-87.7942365064,38.638504773126,0.));
#1277 = CARTESIAN_POINT('',(-87.74598635957,39.260098502155,0.));
#1278 = CARTESIAN_POINT('',(-87.69485671493,39.881469165443,0.));
#1279 = CARTESIAN_POINT('',(-87.64070753727,40.50259026308,0.));
#1280 = CARTESIAN_POINT('',(-87.58338876483,41.123429049183,0.));
#1281 = CARTESIAN_POINT('',(-87.5227403092,41.743946531893,0.));
#1282 = CARTESIAN_POINT('',(-87.41048087855,42.829212374592,0.));
#1283 = CARTESIAN_POINT('',(-87.36040551918,43.294123962762,0.));
#1284 = CARTESIAN_POINT('',(-87.30830102537,43.758816921473,0.));
#1285 = CARTESIAN_POINT('',(-87.25409904605,44.223273577416,0.));
#1286 = CARTESIAN_POINT('',(-87.19772783094,44.687473900389,0.));
#1287 = CARTESIAN_POINT('',(-87.13911223064,45.15139550329,0.));
#1288 = CARTESIAN_POINT('',(-87.07817369656,45.615013642125,0.));
#1289 = CARTESIAN_POINT('',(-86.90925764587,46.850447344078,0.));
#1290 = CARTESIAN_POINT('',(-86.7970325383,47.621691378755,0.));
#1291 = CARTESIAN_POINT('',(-86.6777978354,48.391914858551,0.));
#1292 = CARTESIAN_POINT('',(-86.55115635675,49.160971360686,0.));
#1293 = CARTESIAN_POINT('',(-86.41671562746,49.928709143467,0.));
#1294 = CARTESIAN_POINT('',(-86.27409439244,50.694971242812,0.));
#1295 = CARTESIAN_POINT('',(-86.12289088209,51.459573022938,0.));
#1296 = CARTESIAN_POINT('',(-85.80233548413,52.984942239532,0.));
#1297 = CARTESIAN_POINT('',(-85.63303778859,53.745757821701,0.));
#1298 = CARTESIAN_POINT('',(-85.45424704722,54.504422740351,0.));
#1299 = CARTESIAN_POINT('',(-85.26552876847,55.260716760346,0.));
#1300 = CARTESIAN_POINT('',(-85.06643942698,56.014384141176,0.));
#1301 = CARTESIAN_POINT('',(-84.85650875177,56.765096970479,0.));
#1302 = CARTESIAN_POINT('',(-84.63525154025,57.512478288626,0.));
#1303 = CARTESIAN_POINT('',(-84.23907709584,58.77678733988,0.));
#1304 = CARTESIAN_POINT('',(-84.07017345957,59.295571939424,0.));
#1305 = CARTESIAN_POINT('',(-83.89533228327,59.812413731074,0.));
#1306 = CARTESIAN_POINT('',(-83.71439156034,60.327175076888,0.));
#1307 = CARTESIAN_POINT('',(-83.52719308337,60.839705772937,0.));
#1308 = CARTESIAN_POINT('',(-83.33358244426,61.349843049309,0.));
#1309 = CARTESIAN_POINT('',(-83.13340903412,61.857411570108,0.));
#1310 = CARTESIAN_POINT('',(-82.57187261398,63.227618775161,0.));
#1311 = CARTESIAN_POINT('',(-82.19743983542,64.084980813115,0.));
#1312 = CARTESIAN_POINT('',(-81.80275810815,64.933229432097,0.));
#1313 = CARTESIAN_POINT('',(-81.38651346942,65.771691123919,0.));
#1314 = CARTESIAN_POINT('',(-80.94911513871,66.598870595094,0.));
#1315 = CARTESIAN_POINT('',(-80.48893814264,67.413988206158,0.));
#1316 = CARTESIAN_POINT('',(-80.00654874643,68.215645454317,0.));
#1317 = CARTESIAN_POINT('',(-78.99604318455,69.789796881847,0.));
#1318 = CARTESIAN_POINT('',(-78.46806295057,70.562293302769,0.));
#1319 = CARTESIAN_POINT('',(-77.91717497386,71.319014977045,0.));
#1320 = CARTESIAN_POINT('',(-77.34339625326,72.058732995692,0.));
#1321 = CARTESIAN_POINT('',(-76.74693510818,72.780327681021,0.));
#1322 = CARTESIAN_POINT('',(-76.1281780178,73.482750489871,0.));
#1323 = CARTESIAN_POINT('',(-75.48770248704,74.165007469728,0.));
#1324 = CARTESIAN_POINT('',(-74.49568291356,75.157036345571,0.));
#1325 = CARTESIAN_POINT('',(-74.15977715639,75.482490205897,0.));
#1326 = CARTESIAN_POINT('',(-73.81874286185,75.802621729207,0.));
#1327 = CARTESIAN_POINT('',(-73.47268426762,76.117340213223,0.));
#1328 = CARTESIAN_POINT('',(-73.12171537169,76.426569761136,0.));
#1329 = CARTESIAN_POINT('',(-72.76595993232,76.730249281608,0.));
#1330 = CARTESIAN_POINT('',(-72.40555146805,77.028332488768,0.));
#1331 = CARTESIAN_POINT('',(-71.43243260109,77.808199607185,0.));
#1332 = CARTESIAN_POINT('',(-70.81167936476,78.279959924405,0.));
#1333 = CARTESIAN_POINT('',(-70.17901521205,78.735885323941,0.));
#1334 = CARTESIAN_POINT('',(-69.53511219346,79.175895704822,0.));
#1335 = CARTESIAN_POINT('',(-68.88066022648,79.600006248993,0.));
#1336 = CARTESIAN_POINT('',(-68.21635457542,80.008319275273,0.));
#1337 = CARTESIAN_POINT('',(-67.54288333124,80.40101609331,0.));
#1338 = CARTESIAN_POINT('',(-66.11075501194,81.193418032314,0.));
#1339 = CARTESIAN_POINT('',(-65.35030513051,81.589844874402,0.));
#1340 = CARTESIAN_POINT('',(-64.58045323688,81.968096646086,0.));
#1341 = CARTESIAN_POINT('',(-63.80205682688,82.328419222797,0.));
#1342 = CARTESIAN_POINT('',(-63.01590138792,82.671392484932,0.));
#1343 = CARTESIAN_POINT('',(-62.22273124763,82.997650032533,0.));
#1344 = CARTESIAN_POINT('',(-61.42325912971,83.307600666006,0.));
#1345 = CARTESIAN_POINT('',(-59.73965967818,83.923124597507,0.));
#1346 = CARTESIAN_POINT('',(-58.85457847709,84.225706061083,0.));
#1347 = CARTESIAN_POINT('',(-57.96321678072,84.510402241112,0.));
#1348 = CARTESIAN_POINT('',(-57.06709597055,84.778320654888,0.));
#1349 = CARTESIAN_POINT('',(-56.16580326362,85.029823314445,0.));
#1350 = CARTESIAN_POINT('',(-55.26083872368,85.266188737936,0.));
#1351 = CARTESIAN_POINT('',(-54.35214392938,85.487902602562,0.));
#1352 = CARTESIAN_POINT('',(-52.52852410583,85.903810382263,0.));
#1353 = CARTESIAN_POINT('',(-51.61358336445,86.097979353764,0.));
#1354 = CARTESIAN_POINT('',(-50.69598979325,86.279216196918,0.));
#1355 = CARTESIAN_POINT('',(-49.77583040555,86.44790396435,0.));
#1356 = CARTESIAN_POINT('',(-48.85402407035,86.605534406849,0.));
#1357 = CARTESIAN_POINT('',(-47.93011744166,86.751815576598,0.));
#1358 = CARTESIAN_POINT('',(-47.004893598,86.888156525143,0.));
#1359 = CARTESIAN_POINT('',(-45.5377993491,87.08873126561,0.));
#1360 = CARTESIAN_POINT('',(-44.99684731469,87.159358209083,0.));
#1361 = CARTESIAN_POINT('',(-44.45548838385,87.22684199,0.));
#1362 = CARTESIAN_POINT('',(-43.9137613465,87.291306822651,0.));
#1363 = CARTESIAN_POINT('',(-43.37170051132,87.352870257001,0.));
#1364 = CARTESIAN_POINT('',(-42.82933570579,87.411643178691,0.));
#1365 = CARTESIAN_POINT('',(-42.28669227619,87.46772980904,0.));
#1366 = CARTESIAN_POINT('',(-40.89066099321,87.605302933401,0.));
#1367 = CARTESIAN_POINT('',(-40.03689826078,87.682970855187,0.));
#1368 = CARTESIAN_POINT('',(-39.18262333849,87.754722344472,0.));
#1369 = CARTESIAN_POINT('',(-38.32790323921,87.820915598947,0.));
#1370 = CARTESIAN_POINT('',(-37.47278438859,87.881843477461,0.));
#1371 = CARTESIAN_POINT('',(-36.61733133932,87.937866359593,0.));
#1372 = CARTESIAN_POINT('',(-35.76162655646,87.989422755339,0.));
#1373 = CARTESIAN_POINT('',(-34.04974714161,88.08403502064,0.));
#1374 = CARTESIAN_POINT('',(-33.19357414065,88.127131512406,0.));
#1375 = CARTESIAN_POINT('',(-32.33719949151,88.166260949983,0.));
#1376 = CARTESIAN_POINT('',(-31.4806664263,88.201764449237,0.));
#1377 = CARTESIAN_POINT('',(-30.62401777379,88.2339996446,0.));
#1378 = CARTESIAN_POINT('',(-29.76727275534,88.263195033342,0.));
#1379 = CARTESIAN_POINT('',(-28.91042686364,88.28945373693,0.));
#1380 = CARTESIAN_POINT('',(-27.43029711747,88.330325445562,0.));
#1381 = CARTESIAN_POINT('',(-26.80704447675,88.346137369693,0.));
#1382 = CARTESIAN_POINT('',(-26.18376037273,88.360650509497,0.));
#1383 = CARTESIAN_POINT('',(-25.56045167944,88.373954917678,0.));
#1384 = CARTESIAN_POINT('',(-24.93712334142,88.386134699266,0.));
#1385 = CARTESIAN_POINT('',(-24.31377837369,88.397268011621,0.));
#1386 = CARTESIAN_POINT('',(-23.69041786177,88.407427064429,0.));
#1387 = CARTESIAN_POINT('',(-22.3657422611,88.427084575017,0.));
#1388 = CARTESIAN_POINT('',(-21.6644267114,88.436364675729,0.));
#1389 = CARTESIAN_POINT('',(-20.96309702235,88.444602716189,0.));
#1390 = CARTESIAN_POINT('',(-20.26175634914,88.451909175771,0.));
#1391 = CARTESIAN_POINT('',(-19.56040787316,88.45840504362,0.));
#1392 = CARTESIAN_POINT('',(-18.85905438281,88.464206143392,0.));
#1393 = CARTESIAN_POINT('',(-18.15769785441,88.469407457991,0.));
#1394 = CARTESIAN_POINT('',(-15.27433728063,88.488536660316,0.));
#1395 = CARTESIAN_POINT('',(-13.09231101597,88.497516224787,0.));
#1396 = CARTESIAN_POINT('',(-10.9102695283,88.502147024658,0.));
#1397 = CARTESIAN_POINT('',(-8.72821983733,88.503569933323,0.));
#1398 = CARTESIAN_POINT('',(-6.546166693204,88.502925820639,0.));
#1399 = CARTESIAN_POINT('',(-4.364112576518,88.501355552926,0.));
#1400 = CARTESIAN_POINT('',(-2.182057698296,88.499999992965,0.));
#1401 = CARTESIAN_POINT('',(1.480683112348,88.500000000312,0.));
#1402 = CARTESIAN_POINT('',(2.961365818429,88.500624176406,0.));
#1403 = CARTESIAN_POINT('',(4.442048075141,88.501516067317,0.));
#1404 = CARTESIAN_POINT('',(5.922729614287,88.502319208903,0.));
#1405 = CARTESIAN_POINT('',(7.403409942571,88.502677133852,0.));
#1406 = CARTESIAN_POINT('',(8.884088341601,88.502233371676,0.));
#1407 = CARTESIAN_POINT('',(10.36476386788,88.500631448717,0.));
#1408 = CARTESIAN_POINT('',(12.468873709708,88.496202656727,0.));
#1409 = CARTESIAN_POINT('',(13.092311054439,88.494621904768,0.));
#1410 = CARTESIAN_POINT('',(13.715747315983,88.492746023234,0.));
#1411 = CARTESIAN_POINT('',(14.339182423309,88.490548403093,0.));
#1412 = CARTESIAN_POINT('',(14.962616305391,88.488002435313,0.));
#1413 = CARTESIAN_POINT('',(15.586048891199,88.485081510864,0.));
#1414 = CARTESIAN_POINT('',(16.209480109704,88.481759020714,0.));
#1415 = CARTESIAN_POINT('',(17.534268129473,88.473791267873,0.));
#1416 = CARTESIAN_POINT('',(18.235624686503,88.469014117267,0.));
#1417 = CARTESIAN_POINT('',(18.93698061139,88.463695651312,0.));
#1418 = CARTESIAN_POINT('',(19.638334376572,88.457768101513,0.));
#1419 = CARTESIAN_POINT('',(20.339682806527,88.451112232685,0.));
#1420 = CARTESIAN_POINT('',(21.041022007792,88.443592392066,0.));
#1421 = CARTESIAN_POINT('',(21.742348298993,88.435091558424,0.));
#1422 = CARTESIAN_POINT('',(23.378740679409,88.412810025362,0.));
#1423 = CARTESIAN_POINT('',(24.313792381712,88.398172986457,0.));
#1424 = CARTESIAN_POINT('',(25.248814414876,88.38140517932,0.));
#1425 = CARTESIAN_POINT('',(26.183779088705,88.362128752627,0.));
#1426 = CARTESIAN_POINT('',(27.118731849948,88.340413134833,0.));
#1427 = CARTESIAN_POINT('',(28.05357642841,88.315519925537,0.));
#1428 = CARTESIAN_POINT('',(28.988340363826,88.287445838092,0.));
#1429 = CARTESIAN_POINT('',(30.85761580763,88.224088319776,0.));
#1430 = CARTESIAN_POINT('',(31.792125747373,88.188780237479,0.));
#1431 = CARTESIAN_POINT('',(32.726517972352,88.14975141509,0.));
#1432 = CARTESIAN_POINT('',(33.66070502548,88.106351081302,0.));
#1433 = CARTESIAN_POINT('',(34.594689147469,88.058406198202,0.));
#1434 = CARTESIAN_POINT('',(35.528368852336,88.005318435385,0.));
#1435 = CARTESIAN_POINT('',(36.461754143664,87.946927775654,0.));
#1436 = CARTESIAN_POINT('',(38.016708232289,87.839737164022,0.));
#1437 = CARTESIAN_POINT('',(38.638504773127,87.794236506407,0.));
#1438 = CARTESIAN_POINT('',(39.260098502156,87.745986359577,0.));
#1439 = CARTESIAN_POINT('',(39.881469165443,87.694856714932,0.));
#1440 = CARTESIAN_POINT('',(40.50259026308,87.640707537278,0.));
#1441 = CARTESIAN_POINT('',(41.123429049183,87.58338876483,0.));
#1442 = CARTESIAN_POINT('',(41.743946531893,87.522740309208,0.));
#1443 = CARTESIAN_POINT('',(42.829212374592,87.410480878556,0.));
#1444 = CARTESIAN_POINT('',(43.294123962762,87.360405519181,0.));
#1445 = CARTESIAN_POINT('',(43.758816921473,87.308301025378,0.));
#1446 = CARTESIAN_POINT('',(44.223273577416,87.254099046052,0.));
#1447 = CARTESIAN_POINT('',(44.687473900389,87.197727830948,0.));
#1448 = CARTESIAN_POINT('',(45.151395503291,87.139112230646,0.));
#1449 = CARTESIAN_POINT('',(45.615013642125,87.078173696567,0.));
#1450 = CARTESIAN_POINT('',(46.850447344078,86.909257645874,0.));
#1451 = CARTESIAN_POINT('',(47.621691378756,86.797032538316,0.));
#1452 = CARTESIAN_POINT('',(48.391914858552,86.677797835403,0.));
#1453 = CARTESIAN_POINT('',(49.160971360686,86.551156356751,0.));
#1454 = CARTESIAN_POINT('',(49.928709143466,86.416715627464,0.));
#1455 = CARTESIAN_POINT('',(50.694971242812,86.274094392453,0.));
#1456 = CARTESIAN_POINT('',(51.459573022938,86.122890882092,0.));
#1457 = CARTESIAN_POINT('',(52.98494223953,85.802335484131,0.));
#1458 = CARTESIAN_POINT('',(53.745757821703,85.633037788593,0.));
#1459 = CARTESIAN_POINT('',(54.504422740352,85.454247047229,0.));
#1460 = CARTESIAN_POINT('',(55.260716760343,85.265528768479,0.));
#1461 = CARTESIAN_POINT('',(56.014384141174,85.066439426982,0.));
#1462 = CARTESIAN_POINT('',(56.76509697048,84.856508751773,0.));
#1463 = CARTESIAN_POINT('',(57.512478288626,84.635251540258,0.));
#1464 = CARTESIAN_POINT('',(58.77678733988,84.239077095847,0.));
#1465 = CARTESIAN_POINT('',(59.295571939424,84.070173459571,0.));
#1466 = CARTESIAN_POINT('',(59.812413731074,83.895332283279,0.));
#1467 = CARTESIAN_POINT('',(60.327175076887,83.71439156034,0.));
#1468 = CARTESIAN_POINT('',(60.839705772936,83.527193083375,0.));
#1469 = CARTESIAN_POINT('',(61.349843049309,83.33358244426,0.));
#1470 = CARTESIAN_POINT('',(61.857411570107,83.133409034122,0.));
#1471 = CARTESIAN_POINT('',(63.227618775086,82.571872613991,0.));
#1472 = CARTESIAN_POINT('',(64.084980813422,82.197439835424,0.));
#1473 = CARTESIAN_POINT('',(64.93322943146,81.802758108144,0.));
#1474 = CARTESIAN_POINT('',(65.771691124708,81.386513469442,0.));
#1475 = CARTESIAN_POINT('',(66.598870594483,80.949115138701,0.));
#1476 = CARTESIAN_POINT('',(67.413988206442,80.488938142655,0.));
#1477 = CARTESIAN_POINT('',(68.21564545425,80.006548746436,0.));
#1478 = CARTESIAN_POINT('',(69.789796881831,78.996043184555,0.));
#1479 = CARTESIAN_POINT('',(70.562293302811,78.468062950588,0.));
#1480 = CARTESIAN_POINT('',(71.319014977002,77.917174973858,0.));
#1481 = CARTESIAN_POINT('',(72.058732995692,77.343396253264,0.));
#1482 = CARTESIAN_POINT('',(72.780327681064,76.746935108193,0.));
#1483 = CARTESIAN_POINT('',(73.48275048983,76.128178017797,0.));
#1484 = CARTESIAN_POINT('',(74.165007469742,75.487702487051,0.));
#1485 = CARTESIAN_POINT('',(75.157036345571,74.495682913564,0.));
#1486 = CARTESIAN_POINT('',(75.482490205897,74.159777156393,0.));
#1487 = CARTESIAN_POINT('',(75.802621729207,73.818742861853,0.));
#1488 = CARTESIAN_POINT('',(76.117340213222,73.472684267629,0.));
#1489 = CARTESIAN_POINT('',(76.426569761136,73.121715371698,0.));
#1490 = CARTESIAN_POINT('',(76.730249281608,72.765959932323,0.));
#1491 = CARTESIAN_POINT('',(77.028332488768,72.405551468057,0.));
#1492 = CARTESIAN_POINT('',(77.808199607183,71.432432601095,0.));
#1493 = CARTESIAN_POINT('',(78.279959924406,70.811679364762,0.));
#1494 = CARTESIAN_POINT('',(78.735885323942,70.179015212054,0.));
#1495 = CARTESIAN_POINT('',(79.17589570482,69.535112193464,0.));
#1496 = CARTESIAN_POINT('',(79.60000624899,68.880660226484,0.));
#1497 = CARTESIAN_POINT('',(80.008319275272,68.216354575427,0.));
#1498 = CARTESIAN_POINT('',(80.401016093314,67.542883331245,0.));
#1499 = CARTESIAN_POINT('',(81.193418032308,66.110755011935,0.));
#1500 = CARTESIAN_POINT('',(81.589844874421,65.350305130553,0.));
#1501 = CARTESIAN_POINT('',(81.968096646,64.580453236843,0.));
#1502 = CARTESIAN_POINT('',(82.328419222826,63.802056826894,0.));
#1503 = CARTESIAN_POINT('',(82.671392485086,63.015901387995,0.));
#1504 = CARTESIAN_POINT('',(82.997650032522,62.22273124762,0.));
#1505 = CARTESIAN_POINT('',(83.307600665806,61.423259129684,0.));
#1506 = CARTESIAN_POINT('',(83.92312459743,59.739659677821,0.));
#1507 = CARTESIAN_POINT('',(84.225706063307,58.854578477289,0.));
#1508 = CARTESIAN_POINT('',(84.510402237274,57.963216780449,0.));
#1509 = CARTESIAN_POINT('',(84.778320666093,57.067095972806,0.));
#1510 = CARTESIAN_POINT('',(85.029823292986,56.165803260439,0.));
#1511 = CARTESIAN_POINT('',(85.266188744252,55.260838724341,0.));
#1512 = CARTESIAN_POINT('',(85.487902612069,54.352143930316,0.));
#1513 = CARTESIAN_POINT('',(85.903810375096,52.528524104804,0.));
#1514 = CARTESIAN_POINT('',(86.097979358763,51.613583366801,0.));
#1515 = CARTESIAN_POINT('',(86.279216090724,50.695989787184,0.));
#1516 = CARTESIAN_POINT('',(86.447903907682,49.77583040206,0.));
#1517 = CARTESIAN_POINT('',(86.605534495062,48.854024086751,0.));
#1518 = CARTESIAN_POINT('',(86.751815950469,47.930117489532,0.));
#1519 = CARTESIAN_POINT('',(86.888156517285,47.004893606763,0.));
#1520 = CARTESIAN_POINT('',(87.088730927221,45.537799318608,0.));
#1521 = CARTESIAN_POINT('',(87.159357642004,44.996847258421,0.));
#1522 = CARTESIAN_POINT('',(87.226841354064,44.455488316402,0.));
#1523 = CARTESIAN_POINT('',(87.291306439945,43.913761294716,0.));
#1524 = CARTESIAN_POINT('',(87.35287046185,43.37170050224,0.));
#1525 = CARTESIAN_POINT('',(87.411644167645,42.829335754564,0.));
#1526 = CARTESIAN_POINT('',(87.467731490858,42.28669237399,0.));
#1527 = CARTESIAN_POINT('',(87.605304267601,40.890661032077,0.));
#1528 = CARTESIAN_POINT('',(87.682975220491,40.036898533793,0.));
#1529 = CARTESIAN_POINT('',(87.754717134614,39.18262304809,0.));
#1530 = CARTESIAN_POINT('',(87.82090700224,38.327902772163,0.));
#1531 = CARTESIAN_POINT('',(87.88183199062,37.472783763686,0.));
#1532 = CARTESIAN_POINT('',(87.93785076134,36.617330437047,0.));
#1533 = CARTESIAN_POINT('',(87.989426236133,35.761626772412,0.));
#1534 = CARTESIAN_POINT('',(88.084070349666,34.049747469346,0.));
#1535 = CARTESIAN_POINT('',(88.127171571598,33.193577317904,0.));
#1536 = CARTESIAN_POINT('',(88.166315066119,32.337206473528,0.));
#1537 = CARTESIAN_POINT('',(88.201810361068,31.480674659757,0.));
#1538 = CARTESIAN_POINT('',(88.233974366067,30.624021760513,0.));
#1539 = CARTESIAN_POINT('',(88.26306460291,29.767268692823,0.));
#1540 = CARTESIAN_POINT('',(88.289281171443,28.910417550047,0.));
#1541 = CARTESIAN_POINT('',(88.327990619749,27.508191236262,0.));
#1542 = CARTESIAN_POINT('',(88.341985005092,26.962853212215,0.));
#1543 = CARTESIAN_POINT('',(88.355007758622,26.417491299004,0.));
#1544 = CARTESIAN_POINT('',(88.367133356034,25.872110231498,0.));
#1545 = CARTESIAN_POINT('',(88.378420512178,25.326713415383,0.));
#1546 = CARTESIAN_POINT('',(88.388912181053,24.78130292716,0.));
#1547 = CARTESIAN_POINT('',(88.398635555814,24.23587951415,0.));
#1548 = CARTESIAN_POINT('',(88.420417350311,22.911241270467,0.));
#1549 = CARTESIAN_POINT('',(88.431719058253,22.132014917929,0.));
#1550 = CARTESIAN_POINT('',(88.441595853337,21.352766234648,0.));
#1551 = CARTESIAN_POINT('',(88.4501489863,20.57349845291,0.));
#1552 = CARTESIAN_POINT('',(88.457475928768,19.794214231882,0.));
#1553 = CARTESIAN_POINT('',(88.463666712573,19.014915408673,0.));
#1554 = CARTESIAN_POINT('',(88.468812977485,18.235603608122,0.));
#1555 = CARTESIAN_POINT('',(88.477669004165,16.599009800405,0.));
#1556 = CARTESIAN_POINT('',(88.481185237404,15.741719835155,0.));
#1557 = CARTESIAN_POINT('',(88.483725938896,14.884416327452,0.));
#1558 = CARTESIAN_POINT('',(88.48543862046,14.027103789198,0.));
#1559 = CARTESIAN_POINT('',(88.486470793915,13.169786732297,0.));
#1560 = CARTESIAN_POINT('',(88.486969971084,12.312469668652,0.));
#1561 = CARTESIAN_POINT('',(88.487083663785,11.455157110165,0.));
#1562 = CARTESIAN_POINT('',(88.486767292563,9.273023981993,0.));
#1563 = CARTESIAN_POINT('',(88.486006994342,7.948206263834,0.));
#1564 = CARTESIAN_POINT('',(88.485222711737,6.623407309913,0.));
#1565 = CARTESIAN_POINT('',(88.484958819841,5.298634939428,0.));
#1566 = CARTESIAN_POINT('',(88.485759846285,3.973897895125,0.));
#1567 = CARTESIAN_POINT('',(88.488170471236,2.649205843299,0.));
#1568 = CARTESIAN_POINT('',(88.492735527394,1.324569373793,0.));
#1569 = CARTESIAN_POINT('',(88.5,-4.668346279343E-15,0.));
#1570 = PCURVE('',#734,#1571);
#1571 = DEFINITIONAL_REPRESENTATION('',(#1572),#2226);
#1572 = B_SPLINE_CURVE_WITH_KNOTS('',8,(#1573,#1574,#1575,#1576,#1577,
    #1578,#1579,#1580,#1581,#1582,#1583,#1584,#1585,#1586,#1587,#1588,
    #1589,#1590,#1591,#1592,#1593,#1594,#1595,#1596,#1597,#1598,#1599,
    #1600,#1601,#1602,#1603,#1604,#1605,#1606,#1607,#1608,#1609,#1610,
    #1611,#1612,#1613,#1614,#1615,#1616,#1617,#1618,#1619,#1620,#1621,
    #1622,#1623,#1624,#1625,#1626,#1627,#1628,#1629,#1630,#1631,#1632,
    #1633,#1634,#1635,#1636,#1637,#1638,#1639,#1640,#1641,#1642,#1643,
    #1644,#1645,#1646,#1647,#1648,#1649,#1650,#1651,#1652,#1653,#1654,
    #1655,#1656,#1657,#1658,#1659,#1660,#1661,#1662,#1663,#1664,#1665,
    #1666,#1667,#1668,#1669,#1670,#1671,#1672,#1673,#1674,#1675,#1676,
    #1677,#1678,#1679,#1680,#1681,#1682,#1683,#1684,#1685,#1686,#1687,
    #1688,#1689,#1690,#1691,#1692,#1693,#1694,#1695,#1696,#1697,#1698,
    #1699,#1700,#1701,#1702,#1703,#1704,#1705,#1706,#1707,#1708,#1709,
    #1710,#1711,#1712,#1713,#1714,#1715,#1716,#1717,#1718,#1719,#1720,
    #1721,#1722,#1723,#1724,#1725,#1726,#1727,#1728,#1729,#1730,#1731,
    #1732,#1733,#1734,#1735,#1736,#1737,#1738,#1739,#1740,#1741,#1742,
    #1743,#1744,#1745,#1746,#1747,#1748,#1749,#1750,#1751,#1752,#1753,
    #1754,#1755,#1756,#1757,#1758,#1759,#1760,#1761,#1762,#1763,#1764,
    #1765,#1766,#1767,#1768,#1769,#1770,#1771,#1772,#1773,#1774,#1775,
    #1776,#1777,#1778,#1779,#1780,#1781,#1782,#1783,#1784,#1785,#1786,
    #1787,#1788,#1789,#1790,#1791,#1792,#1793,#1794,#1795,#1796,#1797,
    #1798,#1799,#1800,#1801,#1802,#1803,#1804,#1805,#1806,#1807,#1808,
    #1809,#1810,#1811,#1812,#1813,#1814,#1815,#1816,#1817,#1818,#1819,
    #1820,#1821,#1822,#1823,#1824,#1825,#1826,#1827,#1828,#1829,#1830,
    #1831,#1832,#1833,#1834,#1835,#1836,#1837,#1838,#1839,#1840,#1841,
    #1842,#1843,#1844,#1845,#1846,#1847,#1848,#1849,#1850,#1851,#1852,
    #1853,#1854,#1855,#1856,#1857,#1858,#1859,#1860,#1861,#1862,#1863,
    #1864,#1865,#1866,#1867,#1868,#1869,#1870,#1871,#1872,#1873,#1874,
    #1875,#1876,#1877,#1878,#1879,#1880,#1881,#1882,#1883,#1884,#1885,
    #1886,#1887,#1888,#1889,#1890,#1891,#1892,#1893,#1894,#1895,#1896,
    #1897,#1898,#1899,#1900,#1901,#1902,#1903,#1904,#1905,#1906,#1907,
    #1908,#1909,#1910,#1911,#1912,#1913,#1914,#1915,#1916,#1917,#1918,
    #1919,#1920,#1921,#1922,#1923,#1924,#1925,#1926,#1927,#1928,#1929,
    #1930,#1931,#1932,#1933,#1934,#1935,#1936,#1937,#1938,#1939,#1940,
    #1941,#1942,#1943,#1944,#1945,#1946,#1947,#1948,#1949,#1950,#1951,
    #1952,#1953,#1954,#1955,#1956,#1957,#1958,#1959,#1960,#1961,#1962,
    #1963,#1964,#1965,#1966,#1967,#1968,#1969,#1970,#1971,#1972,#1973,
    #1974,#1975,#1976,#1977,#1978,#1979,#1980,#1981,#1982,#1983,#1984,
    #1985,#1986,#1987,#1988,#1989,#1990,#1991,#1992,#1993,#1994,#1995,
    #1996,#1997,#1998,#1999,#2000,#2001,#2002,#2003,#2004,#2005,#2006,
    #2007,#2008,#2009,#2010,#2011,#2012,#2013,#2014,#2015,#2016,#2017,
    #2018,#2019,#2020,#2021,#2022,#2023,#2024,#2025,#2026,#2027,#2028,
    #2029,#2030,#2031,#2032,#2033,#2034,#2035,#2036,#2037,#2038,#2039,
    #2040,#2041,#2042,#2043,#2044,#2045,#2046,#2047,#2048,#2049,#2050,
    #2051,#2052,#2053,#2054,#2055,#2056,#2057,#2058,#2059,#2060,#2061,
    #2062,#2063,#2064,#2065,#2066,#2067,#2068,#2069,#2070,#2071,#2072,
    #2073,#2074,#2075,#2076,#2077,#2078,#2079,#2080,#2081,#2082,#2083,
    #2084,#2085,#2086,#2087,#2088,#2089,#2090,#2091,#2092,#2093,#2094,
    #2095,#2096,#2097,#2098,#2099,#2100,#2101,#2102,#2103,#2104,#2105,
    #2106,#2107,#2108,#2109,#2110,#2111,#2112,#2113,#2114,#2115,#2116,
    #2117,#2118,#2119,#2120,#2121,#2122,#2123,#2124,#2125,#2126,#2127,
    #2128,#2129,#2130,#2131,#2132,#2133,#2134,#2135,#2136,#2137,#2138,
    #2139,#2140,#2141,#2142,#2143,#2144,#2145,#2146,#2147,#2148,#2149,
    #2150,#2151,#2152,#2153,#2154,#2155,#2156,#2157,#2158,#2159,#2160,
    #2161,#2162,#2163,#2164,#2165,#2166,#2167,#2168,#2169,#2170,#2171,
    #2172,#2173,#2174,#2175,#2176,#2177,#2178,#2179,#2180,#2181,#2182,
    #2183,#2184,#2185,#2186,#2187,#2188,#2189,#2190,#2191,#2192,#2193,
    #2194,#2195,#2196,#2197,#2198,#2199,#2200,#2201,#2202,#2203,#2204,
    #2205,#2206,#2207,#2208,#2209,#2210,#2211,#2212,#2213,#2214,#2215,
    #2216,#2217,#2218,#2219,#2220,#2221,#2222,#2223,#2224,#2225),
  .UNSPECIFIED.,.F.,.F.,(9,7,7,7,7,7,7,7,7,7,7,7,7,7,7,7,7,7,7,7,7,7,7,7
    ,7,7,7,7,7,7,7,7,7,7,7,7,7,7,7,7,7,7,7,7,7,7,7,7,7,7,7,7,7,7,7,7,7,7
    ,7,7,7,7,7,7,7,7,7,7,7,7,7,7,7,7,7,7,7,7,7,7,7,7,7,7,7,7,7,7,7,7,7,7
    ,7,9),(0.,2.899769979392E-02,3.699730598176E-02,4.299701736408E-02,
    5.299664066967E-02,6.299625456766E-02,7.199599443177E-02,
    7.799585794359E-02,8.799557834302E-02,9.899532255703E-02,
    0.104995267949,0.114995152758,0.124995010811,0.130994966312,
    0.140994849721,0.151994672169,0.163994367976,0.175993925843,
    0.182993658194,0.193993294837,0.204992923068,0.212992635475,
    0.221992319276,0.249991274891,0.26899058035,0.276990258806,
    0.285989892332,0.297989414816,0.309988986449,0.317988716822,
    0.323988537738,0.333988265644,0.343988071025,0.350987979547,
    0.362987938215,0.37498800296,0.380988119174,0.390988270435,
    0.401988387518,0.413988404746,0.425988284034,0.432988203882,
    0.443988135165,0.454988058037,0.462987984726,0.471987909596,
    0.499987615199,0.51898742958,0.526987322318,0.535987196911,
    0.547987040816,0.559986933873,0.567986878529,0.573986860158,
    0.583986855921,0.59398692916,0.600987025184,0.612987305286,
    0.624987691467,0.630987968401,0.640988387527,0.651988799262,
    0.663989137924,0.675989338642,0.68298944599,0.69398967192,
    0.704989889437,0.712990030414,0.721990196357,0.749990651965,
    0.768990975279,0.776991082303,0.785991197968,0.797991363304,
    0.809991577791,0.817991736735,0.82399187908,0.833992142704,
    0.843992483806,0.850992767335,0.862993368879,0.874994076505,
    0.880994514164,0.890995201164,0.901995907559,0.913996567669,
    0.925997089834,0.932997384776,0.943997905845,0.954998439002,
    0.961998729521,0.971999227479,0.983000005179,1.),.UNSPECIFIED.);
#1573 = CARTESIAN_POINT('',(88.499990389831,2.087329960432E-06));
#1574 = CARTESIAN_POINT('',(88.512383154959,-2.25963064099));
#1575 = CARTESIAN_POINT('',(88.519828889386,-4.519453671735));
#1576 = CARTESIAN_POINT('',(88.522496960128,-6.779418928592));
#1577 = CARTESIAN_POINT('',(88.520556297585,-9.039479046725));
#1578 = CARTESIAN_POINT('',(88.514175395541,-11.29958737277));
#1579 = CARTESIAN_POINT('',(88.503522311164,-13.55969796485));
#1580 = CARTESIAN_POINT('',(88.488764665004,-15.81976559254));
#1581 = CARTESIAN_POINT('',(88.464903024597,-18.70320737764));
#1582 = CARTESIAN_POINT('',(88.459481425397,-19.32665775435));
#1583 = CARTESIAN_POINT('',(88.453704057196,-19.95009609649));
#1584 = CARTESIAN_POINT('',(88.447469533776,-20.57352163909));
#1585 = CARTESIAN_POINT('',(88.440675868899,-21.1969336227));
#1586 = CARTESIAN_POINT('',(88.433220476309,-21.82033129343));
#1587 = CARTESIAN_POINT('',(88.425000169731,-22.44371390294));
#1588 = CARTESIAN_POINT('',(88.409093081128,-23.53460679588));
#1589 = CARTESIAN_POINT('',(88.401790688943,-24.00212441613));
#1590 = CARTESIAN_POINT('',(88.393956783097,-24.46963329982));
#1591 = CARTESIAN_POINT('',(88.385546195319,-24.93713281259));
#1592 = CARTESIAN_POINT('',(88.376515792289,-25.40462195507));
#1593 = CARTESIAN_POINT('',(88.366824475632,-25.87209936291));
#1594 = CARTESIAN_POINT('',(88.35643318192,-26.3395633068));
#1595 = CARTESIAN_POINT('',(88.326764431724,-27.58609949407));
#1596 = CARTESIAN_POINT('',(88.306182586551,-28.36514255175));
#1597 = CARTESIAN_POINT('',(88.283437377525,-29.14413168898));
#1598 = CARTESIAN_POINT('',(88.258339999316,-29.92305051739));
#1599 = CARTESIAN_POINT('',(88.230736710577,-30.70188505816));
#1600 = CARTESIAN_POINT('',(88.200518385433,-31.4806245916));
#1601 = CARTESIAN_POINT('',(88.16753771679,-32.25925373489));
#1602 = CARTESIAN_POINT('',(88.095337525054,-33.81621707093));
#1603 = CARTESIAN_POINT('',(88.056175439485,-34.5945577464));
#1604 = CARTESIAN_POINT('',(88.013680278709,-35.37272047506));
#1605 = CARTESIAN_POINT('',(87.967657651578,-36.15069162309));
#1606 = CARTESIAN_POINT('',(87.917886006766,-36.92844503696));
#1607 = CARTESIAN_POINT('',(87.864084894572,-37.70593064682));
#1608 = CARTESIAN_POINT('',(87.805951795607,-38.48308785852));
#1609 = CARTESIAN_POINT('',(87.686841226524,-39.95900017598));
#1610 = CARTESIAN_POINT('',(87.626738548911,-40.65782662617));
#1611 = CARTESIAN_POINT('',(87.562736902733,-41.35631575527));
#1612 = CARTESIAN_POINT('',(87.494615844253,-42.05441984501));
#1613 = CARTESIAN_POINT('',(87.422153841509,-42.75208850644));
#1614 = CARTESIAN_POINT('',(87.345125049014,-43.44926639797));
#1615 = CARTESIAN_POINT('',(87.263296082474,-44.14589094347));
#1616 = CARTESIAN_POINT('',(87.118505896708,-45.30589224239));
#1617 = CARTESIAN_POINT('',(87.058335792112,-45.76960758128));
#1618 = CARTESIAN_POINT('',(86.99584292502,-46.23301925056));
#1619 = CARTESIAN_POINT('',(86.930954201258,-46.69610655803));
#1620 = CARTESIAN_POINT('',(86.863592987171,-47.15884493574));
#1621 = CARTESIAN_POINT('',(86.793679109615,-47.62120593996));
#1622 = CARTESIAN_POINT('',(86.721128855967,-48.08315725119));
#1623 = CARTESIAN_POINT('',(86.520402613333,-49.31383994523));
#1624 = CARTESIAN_POINT('',(86.387361414969,-50.08176334404));
#1625 = CARTESIAN_POINT('',(86.246411101402,-50.84833916835));
#1626 = CARTESIAN_POINT('',(86.097104654322,-51.6133569417));
#1627 = CARTESIAN_POINT('',(85.938994033204,-52.37659762065));
#1628 = CARTESIAN_POINT('',(85.771672880552,-53.13786712113));
#1629 = CARTESIAN_POINT('',(85.594736213932,-53.89695516359));
#1630 = CARTESIAN_POINT('',(85.201874798229,-55.48574552338));
#1631 = CARTESIAN_POINT('',(84.983853988305,-56.31495898937));
#1632 = CARTESIAN_POINT('',(84.753015439946,-57.14077549231));
#1633 = CARTESIAN_POINT('',(84.508682272846,-57.96275589703));
#1634 = CARTESIAN_POINT('',(84.250260108476,-58.78046802555));
#1635 = CARTESIAN_POINT('',(83.977147694419,-59.59338655587));
#1636 = CARTESIAN_POINT('',(83.688660397885,-60.4008514155));
#1637 = CARTESIAN_POINT('',(83.218205076362,-61.63945847696));
#1638 = CARTESIAN_POINT('',(83.047420706061,-62.07480987222));
#1639 = CARTESIAN_POINT('',(82.871797067924,-62.50825625223));
#1640 = CARTESIAN_POINT('',(82.691239663882,-62.93968829752));
#1641 = CARTESIAN_POINT('',(82.505658279273,-63.36899031781));
#1642 = CARTESIAN_POINT('',(82.314966982843,-63.796040252));
#1643 = CARTESIAN_POINT('',(82.119084126745,-64.22070966815));
#1644 = CARTESIAN_POINT('',(81.582663916005,-65.34646462914));
#1645 = CARTESIAN_POINT('',(81.232785956863,-66.04309561157));
#1646 = CARTESIAN_POINT('',(80.867882699189,-66.7321435595));
#1647 = CARTESIAN_POINT('',(80.487676097511,-67.41297262093));
#1648 = CARTESIAN_POINT('',(80.091933427533,-68.08491578744));
#1649 = CARTESIAN_POINT('',(79.68044636323,-68.74728024357));
#1650 = CARTESIAN_POINT('',(79.253081534314,-69.39936652094));
#1651 = CARTESIAN_POINT('',(78.366698906434,-70.68162956045));
#1652 = CARTESIAN_POINT('',(77.90766065989,-71.311825673));
#1653 = CARTESIAN_POINT('',(77.432737767516,-71.93036056354));
#1654 = CARTESIAN_POINT('',(76.942034237046,-72.53657908959));
#1655 = CARTESIAN_POINT('',(76.43573858634,-73.12985521716));
#1656 = CARTESIAN_POINT('',(75.914103036985,-73.70958642103));
#1657 = CARTESIAN_POINT('',(75.377471456022,-74.27522746596));
#1658 = CARTESIAN_POINT('',(74.495673303402,-75.15703425823));
#1659 = CARTESIAN_POINT('',(74.159767546231,-75.48248811856));
#1660 = CARTESIAN_POINT('',(73.81873325169,-75.80261964187));
#1661 = CARTESIAN_POINT('',(73.472674657467,-76.11733812588));
#1662 = CARTESIAN_POINT('',(73.121705761536,-76.4265676738));
#1663 = CARTESIAN_POINT('',(72.765950322161,-76.73024719427));
#1664 = CARTESIAN_POINT('',(72.405541857895,-77.02833040143));
#1665 = CARTESIAN_POINT('',(71.432422990932,-77.80819751984));
#1666 = CARTESIAN_POINT('',(70.811669754601,-78.27995783707));
#1667 = CARTESIAN_POINT('',(70.179005601893,-78.7358832366));
#1668 = CARTESIAN_POINT('',(69.535102583303,-79.17589361748));
#1669 = CARTESIAN_POINT('',(68.880650616322,-79.60000416165));
#1670 = CARTESIAN_POINT('',(68.216344965265,-80.00831718793));
#1671 = CARTESIAN_POINT('',(67.542873721085,-80.40101400597));
#1672 = CARTESIAN_POINT('',(66.110745401793,-81.19341594498));
#1673 = CARTESIAN_POINT('',(65.350295520332,-81.58984278704));
#1674 = CARTESIAN_POINT('',(64.580443626761,-81.96809455877));
#1675 = CARTESIAN_POINT('',(63.802047216721,-82.32841713546));
#1676 = CARTESIAN_POINT('',(63.015891777733,-82.67139039757));
#1677 = CARTESIAN_POINT('',(62.222721637515,-82.99764794522));
#1678 = CARTESIAN_POINT('',(61.42324951954,-83.30759857866));
#1679 = CARTESIAN_POINT('',(59.739650068065,-83.92312251023));
#1680 = CARTESIAN_POINT('',(58.854568866776,-84.2257039735));
#1681 = CARTESIAN_POINT('',(57.963207170919,-84.51040015426));
#1682 = CARTESIAN_POINT('',(57.067086359914,-84.77831856696));
#1683 = CARTESIAN_POINT('',(56.16579365387,-85.02982122755));
#1684 = CARTESIAN_POINT('',(55.260829113316,-85.2661866504));
#1685 = CARTESIAN_POINT('',(54.352134319282,-85.48790051527));
#1686 = CARTESIAN_POINT('',(52.528514495682,-85.90380829493));
#1687 = CARTESIAN_POINT('',(51.613573754248,-86.09797726643));
#1688 = CARTESIAN_POINT('',(50.695980183215,-86.27921410958));
#1689 = CARTESIAN_POINT('',(49.775820795219,-86.44790187701));
#1690 = CARTESIAN_POINT('',(48.854014460368,-86.60553231953));
#1691 = CARTESIAN_POINT('',(47.93010783141,-86.75181348925));
#1692 = CARTESIAN_POINT('',(47.004883987877,-86.88815443781));
#1693 = CARTESIAN_POINT('',(45.537789738949,-87.08872917827));
#1694 = CARTESIAN_POINT('',(44.996837704535,-87.15935612175));
#1695 = CARTESIAN_POINT('',(44.4554787737,-87.22683990266));
#1696 = CARTESIAN_POINT('',(43.913751736347,-87.29130473532));
#1697 = CARTESIAN_POINT('',(43.371690901165,-87.35286816967));
#1698 = CARTESIAN_POINT('',(42.829326095637,-87.41164109136));
#1699 = CARTESIAN_POINT('',(42.286682666036,-87.4677277217));
#1700 = CARTESIAN_POINT('',(40.890651383063,-87.60530084606));
#1701 = CARTESIAN_POINT('',(40.036888650592,-87.68296876786));
#1702 = CARTESIAN_POINT('',(39.182613728372,-87.75472025713));
#1703 = CARTESIAN_POINT('',(38.327893629055,-87.82091351162));
#1704 = CARTESIAN_POINT('',(37.472774778408,-87.88184139014));
#1705 = CARTESIAN_POINT('',(36.617321729195,-87.93786427224));
#1706 = CARTESIAN_POINT('',(35.761616946297,-87.98942066801));
#1707 = CARTESIAN_POINT('',(34.049737531452,-88.08403293331));
#1708 = CARTESIAN_POINT('',(33.193564530502,-88.12712942505));
#1709 = CARTESIAN_POINT('',(32.337189881346,-88.16625886266));
#1710 = CARTESIAN_POINT('',(31.480656816146,-88.2017623619));
#1711 = CARTESIAN_POINT('',(30.62400816365,-88.23399755725));
#1712 = CARTESIAN_POINT('',(29.767263145169,-88.26319294603));
#1713 = CARTESIAN_POINT('',(28.910417253498,-88.2894516496));
#1714 = CARTESIAN_POINT('',(27.430287507313,-88.33032335824));
#1715 = CARTESIAN_POINT('',(26.807034866598,-88.34613528237));
#1716 = CARTESIAN_POINT('',(26.183750762572,-88.36064842217));
#1717 = CARTESIAN_POINT('',(25.560442069282,-88.37395283034));
#1718 = CARTESIAN_POINT('',(24.937113731263,-88.38613261192));
#1719 = CARTESIAN_POINT('',(24.313768763537,-88.39726592426));
#1720 = CARTESIAN_POINT('',(23.690408251613,-88.40742497706));
#1721 = CARTESIAN_POINT('',(22.36573265095,-88.42708248763));
#1722 = CARTESIAN_POINT('',(21.664417101242,-88.43636258833));
#1723 = CARTESIAN_POINT('',(20.963087412194,-88.44460062879));
#1724 = CARTESIAN_POINT('',(20.261746738988,-88.45190708837));
#1725 = CARTESIAN_POINT('',(19.560398263002,-88.45840295623));
#1726 = CARTESIAN_POINT('',(18.859044772657,-88.46420405603));
#1727 = CARTESIAN_POINT('',(18.15768824426,-88.46940537067));
#1728 = CARTESIAN_POINT('',(15.274327670478,-88.48853457319));
#1729 = CARTESIAN_POINT('',(13.092301405821,-88.49751413792));
#1730 = CARTESIAN_POINT('',(10.910259918149,-88.50214493808));
#1731 = CARTESIAN_POINT('',(8.728210227175,-88.50356784698));
#1732 = CARTESIAN_POINT('',(6.54615708305,-88.50292373441));
#1733 = CARTESIAN_POINT('',(4.364102966364,-88.50135346662));
#1734 = CARTESIAN_POINT('',(2.182048088143,-88.49999790632));
#1735 = CARTESIAN_POINT('',(-1.480692722502,-88.49999791251));
#1736 = CARTESIAN_POINT('',(-2.961375428583,-88.5006220883));
#1737 = CARTESIAN_POINT('',(-4.442057685296,-88.50151397903));
#1738 = CARTESIAN_POINT('',(-5.922739224442,-88.50231712056));
#1739 = CARTESIAN_POINT('',(-7.403419552728,-88.50267504553));
#1740 = CARTESIAN_POINT('',(-8.884097951757,-88.50223128344));
#1741 = CARTESIAN_POINT('',(-10.36477347803,-88.50062936062));
#1742 = CARTESIAN_POINT('',(-12.46888331986,-88.49620056884));
#1743 = CARTESIAN_POINT('',(-13.09232066459,-88.49461981695));
#1744 = CARTESIAN_POINT('',(-13.71575692614,-88.49274393549));
#1745 = CARTESIAN_POINT('',(-14.33919203346,-88.49054631541));
#1746 = CARTESIAN_POINT('',(-14.96262591555,-88.4880003477));
#1747 = CARTESIAN_POINT('',(-15.58605850135,-88.48507942331));
#1748 = CARTESIAN_POINT('',(-16.20948971986,-88.48175693322));
#1749 = CARTESIAN_POINT('',(-17.53427773963,-88.47378918049));
#1750 = CARTESIAN_POINT('',(-18.23563429666,-88.46901202993));
#1751 = CARTESIAN_POINT('',(-18.93699022155,-88.46369356401));
#1752 = CARTESIAN_POINT('',(-19.63834398673,-88.45776601423));
#1753 = CARTESIAN_POINT('',(-20.33969241668,-88.45111014541));
#1754 = CARTESIAN_POINT('',(-21.04103161795,-88.4435903048));
#1755 = CARTESIAN_POINT('',(-21.74235790915,-88.43508947115));
#1756 = CARTESIAN_POINT('',(-23.37875028952,-88.41280793805));
#1757 = CARTESIAN_POINT('',(-24.31380199206,-88.39817089923));
#1758 = CARTESIAN_POINT('',(-25.24882402466,-88.38140309182));
#1759 = CARTESIAN_POINT('',(-26.18378869928,-88.36212666547));
#1760 = CARTESIAN_POINT('',(-27.11874145983,-88.34041104734));
#1761 = CARTESIAN_POINT('',(-28.05358603867,-88.31551783826));
#1762 = CARTESIAN_POINT('',(-28.98834997397,-88.28744375073));
#1763 = CARTESIAN_POINT('',(-30.85762541778,-88.22408623257));
#1764 = CARTESIAN_POINT('',(-31.79213535755,-88.1887781496));
#1765 = CARTESIAN_POINT('',(-32.72652758247,-88.1497493289));
#1766 = CARTESIAN_POINT('',(-33.6607146357,-88.10634899256));
#1767 = CARTESIAN_POINT('',(-34.59469875757,-88.05840411196));
#1768 = CARTESIAN_POINT('',(-35.52837846252,-88.00531634754));
#1769 = CARTESIAN_POINT('',(-36.46176375382,-87.94692568844));
#1770 = CARTESIAN_POINT('',(-38.01671784245,-87.83973507669));
#1771 = CARTESIAN_POINT('',(-38.63851438328,-87.79423441907));
#1772 = CARTESIAN_POINT('',(-39.26010811231,-87.74598427224));
#1773 = CARTESIAN_POINT('',(-39.8814787756,-87.6948546276));
#1774 = CARTESIAN_POINT('',(-40.50259987324,-87.64070544994));
#1775 = CARTESIAN_POINT('',(-41.12343865934,-87.5833866775));
#1776 = CARTESIAN_POINT('',(-41.74395614205,-87.52273822187));
#1777 = CARTESIAN_POINT('',(-42.82922198475,-87.41047879122));
#1778 = CARTESIAN_POINT('',(-43.29413357292,-87.36040343185));
#1779 = CARTESIAN_POINT('',(-43.75882653163,-87.30829893804));
#1780 = CARTESIAN_POINT('',(-44.22328318757,-87.25409695872));
#1781 = CARTESIAN_POINT('',(-44.68748351055,-87.19772574361));
#1782 = CARTESIAN_POINT('',(-45.15140511345,-87.13911014331));
#1783 = CARTESIAN_POINT('',(-45.61502325228,-87.07817160923));
#1784 = CARTESIAN_POINT('',(-46.85045695424,-86.90925555854));
#1785 = CARTESIAN_POINT('',(-47.62170098891,-86.79703045098));
#1786 = CARTESIAN_POINT('',(-48.39192446871,-86.67779574807));
#1787 = CARTESIAN_POINT('',(-49.16098097085,-86.55115426942));
#1788 = CARTESIAN_POINT('',(-49.92871875362,-86.41671354013));
#1789 = CARTESIAN_POINT('',(-50.69498085297,-86.27409230511));
#1790 = CARTESIAN_POINT('',(-51.4595826331,-86.12288879476));
#1791 = CARTESIAN_POINT('',(-52.98495184969,-85.8023333968));
#1792 = CARTESIAN_POINT('',(-53.74576743186,-85.63303570126));
#1793 = CARTESIAN_POINT('',(-54.50443235051,-85.4542449599));
#1794 = CARTESIAN_POINT('',(-55.2607263705,-85.26552668115));
#1795 = CARTESIAN_POINT('',(-56.01439375133,-85.06643733965));
#1796 = CARTESIAN_POINT('',(-56.76510658064,-84.85650666444));
#1797 = CARTESIAN_POINT('',(-57.51248789878,-84.63524945293));
#1798 = CARTESIAN_POINT('',(-58.77679695004,-84.23907500851));
#1799 = CARTESIAN_POINT('',(-59.29558154958,-84.07017137224));
#1800 = CARTESIAN_POINT('',(-59.81242334123,-83.89533019595));
#1801 = CARTESIAN_POINT('',(-60.32718468705,-83.71438947301));
#1802 = CARTESIAN_POINT('',(-60.8397153831,-83.52719099604));
#1803 = CARTESIAN_POINT('',(-61.34985265947,-83.33358035693));
#1804 = CARTESIAN_POINT('',(-61.85742118027,-83.13340694679));
#1805 = CARTESIAN_POINT('',(-63.22762838525,-82.57187052666));
#1806 = CARTESIAN_POINT('',(-64.08499042354,-82.19743774809));
#1807 = CARTESIAN_POINT('',(-64.93323904172,-81.80275602081));
#1808 = CARTESIAN_POINT('',(-65.77170073472,-81.38651138211));
#1809 = CARTESIAN_POINT('',(-66.59888020476,-80.94911305137));
#1810 = CARTESIAN_POINT('',(-67.41399781655,-80.48893605532));
#1811 = CARTESIAN_POINT('',(-68.21565506442,-80.00654665911));
#1812 = CARTESIAN_POINT('',(-69.78980649199,-78.99604109723));
#1813 = CARTESIAN_POINT('',(-70.56230291297,-78.46806086325));
#1814 = CARTESIAN_POINT('',(-71.31902458717,-77.91717288653));
#1815 = CARTESIAN_POINT('',(-72.05874260585,-77.34339416593));
#1816 = CARTESIAN_POINT('',(-72.78033729122,-76.74693302085));
#1817 = CARTESIAN_POINT('',(-73.4827601,-76.12817593047));
#1818 = CARTESIAN_POINT('',(-74.1650170799,-75.48770039972));
#1819 = CARTESIAN_POINT('',(-75.15704595573,-74.49568082623));
#1820 = CARTESIAN_POINT('',(-75.48249981606,-74.15977506906));
#1821 = CARTESIAN_POINT('',(-75.80263133937,-73.81874077452));
#1822 = CARTESIAN_POINT('',(-76.11734982338,-73.4726821803));
#1823 = CARTESIAN_POINT('',(-76.4265793713,-73.12171328437));
#1824 = CARTESIAN_POINT('',(-76.73025889177,-72.76595784499));
#1825 = CARTESIAN_POINT('',(-77.02834209893,-72.40554938073));
#1826 = CARTESIAN_POINT('',(-77.80820921734,-71.43243051376));
#1827 = CARTESIAN_POINT('',(-78.27996953457,-70.81167727743));
#1828 = CARTESIAN_POINT('',(-78.7358949341,-70.17901312472));
#1829 = CARTESIAN_POINT('',(-79.17590531498,-69.53511010613));
#1830 = CARTESIAN_POINT('',(-79.60001585915,-68.88065813915));
#1831 = CARTESIAN_POINT('',(-80.00832888543,-68.2163524881));
#1832 = CARTESIAN_POINT('',(-80.40102570347,-67.54288124391));
#1833 = CARTESIAN_POINT('',(-81.19342764248,-66.11075292461));
#1834 = CARTESIAN_POINT('',(-81.58985448454,-65.35030304319));
#1835 = CARTESIAN_POINT('',(-81.96810625627,-64.58045114955));
#1836 = CARTESIAN_POINT('',(-82.32842883296,-63.80205473955));
#1837 = CARTESIAN_POINT('',(-82.67140209507,-63.0158993006));
#1838 = CARTESIAN_POINT('',(-82.99765964272,-62.22272916031));
#1839 = CARTESIAN_POINT('',(-83.30761027616,-61.42325704238));
#1840 = CARTESIAN_POINT('',(-83.92313420773,-59.73965759084));
#1841 = CARTESIAN_POINT('',(-84.22571567101,-58.85457638983));
#1842 = CARTESIAN_POINT('',(-84.51041185175,-57.96321469327));
#1843 = CARTESIAN_POINT('',(-84.77833026447,-57.06709388335));
#1844 = CARTESIAN_POINT('',(-85.02983292505,-56.16580117621));
#1845 = CARTESIAN_POINT('',(-85.2661983479,-55.26083663638));
#1846 = CARTESIAN_POINT('',(-85.48791221277,-54.35214184205));
#1847 = CARTESIAN_POINT('',(-85.90381999242,-52.52852201849));
#1848 = CARTESIAN_POINT('',(-86.09798896393,-51.61358127718));
#1849 = CARTESIAN_POINT('',(-86.27922580708,-50.69598770583));
#1850 = CARTESIAN_POINT('',(-86.44791357451,-49.77582831831));
#1851 = CARTESIAN_POINT('',(-86.60554401702,-48.854021983));
#1852 = CARTESIAN_POINT('',(-86.75182518675,-47.93011535433));
#1853 = CARTESIAN_POINT('',(-86.88816613531,-47.00489151068));
#1854 = CARTESIAN_POINT('',(-87.08874087577,-45.53779726178));
#1855 = CARTESIAN_POINT('',(-87.15936781925,-44.99684522736));
#1856 = CARTESIAN_POINT('',(-87.22685160016,-44.45548629653));
#1857 = CARTESIAN_POINT('',(-87.29131643281,-43.91375925917));
#1858 = CARTESIAN_POINT('',(-87.35287986716,-43.37169842399));
#1859 = CARTESIAN_POINT('',(-87.41165278886,-42.82933361847));
#1860 = CARTESIAN_POINT('',(-87.4677394192,-42.28669018886));
#1861 = CARTESIAN_POINT('',(-87.60531254356,-40.89065890588));
#1862 = CARTESIAN_POINT('',(-87.68298046536,-40.03689617344));
#1863 = CARTESIAN_POINT('',(-87.75473195462,-39.18262125118));
#1864 = CARTESIAN_POINT('',(-87.82092520911,-38.32790115188));
#1865 = CARTESIAN_POINT('',(-87.88185308764,-37.47278230126));
#1866 = CARTESIAN_POINT('',(-87.93787596974,-36.617329252));
#1867 = CARTESIAN_POINT('',(-87.98943236551,-35.76162446913));
#1868 = CARTESIAN_POINT('',(-88.08404463081,-34.04974505429));
#1869 = CARTESIAN_POINT('',(-88.12714112255,-33.19357205332));
#1870 = CARTESIAN_POINT('',(-88.16627056016,-32.33719740418));
#1871 = CARTESIAN_POINT('',(-88.2017740594,-31.48066433897));
#1872 = CARTESIAN_POINT('',(-88.23400925475,-30.62401568647));
#1873 = CARTESIAN_POINT('',(-88.26320464352,-29.76727066801));
#1874 = CARTESIAN_POINT('',(-88.2894633471,-28.91042477632));
#1875 = CARTESIAN_POINT('',(-88.33033505573,-27.43029503014));
#1876 = CARTESIAN_POINT('',(-88.34614697986,-26.80704238943));
#1877 = CARTESIAN_POINT('',(-88.36066011967,-26.1837582854));
#1878 = CARTESIAN_POINT('',(-88.37396452784,-25.56044959211));
#1879 = CARTESIAN_POINT('',(-88.38614430942,-24.93712125409));
#1880 = CARTESIAN_POINT('',(-88.39727762177,-24.31377628636));
#1881 = CARTESIAN_POINT('',(-88.40743667457,-23.69041577444));
#1882 = CARTESIAN_POINT('',(-88.42709418515,-22.36574017378));
#1883 = CARTESIAN_POINT('',(-88.43637428586,-21.66442462407));
#1884 = CARTESIAN_POINT('',(-88.44461232632,-20.96309493502));
#1885 = CARTESIAN_POINT('',(-88.4519187859,-20.26175426182));
#1886 = CARTESIAN_POINT('',(-88.45841465375,-19.56040578583));
#1887 = CARTESIAN_POINT('',(-88.46421575354,-18.85905229548));
#1888 = CARTESIAN_POINT('',(-88.46941706816,-18.15769576709));
#1889 = CARTESIAN_POINT('',(-88.4885462706,-15.27433519331));
#1890 = CARTESIAN_POINT('',(-88.49752583522,-13.09230892865));
#1891 = CARTESIAN_POINT('',(-88.50215663525,-10.91026744098));
#1892 = CARTESIAN_POINT('',(-88.50357954405,-8.728217750005));
#1893 = CARTESIAN_POINT('',(-88.50293543143,-6.54616460588));
#1894 = CARTESIAN_POINT('',(-88.50136516368,-4.364110489193));
#1895 = CARTESIAN_POINT('',(-88.50000960352,-2.182055610972));
#1896 = CARTESIAN_POINT('',(-88.50000961021,1.480685199673));
#1897 = CARTESIAN_POINT('',(-88.50063378613,2.961367905754));
#1898 = CARTESIAN_POINT('',(-88.50152567694,4.442050162466));
#1899 = CARTESIAN_POINT('',(-88.50232881849,5.922731701612));
#1900 = CARTESIAN_POINT('',(-88.50268674346,7.403412029897));
#1901 = CARTESIAN_POINT('',(-88.50224298133,8.884090428927));
#1902 = CARTESIAN_POINT('',(-88.50064105845,10.364765955207));
#1903 = CARTESIAN_POINT('',(-88.49621226658,12.468875797036));
#1904 = CARTESIAN_POINT('',(-88.49463151466,13.092313141767));
#1905 = CARTESIAN_POINT('',(-88.49275563316,13.71574940331));
#1906 = CARTESIAN_POINT('',(-88.49055801306,14.339184510637));
#1907 = CARTESIAN_POINT('',(-88.48801204532,14.962618392719));
#1908 = CARTESIAN_POINT('',(-88.48509112091,15.586050978527));
#1909 = CARTESIAN_POINT('',(-88.48176863079,16.209482197032));
#1910 = CARTESIAN_POINT('',(-88.47380087801,17.534270216802));
#1911 = CARTESIAN_POINT('',(-88.46902372743,18.235626773832));
#1912 = CARTESIAN_POINT('',(-88.4637052615,18.936982698719));
#1913 = CARTESIAN_POINT('',(-88.45777771171,19.638336463901));
#1914 = CARTESIAN_POINT('',(-88.45112184288,20.339684893856));
#1915 = CARTESIAN_POINT('',(-88.44360200227,21.041024095121));
#1916 = CARTESIAN_POINT('',(-88.43510116862,21.742350386322));
#1917 = CARTESIAN_POINT('',(-88.41281963553,23.378742766723));
#1918 = CARTESIAN_POINT('',(-88.39818259672,24.313794469086));
#1919 = CARTESIAN_POINT('',(-88.38141478932,25.248816502161));
#1920 = CARTESIAN_POINT('',(-88.36213836298,26.183781176012));
#1921 = CARTESIAN_POINT('',(-88.34042274484,27.118733937362));
#1922 = CARTESIAN_POINT('',(-88.31552953576,28.053578515667));
#1923 = CARTESIAN_POINT('',(-88.28745544823,28.98834245118));
#1924 = CARTESIAN_POINT('',(-88.22409793007,30.857617894995));
#1925 = CARTESIAN_POINT('',(-88.1887898471,31.792127834552));
#1926 = CARTESIAN_POINT('',(-88.14976102639,32.726520059993));
#1927 = CARTESIAN_POINT('',(-88.10636069006,33.660707112425));
#1928 = CARTESIAN_POINT('',(-88.05841580946,34.594691235087));
#1929 = CARTESIAN_POINT('',(-88.00532804504,35.52837093954));
#1930 = CARTESIAN_POINT('',(-87.94693738594,36.461756231019));
#1931 = CARTESIAN_POINT('',(-87.83974677419,38.016710319618));
#1932 = CARTESIAN_POINT('',(-87.79424611657,38.638506860456));
#1933 = CARTESIAN_POINT('',(-87.74599596974,39.260100589485));
#1934 = CARTESIAN_POINT('',(-87.6948663251,39.881471252773));
#1935 = CARTESIAN_POINT('',(-87.64071714744,40.50259235041));
#1936 = CARTESIAN_POINT('',(-87.58339837499,41.123431136513));
#1937 = CARTESIAN_POINT('',(-87.52274991937,41.743948619223));
#1938 = CARTESIAN_POINT('',(-87.41049048872,42.829214461922));
#1939 = CARTESIAN_POINT('',(-87.36041512935,43.294126050092));
#1940 = CARTESIAN_POINT('',(-87.30831063554,43.758819008803));
#1941 = CARTESIAN_POINT('',(-87.25410865622,44.223275664746));
#1942 = CARTESIAN_POINT('',(-87.19773744111,44.687475987719));
#1943 = CARTESIAN_POINT('',(-87.13912184081,45.15139759062));
#1944 = CARTESIAN_POINT('',(-87.07818330673,45.615015729455));
#1945 = CARTESIAN_POINT('',(-86.90926725604,46.850449431408));
#1946 = CARTESIAN_POINT('',(-86.79704214847,47.621693466085));
#1947 = CARTESIAN_POINT('',(-86.67780744557,48.391916945881));
#1948 = CARTESIAN_POINT('',(-86.55116596692,49.160973448016));
#1949 = CARTESIAN_POINT('',(-86.41672523763,49.928711230797));
#1950 = CARTESIAN_POINT('',(-86.27410400261,50.694973330142));
#1951 = CARTESIAN_POINT('',(-86.12290049226,51.459575110268));
#1952 = CARTESIAN_POINT('',(-85.8023450943,52.984944326862));
#1953 = CARTESIAN_POINT('',(-85.63304739876,53.745759909031));
#1954 = CARTESIAN_POINT('',(-85.45425665739,54.504424827681));
#1955 = CARTESIAN_POINT('',(-85.26553837864,55.260718847676));
#1956 = CARTESIAN_POINT('',(-85.06644903715,56.014386228506));
#1957 = CARTESIAN_POINT('',(-84.85651836194,56.765099057809));
#1958 = CARTESIAN_POINT('',(-84.63526115042,57.512480375956));
#1959 = CARTESIAN_POINT('',(-84.23908670601,58.77678942721));
#1960 = CARTESIAN_POINT('',(-84.07018306973,59.295574026754));
#1961 = CARTESIAN_POINT('',(-83.89534189344,59.812415818404));
#1962 = CARTESIAN_POINT('',(-83.7144011705,60.327177164218));
#1963 = CARTESIAN_POINT('',(-83.52720269354,60.839707860267));
#1964 = CARTESIAN_POINT('',(-83.33359205442,61.349845136639));
#1965 = CARTESIAN_POINT('',(-83.13341864429,61.857413657438));
#1966 = CARTESIAN_POINT('',(-82.57188222415,63.227620862491));
#1967 = CARTESIAN_POINT('',(-82.19744944559,64.084982900445));
#1968 = CARTESIAN_POINT('',(-81.80276771831,64.933231519427));
#1969 = CARTESIAN_POINT('',(-81.38652307959,65.771693211249));
#1970 = CARTESIAN_POINT('',(-80.94912474888,66.598872682424));
#1971 = CARTESIAN_POINT('',(-80.48894775281,67.413990293487));
#1972 = CARTESIAN_POINT('',(-80.0065583566,68.215647541647));
#1973 = CARTESIAN_POINT('',(-78.99605279472,69.789798969177));
#1974 = CARTESIAN_POINT('',(-78.46807256074,70.562295390099));
#1975 = CARTESIAN_POINT('',(-77.91718458403,71.319017064375));
#1976 = CARTESIAN_POINT('',(-77.34340586343,72.058735083022));
#1977 = CARTESIAN_POINT('',(-76.74694471835,72.780329768351));
#1978 = CARTESIAN_POINT('',(-76.12818762797,73.482752577201));
#1979 = CARTESIAN_POINT('',(-75.48771209721,74.165009557057));
#1980 = CARTESIAN_POINT('',(-74.49569252373,75.157038432901));
#1981 = CARTESIAN_POINT('',(-74.15978676656,75.482492293227));
#1982 = CARTESIAN_POINT('',(-73.81875247202,75.802623816537));
#1983 = CARTESIAN_POINT('',(-73.47269387779,76.117342300553));
#1984 = CARTESIAN_POINT('',(-73.12172498186,76.426571848466));
#1985 = CARTESIAN_POINT('',(-72.76596954249,76.730251368938));
#1986 = CARTESIAN_POINT('',(-72.40556107822,77.028334576098));
#1987 = CARTESIAN_POINT('',(-71.43244221126,77.808201694515));
#1988 = CARTESIAN_POINT('',(-70.81168897493,78.279962011735));
#1989 = CARTESIAN_POINT('',(-70.17902482222,78.735887411271));
#1990 = CARTESIAN_POINT('',(-69.53512180363,79.175897792151));
#1991 = CARTESIAN_POINT('',(-68.88066983665,79.600008336323));
#1992 = CARTESIAN_POINT('',(-68.21636418559,80.008321362603));
#1993 = CARTESIAN_POINT('',(-67.54289294141,80.40101818064));
#1994 = CARTESIAN_POINT('',(-66.11076462211,81.193420119644));
#1995 = CARTESIAN_POINT('',(-65.35031474068,81.589846961732));
#1996 = CARTESIAN_POINT('',(-64.58046284705,81.968098733416));
#1997 = CARTESIAN_POINT('',(-63.80206643705,82.328421310127));
#1998 = CARTESIAN_POINT('',(-63.01591099809,82.671394572262));
#1999 = CARTESIAN_POINT('',(-62.2227408578,82.997652119863));
#2000 = CARTESIAN_POINT('',(-61.42326873988,83.307602753336));
#2001 = CARTESIAN_POINT('',(-59.73966928835,83.923126684837));
#2002 = CARTESIAN_POINT('',(-58.85458808726,84.225708148413));
#2003 = CARTESIAN_POINT('',(-57.96322639088,84.510404328442));
#2004 = CARTESIAN_POINT('',(-57.06710558072,84.778322742218));
#2005 = CARTESIAN_POINT('',(-56.16581287379,85.029825401775));
#2006 = CARTESIAN_POINT('',(-55.26084833385,85.266190825266));
#2007 = CARTESIAN_POINT('',(-54.35215353955,85.487904689892));
#2008 = CARTESIAN_POINT('',(-52.528533716,85.903812469593));
#2009 = CARTESIAN_POINT('',(-51.61359297461,86.097981441094));
#2010 = CARTESIAN_POINT('',(-50.69599940342,86.279218284248));
#2011 = CARTESIAN_POINT('',(-49.77584001572,86.44790605168));
#2012 = CARTESIAN_POINT('',(-48.85403368052,86.605536494179));
#2013 = CARTESIAN_POINT('',(-47.93012705183,86.751817663928));
#2014 = CARTESIAN_POINT('',(-47.00490320817,86.888158612473));
#2015 = CARTESIAN_POINT('',(-45.53780895927,87.08873335294));
#2016 = CARTESIAN_POINT('',(-44.99685692486,87.159360296413));
#2017 = CARTESIAN_POINT('',(-44.45549799402,87.22684407733));
#2018 = CARTESIAN_POINT('',(-43.91377095667,87.291308909981));
#2019 = CARTESIAN_POINT('',(-43.37171012149,87.352872344331));
#2020 = CARTESIAN_POINT('',(-42.82934531596,87.411645266021));
#2021 = CARTESIAN_POINT('',(-42.28670188636,87.46773189637));
#2022 = CARTESIAN_POINT('',(-40.89067060337,87.605305020731));
#2023 = CARTESIAN_POINT('',(-40.03690787095,87.682972942517));
#2024 = CARTESIAN_POINT('',(-39.18263294866,87.754724431802));
#2025 = CARTESIAN_POINT('',(-38.32791284938,87.820917686277));
#2026 = CARTESIAN_POINT('',(-37.47279399876,87.88184556479));
#2027 = CARTESIAN_POINT('',(-36.61734094949,87.937868446923));
#2028 = CARTESIAN_POINT('',(-35.76163616663,87.989424842668));
#2029 = CARTESIAN_POINT('',(-34.04975675178,88.08403710797));
#2030 = CARTESIAN_POINT('',(-33.19358375082,88.127133599736));
#2031 = CARTESIAN_POINT('',(-32.33720910168,88.166263037313));
#2032 = CARTESIAN_POINT('',(-31.48067603647,88.201766536567));
#2033 = CARTESIAN_POINT('',(-30.62402738396,88.23400173193));
#2034 = CARTESIAN_POINT('',(-29.76728236551,88.263197120672));
#2035 = CARTESIAN_POINT('',(-28.91043647381,88.28945582426));
#2036 = CARTESIAN_POINT('',(-27.43030672764,88.330327532892));
#2037 = CARTESIAN_POINT('',(-26.80705408692,88.346139457023));
#2038 = CARTESIAN_POINT('',(-26.18376998289,88.360652596827));
#2039 = CARTESIAN_POINT('',(-25.56046128961,88.373957005008));
#2040 = CARTESIAN_POINT('',(-24.93713295159,88.386136786596));
#2041 = CARTESIAN_POINT('',(-24.31378798386,88.397270098951));
#2042 = CARTESIAN_POINT('',(-23.69042747194,88.407429151759));
#2043 = CARTESIAN_POINT('',(-22.36575187127,88.427086662347));
#2044 = CARTESIAN_POINT('',(-21.66443632157,88.436366763059));
#2045 = CARTESIAN_POINT('',(-20.96310663252,88.444604803519));
#2046 = CARTESIAN_POINT('',(-20.26176595931,88.451911263101));
#2047 = CARTESIAN_POINT('',(-19.56041748333,88.45840713095));
#2048 = CARTESIAN_POINT('',(-18.85906399298,88.464208230722));
#2049 = CARTESIAN_POINT('',(-18.15770746458,88.469409545321));
#2050 = CARTESIAN_POINT('',(-15.2743468908,88.488538747646));
#2051 = CARTESIAN_POINT('',(-13.09232062614,88.497518312117));
#2052 = CARTESIAN_POINT('',(-10.91027913847,88.502149111988));
#2053 = CARTESIAN_POINT('',(-8.728229447499,88.503572020653));
#2054 = CARTESIAN_POINT('',(-6.546176303373,88.502927907969));
#2055 = CARTESIAN_POINT('',(-4.364122186686,88.501357640256));
#2056 = CARTESIAN_POINT('',(-2.182067308465,88.500002080295));
#2057 = CARTESIAN_POINT('',(1.48067350218,88.500002087642));
#2058 = CARTESIAN_POINT('',(2.96135620826,88.500626263736));
#2059 = CARTESIAN_POINT('',(4.442038464972,88.501518154647));
#2060 = CARTESIAN_POINT('',(5.922720004118,88.502321296233));
#2061 = CARTESIAN_POINT('',(7.403400332403,88.502679221182));
#2062 = CARTESIAN_POINT('',(8.884078731432,88.502235459006));
#2063 = CARTESIAN_POINT('',(10.364754257712,88.500633536046));
#2064 = CARTESIAN_POINT('',(12.46886409954,88.496204744057));
#2065 = CARTESIAN_POINT('',(13.092301444271,88.494623992098));
#2066 = CARTESIAN_POINT('',(13.715737705814,88.492748110564));
#2067 = CARTESIAN_POINT('',(14.339172813141,88.490550490423));
#2068 = CARTESIAN_POINT('',(14.962606695222,88.488004522643));
#2069 = CARTESIAN_POINT('',(15.58603928103,88.485083598194));
#2070 = CARTESIAN_POINT('',(16.209470499535,88.481761108044));
#2071 = CARTESIAN_POINT('',(17.534258519305,88.473793355203));
#2072 = CARTESIAN_POINT('',(18.235615076335,88.469016204597));
#2073 = CARTESIAN_POINT('',(18.936971001221,88.463697738642));
#2074 = CARTESIAN_POINT('',(19.638324766404,88.457770188843));
#2075 = CARTESIAN_POINT('',(20.339673196358,88.451114320015));
#2076 = CARTESIAN_POINT('',(21.041012397623,88.443594479396));
#2077 = CARTESIAN_POINT('',(21.742338688824,88.435093645754));
#2078 = CARTESIAN_POINT('',(23.37873106924,88.412812112692));
#2079 = CARTESIAN_POINT('',(24.313782771543,88.398175073787));
#2080 = CARTESIAN_POINT('',(25.248804804707,88.38140726665));
#2081 = CARTESIAN_POINT('',(26.183769478537,88.362130839957));
#2082 = CARTESIAN_POINT('',(27.11872223978,88.340415222163));
#2083 = CARTESIAN_POINT('',(28.053566818242,88.315522012867));
#2084 = CARTESIAN_POINT('',(28.988330753657,88.287447925422));
#2085 = CARTESIAN_POINT('',(30.857606197461,88.224090407105));
#2086 = CARTESIAN_POINT('',(31.792116137205,88.188782324809));
#2087 = CARTESIAN_POINT('',(32.726508362183,88.14975350242));
#2088 = CARTESIAN_POINT('',(33.660695415312,88.106353168632));
#2089 = CARTESIAN_POINT('',(34.5946795373,88.058408285532));
#2090 = CARTESIAN_POINT('',(35.528359242167,88.005320522714));
#2091 = CARTESIAN_POINT('',(36.461744533495,87.946929862984));
#2092 = CARTESIAN_POINT('',(38.01669862212,87.839739251352));
#2093 = CARTESIAN_POINT('',(38.638495162958,87.794238593737));
#2094 = CARTESIAN_POINT('',(39.260088891987,87.745988446907));
#2095 = CARTESIAN_POINT('',(39.881459555274,87.694858802261));
#2096 = CARTESIAN_POINT('',(40.502580652911,87.640709624608));
#2097 = CARTESIAN_POINT('',(41.123419439015,87.58339085216));
#2098 = CARTESIAN_POINT('',(41.743936921725,87.522742396537));
#2099 = CARTESIAN_POINT('',(42.829202764424,87.410482965886));
#2100 = CARTESIAN_POINT('',(43.294114352594,87.360407606511));
#2101 = CARTESIAN_POINT('',(43.758807311304,87.308303112708));
#2102 = CARTESIAN_POINT('',(44.223263967248,87.254101133382));
#2103 = CARTESIAN_POINT('',(44.68746429022,87.197729918277));
#2104 = CARTESIAN_POINT('',(45.151385893122,87.139114317976));
#2105 = CARTESIAN_POINT('',(45.615004031956,87.078175783897));
#2106 = CARTESIAN_POINT('',(46.850437733909,86.909259733204));
#2107 = CARTESIAN_POINT('',(47.621681768587,86.797034625646));
#2108 = CARTESIAN_POINT('',(48.391905248383,86.677799922733));
#2109 = CARTESIAN_POINT('',(49.160961750517,86.551158444081));
#2110 = CARTESIAN_POINT('',(49.928699533297,86.416717714794));
#2111 = CARTESIAN_POINT('',(50.694961632643,86.274096479783));
#2112 = CARTESIAN_POINT('',(51.459563412769,86.122892969422));
#2113 = CARTESIAN_POINT('',(52.984932629361,85.802337571461));
#2114 = CARTESIAN_POINT('',(53.745748211535,85.633039875923));
#2115 = CARTESIAN_POINT('',(54.504413130183,85.454249134559));
#2116 = CARTESIAN_POINT('',(55.260707150175,85.265530855808));
#2117 = CARTESIAN_POINT('',(56.014374531006,85.066441514312));
#2118 = CARTESIAN_POINT('',(56.765087360311,84.856510839103));
#2119 = CARTESIAN_POINT('',(57.512468678457,84.635253627588));
#2120 = CARTESIAN_POINT('',(58.776777729711,84.239079183177));
#2121 = CARTESIAN_POINT('',(59.295562329255,84.070175546901));
#2122 = CARTESIAN_POINT('',(59.812404120905,83.895334370609));
#2123 = CARTESIAN_POINT('',(60.327165466719,83.71439364767));
#2124 = CARTESIAN_POINT('',(60.839696162768,83.527195170705));
#2125 = CARTESIAN_POINT('',(61.34983343914,83.33358453159));
#2126 = CARTESIAN_POINT('',(61.857401959939,83.133411121452));
#2127 = CARTESIAN_POINT('',(63.227609164918,82.571874701321));
#2128 = CARTESIAN_POINT('',(64.084971203254,82.197441922754));
#2129 = CARTESIAN_POINT('',(64.933219821291,81.802760195474));
#2130 = CARTESIAN_POINT('',(65.77168151454,81.386515556772));
#2131 = CARTESIAN_POINT('',(66.598860984314,80.949117226031));
#2132 = CARTESIAN_POINT('',(67.413978596273,80.488940229985));
#2133 = CARTESIAN_POINT('',(68.215635844082,80.006550833766));
#2134 = CARTESIAN_POINT('',(69.789787271662,78.996045271885));
#2135 = CARTESIAN_POINT('',(70.562283692642,78.468065037918));
#2136 = CARTESIAN_POINT('',(71.319005366834,77.917177061188));
#2137 = CARTESIAN_POINT('',(72.058723385523,77.343398340594));
#2138 = CARTESIAN_POINT('',(72.780318070895,76.746937195523));
#2139 = CARTESIAN_POINT('',(73.482740879661,76.128180105127));
#2140 = CARTESIAN_POINT('',(74.164997859573,75.487704574381));
#2141 = CARTESIAN_POINT('',(75.157026735402,74.495685000894));
#2142 = CARTESIAN_POINT('',(75.482480595729,74.159779243723));
#2143 = CARTESIAN_POINT('',(75.802612119038,73.818744949182));
#2144 = CARTESIAN_POINT('',(76.117330603054,73.472686354959));
#2145 = CARTESIAN_POINT('',(76.426560150967,73.121717459028));
#2146 = CARTESIAN_POINT('',(76.730239671439,72.765962019653));
#2147 = CARTESIAN_POINT('',(77.028322878599,72.405553555387));
#2148 = CARTESIAN_POINT('',(77.808189997014,71.432434688425));
#2149 = CARTESIAN_POINT('',(78.279950314237,70.811681452091));
#2150 = CARTESIAN_POINT('',(78.735875713774,70.179017299384));
#2151 = CARTESIAN_POINT('',(79.175886094652,69.535114280794));
#2152 = CARTESIAN_POINT('',(79.599996638821,68.880662313814));
#2153 = CARTESIAN_POINT('',(80.008309665104,68.216356662757));
#2154 = CARTESIAN_POINT('',(80.401006483146,67.542885418575));
#2155 = CARTESIAN_POINT('',(81.193408422139,66.110757099265));
#2156 = CARTESIAN_POINT('',(81.589835264252,65.350307217883));
#2157 = CARTESIAN_POINT('',(81.968087035832,64.580455324173));
#2158 = CARTESIAN_POINT('',(82.328409612657,63.802058914224));
#2159 = CARTESIAN_POINT('',(82.671382874918,63.015903475325));
#2160 = CARTESIAN_POINT('',(82.997640422354,62.22273333495));
#2161 = CARTESIAN_POINT('',(83.307591055637,61.423261217014));
#2162 = CARTESIAN_POINT('',(83.923114987261,59.739661765151));
#2163 = CARTESIAN_POINT('',(84.225696453138,58.854580564619));
#2164 = CARTESIAN_POINT('',(84.510392627105,57.963218867779));
#2165 = CARTESIAN_POINT('',(84.778311055925,57.067098060136));
#2166 = CARTESIAN_POINT('',(85.029813682817,56.165805347769));
#2167 = CARTESIAN_POINT('',(85.266179134083,55.260840811671));
#2168 = CARTESIAN_POINT('',(85.487893001901,54.352146017646));
#2169 = CARTESIAN_POINT('',(85.903800764927,52.528526192134));
#2170 = CARTESIAN_POINT('',(86.097969748594,51.613585454131));
#2171 = CARTESIAN_POINT('',(86.279206480555,50.695991874514));
#2172 = CARTESIAN_POINT('',(86.447894297513,49.77583248939));
#2173 = CARTESIAN_POINT('',(86.605524884893,48.854026174081));
#2174 = CARTESIAN_POINT('',(86.7518063403,47.930119576862));
#2175 = CARTESIAN_POINT('',(86.888146907116,47.004895694093));
#2176 = CARTESIAN_POINT('',(87.088721317052,45.537801405938));
#2177 = CARTESIAN_POINT('',(87.159348031835,44.996849345751));
#2178 = CARTESIAN_POINT('',(87.226831743895,44.455490403732));
#2179 = CARTESIAN_POINT('',(87.291296829776,43.913763382046));
#2180 = CARTESIAN_POINT('',(87.352860851681,43.37170258957));
#2181 = CARTESIAN_POINT('',(87.411634557477,42.829337841894));
#2182 = CARTESIAN_POINT('',(87.46772188069,42.28669446132));
#2183 = CARTESIAN_POINT('',(87.605294657432,40.890663119407));
#2184 = CARTESIAN_POINT('',(87.682965610323,40.036900621123));
#2185 = CARTESIAN_POINT('',(87.754707524445,39.18262513542));
#2186 = CARTESIAN_POINT('',(87.820897392072,38.327904859493));
#2187 = CARTESIAN_POINT('',(87.881822380452,37.472785851016));
#2188 = CARTESIAN_POINT('',(87.937841151171,36.617332524377));
#2189 = CARTESIAN_POINT('',(87.989416625965,35.761628859742));
#2190 = CARTESIAN_POINT('',(88.084060739497,34.049749556676));
#2191 = CARTESIAN_POINT('',(88.12716196143,33.193579405234));
#2192 = CARTESIAN_POINT('',(88.16630545595,32.337208560858));
#2193 = CARTESIAN_POINT('',(88.2018007509,31.480676747087));
#2194 = CARTESIAN_POINT('',(88.233964755899,30.624023847843));
#2195 = CARTESIAN_POINT('',(88.263054992741,29.767270780153));
#2196 = CARTESIAN_POINT('',(88.289271561275,28.910419637377));
#2197 = CARTESIAN_POINT('',(88.327981009581,27.508193323592));
#2198 = CARTESIAN_POINT('',(88.341975394924,26.962855299545));
#2199 = CARTESIAN_POINT('',(88.354998148453,26.417493386334));
#2200 = CARTESIAN_POINT('',(88.367123745866,25.872112318828));
#2201 = CARTESIAN_POINT('',(88.378410902009,25.326715502713));
#2202 = CARTESIAN_POINT('',(88.388902570884,24.78130501449));
#2203 = CARTESIAN_POINT('',(88.398625945645,24.23588160148));
#2204 = CARTESIAN_POINT('',(88.420407740142,22.911243357796));
#2205 = CARTESIAN_POINT('',(88.431709448084,22.132017005259));
#2206 = CARTESIAN_POINT('',(88.441586243168,21.352768321977));
#2207 = CARTESIAN_POINT('',(88.450139376131,20.57350054024));
#2208 = CARTESIAN_POINT('',(88.457466318599,19.794216319212));
#2209 = CARTESIAN_POINT('',(88.463657102404,19.014917496003));
#2210 = CARTESIAN_POINT('',(88.468803367316,18.235605695452));
#2211 = CARTESIAN_POINT('',(88.477659393996,16.599011887735));
#2212 = CARTESIAN_POINT('',(88.481175627236,15.741721922485));
#2213 = CARTESIAN_POINT('',(88.483716328727,14.884418414782));
#2214 = CARTESIAN_POINT('',(88.485429010291,14.027105876528));
#2215 = CARTESIAN_POINT('',(88.486461183747,13.169788819627));
#2216 = CARTESIAN_POINT('',(88.486960360915,12.312471755982));
#2217 = CARTESIAN_POINT('',(88.487074053617,11.455159197495));
#2218 = CARTESIAN_POINT('',(88.486757682395,9.273026069323));
#2219 = CARTESIAN_POINT('',(88.485997384174,7.948208351164));
#2220 = CARTESIAN_POINT('',(88.485213101568,6.623409397243));
#2221 = CARTESIAN_POINT('',(88.484949209672,5.298637026758));
#2222 = CARTESIAN_POINT('',(88.485750236116,3.973899982455));
#2223 = CARTESIAN_POINT('',(88.488160861067,2.649207930629));
#2224 = CARTESIAN_POINT('',(88.492725917226,1.324571461123));
#2225 = CARTESIAN_POINT('',(88.499990389831,2.087329946221E-06));
#2226 = ( GEOMETRIC_REPRESENTATION_CONTEXT(2) 
PARAMETRIC_REPRESENTATION_CONTEXT() REPRESENTATION_CONTEXT('2D SPACE',''
  ) );
#2227 = PCURVE('',#2228,#2395);
#2228 = SURFACE_OF_LINEAR_EXTRUSION('',#2229,#2393);
#2229 = B_SPLINE_CURVE_WITH_KNOTS('',3,(#2230,#2231,#2232,#2233,#2234,
    #2235,#2236,#2237,#2238,#2239,#2240,#2241,#2242,#2243,#2244,#2245,
    #2246,#2247,#2248,#2249,#2250,#2251,#2252,#2253,#2254,#2255,#2256,
    #2257,#2258,#2259,#2260,#2261,#2262,#2263,#2264,#2265,#2266,#2267,
    #2268,#2269,#2270,#2271,#2272,#2273,#2274,#2275,#2276,#2277,#2278,
    #2279,#2280,#2281,#2282,#2283,#2284,#2285,#2286,#2287,#2288,#2289,
    #2290,#2291,#2292,#2293,#2294,#2295,#2296,#2297,#2298,#2299,#2300,
    #2301,#2302,#2303,#2304,#2305,#2306,#2307,#2308,#2309,#2310,#2311,
    #2312,#2313,#2314,#2315,#2316,#2317,#2318,#2319,#2320,#2321,#2322,
    #2323,#2324,#2325,#2326,#2327,#2328,#2329,#2330,#2331,#2332,#2333,
    #2334,#2335,#2336,#2337,#2338,#2339,#2340,#2341,#2342,#2343,#2344,
    #2345,#2346,#2347,#2348,#2349,#2350,#2351,#2352,#2353,#2354,#2355,
    #2356,#2357,#2358,#2359,#2360,#2361,#2362,#2363,#2364,#2365,#2366,
    #2367,#2368,#2369,#2370,#2371,#2372,#2373,#2374,#2375,#2376,#2377,
    #2378,#2379,#2380,#2381,#2382,#2383,#2384,#2385,#2386,#2387,#2388,
    #2389,#2390,#2391,#2392),.UNSPECIFIED.,.T.,.F.,(1,1,2,1,1,1,1,1,1,1,
    1,1,1,1,1,1,1,1,1,1,1,1,1,1,1,1,1,1,1,1,1,1,1,1,1,1,1,1,1,1,1,1,1,1,
    1,1,1,1,1,1,1,1,1,1,1,1,1,1,1,1,1,1,1,1,1,1,1,1,1,1,1,1,1,1,1,1,1,1,
    1,1,1,1,1,1,1,1,1,1,1,1,1,1,1,1,1,1,1,1,1,1,1,1,1,1,1,1,1,1,1,1,1,1,
    1,1,1,1,1,1,1,1,1,1,1,1,1,1,1,1,1,1,1,1,1,1,1,1,1,1,1,1,1,1,1,1,1,1,
    1,1,1,1,1,1,1,1,1,1,1,1,1,1,1,1,2,1,1),(-25.80318600102,
    -18.45216117833,0.,18.45216117833,25.80318600102,31.384045421469,
    36.049298802916,40.12789926495,43.788250016492,47.130672958154,
    50.221094868239,53.106035324087,55.820206235436,58.390742418398,
    60.839728838478,63.185795808678,65.445170777623,67.632396076437,
    69.760831861511,71.843015657693,73.890923542388,75.916163184517,
    77.930120616575,79.944078048633,81.969317690762,84.017225575457,
    86.099409371639,88.227845156713,90.415070455527,92.674445424472,
    95.020512394672,97.469498814752,100.04003499771,102.75420590906,
    105.63914636491,108.72956827499,112.07199121665,115.7323419682,
    119.81094243023,124.47619581168,130.05705523213,137.40808005482,
    155.86023998691,174.31240241148,181.66342723417,187.24428665461,
    191.90954003606,195.9881404981,199.64849124964,202.9909141913,
    206.08133610138,208.96627655723,211.68044746858,214.25098365154,
    216.69997007162,219.04603704182,221.30541201077,223.49263730958,
    225.62107309466,227.70325689084,229.75116477553,231.77640441766,
    233.79036184972,235.80431928178,237.82955892391,239.8774668086,
    241.95965060478,244.08808638986,246.27531168867,248.53468665762,
    250.88075362782,253.3297400479,255.90027623086,258.61444714221,
    261.49938759806,264.58980950814,267.9322324498,271.59258320135,
    275.67118366338,280.33643704483,285.91729646528,293.26832128797,
    311.72048072297,330.17264364463,337.52366846732,343.10452788776,
    347.76978126921,351.84838173125,355.50873248279,358.85115542445,
    361.94157733453,364.82651779038,367.54068870173,370.11122488469,
    372.56021130477,374.90627827497,377.16565324392,379.35287854273,
    381.48131432781,383.56349812399,385.61140600868,387.63664565081,
    389.65060308287,391.66456051493,393.68980015706,395.73770804175,
    397.81989183794,399.94832762301,402.13555292182,404.39492789077,
    406.74099486097,409.18998128105,411.76051746401,414.47468837536,
    417.35962883121,420.45005074129,423.79247368295,427.4528244345,
    431.53142489653,436.19667827798,441.77753769843,449.12856252112,
    467.5807215779,486.03288487778,493.38390970047,498.96476912091,
    503.63002250236,507.7086229644,511.36897371594,514.7113966576,
    517.80181856768,520.68675902353,523.40092993488,525.97146611784,
    528.42045253792,530.76651950812,533.02589447707,535.21311977588,
    537.34155556096,539.42373935714,541.47164724183,543.49688688396,
    545.51084431602,547.52480174808,549.55004139021,551.5979492749,
    553.68013307109,555.80856885616,557.99579415497,560.25516912392,
    562.60123609412,565.0502225142,567.62075869716,570.33492960851,
    573.21987006436,576.31029197444,579.6527149161,583.31306566765,
    587.39166612968,592.05691951113,597.63777893158,604.98880375427,
    623.4409649326,641.89312611093,649.24415093362),.UNSPECIFIED.);
#2230 = CARTESIAN_POINT('',(88.533723276002,-6.148914870583,-1.));
#2231 = CARTESIAN_POINT('',(88.466276723998,6.148914870583,-1.));
#2232 = CARTESIAN_POINT('',(88.525878427726,14.752257270975,-1.));
#2233 = CARTESIAN_POINT('',(88.397232415365,25.212846097777,-1.));
#2234 = CARTESIAN_POINT('',(88.231628738112,31.076570493099,-1.));
#2235 = CARTESIAN_POINT('',(87.999693333606,35.846213185726,-1.));
#2236 = CARTESIAN_POINT('',(87.70156408665,39.970620741873,-1.));
#2237 = CARTESIAN_POINT('',(87.336659137085,43.6468361346,-1.));
#2238 = CARTESIAN_POINT('',(86.904626683226,46.98393131881,-1.));
#2239 = CARTESIAN_POINT('',(86.405012851638,50.050025685043,-1.));
#2240 = CARTESIAN_POINT('',(85.837301824966,52.891034036323,-1.));
#2241 = CARTESIAN_POINT('',(85.200889964343,55.539587059099,-1.));
#2242 = CARTESIAN_POINT('',(84.495078763206,58.019797618946,-1.));
#2243 = CARTESIAN_POINT('',(83.719063434175,60.350024923379,-1.));
#2244 = CARTESIAN_POINT('',(82.871921378626,62.544580300262,-1.));
#2245 = CARTESIAN_POINT('',(81.952598748374,64.614832464839,-1.));
#2246 = CARTESIAN_POINT('',(80.959894749018,66.569952804288,-1.));
#2247 = CARTESIAN_POINT('',(79.892442734162,68.417435112602,-1.));
#2248 = CARTESIAN_POINT('',(78.748686908047,70.163468805325,-1.));
#2249 = CARTESIAN_POINT('',(77.526853055791,71.813213971297,-1.));
#2250 = CARTESIAN_POINT('',(76.224911336699,73.371008764135,-1.));
#2251 = CARTESIAN_POINT('',(74.840528787744,74.840528787744,-1.));
#2252 = CARTESIAN_POINT('',(73.371008764135,76.224911336699,-1.));
#2253 = CARTESIAN_POINT('',(71.813213971297,77.526853055791,-1.));
#2254 = CARTESIAN_POINT('',(70.163468805325,78.748686908046,-1.));
#2255 = CARTESIAN_POINT('',(68.417435112602,79.892442734164,-1.));
#2256 = CARTESIAN_POINT('',(66.569952804288,80.959894749013,-1.));
#2257 = CARTESIAN_POINT('',(64.61483246484,81.952598748395,-1.));
#2258 = CARTESIAN_POINT('',(62.544580300257,82.871921378542,-1.));
#2259 = CARTESIAN_POINT('',(60.350024923397,83.719063434511,-1.));
#2260 = CARTESIAN_POINT('',(58.019797618872,84.495078761867,-1.));
#2261 = CARTESIAN_POINT('',(55.539587059397,85.200889969734,-1.));
#2262 = CARTESIAN_POINT('',(52.891034035113,85.83730180306,-1.));
#2263 = CARTESIAN_POINT('',(50.050025690013,86.40501294161,-1.));
#2264 = CARTESIAN_POINT('',(46.983931298137,86.904626308984,-1.));
#2265 = CARTESIAN_POINT('',(43.646836221972,87.336660718835,-1.));
#2266 = CARTESIAN_POINT('',(39.970620364611,87.701557256869,-1.));
#2267 = CARTESIAN_POINT('',(35.846214865731,87.999723747672,-1.));
#2268 = CARTESIAN_POINT('',(31.076562631888,88.231486422231,-1.));
#2269 = CARTESIAN_POINT('',(25.212886587397,88.397965421522,-1.));
#2270 = CARTESIAN_POINT('',(14.751920178223,88.519768324745,-1.));
#2271 = CARTESIAN_POINT('',(4.154129975666E-07,88.48586343584,-1.));
#2272 = CARTESIAN_POINT('',(-14.75191934742,88.519768333417,-1.));
#2273 = CARTESIAN_POINT('',(-25.21288658739,88.397965421642,-1.));
#2274 = CARTESIAN_POINT('',(-31.07656263188,88.231486422208,-1.));
#2275 = CARTESIAN_POINT('',(-35.84621486573,87.999723747677,-1.));
#2276 = CARTESIAN_POINT('',(-39.97062036461,87.701557256867,-1.));
#2277 = CARTESIAN_POINT('',(-43.64683622197,87.336660718835,-1.));
#2278 = CARTESIAN_POINT('',(-46.98393129813,86.904626308984,-1.));
#2279 = CARTESIAN_POINT('',(-50.05002569001,86.40501294161,-1.));
#2280 = CARTESIAN_POINT('',(-52.89103403511,85.83730180306,-1.));
#2281 = CARTESIAN_POINT('',(-55.53958705939,85.200889969734,-1.));
#2282 = CARTESIAN_POINT('',(-58.01979761887,84.495078761867,-1.));
#2283 = CARTESIAN_POINT('',(-60.35002492339,83.719063434511,-1.));
#2284 = CARTESIAN_POINT('',(-62.54458030025,82.871921378542,-1.));
#2285 = CARTESIAN_POINT('',(-64.61483246484,81.952598748395,-1.));
#2286 = CARTESIAN_POINT('',(-66.56995280428,80.959894749013,-1.));
#2287 = CARTESIAN_POINT('',(-68.4174351126,79.892442734164,-1.));
#2288 = CARTESIAN_POINT('',(-70.16346880532,78.748686908047,-1.));
#2289 = CARTESIAN_POINT('',(-71.81321397129,77.526853055791,-1.));
#2290 = CARTESIAN_POINT('',(-73.37100876413,76.224911336698,-1.));
#2291 = CARTESIAN_POINT('',(-74.84052878774,74.840528787744,-1.));
#2292 = CARTESIAN_POINT('',(-76.22491133669,73.371008764135,-1.));
#2293 = CARTESIAN_POINT('',(-77.52685305579,71.813213971297,-1.));
#2294 = CARTESIAN_POINT('',(-78.74868690804,70.163468805325,-1.));
#2295 = CARTESIAN_POINT('',(-79.89244273416,68.417435112602,-1.));
#2296 = CARTESIAN_POINT('',(-80.95989474901,66.569952804287,-1.));
#2297 = CARTESIAN_POINT('',(-81.95259874839,64.614832464841,-1.));
#2298 = CARTESIAN_POINT('',(-82.87192137854,62.544580300257,-1.));
#2299 = CARTESIAN_POINT('',(-83.71906343451,60.350024923397,-1.));
#2300 = CARTESIAN_POINT('',(-84.49507876186,58.019797618872,-1.));
#2301 = CARTESIAN_POINT('',(-85.20088996973,55.539587059397,-1.));
#2302 = CARTESIAN_POINT('',(-85.83730180306,52.891034035113,-1.));
#2303 = CARTESIAN_POINT('',(-86.40501294161,50.050025690013,-1.));
#2304 = CARTESIAN_POINT('',(-86.90462630898,46.983931298137,-1.));
#2305 = CARTESIAN_POINT('',(-87.33666071883,43.646836221972,-1.));
#2306 = CARTESIAN_POINT('',(-87.70155725686,39.970620364611,-1.));
#2307 = CARTESIAN_POINT('',(-87.99972374767,35.846214865731,-1.));
#2308 = CARTESIAN_POINT('',(-88.23148642223,31.076562631888,-1.));
#2309 = CARTESIAN_POINT('',(-88.39796542149,25.212886587396,-1.));
#2310 = CARTESIAN_POINT('',(-88.51976832301,14.751920343913,-1.));
#2311 = CARTESIAN_POINT('',(-88.48586343584,5.811086200021E-07,-1.));
#2312 = CARTESIAN_POINT('',(-88.51976833514,-14.75191918173,-1.));
#2313 = CARTESIAN_POINT('',(-88.39796542166,-25.21288658739,-1.));
#2314 = CARTESIAN_POINT('',(-88.2314864222,-31.07656263188,-1.));
#2315 = CARTESIAN_POINT('',(-87.99972374767,-35.84621486573,-1.));
#2316 = CARTESIAN_POINT('',(-87.70155725686,-39.97062036461,-1.));
#2317 = CARTESIAN_POINT('',(-87.33666071883,-43.64683622197,-1.));
#2318 = CARTESIAN_POINT('',(-86.90462630898,-46.98393129813,-1.));
#2319 = CARTESIAN_POINT('',(-86.40501294161,-50.05002569001,-1.));
#2320 = CARTESIAN_POINT('',(-85.83730180306,-52.89103403511,-1.));
#2321 = CARTESIAN_POINT('',(-85.20088996973,-55.53958705939,-1.));
#2322 = CARTESIAN_POINT('',(-84.49507876186,-58.01979761887,-1.));
#2323 = CARTESIAN_POINT('',(-83.71906343451,-60.35002492339,-1.));
#2324 = CARTESIAN_POINT('',(-82.87192137854,-62.54458030025,-1.));
#2325 = CARTESIAN_POINT('',(-81.95259874839,-64.61483246484,-1.));
#2326 = CARTESIAN_POINT('',(-80.95989474901,-66.56995280428,-1.));
#2327 = CARTESIAN_POINT('',(-79.89244273416,-68.4174351126,-1.));
#2328 = CARTESIAN_POINT('',(-78.74868690804,-70.16346880532,-1.));
#2329 = CARTESIAN_POINT('',(-77.52685305579,-71.81321397129,-1.));
#2330 = CARTESIAN_POINT('',(-76.22491133669,-73.37100876413,-1.));
#2331 = CARTESIAN_POINT('',(-74.84052878774,-74.84052878774,-1.));
#2332 = CARTESIAN_POINT('',(-73.37100876413,-76.22491133669,-1.));
#2333 = CARTESIAN_POINT('',(-71.81321397129,-77.52685305579,-1.));
#2334 = CARTESIAN_POINT('',(-70.16346880532,-78.74868690804,-1.));
#2335 = CARTESIAN_POINT('',(-68.4174351126,-79.89244273416,-1.));
#2336 = CARTESIAN_POINT('',(-66.56995280428,-80.95989474901,-1.));
#2337 = CARTESIAN_POINT('',(-64.61483246484,-81.95259874839,-1.));
#2338 = CARTESIAN_POINT('',(-62.54458030025,-82.87192137854,-1.));
#2339 = CARTESIAN_POINT('',(-60.35002492339,-83.71906343451,-1.));
#2340 = CARTESIAN_POINT('',(-58.01979761887,-84.49507876186,-1.));
#2341 = CARTESIAN_POINT('',(-55.53958705939,-85.20088996973,-1.));
#2342 = CARTESIAN_POINT('',(-52.89103403511,-85.83730180306,-1.));
#2343 = CARTESIAN_POINT('',(-50.05002569001,-86.40501294161,-1.));
#2344 = CARTESIAN_POINT('',(-46.98393129813,-86.90462630898,-1.));
#2345 = CARTESIAN_POINT('',(-43.64683622197,-87.33666071883,-1.));
#2346 = CARTESIAN_POINT('',(-39.97062036461,-87.70155725686,-1.));
#2347 = CARTESIAN_POINT('',(-35.84621486573,-87.99972374767,-1.));
#2348 = CARTESIAN_POINT('',(-31.07656263188,-88.23148642223,-1.));
#2349 = CARTESIAN_POINT('',(-25.21288658739,-88.39796542148,-1.));
#2350 = CARTESIAN_POINT('',(-14.75192046998,-88.51976832169,-1.));
#2351 = CARTESIAN_POINT('',(-7.071825847956E-07,-88.48586343584,-1.));
#2352 = CARTESIAN_POINT('',(14.751919055663,-88.51976833646,-1.));
#2353 = CARTESIAN_POINT('',(25.212886587397,-88.39796542168,-1.));
#2354 = CARTESIAN_POINT('',(31.076562631888,-88.2314864222,-1.));
#2355 = CARTESIAN_POINT('',(35.846214865731,-87.99972374767,-1.));
#2356 = CARTESIAN_POINT('',(39.970620364611,-87.70155725686,-1.));
#2357 = CARTESIAN_POINT('',(43.646836221972,-87.33666071883,-1.));
#2358 = CARTESIAN_POINT('',(46.983931298137,-86.90462630898,-1.));
#2359 = CARTESIAN_POINT('',(50.050025690013,-86.40501294161,-1.));
#2360 = CARTESIAN_POINT('',(52.891034035113,-85.83730180306,-1.));
#2361 = CARTESIAN_POINT('',(55.539587059397,-85.20088996973,-1.));
#2362 = CARTESIAN_POINT('',(58.019797618872,-84.49507876186,-1.));
#2363 = CARTESIAN_POINT('',(60.350024923397,-83.71906343451,-1.));
#2364 = CARTESIAN_POINT('',(62.544580300257,-82.87192137854,-1.));
#2365 = CARTESIAN_POINT('',(64.61483246484,-81.95259874839,-1.));
#2366 = CARTESIAN_POINT('',(66.569952804287,-80.95989474901,-1.));
#2367 = CARTESIAN_POINT('',(68.417435112602,-79.89244273416,-1.));
#2368 = CARTESIAN_POINT('',(70.163468805325,-78.74868690804,-1.));
#2369 = CARTESIAN_POINT('',(71.813213971297,-77.52685305579,-1.));
#2370 = CARTESIAN_POINT('',(73.371008764135,-76.22491133669,-1.));
#2371 = CARTESIAN_POINT('',(74.840528787744,-74.84052878774,-1.));
#2372 = CARTESIAN_POINT('',(76.224911336698,-73.37100876413,-1.));
#2373 = CARTESIAN_POINT('',(77.526853055791,-71.81321397129,-1.));
#2374 = CARTESIAN_POINT('',(78.748686908046,-70.16346880532,-1.));
#2375 = CARTESIAN_POINT('',(79.892442734165,-68.4174351126,-1.));
#2376 = CARTESIAN_POINT('',(80.959894749007,-66.56995280428,-1.));
#2377 = CARTESIAN_POINT('',(81.952598748417,-64.61483246483,-1.));
#2378 = CARTESIAN_POINT('',(82.871921378457,-62.54458030026,-1.));
#2379 = CARTESIAN_POINT('',(83.719063434846,-60.35002492337,-1.));
#2380 = CARTESIAN_POINT('',(84.495078760528,-58.01979761894,-1.));
#2381 = CARTESIAN_POINT('',(85.200889975125,-55.53958705909,-1.));
#2382 = CARTESIAN_POINT('',(85.837301781154,-52.89103403632,-1.));
#2383 = CARTESIAN_POINT('',(86.405013031582,-50.05002568504,-1.));
#2384 = CARTESIAN_POINT('',(86.904625934742,-46.9839313188,-1.));
#2385 = CARTESIAN_POINT('',(87.336662300585,-43.6468361346,-1.));
#2386 = CARTESIAN_POINT('',(87.701550427086,-39.97062074187,-1.));
#2387 = CARTESIAN_POINT('',(87.999754161742,-35.84621318572,-1.));
#2388 = CARTESIAN_POINT('',(88.231344106327,-31.07657049309,-1.));
#2389 = CARTESIAN_POINT('',(88.398698427799,-25.21284609777,-1.));
#2390 = CARTESIAN_POINT('',(88.513658230436,-14.75225727097,-1.));
#2391 = CARTESIAN_POINT('',(88.533723276002,-6.148914870583,-1.));
#2392 = CARTESIAN_POINT('',(88.466276723998,6.148914870583,-1.));
#2393 = VECTOR('',#2394,1.);
#2394 = DIRECTION('',(-0.,-0.,-1.));
#2395 = DEFINITIONAL_REPRESENTATION('',(#2396),#3050);
#2396 = B_SPLINE_CURVE_WITH_KNOTS('',8,(#2397,#2398,#2399,#2400,#2401,
    #2402,#2403,#2404,#2405,#2406,#2407,#2408,#2409,#2410,#2411,#2412,
    #2413,#2414,#2415,#2416,#2417,#2418,#2419,#2420,#2421,#2422,#2423,
    #2424,#2425,#2426,#2427,#2428,#2429,#2430,#2431,#2432,#2433,#2434,
    #2435,#2436,#2437,#2438,#2439,#2440,#2441,#2442,#2443,#2444,#2445,
    #2446,#2447,#2448,#2449,#2450,#2451,#2452,#2453,#2454,#2455,#2456,
    #2457,#2458,#2459,#2460,#2461,#2462,#2463,#2464,#2465,#2466,#2467,
    #2468,#2469,#2470,#2471,#2472,#2473,#2474,#2475,#2476,#2477,#2478,
    #2479,#2480,#2481,#2482,#2483,#2484,#2485,#2486,#2487,#2488,#2489,
    #2490,#2491,#2492,#2493,#2494,#2495,#2496,#2497,#2498,#2499,#2500,
    #2501,#2502,#2503,#2504,#2505,#2506,#2507,#2508,#2509,#2510,#2511,
    #2512,#2513,#2514,#2515,#2516,#2517,#2518,#2519,#2520,#2521,#2522,
    #2523,#2524,#2525,#2526,#2527,#2528,#2529,#2530,#2531,#2532,#2533,
    #2534,#2535,#2536,#2537,#2538,#2539,#2540,#2541,#2542,#2543,#2544,
    #2545,#2546,#2547,#2548,#2549,#2550,#2551,#2552,#2553,#2554,#2555,
    #2556,#2557,#2558,#2559,#2560,#2561,#2562,#2563,#2564,#2565,#2566,
    #2567,#2568,#2569,#2570,#2571,#2572,#2573,#2574,#2575,#2576,#2577,
    #2578,#2579,#2580,#2581,#2582,#2583,#2584,#2585,#2586,#2587,#2588,
    #2589,#2590,#2591,#2592,#2593,#2594,#2595,#2596,#2597,#2598,#2599,
    #2600,#2601,#2602,#2603,#2604,#2605,#2606,#2607,#2608,#2609,#2610,
    #2611,#2612,#2613,#2614,#2615,#2616,#2617,#2618,#2619,#2620,#2621,
    #2622,#2623,#2624,#2625,#2626,#2627,#2628,#2629,#2630,#2631,#2632,
    #2633,#2634,#2635,#2636,#2637,#2638,#2639,#2640,#2641,#2642,#2643,
    #2644,#2645,#2646,#2647,#2648,#2649,#2650,#2651,#2652,#2653,#2654,
    #2655,#2656,#2657,#2658,#2659,#2660,#2661,#2662,#2663,#2664,#2665,
    #2666,#2667,#2668,#2669,#2670,#2671,#2672,#2673,#2674,#2675,#2676,
    #2677,#2678,#2679,#2680,#2681,#2682,#2683,#2684,#2685,#2686,#2687,
    #2688,#2689,#2690,#2691,#2692,#2693,#2694,#2695,#2696,#2697,#2698,
    #2699,#2700,#2701,#2702,#2703,#2704,#2705,#2706,#2707,#2708,#2709,
    #2710,#2711,#2712,#2713,#2714,#2715,#2716,#2717,#2718,#2719,#2720,
    #2721,#2722,#2723,#2724,#2725,#2726,#2727,#2728,#2729,#2730,#2731,
    #2732,#2733,#2734,#2735,#2736,#2737,#2738,#2739,#2740,#2741,#2742,
    #2743,#2744,#2745,#2746,#2747,#2748,#2749,#2750,#2751,#2752,#2753,
    #2754,#2755,#2756,#2757,#2758,#2759,#2760,#2761,#2762,#2763,#2764,
    #2765,#2766,#2767,#2768,#2769,#2770,#2771,#2772,#2773,#2774,#2775,
    #2776,#2777,#2778,#2779,#2780,#2781,#2782,#2783,#2784,#2785,#2786,
    #2787,#2788,#2789,#2790,#2791,#2792,#2793,#2794,#2795,#2796,#2797,
    #2798,#2799,#2800,#2801,#2802,#2803,#2804,#2805,#2806,#2807,#2808,
    #2809,#2810,#2811,#2812,#2813,#2814,#2815,#2816,#2817,#2818,#2819,
    #2820,#2821,#2822,#2823,#2824,#2825,#2826,#2827,#2828,#2829,#2830,
    #2831,#2832,#2833,#2834,#2835,#2836,#2837,#2838,#2839,#2840,#2841,
    #2842,#2843,#2844,#2845,#2846,#2847,#2848,#2849,#2850,#2851,#2852,
    #2853,#2854,#2855,#2856,#2857,#2858,#2859,#2860,#2861,#2862,#2863,
    #2864,#2865,#2866,#2867,#2868,#2869,#2870,#2871,#2872,#2873,#2874,
    #2875,#2876,#2877,#2878,#2879,#2880,#2881,#2882,#2883,#2884,#2885,
    #2886,#2887,#2888,#2889,#2890,#2891,#2892,#2893,#2894,#2895,#2896,
    #2897,#2898,#2899,#2900,#2901,#2902,#2903,#2904,#2905,#2906,#2907,
    #2908,#2909,#2910,#2911,#2912,#2913,#2914,#2915,#2916,#2917,#2918,
    #2919,#2920,#2921,#2922,#2923,#2924,#2925,#2926,#2927,#2928,#2929,
    #2930,#2931,#2932,#2933,#2934,#2935,#2936,#2937,#2938,#2939,#2940,
    #2941,#2942,#2943,#2944,#2945,#2946,#2947,#2948,#2949,#2950,#2951,
    #2952,#2953,#2954,#2955,#2956,#2957,#2958,#2959,#2960,#2961,#2962,
    #2963,#2964,#2965,#2966,#2967,#2968,#2969,#2970,#2971,#2972,#2973,
    #2974,#2975,#2976,#2977,#2978,#2979,#2980,#2981,#2982,#2983,#2984,
    #2985,#2986,#2987,#2988,#2989,#2990,#2991,#2992,#2993,#2994,#2995,
    #2996,#2997,#2998,#2999,#3000,#3001,#3002,#3003,#3004,#3005,#3006,
    #3007,#3008,#3009,#3010,#3011,#3012,#3013,#3014,#3015,#3016,#3017,
    #3018,#3019,#3020,#3021,#3022,#3023,#3024,#3025,#3026,#3027,#3028,
    #3029,#3030,#3031,#3032,#3033,#3034,#3035,#3036,#3037,#3038,#3039,
    #3040,#3041,#3042,#3043,#3044,#3045,#3046,#3047,#3048,#3049),
  .UNSPECIFIED.,.F.,.F.,(9,7,7,7,7,7,7,7,7,7,7,7,7,7,7,7,7,7,7,7,7,7,7,7
    ,7,7,7,7,7,7,7,7,7,7,7,7,7,7,7,7,7,7,7,7,7,7,7,7,7,7,7,7,7,7,7,7,7,7
    ,7,7,7,7,7,7,7,7,7,7,7,7,7,7,7,7,7,7,7,7,7,7,7,7,7,7,7,7,7,7,7,7,7,7
    ,7,9),(0.,2.899769979392E-02,3.699730598176E-02,4.299701736408E-02,
    5.299664066967E-02,6.299625456766E-02,7.199599443177E-02,
    7.799585794359E-02,8.799557834302E-02,9.899532255703E-02,
    0.104995267949,0.114995152758,0.124995010811,0.130994966312,
    0.140994849721,0.151994672169,0.163994367976,0.175993925843,
    0.182993658194,0.193993294837,0.204992923068,0.212992635475,
    0.221992319276,0.249991274891,0.26899058035,0.276990258806,
    0.285989892332,0.297989414816,0.309988986449,0.317988716822,
    0.323988537738,0.333988265644,0.343988071025,0.350987979547,
    0.362987938215,0.37498800296,0.380988119174,0.390988270435,
    0.401988387518,0.413988404746,0.425988284034,0.432988203882,
    0.443988135165,0.454988058037,0.462987984726,0.471987909596,
    0.499987615199,0.51898742958,0.526987322318,0.535987196911,
    0.547987040816,0.559986933873,0.567986878529,0.573986860158,
    0.583986855921,0.59398692916,0.600987025184,0.612987305286,
    0.624987691467,0.630987968401,0.640988387527,0.651988799262,
    0.663989137924,0.675989338642,0.68298944599,0.69398967192,
    0.704989889437,0.712990030414,0.721990196357,0.749990651965,
    0.768990975279,0.776991082303,0.785991197968,0.797991363304,
    0.809991577791,0.817991736735,0.82399187908,0.833992142704,
    0.843992483806,0.850992767335,0.862993368879,0.874994076505,
    0.880994514164,0.890995201164,0.901995907559,0.913996567669,
    0.925997089834,0.932997384776,0.943997905845,0.954998439002,
    0.961998729521,0.971999227479,0.983000005179,1.),.UNSPECIFIED.);
#2397 = CARTESIAN_POINT('',(623.4409649326,-1.));
#2398 = CARTESIAN_POINT('',(621.18066871833,-1.));
#2399 = CARTESIAN_POINT('',(618.92053577077,-1.));
#2400 = CARTESIAN_POINT('',(616.6605314148,-1.));
#2401 = CARTESIAN_POINT('',(614.40062029058,-1.));
#2402 = CARTESIAN_POINT('',(612.14076635356,-1.));
#2403 = CARTESIAN_POINT('',(609.88093287449,-1.));
#2404 = CARTESIAN_POINT('',(607.62108243938,-1.));
#2405 = CARTESIAN_POINT('',(604.73773598462,-1.));
#2406 = CARTESIAN_POINT('',(604.11429501969,-1.));
#2407 = CARTESIAN_POINT('',(603.49085405475,-1.));
#2408 = CARTESIAN_POINT('',(602.86741308982,-1.));
#2409 = CARTESIAN_POINT('',(602.24397212489,-1.));
#2410 = CARTESIAN_POINT('',(601.62053115996,-1.));
#2411 = CARTESIAN_POINT('',(600.99709019502,-1.));
#2412 = CARTESIAN_POINT('',(599.906067981,-1.));
#2413 = CARTESIAN_POINT('',(599.4384853283,-1.));
#2414 = CARTESIAN_POINT('',(598.97090226338,-1.));
#2415 = CARTESIAN_POINT('',(598.50331960604,-1.));
#2416 = CARTESIAN_POINT('',(598.03573800439,-1.));
#2417 = CARTESIAN_POINT('',(597.56815793495,-1.));
#2418 = CARTESIAN_POINT('',(597.10057970257,-1.));
#2419 = CARTESIAN_POINT('',(595.85370153921,-1.));
#2420 = CARTESIAN_POINT('',(595.07440072029,-1.));
#2421 = CARTESIAN_POINT('',(594.29510109717,-1.));
#2422 = CARTESIAN_POINT('',(593.51579958658,-1.));
#2423 = CARTESIAN_POINT('',(592.73649615592,-1.));
#2424 = CARTESIAN_POINT('',(591.95719445698,-1.));
#2425 = CARTESIAN_POINT('',(591.17789684616,-1.));
#2426 = CARTESIAN_POINT('',(589.61929146934,-1.));
#2427 = CARTESIAN_POINT('',(588.83999182269,-1.));
#2428 = CARTESIAN_POINT('',(588.06068285479,-1.));
#2429 = CARTESIAN_POINT('',(587.28137706556,-1.));
#2430 = CARTESIAN_POINT('',(586.50208138798,-1.));
#2431 = CARTESIAN_POINT('',(585.72278764696,-1.));
#2432 = CARTESIAN_POINT('',(584.94348354032,-1.));
#2433 = CARTESIAN_POINT('',(583.46280787531,-1.));
#2434 = CARTESIAN_POINT('',(582.76143912145,-1.));
#2435 = CARTESIAN_POINT('',(582.06007009165,-1.));
#2436 = CARTESIAN_POINT('',(581.35869831887,-1.));
#2437 = CARTESIAN_POINT('',(580.65732477809,-1.));
#2438 = CARTESIAN_POINT('',(579.95595200677,-1.));
#2439 = CARTESIAN_POINT('',(579.25458222529,-1.));
#2440 = CARTESIAN_POINT('',(578.08563473375,-1.));
#2441 = CARTESIAN_POINT('',(577.61805401005,-1.));
#2442 = CARTESIAN_POINT('',(577.15047328635,-1.));
#2443 = CARTESIAN_POINT('',(576.68289256265,-1.));
#2444 = CARTESIAN_POINT('',(576.21531183895,-1.));
#2445 = CARTESIAN_POINT('',(575.74773111525,-1.));
#2446 = CARTESIAN_POINT('',(575.28015039155,-1.));
#2447 = CARTESIAN_POINT('',(574.03327252352,-1.));
#2448 = CARTESIAN_POINT('',(573.25395816301,-1.));
#2449 = CARTESIAN_POINT('',(572.47466807934,-1.));
#2450 = CARTESIAN_POINT('',(571.69537438071,-1.));
#2451 = CARTESIAN_POINT('',(570.91606148614,-1.));
#2452 = CARTESIAN_POINT('',(570.13675096145,-1.));
#2453 = CARTESIAN_POINT('',(569.35746949577,-1.));
#2454 = CARTESIAN_POINT('',(567.72091555861,-1.));
#2455 = CARTESIAN_POINT('',(566.86369335608,-1.));
#2456 = CARTESIAN_POINT('',(566.00646161229,-1.));
#2457 = CARTESIAN_POINT('',(565.1492144927,-1.));
#2458 = CARTESIAN_POINT('',(564.29198510161,-1.));
#2459 = CARTESIAN_POINT('',(563.43477397715,-1.));
#2460 = CARTESIAN_POINT('',(562.5775285994,-1.));
#2461 = CARTESIAN_POINT('',(561.25272868057,-1.));
#2462 = CARTESIAN_POINT('',(560.78514795687,-1.));
#2463 = CARTESIAN_POINT('',(560.31756723317,-1.));
#2464 = CARTESIAN_POINT('',(559.84998650947,-1.));
#2465 = CARTESIAN_POINT('',(559.38240578577,-1.));
#2466 = CARTESIAN_POINT('',(558.91482506207,-1.));
#2467 = CARTESIAN_POINT('',(558.44724433837,-1.));
#2468 = CARTESIAN_POINT('',(557.2003642928,-1.));
#2469 = CARTESIAN_POINT('',(556.42105023574,-1.));
#2470 = CARTESIAN_POINT('',(555.6417497834,-1.));
#2471 = CARTESIAN_POINT('',(554.86245306052,-1.));
#2472 = CARTESIAN_POINT('',(554.08315043259,-1.));
#2473 = CARTESIAN_POINT('',(553.30384710489,-1.));
#2474 = CARTESIAN_POINT('',(552.52455386449,-1.));
#2475 = CARTESIAN_POINT('',(550.96595615127,-1.));
#2476 = CARTESIAN_POINT('',(550.18664564503,-1.));
#2477 = CARTESIAN_POINT('',(549.40734181228,-1.));
#2478 = CARTESIAN_POINT('',(548.62804537491,-1.));
#2479 = CARTESIAN_POINT('',(547.84874913026,-1.));
#2480 = CARTESIAN_POINT('',(547.06944683306,-1.));
#2481 = CARTESIAN_POINT('',(546.29014023986,-1.));
#2482 = CARTESIAN_POINT('',(545.04326359233,-1.));
#2483 = CARTESIAN_POINT('',(544.57568286863,-1.));
#2484 = CARTESIAN_POINT('',(544.10810214493,-1.));
#2485 = CARTESIAN_POINT('',(543.64052142123,-1.));
#2486 = CARTESIAN_POINT('',(543.17294069753,-1.));
#2487 = CARTESIAN_POINT('',(542.70535997383,-1.));
#2488 = CARTESIAN_POINT('',(542.23777925013,-1.));
#2489 = CARTESIAN_POINT('',(540.99090062661,-1.));
#2490 = CARTESIAN_POINT('',(540.21159416077,-1.));
#2491 = CARTESIAN_POINT('',(539.43229157999,-1.));
#2492 = CARTESIAN_POINT('',(538.65299378315,-1.));
#2493 = CARTESIAN_POINT('',(537.87369591676,-1.));
#2494 = CARTESIAN_POINT('',(537.09439317483,-1.));
#2495 = CARTESIAN_POINT('',(536.31508659873,-1.));
#2496 = CARTESIAN_POINT('',(534.67856522546,-1.));
#2497 = CARTESIAN_POINT('',(533.82132342275,-1.));
#2498 = CARTESIAN_POINT('',(532.96412154076,-1.));
#2499 = CARTESIAN_POINT('',(532.1068738095,-1.));
#2500 = CARTESIAN_POINT('',(531.24962936336,-1.));
#2501 = CARTESIAN_POINT('',(530.39242685606,-1.));
#2502 = CARTESIAN_POINT('',(529.53516614711,-1.));
#2503 = CARTESIAN_POINT('',(527.74278918223,-1.));
#2504 = CARTESIAN_POINT('',(526.80755576977,-1.));
#2505 = CARTESIAN_POINT('',(525.8725751771,-1.));
#2506 = CARTESIAN_POINT('',(524.93716224269,-1.));
#2507 = CARTESIAN_POINT('',(524.00220926824,-1.));
#2508 = CARTESIAN_POINT('',(523.06694330772,-1.));
#2509 = CARTESIAN_POINT('',(522.13181277977,-1.));
#2510 = CARTESIAN_POINT('',(520.26149133758,-1.));
#2511 = CARTESIAN_POINT('',(519.32633609445,-1.));
#2512 = CARTESIAN_POINT('',(518.39113424913,-1.));
#2513 = CARTESIAN_POINT('',(517.45609244259,-1.));
#2514 = CARTESIAN_POINT('',(516.52077156627,-1.));
#2515 = CARTESIAN_POINT('',(515.58571749508,-1.));
#2516 = CARTESIAN_POINT('',(514.65051940589,-1.));
#2517 = CARTESIAN_POINT('',(513.16984335427,-1.));
#2518 = CARTESIAN_POINT('',(512.62433484908,-1.));
#2519 = CARTESIAN_POINT('',(512.0788267981,-1.));
#2520 = CARTESIAN_POINT('',(511.53331744868,-1.));
#2521 = CARTESIAN_POINT('',(510.98780608636,-1.));
#2522 = CARTESIAN_POINT('',(510.44229303485,-1.));
#2523 = CARTESIAN_POINT('',(509.89677965602,-1.));
#2524 = CARTESIAN_POINT('',(508.49403183692,-1.));
#2525 = CARTESIAN_POINT('',(507.63681145566,-1.));
#2526 = CARTESIAN_POINT('',(506.77957774421,-1.));
#2527 = CARTESIAN_POINT('',(505.9223379991,-1.));
#2528 = CARTESIAN_POINT('',(505.06510836063,-1.));
#2529 = CARTESIAN_POINT('',(504.20788545492,-1.));
#2530 = CARTESIAN_POINT('',(503.35064786905,-1.));
#2531 = CARTESIAN_POINT('',(501.63618825794,-1.));
#2532 = CARTESIAN_POINT('',(500.77895255388,-1.));
#2533 = CARTESIAN_POINT('',(499.92172270524,-1.));
#2534 = CARTESIAN_POINT('',(499.06449533114,-1.));
#2535 = CARTESIAN_POINT('',(498.20726213332,-1.));
#2536 = CARTESIAN_POINT('',(497.35002606506,-1.));
#2537 = CARTESIAN_POINT('',(496.49280029299,-1.));
#2538 = CARTESIAN_POINT('',(495.01212615649,-1.));
#2539 = CARTESIAN_POINT('',(494.38868519155,-1.));
#2540 = CARTESIAN_POINT('',(493.76524422662,-1.));
#2541 = CARTESIAN_POINT('',(493.14180326169,-1.));
#2542 = CARTESIAN_POINT('',(492.51836229675,-1.));
#2543 = CARTESIAN_POINT('',(491.89492133182,-1.));
#2544 = CARTESIAN_POINT('',(491.27148036689,-1.));
#2545 = CARTESIAN_POINT('',(489.94666774406,-1.));
#2546 = CARTESIAN_POINT('',(489.24529634701,-1.));
#2547 = CARTESIAN_POINT('',(488.54392577559,-1.));
#2548 = CARTESIAN_POINT('',(487.84255588699,-1.));
#2549 = CARTESIAN_POINT('',(487.14118610186,-1.));
#2550 = CARTESIAN_POINT('',(486.43981567533,-1.));
#2551 = CARTESIAN_POINT('',(485.73844396812,-1.));
#2552 = CARTESIAN_POINT('',(482.85502533196,-1.));
#2553 = CARTESIAN_POINT('',(480.67297370633,-1.));
#2554 = CARTESIAN_POINT('',(478.49092208452,-1.));
#2555 = CARTESIAN_POINT('',(476.30887444084,-1.));
#2556 = CARTESIAN_POINT('',(474.12683248007,-1.));
#2557 = CARTESIAN_POINT('',(471.94479563739,-1.));
#2558 = CARTESIAN_POINT('',(469.76276107849,-1.));
#2559 = CARTESIAN_POINT('',(466.1000543752,-1.));
#2560 = CARTESIAN_POINT('',(464.61938545722,-1.));
#2561 = CARTESIAN_POINT('',(463.13871603708,-1.));
#2562 = CARTESIAN_POINT('',(461.65804543147,-1.));
#2563 = CARTESIAN_POINT('',(460.17737318214,-1.));
#2564 = CARTESIAN_POINT('',(458.69669905593,-1.));
#2565 = CARTESIAN_POINT('',(457.21602304479,-1.));
#2566 = CARTESIAN_POINT('',(455.1119044008,-1.));
#2567 = CARTESIAN_POINT('',(454.48846343586,-1.));
#2568 = CARTESIAN_POINT('',(453.86502247093,-1.));
#2569 = CARTESIAN_POINT('',(453.241581506,-1.));
#2570 = CARTESIAN_POINT('',(452.61814054107,-1.));
#2571 = CARTESIAN_POINT('',(451.99469957613,-1.));
#2572 = CARTESIAN_POINT('',(451.3712586112,-1.));
#2573 = CARTESIAN_POINT('',(450.04644692984,-1.));
#2574 = CARTESIAN_POINT('',(449.34507527639,-1.));
#2575 = CARTESIAN_POINT('',(448.64370402809,-1.));
#2576 = CARTESIAN_POINT('',(447.94233329534,-1.));
#2577 = CARTESIAN_POINT('',(447.24096257007,-1.));
#2578 = CARTESIAN_POINT('',(446.5395913391,-1.));
#2579 = CARTESIAN_POINT('',(445.83821969748,-1.));
#2580 = CARTESIAN_POINT('',(444.20168711483,-1.));
#2581 = CARTESIAN_POINT('',(443.26652670598,-1.));
#2582 = CARTESIAN_POINT('',(442.33136826853,-1.));
#2583 = CARTESIAN_POINT('',(441.39619252883,-1.));
#2584 = CARTESIAN_POINT('',(440.46105151366,-1.));
#2585 = CARTESIAN_POINT('',(439.52587785731,-1.));
#2586 = CARTESIAN_POINT('',(438.59071804044,-1.));
#2587 = CARTESIAN_POINT('',(436.72039289455,-1.));
#2588 = CARTESIAN_POINT('',(435.78522337924,-1.));
#2589 = CARTESIAN_POINT('',(434.85007474399,-1.));
#2590 = CARTESIAN_POINT('',(433.91490684832,-1.));
#2591 = CARTESIAN_POINT('',(432.97975311369,-1.));
#2592 = CARTESIAN_POINT('',(432.04457382897,-1.));
#2593 = CARTESIAN_POINT('',(431.1094253862,-1.));
#2594 = CARTESIAN_POINT('',(429.55082483856,-1.));
#2595 = CARTESIAN_POINT('',(428.92738387363,-1.));
#2596 = CARTESIAN_POINT('',(428.30394290869,-1.));
#2597 = CARTESIAN_POINT('',(427.68050194376,-1.));
#2598 = CARTESIAN_POINT('',(427.05706097883,-1.));
#2599 = CARTESIAN_POINT('',(426.4336200139,-1.));
#2600 = CARTESIAN_POINT('',(425.81017904896,-1.));
#2601 = CARTESIAN_POINT('',(424.71915555728,-1.));
#2602 = CARTESIAN_POINT('',(424.25157313573,-1.));
#2603 = CARTESIAN_POINT('',(423.78399159906,-1.));
#2604 = CARTESIAN_POINT('',(423.3164112672,-1.));
#2605 = CARTESIAN_POINT('',(422.8488320003,-1.));
#2606 = CARTESIAN_POINT('',(422.38125319875,-1.));
#2607 = CARTESIAN_POINT('',(421.91367380317,-1.));
#2608 = CARTESIAN_POINT('',(420.66678772401,-1.));
#2609 = CARTESIAN_POINT('',(419.88748976774,-1.));
#2610 = CARTESIAN_POINT('',(419.10819376442,-1.));
#2611 = CARTESIAN_POINT('',(418.32889028037,-1.));
#2612 = CARTESIAN_POINT('',(417.54958118096,-1.));
#2613 = CARTESIAN_POINT('',(416.7702791597,-1.));
#2614 = CARTESIAN_POINT('',(415.9909907251,-1.));
#2615 = CARTESIAN_POINT('',(414.43236852732,-1.));
#2616 = CARTESIAN_POINT('',(413.65308446565,-1.));
#2617 = CARTESIAN_POINT('',(412.8737742658,-1.));
#2618 = CARTESIAN_POINT('',(412.09446085774,-1.));
#2619 = CARTESIAN_POINT('',(411.31516546648,-1.));
#2620 = CARTESIAN_POINT('',(410.53587665215,-1.));
#2621 = CARTESIAN_POINT('',(409.75656921933,-1.));
#2622 = CARTESIAN_POINT('',(408.43176215147,-1.));
#2623 = CARTESIAN_POINT('',(407.88625130715,-1.));
#2624 = CARTESIAN_POINT('',(407.34074046283,-1.));
#2625 = CARTESIAN_POINT('',(406.79522961852,-1.));
#2626 = CARTESIAN_POINT('',(406.2497187742,-1.));
#2627 = CARTESIAN_POINT('',(405.70420792989,-1.));
#2628 = CARTESIAN_POINT('',(405.15869708557,-1.));
#2629 = CARTESIAN_POINT('',(403.67801579378,-1.));
#2630 = CARTESIAN_POINT('',(402.74290806965,-1.));
#2631 = CARTESIAN_POINT('',(401.8076050044,-1.));
#2632 = CARTESIAN_POINT('',(400.8726621398,-1.));
#2633 = CARTESIAN_POINT('',(399.93727896058,-1.));
#2634 = CARTESIAN_POINT('',(399.00227192983,-1.));
#2635 = CARTESIAN_POINT('',(398.06704021893,-1.));
#2636 = CARTESIAN_POINT('',(396.1967408387,-1.));
#2637 = CARTESIAN_POINT('',(395.26155649347,-1.));
#2638 = CARTESIAN_POINT('',(394.32639595944,-1.));
#2639 = CARTESIAN_POINT('',(393.39124179896,-1.));
#2640 = CARTESIAN_POINT('',(392.45608852348,-1.));
#2641 = CARTESIAN_POINT('',(391.52093085602,-1.));
#2642 = CARTESIAN_POINT('',(390.5857514631,-1.));
#2643 = CARTESIAN_POINT('',(389.18302235917,-1.));
#2644 = CARTESIAN_POINT('',(388.71544163547,-1.));
#2645 = CARTESIAN_POINT('',(388.24786091177,-1.));
#2646 = CARTESIAN_POINT('',(387.78028018807,-1.));
#2647 = CARTESIAN_POINT('',(387.31269946437,-1.));
#2648 = CARTESIAN_POINT('',(386.84511874067,-1.));
#2649 = CARTESIAN_POINT('',(386.37753801697,-1.));
#2650 = CARTESIAN_POINT('',(385.13065939346,-1.));
#2651 = CARTESIAN_POINT('',(384.35135292761,-1.));
#2652 = CARTESIAN_POINT('',(383.57205034684,-1.));
#2653 = CARTESIAN_POINT('',(382.79275255,-1.));
#2654 = CARTESIAN_POINT('',(382.0134546836,-1.));
#2655 = CARTESIAN_POINT('',(381.23415194167,-1.));
#2656 = CARTESIAN_POINT('',(380.45484536558,-1.));
#2657 = CARTESIAN_POINT('',(378.81832399228,-1.));
#2658 = CARTESIAN_POINT('',(377.96108218963,-1.));
#2659 = CARTESIAN_POINT('',(377.10388030757,-1.));
#2660 = CARTESIAN_POINT('',(376.24663257634,-1.));
#2661 = CARTESIAN_POINT('',(375.38938813024,-1.));
#2662 = CARTESIAN_POINT('',(374.53218562287,-1.));
#2663 = CARTESIAN_POINT('',(373.67492491397,-1.));
#2664 = CARTESIAN_POINT('',(371.88254794889,-1.));
#2665 = CARTESIAN_POINT('',(370.94731453735,-1.));
#2666 = CARTESIAN_POINT('',(370.01233394246,-1.));
#2667 = CARTESIAN_POINT('',(369.07692101136,-1.));
#2668 = CARTESIAN_POINT('',(368.14196803367,-1.));
#2669 = CARTESIAN_POINT('',(367.20670207523,-1.));
#2670 = CARTESIAN_POINT('',(366.27157154646,-1.));
#2671 = CARTESIAN_POINT('',(364.40125010422,-1.));
#2672 = CARTESIAN_POINT('',(363.46609486216,-1.));
#2673 = CARTESIAN_POINT('',(362.53089301419,-1.));
#2674 = CARTESIAN_POINT('',(361.59585121167,-1.));
#2675 = CARTESIAN_POINT('',(360.66053033136,-1.));
#2676 = CARTESIAN_POINT('',(359.72547626276,-1.));
#2677 = CARTESIAN_POINT('',(358.79027817254,-1.));
#2678 = CARTESIAN_POINT('',(357.30960212111,-1.));
#2679 = CARTESIAN_POINT('',(356.76409361592,-1.));
#2680 = CARTESIAN_POINT('',(356.21858556494,-1.));
#2681 = CARTESIAN_POINT('',(355.67307621552,-1.));
#2682 = CARTESIAN_POINT('',(355.1275648532,-1.));
#2683 = CARTESIAN_POINT('',(354.58205180169,-1.));
#2684 = CARTESIAN_POINT('',(354.03653842287,-1.));
#2685 = CARTESIAN_POINT('',(352.63379060376,-1.));
#2686 = CARTESIAN_POINT('',(351.77657022252,-1.));
#2687 = CARTESIAN_POINT('',(350.91933651103,-1.));
#2688 = CARTESIAN_POINT('',(350.06209676594,-1.));
#2689 = CARTESIAN_POINT('',(349.20486712749,-1.));
#2690 = CARTESIAN_POINT('',(348.34764422175,-1.));
#2691 = CARTESIAN_POINT('',(347.49040663589,-1.));
#2692 = CARTESIAN_POINT('',(345.77594702471,-1.));
#2693 = CARTESIAN_POINT('',(344.91871132094,-1.));
#2694 = CARTESIAN_POINT('',(344.06148147184,-1.));
#2695 = CARTESIAN_POINT('',(343.20425409799,-1.));
#2696 = CARTESIAN_POINT('',(342.34702090041,-1.));
#2697 = CARTESIAN_POINT('',(341.48978483167,-1.));
#2698 = CARTESIAN_POINT('',(340.63255905992,-1.));
#2699 = CARTESIAN_POINT('',(339.15188492333,-1.));
#2700 = CARTESIAN_POINT('',(338.5284439584,-1.));
#2701 = CARTESIAN_POINT('',(337.90500299346,-1.));
#2702 = CARTESIAN_POINT('',(337.28156202853,-1.));
#2703 = CARTESIAN_POINT('',(336.6581210636,-1.));
#2704 = CARTESIAN_POINT('',(336.03468009866,-1.));
#2705 = CARTESIAN_POINT('',(335.41123913373,-1.));
#2706 = CARTESIAN_POINT('',(334.0864265109,-1.));
#2707 = CARTESIAN_POINT('',(333.38505511385,-1.));
#2708 = CARTESIAN_POINT('',(332.68368454243,-1.));
#2709 = CARTESIAN_POINT('',(331.98231465384,-1.));
#2710 = CARTESIAN_POINT('',(331.2809448687,-1.));
#2711 = CARTESIAN_POINT('',(330.57957444217,-1.));
#2712 = CARTESIAN_POINT('',(329.87820273496,-1.));
#2713 = CARTESIAN_POINT('',(326.9947840988,-1.));
#2714 = CARTESIAN_POINT('',(324.81273247317,-1.));
#2715 = CARTESIAN_POINT('',(322.63068085136,-1.));
#2716 = CARTESIAN_POINT('',(320.44863320769,-1.));
#2717 = CARTESIAN_POINT('',(318.26659124691,-1.));
#2718 = CARTESIAN_POINT('',(316.08455440424,-1.));
#2719 = CARTESIAN_POINT('',(313.90251984533,-1.));
#2720 = CARTESIAN_POINT('',(310.23981314204,-1.));
#2721 = CARTESIAN_POINT('',(308.75914422406,-1.));
#2722 = CARTESIAN_POINT('',(307.27847480393,-1.));
#2723 = CARTESIAN_POINT('',(305.79780419831,-1.));
#2724 = CARTESIAN_POINT('',(304.31713194898,-1.));
#2725 = CARTESIAN_POINT('',(302.83645782278,-1.));
#2726 = CARTESIAN_POINT('',(301.35578181163,-1.));
#2727 = CARTESIAN_POINT('',(299.25166316764,-1.));
#2728 = CARTESIAN_POINT('',(298.62822220271,-1.));
#2729 = CARTESIAN_POINT('',(298.00478123777,-1.));
#2730 = CARTESIAN_POINT('',(297.38134027284,-1.));
#2731 = CARTESIAN_POINT('',(296.75789930791,-1.));
#2732 = CARTESIAN_POINT('',(296.13445834298,-1.));
#2733 = CARTESIAN_POINT('',(295.51101737804,-1.));
#2734 = CARTESIAN_POINT('',(294.18620569668,-1.));
#2735 = CARTESIAN_POINT('',(293.48483404323,-1.));
#2736 = CARTESIAN_POINT('',(292.78346279494,-1.));
#2737 = CARTESIAN_POINT('',(292.08209206219,-1.));
#2738 = CARTESIAN_POINT('',(291.38072133691,-1.));
#2739 = CARTESIAN_POINT('',(290.67935010594,-1.));
#2740 = CARTESIAN_POINT('',(289.97797846433,-1.));
#2741 = CARTESIAN_POINT('',(288.34144588173,-1.));
#2742 = CARTESIAN_POINT('',(287.40628547259,-1.));
#2743 = CARTESIAN_POINT('',(286.47112703585,-1.));
#2744 = CARTESIAN_POINT('',(285.5359512951,-1.));
#2745 = CARTESIAN_POINT('',(284.60081028095,-1.));
#2746 = CARTESIAN_POINT('',(283.66563662394,-1.));
#2747 = CARTESIAN_POINT('',(282.73047680733,-1.));
#2748 = CARTESIAN_POINT('',(280.86015166133,-1.));
#2749 = CARTESIAN_POINT('',(279.92498214637,-1.));
#2750 = CARTESIAN_POINT('',(278.98983351023,-1.));
#2751 = CARTESIAN_POINT('',(278.05466561594,-1.));
#2752 = CARTESIAN_POINT('',(277.11951187994,-1.));
#2753 = CARTESIAN_POINT('',(276.18433259608,-1.));
#2754 = CARTESIAN_POINT('',(275.24918415298,-1.));
#2755 = CARTESIAN_POINT('',(273.6905836054,-1.));
#2756 = CARTESIAN_POINT('',(273.06714264047,-1.));
#2757 = CARTESIAN_POINT('',(272.44370167554,-1.));
#2758 = CARTESIAN_POINT('',(271.8202607106,-1.));
#2759 = CARTESIAN_POINT('',(271.19681974567,-1.));
#2760 = CARTESIAN_POINT('',(270.57337878074,-1.));
#2761 = CARTESIAN_POINT('',(269.94993781581,-1.));
#2762 = CARTESIAN_POINT('',(268.85891432412,-1.));
#2763 = CARTESIAN_POINT('',(268.39133190257,-1.));
#2764 = CARTESIAN_POINT('',(267.92375036591,-1.));
#2765 = CARTESIAN_POINT('',(267.45617003404,-1.));
#2766 = CARTESIAN_POINT('',(266.98859076714,-1.));
#2767 = CARTESIAN_POINT('',(266.52101196559,-1.));
#2768 = CARTESIAN_POINT('',(266.05343257002,-1.));
#2769 = CARTESIAN_POINT('',(264.80654649084,-1.));
#2770 = CARTESIAN_POINT('',(264.02724853459,-1.));
#2771 = CARTESIAN_POINT('',(263.24795253126,-1.));
#2772 = CARTESIAN_POINT('',(262.4686490472,-1.));
#2773 = CARTESIAN_POINT('',(261.6893399478,-1.));
#2774 = CARTESIAN_POINT('',(260.91003792655,-1.));
#2775 = CARTESIAN_POINT('',(260.13074949194,-1.));
#2776 = CARTESIAN_POINT('',(258.57212729416,-1.));
#2777 = CARTESIAN_POINT('',(257.7928432325,-1.));
#2778 = CARTESIAN_POINT('',(257.01353303264,-1.));
#2779 = CARTESIAN_POINT('',(256.23421962457,-1.));
#2780 = CARTESIAN_POINT('',(255.45492423333,-1.));
#2781 = CARTESIAN_POINT('',(254.675635419,-1.));
#2782 = CARTESIAN_POINT('',(253.89632798616,-1.));
#2783 = CARTESIAN_POINT('',(252.57152091831,-1.));
#2784 = CARTESIAN_POINT('',(252.02601007399,-1.));
#2785 = CARTESIAN_POINT('',(251.48049922968,-1.));
#2786 = CARTESIAN_POINT('',(250.93498838536,-1.));
#2787 = CARTESIAN_POINT('',(250.38947754105,-1.));
#2788 = CARTESIAN_POINT('',(249.84396669673,-1.));
#2789 = CARTESIAN_POINT('',(249.29845585241,-1.));
#2790 = CARTESIAN_POINT('',(247.81777456069,-1.));
#2791 = CARTESIAN_POINT('',(246.88266683618,-1.));
#2792 = CARTESIAN_POINT('',(245.94736377197,-1.));
#2793 = CARTESIAN_POINT('',(245.01242090565,-1.));
#2794 = CARTESIAN_POINT('',(244.07703772824,-1.));
#2795 = CARTESIAN_POINT('',(243.14203069628,-1.));
#2796 = CARTESIAN_POINT('',(242.20679898587,-1.));
#2797 = CARTESIAN_POINT('',(240.33649960553,-1.));
#2798 = CARTESIAN_POINT('',(239.40131526035,-1.));
#2799 = CARTESIAN_POINT('',(238.46615472625,-1.));
#2800 = CARTESIAN_POINT('',(237.5310005658,-1.));
#2801 = CARTESIAN_POINT('',(236.59584729036,-1.));
#2802 = CARTESIAN_POINT('',(235.66068962283,-1.));
#2803 = CARTESIAN_POINT('',(234.72551022995,-1.));
#2804 = CARTESIAN_POINT('',(233.32278112602,-1.));
#2805 = CARTESIAN_POINT('',(232.85520040232,-1.));
#2806 = CARTESIAN_POINT('',(232.38761967862,-1.));
#2807 = CARTESIAN_POINT('',(231.92003895492,-1.));
#2808 = CARTESIAN_POINT('',(231.45245823122,-1.));
#2809 = CARTESIAN_POINT('',(230.98487750752,-1.));
#2810 = CARTESIAN_POINT('',(230.51729678382,-1.));
#2811 = CARTESIAN_POINT('',(229.2704181603,-1.));
#2812 = CARTESIAN_POINT('',(228.49111169446,-1.));
#2813 = CARTESIAN_POINT('',(227.71180911368,-1.));
#2814 = CARTESIAN_POINT('',(226.93251131684,-1.));
#2815 = CARTESIAN_POINT('',(226.15321345045,-1.));
#2816 = CARTESIAN_POINT('',(225.37391070851,-1.));
#2817 = CARTESIAN_POINT('',(224.59460413243,-1.));
#2818 = CARTESIAN_POINT('',(222.95808275912,-1.));
#2819 = CARTESIAN_POINT('',(222.10084095652,-1.));
#2820 = CARTESIAN_POINT('',(221.24363907437,-1.));
#2821 = CARTESIAN_POINT('',(220.38639134319,-1.));
#2822 = CARTESIAN_POINT('',(219.52914689713,-1.));
#2823 = CARTESIAN_POINT('',(218.67194438968,-1.));
#2824 = CARTESIAN_POINT('',(217.81468368083,-1.));
#2825 = CARTESIAN_POINT('',(216.02230671583,-1.));
#2826 = CARTESIAN_POINT('',(215.08707330384,-1.));
#2827 = CARTESIAN_POINT('',(214.15209270996,-1.));
#2828 = CARTESIAN_POINT('',(213.21667977746,-1.));
#2829 = CARTESIAN_POINT('',(212.28172680104,-1.));
#2830 = CARTESIAN_POINT('',(211.34646084186,-1.));
#2831 = CARTESIAN_POINT('',(210.41133031335,-1.));
#2832 = CARTESIAN_POINT('',(208.541008871,-1.));
#2833 = CARTESIAN_POINT('',(207.6058536293,-1.));
#2834 = CARTESIAN_POINT('',(206.67065178038,-1.));
#2835 = CARTESIAN_POINT('',(205.73560997937,-1.));
#2836 = CARTESIAN_POINT('',(204.80028909751,-1.));
#2837 = CARTESIAN_POINT('',(203.86523502995,-1.));
#2838 = CARTESIAN_POINT('',(202.9300369393,-1.));
#2839 = CARTESIAN_POINT('',(201.44936088795,-1.));
#2840 = CARTESIAN_POINT('',(200.90385238277,-1.));
#2841 = CARTESIAN_POINT('',(200.35834433178,-1.));
#2842 = CARTESIAN_POINT('',(199.81283498237,-1.));
#2843 = CARTESIAN_POINT('',(199.26732362005,-1.));
#2844 = CARTESIAN_POINT('',(198.72181056854,-1.));
#2845 = CARTESIAN_POINT('',(198.17629718971,-1.));
#2846 = CARTESIAN_POINT('',(196.77354937059,-1.));
#2847 = CARTESIAN_POINT('',(195.91632898941,-1.));
#2848 = CARTESIAN_POINT('',(195.05909527783,-1.));
#2849 = CARTESIAN_POINT('',(194.20185553279,-1.));
#2850 = CARTESIAN_POINT('',(193.34462589439,-1.));
#2851 = CARTESIAN_POINT('',(192.48740298854,-1.));
#2852 = CARTESIAN_POINT('',(191.63016540276,-1.));
#2853 = CARTESIAN_POINT('',(189.9157057916,-1.));
#2854 = CARTESIAN_POINT('',(189.05847008768,-1.));
#2855 = CARTESIAN_POINT('',(188.2012402388,-1.));
#2856 = CARTESIAN_POINT('',(187.34401286483,-1.));
#2857 = CARTESIAN_POINT('',(186.48677966714,-1.));
#2858 = CARTESIAN_POINT('',(185.62954359863,-1.));
#2859 = CARTESIAN_POINT('',(184.77231782673,-1.));
#2860 = CARTESIAN_POINT('',(183.29164369018,-1.));
#2861 = CARTESIAN_POINT('',(182.66820272524,-1.));
#2862 = CARTESIAN_POINT('',(182.04476176031,-1.));
#2863 = CARTESIAN_POINT('',(181.42132079538,-1.));
#2864 = CARTESIAN_POINT('',(180.79787983044,-1.));
#2865 = CARTESIAN_POINT('',(180.17443886551,-1.));
#2866 = CARTESIAN_POINT('',(179.55099790058,-1.));
#2867 = CARTESIAN_POINT('',(178.22618527775,-1.));
#2868 = CARTESIAN_POINT('',(177.5248138807,-1.));
#2869 = CARTESIAN_POINT('',(176.82344330928,-1.));
#2870 = CARTESIAN_POINT('',(176.12207342068,-1.));
#2871 = CARTESIAN_POINT('',(175.42070363555,-1.));
#2872 = CARTESIAN_POINT('',(174.71933320902,-1.));
#2873 = CARTESIAN_POINT('',(174.01796150181,-1.));
#2874 = CARTESIAN_POINT('',(171.13454286565,-1.));
#2875 = CARTESIAN_POINT('',(168.95249124002,-1.));
#2876 = CARTESIAN_POINT('',(166.77043961821,-1.));
#2877 = CARTESIAN_POINT('',(164.58839197454,-1.));
#2878 = CARTESIAN_POINT('',(162.40635001376,-1.));
#2879 = CARTESIAN_POINT('',(160.22431317109,-1.));
#2880 = CARTESIAN_POINT('',(158.04227861218,-1.));
#2881 = CARTESIAN_POINT('',(154.37957190889,-1.));
#2882 = CARTESIAN_POINT('',(152.89890299091,-1.));
#2883 = CARTESIAN_POINT('',(151.41823357078,-1.));
#2884 = CARTESIAN_POINT('',(149.93756296516,-1.));
#2885 = CARTESIAN_POINT('',(148.45689071583,-1.));
#2886 = CARTESIAN_POINT('',(146.97621658963,-1.));
#2887 = CARTESIAN_POINT('',(145.49554057848,-1.));
#2888 = CARTESIAN_POINT('',(143.39142193449,-1.));
#2889 = CARTESIAN_POINT('',(142.76798096956,-1.));
#2890 = CARTESIAN_POINT('',(142.14454000462,-1.));
#2891 = CARTESIAN_POINT('',(141.52109903969,-1.));
#2892 = CARTESIAN_POINT('',(140.89765807476,-1.));
#2893 = CARTESIAN_POINT('',(140.27421710983,-1.));
#2894 = CARTESIAN_POINT('',(139.65077614489,-1.));
#2895 = CARTESIAN_POINT('',(138.32596446353,-1.));
#2896 = CARTESIAN_POINT('',(137.62459281008,-1.));
#2897 = CARTESIAN_POINT('',(136.92322156179,-1.));
#2898 = CARTESIAN_POINT('',(136.22185082904,-1.));
#2899 = CARTESIAN_POINT('',(135.52048010376,-1.));
#2900 = CARTESIAN_POINT('',(134.81910887279,-1.));
#2901 = CARTESIAN_POINT('',(134.11773723118,-1.));
#2902 = CARTESIAN_POINT('',(132.48120464858,-1.));
#2903 = CARTESIAN_POINT('',(131.54604423941,-1.));
#2904 = CARTESIAN_POINT('',(130.61088580278,-1.));
#2905 = CARTESIAN_POINT('',(129.67571006179,-1.));
#2906 = CARTESIAN_POINT('',(128.74056904798,-1.));
#2907 = CARTESIAN_POINT('',(127.80539539068,-1.));
#2908 = CARTESIAN_POINT('',(126.87023557421,-1.));
#2909 = CARTESIAN_POINT('',(124.99991042819,-1.));
#2910 = CARTESIAN_POINT('',(124.06474091315,-1.));
#2911 = CARTESIAN_POINT('',(123.12959227722,-1.));
#2912 = CARTESIAN_POINT('',(122.1944243826,-1.));
#2913 = CARTESIAN_POINT('',(121.25927064694,-1.));
#2914 = CARTESIAN_POINT('',(120.32409136287,-1.));
#2915 = CARTESIAN_POINT('',(119.38894291984,-1.));
#2916 = CARTESIAN_POINT('',(117.83034237225,-1.));
#2917 = CARTESIAN_POINT('',(117.20690140732,-1.));
#2918 = CARTESIAN_POINT('',(116.58346044239,-1.));
#2919 = CARTESIAN_POINT('',(115.96001947745,-1.));
#2920 = CARTESIAN_POINT('',(115.33657851252,-1.));
#2921 = CARTESIAN_POINT('',(114.71313754759,-1.));
#2922 = CARTESIAN_POINT('',(114.08969658266,-1.));
#2923 = CARTESIAN_POINT('',(112.99867309097,-1.));
#2924 = CARTESIAN_POINT('',(112.53109066942,-1.));
#2925 = CARTESIAN_POINT('',(112.06350913276,-1.));
#2926 = CARTESIAN_POINT('',(111.59592880089,-1.));
#2927 = CARTESIAN_POINT('',(111.12834953399,-1.));
#2928 = CARTESIAN_POINT('',(110.66077073244,-1.));
#2929 = CARTESIAN_POINT('',(110.19319133686,-1.));
#2930 = CARTESIAN_POINT('',(108.9463052577,-1.));
#2931 = CARTESIAN_POINT('',(108.16700730144,-1.));
#2932 = CARTESIAN_POINT('',(107.38771129811,-1.));
#2933 = CARTESIAN_POINT('',(106.60840781406,-1.));
#2934 = CARTESIAN_POINT('',(105.82909871465,-1.));
#2935 = CARTESIAN_POINT('',(105.0497966934,-1.));
#2936 = CARTESIAN_POINT('',(104.27050825879,-1.));
#2937 = CARTESIAN_POINT('',(102.71188606101,-1.));
#2938 = CARTESIAN_POINT('',(101.93260199935,-1.));
#2939 = CARTESIAN_POINT('',(101.15329179949,-1.));
#2940 = CARTESIAN_POINT('',(100.37397839142,-1.));
#2941 = CARTESIAN_POINT('',(99.594683000186,-1.));
#2942 = CARTESIAN_POINT('',(98.815394185859,-1.));
#2943 = CARTESIAN_POINT('',(98.036086753014,-1.));
#2944 = CARTESIAN_POINT('',(96.711279685164,-1.));
#2945 = CARTESIAN_POINT('',(96.165768840849,-1.));
#2946 = CARTESIAN_POINT('',(95.620257996533,-1.));
#2947 = CARTESIAN_POINT('',(95.074747152217,-1.));
#2948 = CARTESIAN_POINT('',(94.529236307901,-1.));
#2949 = CARTESIAN_POINT('',(93.983725463584,-1.));
#2950 = CARTESIAN_POINT('',(93.438214619268,-1.));
#2951 = CARTESIAN_POINT('',(91.957533327487,-1.));
#2952 = CARTESIAN_POINT('',(91.022425603286,-1.));
#2953 = CARTESIAN_POINT('',(90.087122538272,-1.));
#2954 = CARTESIAN_POINT('',(89.152179673227,-1.));
#2955 = CARTESIAN_POINT('',(88.216796494514,-1.));
#2956 = CARTESIAN_POINT('',(87.281789463412,-1.));
#2957 = CARTESIAN_POINT('',(86.346557752661,-1.));
#2958 = CARTESIAN_POINT('',(84.476258372384,-1.));
#2959 = CARTESIAN_POINT('',(83.541074027209,-1.));
#2960 = CARTESIAN_POINT('',(82.605913493108,-1.));
#2961 = CARTESIAN_POINT('',(81.67075933265,-1.));
#2962 = CARTESIAN_POINT('',(80.735606057211,-1.));
#2963 = CARTESIAN_POINT('',(79.800448389701,-1.));
#2964 = CARTESIAN_POINT('',(78.865268996801,-1.));
#2965 = CARTESIAN_POINT('',(77.46253989287,-1.));
#2966 = CARTESIAN_POINT('',(76.994959169171,-1.));
#2967 = CARTESIAN_POINT('',(76.527378445472,-1.));
#2968 = CARTESIAN_POINT('',(76.059797721772,-1.));
#2969 = CARTESIAN_POINT('',(75.592216998073,-1.));
#2970 = CARTESIAN_POINT('',(75.124636274373,-1.));
#2971 = CARTESIAN_POINT('',(74.657055550674,-1.));
#2972 = CARTESIAN_POINT('',(73.410176927153,-1.));
#2973 = CARTESIAN_POINT('',(72.630870461314,-1.));
#2974 = CARTESIAN_POINT('',(71.85156788054,-1.));
#2975 = CARTESIAN_POINT('',(71.072270083698,-1.));
#2976 = CARTESIAN_POINT('',(70.292972217301,-1.));
#2977 = CARTESIAN_POINT('',(69.513669475368,-1.));
#2978 = CARTESIAN_POINT('',(68.734362899281,-1.));
#2979 = CARTESIAN_POINT('',(67.097841525991,-1.));
#2980 = CARTESIAN_POINT('',(66.240599723322,-1.));
#2981 = CARTESIAN_POINT('',(65.383397841273,-1.));
#2982 = CARTESIAN_POINT('',(64.52615011005,-1.));
#2983 = CARTESIAN_POINT('',(63.668905663961,-1.));
#2984 = CARTESIAN_POINT('',(62.811703156593,-1.));
#2985 = CARTESIAN_POINT('',(61.95444244764,-1.));
#2986 = CARTESIAN_POINT('',(60.162065482347,-1.));
#2987 = CARTESIAN_POINT('',(59.226832070594,-1.));
#2988 = CARTESIAN_POINT('',(58.291851477158,-1.));
#2989 = CARTESIAN_POINT('',(57.356438545461,-1.));
#2990 = CARTESIAN_POINT('',(56.421485566274,-1.));
#2991 = CARTESIAN_POINT('',(55.486219608827,-1.));
#2992 = CARTESIAN_POINT('',(54.551089080663,-1.));
#2993 = CARTESIAN_POINT('',(52.680767637232,-1.));
#2994 = CARTESIAN_POINT('',(51.745612398171,-1.));
#2995 = CARTESIAN_POINT('',(50.810410547201,-1.));
#2996 = CARTESIAN_POINT('',(49.875368745613,-1.));
#2997 = CARTESIAN_POINT('',(48.940047876213,-1.));
#2998 = CARTESIAN_POINT('',(48.004993823961,-1.));
#2999 = CARTESIAN_POINT('',(47.06979571539,-1.));
#3000 = CARTESIAN_POINT('',(45.589119642977,-1.));
#3001 = CARTESIAN_POINT('',(45.043611124649,-1.));
#3002 = CARTESIAN_POINT('',(44.498103066295,-1.));
#3003 = CARTESIAN_POINT('',(43.952593718568,-1.));
#3004 = CARTESIAN_POINT('',(43.407082366508,-1.));
#3005 = CARTESIAN_POINT('',(42.861569329537,-1.));
#3006 = CARTESIAN_POINT('',(42.316055961464,-1.));
#3007 = CARTESIAN_POINT('',(40.913308102639,-1.));
#3008 = CARTESIAN_POINT('',(40.056087788137,-1.));
#3009 = CARTESIAN_POINT('',(39.198854042043,-1.));
#3010 = CARTESIAN_POINT('',(38.341614307438,-1.));
#3011 = CARTESIAN_POINT('',(37.484384670846,-1.));
#3012 = CARTESIAN_POINT('',(36.627161714777,-1.));
#3013 = CARTESIAN_POINT('',(35.769924193259,-1.));
#3014 = CARTESIAN_POINT('',(34.05546293716,-1.));
#3015 = CARTESIAN_POINT('',(33.198229817619,-1.));
#3016 = CARTESIAN_POINT('',(32.341002992021,-1.));
#3017 = CARTESIAN_POINT('',(31.483777320697,-1.));
#3018 = CARTESIAN_POINT('',(30.626543810071,-1.));
#3019 = CARTESIAN_POINT('',(29.769305503898,-1.));
#3020 = CARTESIAN_POINT('',(28.912076811874,-1.));
#3021 = CARTESIAN_POINT('',(27.509335064747,-1.));
#3022 = CARTESIAN_POINT('',(26.963827691003,-1.));
#3023 = CARTESIAN_POINT('',(26.41831964049,-1.));
#3024 = CARTESIAN_POINT('',(25.872809903533,-1.));
#3025 = CARTESIAN_POINT('',(25.327298121019,-1.));
#3026 = CARTESIAN_POINT('',(24.781784584395,-1.));
#3027 = CARTESIAN_POINT('',(24.236270235675,-1.));
#3028 = CARTESIAN_POINT('',(22.911445107255,-1.));
#3029 = CARTESIAN_POINT('',(22.132133775966,-1.));
#3030 = CARTESIAN_POINT('',(21.352824765307,-1.));
#3031 = CARTESIAN_POINT('',(20.573519121916,-1.));
#3032 = CARTESIAN_POINT('',(19.794217795733,-1.));
#3033 = CARTESIAN_POINT('',(19.014921850273,-1.));
#3034 = CARTESIAN_POINT('',(18.235631934757,-1.));
#3035 = CARTESIAN_POINT('',(16.599115691326,-1.));
#3036 = CARTESIAN_POINT('',(15.741884364543,-1.));
#3037 = CARTESIAN_POINT('',(14.884653037761,-1.));
#3038 = CARTESIAN_POINT('',(14.027421710979,-1.));
#3039 = CARTESIAN_POINT('',(13.170190384196,-1.));
#3040 = CARTESIAN_POINT('',(12.312959057414,-1.));
#3041 = CARTESIAN_POINT('',(11.455727730632,-1.));
#3042 = CARTESIAN_POINT('',(9.273778414583,-1.));
#3043 = CARTESIAN_POINT('',(7.949050758616,-1.));
#3044 = CARTESIAN_POINT('',(6.624303684886,-1.));
#3045 = CARTESIAN_POINT('',(5.299528360007,-1.));
#3046 = CARTESIAN_POINT('',(3.97471686827,-1.));
#3047 = CARTESIAN_POINT('',(2.649862211646,-1.));
#3048 = CARTESIAN_POINT('',(1.324958309781,-1.));
#3049 = CARTESIAN_POINT('',(0.,-1.));
#3050 = ( GEOMETRIC_REPRESENTATION_CONTEXT(2) 
PARAMETRIC_REPRESENTATION_CONTEXT() REPRESENTATION_CONTEXT('2D SPACE',''
  ) );
#3051 = ADVANCED_FACE('',(#3052,#3055),#387,.T.);
#3052 = FACE_BOUND('',#3053,.T.);
#3053 = EDGE_LOOP('',(#3054));
#3054 = ORIENTED_EDGE('',*,*,#213,.T.);
#3055 = FACE_BOUND('',#3056,.T.);
#3056 = EDGE_LOOP('',(#3057));
#3057 = ORIENTED_EDGE('',*,*,#3058,.T.);
#3058 = EDGE_CURVE('',#3059,#3059,#3061,.T.);
#3059 = VERTEX_POINT('',#3060);
#3060 = CARTESIAN_POINT('',(88.5,-1.33226762955E-15,2.));
#3061 = SURFACE_CURVE('',#3062,(#3716,#4373),.PCURVE_S1.);
#3062 = B_SPLINE_CURVE_WITH_KNOTS('',8,(#3063,#3064,#3065,#3066,#3067,
    #3068,#3069,#3070,#3071,#3072,#3073,#3074,#3075,#3076,#3077,#3078,
    #3079,#3080,#3081,#3082,#3083,#3084,#3085,#3086,#3087,#3088,#3089,
    #3090,#3091,#3092,#3093,#3094,#3095,#3096,#3097,#3098,#3099,#3100,
    #3101,#3102,#3103,#3104,#3105,#3106,#3107,#3108,#3109,#3110,#3111,
    #3112,#3113,#3114,#3115,#3116,#3117,#3118,#3119,#3120,#3121,#3122,
    #3123,#3124,#3125,#3126,#3127,#3128,#3129,#3130,#3131,#3132,#3133,
    #3134,#3135,#3136,#3137,#3138,#3139,#3140,#3141,#3142,#3143,#3144,
    #3145,#3146,#3147,#3148,#3149,#3150,#3151,#3152,#3153,#3154,#3155,
    #3156,#3157,#3158,#3159,#3160,#3161,#3162,#3163,#3164,#3165,#3166,
    #3167,#3168,#3169,#3170,#3171,#3172,#3173,#3174,#3175,#3176,#3177,
    #3178,#3179,#3180,#3181,#3182,#3183,#3184,#3185,#3186,#3187,#3188,
    #3189,#3190,#3191,#3192,#3193,#3194,#3195,#3196,#3197,#3198,#3199,
    #3200,#3201,#3202,#3203,#3204,#3205,#3206,#3207,#3208,#3209,#3210,
    #3211,#3212,#3213,#3214,#3215,#3216,#3217,#3218,#3219,#3220,#3221,
    #3222,#3223,#3224,#3225,#3226,#3227,#3228,#3229,#3230,#3231,#3232,
    #3233,#3234,#3235,#3236,#3237,#3238,#3239,#3240,#3241,#3242,#3243,
    #3244,#3245,#3246,#3247,#3248,#3249,#3250,#3251,#3252,#3253,#3254,
    #3255,#3256,#3257,#3258,#3259,#3260,#3261,#3262,#3263,#3264,#3265,
    #3266,#3267,#3268,#3269,#3270,#3271,#3272,#3273,#3274,#3275,#3276,
    #3277,#3278,#3279,#3280,#3281,#3282,#3283,#3284,#3285,#3286,#3287,
    #3288,#3289,#3290,#3291,#3292,#3293,#3294,#3295,#3296,#3297,#3298,
    #3299,#3300,#3301,#3302,#3303,#3304,#3305,#3306,#3307,#3308,#3309,
    #3310,#3311,#3312,#3313,#3314,#3315,#3316,#3317,#3318,#3319,#3320,
    #3321,#3322,#3323,#3324,#3325,#3326,#3327,#3328,#3329,#3330,#3331,
    #3332,#3333,#3334,#3335,#3336,#3337,#3338,#3339,#3340,#3341,#3342,
    #3343,#3344,#3345,#3346,#3347,#3348,#3349,#3350,#3351,#3352,#3353,
    #3354,#3355,#3356,#3357,#3358,#3359,#3360,#3361,#3362,#3363,#3364,
    #3365,#3366,#3367,#3368,#3369,#3370,#3371,#3372,#3373,#3374,#3375,
    #3376,#3377,#3378,#3379,#3380,#3381,#3382,#3383,#3384,#3385,#3386,
    #3387,#3388,#3389,#3390,#3391,#3392,#3393,#3394,#3395,#3396,#3397,
    #3398,#3399,#3400,#3401,#3402,#3403,#3404,#3405,#3406,#3407,#3408,
    #3409,#3410,#3411,#3412,#3413,#3414,#3415,#3416,#3417,#3418,#3419,
    #3420,#3421,#3422,#3423,#3424,#3425,#3426,#3427,#3428,#3429,#3430,
    #3431,#3432,#3433,#3434,#3435,#3436,#3437,#3438,#3439,#3440,#3441,
    #3442,#3443,#3444,#3445,#3446,#3447,#3448,#3449,#3450,#3451,#3452,
    #3453,#3454,#3455,#3456,#3457,#3458,#3459,#3460,#3461,#3462,#3463,
    #3464,#3465,#3466,#3467,#3468,#3469,#3470,#3471,#3472,#3473,#3474,
    #3475,#3476,#3477,#3478,#3479,#3480,#3481,#3482,#3483,#3484,#3485,
    #3486,#3487,#3488,#3489,#3490,#3491,#3492,#3493,#3494,#3495,#3496,
    #3497,#3498,#3499,#3500,#3501,#3502,#3503,#3504,#3505,#3506,#3507,
    #3508,#3509,#3510,#3511,#3512,#3513,#3514,#3515,#3516,#3517,#3518,
    #3519,#3520,#3521,#3522,#3523,#3524,#3525,#3526,#3527,#3528,#3529,
    #3530,#3531,#3532,#3533,#3534,#3535,#3536,#3537,#3538,#3539,#3540,
    #3541,#3542,#3543,#3544,#3545,#3546,#3547,#3548,#3549,#3550,#3551,
    #3552,#3553,#3554,#3555,#3556,#3557,#3558,#3559,#3560,#3561,#3562,
    #3563,#3564,#3565,#3566,#3567,#3568,#3569,#3570,#3571,#3572,#3573,
    #3574,#3575,#3576,#3577,#3578,#3579,#3580,#3581,#3582,#3583,#3584,
    #3585,#3586,#3587,#3588,#3589,#3590,#3591,#3592,#3593,#3594,#3595,
    #3596,#3597,#3598,#3599,#3600,#3601,#3602,#3603,#3604,#3605,#3606,
    #3607,#3608,#3609,#3610,#3611,#3612,#3613,#3614,#3615,#3616,#3617,
    #3618,#3619,#3620,#3621,#3622,#3623,#3624,#3625,#3626,#3627,#3628,
    #3629,#3630,#3631,#3632,#3633,#3634,#3635,#3636,#3637,#3638,#3639,
    #3640,#3641,#3642,#3643,#3644,#3645,#3646,#3647,#3648,#3649,#3650,
    #3651,#3652,#3653,#3654,#3655,#3656,#3657,#3658,#3659,#3660,#3661,
    #3662,#3663,#3664,#3665,#3666,#3667,#3668,#3669,#3670,#3671,#3672,
    #3673,#3674,#3675,#3676,#3677,#3678,#3679,#3680,#3681,#3682,#3683,
    #3684,#3685,#3686,#3687,#3688,#3689,#3690,#3691,#3692,#3693,#3694,
    #3695,#3696,#3697,#3698,#3699,#3700,#3701,#3702,#3703,#3704,#3705,
    #3706,#3707,#3708,#3709,#3710,#3711,#3712,#3713,#3714,#3715),
  .UNSPECIFIED.,.T.,.F.,(9,7,7,7,7,7,7,7,7,7,7,7,7,7,7,7,7,7,7,7,7,7,7,7
    ,7,7,7,7,7,7,7,7,7,7,7,7,7,7,7,7,7,7,7,7,7,7,7,7,7,7,7,7,7,7,7,7,7,7
    ,7,7,7,7,7,7,7,7,7,7,7,7,7,7,7,7,7,7,7,7,7,7,7,7,7,7,7,7,7,7,7,7,7,7
    ,7,9),(0.,2.899769979392E-02,3.699730598176E-02,4.299701736408E-02,
    5.299664066967E-02,6.299625456766E-02,7.199599443177E-02,
    7.799585794359E-02,8.799557834302E-02,9.899532255703E-02,
    0.104995267949,0.114995152758,0.124995010811,0.130994966312,
    0.140994849721,0.151994672169,0.163994367976,0.175993925843,
    0.182993658194,0.193993294837,0.204992923068,0.212992635475,
    0.221992319276,0.249991274891,0.26899058035,0.276990258806,
    0.285989892332,0.297989414816,0.309988986449,0.317988716822,
    0.323988537738,0.333988265644,0.343988071025,0.350987979547,
    0.362987938215,0.37498800296,0.380988119174,0.390988270435,
    0.401988387518,0.413988404746,0.425988284034,0.432988203882,
    0.443988135165,0.454988058037,0.462987984726,0.471987909596,
    0.499987615199,0.51898742958,0.526987322318,0.535987196911,
    0.547987040816,0.559986933873,0.567986878529,0.573986860158,
    0.583986855921,0.59398692916,0.600987025184,0.612987305286,
    0.624987691467,0.630987968401,0.640988387527,0.651988799262,
    0.663989137924,0.675989338642,0.68298944599,0.69398967192,
    0.704989889437,0.712990030414,0.721990196357,0.749990651965,
    0.768990975279,0.776991082303,0.785991197968,0.797991363304,
    0.809991577791,0.817991736735,0.82399187908,0.833992142704,
    0.843992483806,0.850992767335,0.862993368879,0.874994076505,
    0.880994514164,0.890995201164,0.901995907559,0.913996567669,
    0.925997089834,0.932997384776,0.943997905845,0.954998439002,
    0.961998729521,0.971999227479,0.983000005179,1.),.UNSPECIFIED.);
#3063 = CARTESIAN_POINT('',(88.5,9.542508435859E-15,2.));
#3064 = CARTESIAN_POINT('',(88.512392765127,-2.25963272832,2.));
#3065 = CARTESIAN_POINT('',(88.519838499554,-4.519455759065,2.));
#3066 = CARTESIAN_POINT('',(88.522506570296,-6.779421015922,2.));
#3067 = CARTESIAN_POINT('',(88.520565907754,-9.039481134055,2.));
#3068 = CARTESIAN_POINT('',(88.51418500571,-11.2995894601,2.));
#3069 = CARTESIAN_POINT('',(88.503531921332,-13.55970005218,2.));
#3070 = CARTESIAN_POINT('',(88.488774275172,-15.81976767987,2.));
#3071 = CARTESIAN_POINT('',(88.464912634766,-18.70320946497,2.));
#3072 = CARTESIAN_POINT('',(88.459491035566,-19.32665984168,2.));
#3073 = CARTESIAN_POINT('',(88.453713667365,-19.95009818382,2.));
#3074 = CARTESIAN_POINT('',(88.447479143944,-20.57352372642,2.));
#3075 = CARTESIAN_POINT('',(88.440685479068,-21.19693571003,2.));
#3076 = CARTESIAN_POINT('',(88.433230086478,-21.82033338076,2.));
#3077 = CARTESIAN_POINT('',(88.425009779899,-22.44371599027,2.));
#3078 = CARTESIAN_POINT('',(88.409102691297,-23.53460888321,2.));
#3079 = CARTESIAN_POINT('',(88.401800299112,-24.00212650346,2.));
#3080 = CARTESIAN_POINT('',(88.393966393265,-24.46963538715,2.));
#3081 = CARTESIAN_POINT('',(88.385555805488,-24.93713489992,2.));
#3082 = CARTESIAN_POINT('',(88.376525402458,-25.4046240424,2.));
#3083 = CARTESIAN_POINT('',(88.3668340858,-25.87210145024,2.));
#3084 = CARTESIAN_POINT('',(88.356442792089,-26.33956539413,2.));
#3085 = CARTESIAN_POINT('',(88.326774041892,-27.5861015814,2.));
#3086 = CARTESIAN_POINT('',(88.30619219672,-28.36514463908,2.));
#3087 = CARTESIAN_POINT('',(88.283446987693,-29.14413377631,2.));
#3088 = CARTESIAN_POINT('',(88.258349609484,-29.92305260472,2.));
#3089 = CARTESIAN_POINT('',(88.230746320746,-30.70188714549,2.));
#3090 = CARTESIAN_POINT('',(88.200527995602,-31.48062667893,2.));
#3091 = CARTESIAN_POINT('',(88.167547326958,-32.25925582222,2.));
#3092 = CARTESIAN_POINT('',(88.095347135222,-33.81621915826,2.));
#3093 = CARTESIAN_POINT('',(88.056185049654,-34.59455983373,2.));
#3094 = CARTESIAN_POINT('',(88.013689888878,-35.37272256239,2.));
#3095 = CARTESIAN_POINT('',(87.967667261747,-36.15069371042,2.));
#3096 = CARTESIAN_POINT('',(87.917895616935,-36.92844712429,2.));
#3097 = CARTESIAN_POINT('',(87.864094504741,-37.70593273415,2.));
#3098 = CARTESIAN_POINT('',(87.805961405775,-38.48308994585,2.));
#3099 = CARTESIAN_POINT('',(87.686850836692,-39.95900226331,2.));
#3100 = CARTESIAN_POINT('',(87.62674815908,-40.6578287135,2.));
#3101 = CARTESIAN_POINT('',(87.562746512901,-41.3563178426,2.));
#3102 = CARTESIAN_POINT('',(87.494625454422,-42.05442193234,2.));
#3103 = CARTESIAN_POINT('',(87.422163451678,-42.75209059377,2.));
#3104 = CARTESIAN_POINT('',(87.345134659183,-43.4492684853,2.));
#3105 = CARTESIAN_POINT('',(87.263305692642,-44.1458930308,2.));
#3106 = CARTESIAN_POINT('',(87.118515506877,-45.30589432972,2.));
#3107 = CARTESIAN_POINT('',(87.058345402281,-45.76960966861,2.));
#3108 = CARTESIAN_POINT('',(86.995852535188,-46.23302133789,2.));
#3109 = CARTESIAN_POINT('',(86.930963811427,-46.69610864536,2.));
#3110 = CARTESIAN_POINT('',(86.863602597339,-47.15884702307,2.));
#3111 = CARTESIAN_POINT('',(86.793688719784,-47.62120802729,2.));
#3112 = CARTESIAN_POINT('',(86.721138466136,-48.08315933852,2.));
#3113 = CARTESIAN_POINT('',(86.520412223502,-49.31384203256,2.));
#3114 = CARTESIAN_POINT('',(86.387371025138,-50.08176543137,2.));
#3115 = CARTESIAN_POINT('',(86.246420711571,-50.84834125568,2.));
#3116 = CARTESIAN_POINT('',(86.097114264491,-51.61335902903,2.));
#3117 = CARTESIAN_POINT('',(85.939003643373,-52.37659970798,2.));
#3118 = CARTESIAN_POINT('',(85.771682490721,-53.13786920846,2.));
#3119 = CARTESIAN_POINT('',(85.594745824101,-53.89695725092,2.));
#3120 = CARTESIAN_POINT('',(85.201884408398,-55.48574761071,2.));
#3121 = CARTESIAN_POINT('',(84.983863598473,-56.3149610767,2.));
#3122 = CARTESIAN_POINT('',(84.753025050115,-57.14077757964,2.));
#3123 = CARTESIAN_POINT('',(84.508691883015,-57.96275798436,2.));
#3124 = CARTESIAN_POINT('',(84.250269718645,-58.78047011288,2.));
#3125 = CARTESIAN_POINT('',(83.977157304588,-59.5933886432,2.));
#3126 = CARTESIAN_POINT('',(83.688670008053,-60.40085350283,2.));
#3127 = CARTESIAN_POINT('',(83.218214686531,-61.63946056429,2.));
#3128 = CARTESIAN_POINT('',(83.04743031623,-62.07481195955,2.));
#3129 = CARTESIAN_POINT('',(82.871806678093,-62.50825833956,2.));
#3130 = CARTESIAN_POINT('',(82.691249274051,-62.93969038485,2.));
#3131 = CARTESIAN_POINT('',(82.505667889441,-63.36899240514,2.));
#3132 = CARTESIAN_POINT('',(82.314976593011,-63.79604233933,2.));
#3133 = CARTESIAN_POINT('',(82.119093736913,-64.22071175548,2.));
#3134 = CARTESIAN_POINT('',(81.582673526173,-65.34646671647,2.));
#3135 = CARTESIAN_POINT('',(81.232795567031,-66.0430976989,2.));
#3136 = CARTESIAN_POINT('',(80.867892309358,-66.73214564683,2.));
#3137 = CARTESIAN_POINT('',(80.48768570768,-67.41297470826,2.));
#3138 = CARTESIAN_POINT('',(80.091943037702,-68.08491787477,2.));
#3139 = CARTESIAN_POINT('',(79.680455973399,-68.7472823309,2.));
#3140 = CARTESIAN_POINT('',(79.253091144482,-69.39936860827,2.));
#3141 = CARTESIAN_POINT('',(78.366708516603,-70.68163164778,2.));
#3142 = CARTESIAN_POINT('',(77.907670270059,-71.31182776033,2.));
#3143 = CARTESIAN_POINT('',(77.432747377685,-71.93036265087,2.));
#3144 = CARTESIAN_POINT('',(76.942043847215,-72.53658117692,2.));
#3145 = CARTESIAN_POINT('',(76.435748196509,-73.12985730449,2.));
#3146 = CARTESIAN_POINT('',(75.914112647153,-73.70958850836,2.));
#3147 = CARTESIAN_POINT('',(75.377481066191,-74.27522955329,2.));
#3148 = CARTESIAN_POINT('',(74.495682913571,-75.15703634556,2.));
#3149 = CARTESIAN_POINT('',(74.159777156399,-75.48249020589,2.));
#3150 = CARTESIAN_POINT('',(73.818742861859,-75.8026217292,2.));
#3151 = CARTESIAN_POINT('',(73.472684267635,-76.11734021321,2.));
#3152 = CARTESIAN_POINT('',(73.121715371704,-76.42656976113,2.));
#3153 = CARTESIAN_POINT('',(72.76595993233,-76.7302492816,2.));
#3154 = CARTESIAN_POINT('',(72.405551468064,-77.02833248876,2.));
#3155 = CARTESIAN_POINT('',(71.432432601101,-77.80819960717,2.));
#3156 = CARTESIAN_POINT('',(70.811679364769,-78.2799599244,2.));
#3157 = CARTESIAN_POINT('',(70.179015212062,-78.73588532393,2.));
#3158 = CARTESIAN_POINT('',(69.535112193471,-79.17589570481,2.));
#3159 = CARTESIAN_POINT('',(68.880660226491,-79.60000624898,2.));
#3160 = CARTESIAN_POINT('',(68.216354575434,-80.00831927526,2.));
#3161 = CARTESIAN_POINT('',(67.542883331254,-80.4010160933,2.));
#3162 = CARTESIAN_POINT('',(66.110755011961,-81.19341803231,2.));
#3163 = CARTESIAN_POINT('',(65.350305130501,-81.58984487437,2.));
#3164 = CARTESIAN_POINT('',(64.58045323693,-81.9680966461,2.));
#3165 = CARTESIAN_POINT('',(63.80205682689,-82.32841922279,2.));
#3166 = CARTESIAN_POINT('',(63.015901387902,-82.6713924849,2.));
#3167 = CARTESIAN_POINT('',(62.222731247684,-82.99765003255,2.));
#3168 = CARTESIAN_POINT('',(61.423259129708,-83.30760066599,2.));
#3169 = CARTESIAN_POINT('',(59.739659678233,-83.92312459756,2.));
#3170 = CARTESIAN_POINT('',(58.854578476944,-84.22570606083,2.));
#3171 = CARTESIAN_POINT('',(57.963216781088,-84.51040224159,2.));
#3172 = CARTESIAN_POINT('',(57.067095970082,-84.77832065429,2.));
#3173 = CARTESIAN_POINT('',(56.165803264039,-85.02982331488,2.));
#3174 = CARTESIAN_POINT('',(55.260838723484,-85.26618873773,2.));
#3175 = CARTESIAN_POINT('',(54.352143929451,-85.4879026026,2.));
#3176 = CARTESIAN_POINT('',(52.528524105851,-85.90381038226,2.));
#3177 = CARTESIAN_POINT('',(51.613583364416,-86.09797935376,2.));
#3178 = CARTESIAN_POINT('',(50.695989793384,-86.27921619691,2.));
#3179 = CARTESIAN_POINT('',(49.775830405388,-86.44790396434,2.));
#3180 = CARTESIAN_POINT('',(48.854024070536,-86.60553440686,2.));
#3181 = CARTESIAN_POINT('',(47.930117441579,-86.75181557658,2.));
#3182 = CARTESIAN_POINT('',(47.004893598046,-86.88815652514,2.));
#3183 = CARTESIAN_POINT('',(45.537799349117,-87.0887312656,2.));
#3184 = CARTESIAN_POINT('',(44.996847314703,-87.15935820908,2.));
#3185 = CARTESIAN_POINT('',(44.455488383869,-87.22684198999,2.));
#3186 = CARTESIAN_POINT('',(43.913761346515,-87.29130682265,2.));
#3187 = CARTESIAN_POINT('',(43.371700511334,-87.352870257,2.));
#3188 = CARTESIAN_POINT('',(42.829335705806,-87.41164317869,2.));
#3189 = CARTESIAN_POINT('',(42.286692276205,-87.46772980903,2.));
#3190 = CARTESIAN_POINT('',(40.890660993232,-87.60530293339,2.));
#3191 = CARTESIAN_POINT('',(40.036898260761,-87.68297085519,2.));
#3192 = CARTESIAN_POINT('',(39.182623338541,-87.75472234446,2.));
#3193 = CARTESIAN_POINT('',(38.327903239224,-87.82091559895,2.));
#3194 = CARTESIAN_POINT('',(37.472784388576,-87.88184347747,2.));
#3195 = CARTESIAN_POINT('',(36.617331339364,-87.93786635957,2.));
#3196 = CARTESIAN_POINT('',(35.761626556466,-87.98942275534,2.));
#3197 = CARTESIAN_POINT('',(34.049747141621,-88.08403502064,2.));
#3198 = CARTESIAN_POINT('',(33.193574140671,-88.12713151238,2.));
#3199 = CARTESIAN_POINT('',(32.337199491514,-88.16626094999,2.));
#3200 = CARTESIAN_POINT('',(31.480666426314,-88.20176444923,2.));
#3201 = CARTESIAN_POINT('',(30.624017773819,-88.23399964458,2.));
#3202 = CARTESIAN_POINT('',(29.767272755338,-88.26319503336,2.));
#3203 = CARTESIAN_POINT('',(28.910426863666,-88.28945373693,2.));
#3204 = CARTESIAN_POINT('',(27.430297117481,-88.33032544557,2.));
#3205 = CARTESIAN_POINT('',(26.807044476766,-88.3461373697,2.));
#3206 = CARTESIAN_POINT('',(26.183760372741,-88.3606505095,2.));
#3207 = CARTESIAN_POINT('',(25.560451679451,-88.37395491767,2.));
#3208 = CARTESIAN_POINT('',(24.937123341432,-88.38613469925,2.));
#3209 = CARTESIAN_POINT('',(24.313778373705,-88.39726801159,2.));
#3210 = CARTESIAN_POINT('',(23.690417861782,-88.40742706439,2.));
#3211 = CARTESIAN_POINT('',(22.365742261119,-88.42708457496,2.));
#3212 = CARTESIAN_POINT('',(21.664426711411,-88.43636467566,2.));
#3213 = CARTESIAN_POINT('',(20.963097022363,-88.44460271612,2.));
#3214 = CARTESIAN_POINT('',(20.261756349156,-88.4519091757,2.));
#3215 = CARTESIAN_POINT('',(19.56040787317,-88.45840504356,2.));
#3216 = CARTESIAN_POINT('',(18.859054382826,-88.46420614336,2.));
#3217 = CARTESIAN_POINT('',(18.157697854428,-88.469407458,2.));
#3218 = CARTESIAN_POINT('',(15.274337280647,-88.48853666052,2.));
#3219 = CARTESIAN_POINT('',(13.09231101599,-88.49751622525,2.));
#3220 = CARTESIAN_POINT('',(10.910269528317,-88.50214702541,2.));
#3221 = CARTESIAN_POINT('',(8.728219837343,-88.50356993431,2.));
#3222 = CARTESIAN_POINT('',(6.546166693219,-88.50292582174,2.));
#3223 = CARTESIAN_POINT('',(4.364112576532,-88.50135555395,2.));
#3224 = CARTESIAN_POINT('',(2.182057698311,-88.49999999365,2.));
#3225 = CARTESIAN_POINT('',(-1.480683112333,-88.49999999984,2.));
#3226 = CARTESIAN_POINT('',(-2.961365818415,-88.50062417563,2.));
#3227 = CARTESIAN_POINT('',(-4.442048075127,-88.50151606636,2.));
#3228 = CARTESIAN_POINT('',(-5.922729614274,-88.50231920789,2.));
#3229 = CARTESIAN_POINT('',(-7.403409942559,-88.50267713286,2.));
#3230 = CARTESIAN_POINT('',(-8.884088341588,-88.50223337077,2.));
#3231 = CARTESIAN_POINT('',(-10.36476386786,-88.50063144795,2.));
#3232 = CARTESIAN_POINT('',(-12.46887370969,-88.49620265617,2.));
#3233 = CARTESIAN_POINT('',(-13.09231105442,-88.49462190428,2.));
#3234 = CARTESIAN_POINT('',(-13.71574731597,-88.49274602282,2.));
#3235 = CARTESIAN_POINT('',(-14.3391824233,-88.49054840274,2.));
#3236 = CARTESIAN_POINT('',(-14.96261630538,-88.48800243503,2.));
#3237 = CARTESIAN_POINT('',(-15.58604889119,-88.48508151064,2.));
#3238 = CARTESIAN_POINT('',(-16.20948010969,-88.48175902055,2.));
#3239 = CARTESIAN_POINT('',(-17.53426812946,-88.47379126782,2.));
#3240 = CARTESIAN_POINT('',(-18.23562468649,-88.46901411726,2.));
#3241 = CARTESIAN_POINT('',(-18.93698061138,-88.46369565134,2.));
#3242 = CARTESIAN_POINT('',(-19.63833437656,-88.45776810156,2.));
#3243 = CARTESIAN_POINT('',(-20.33968280651,-88.45111223274,2.));
#3244 = CARTESIAN_POINT('',(-21.04102200778,-88.44359239213,2.));
#3245 = CARTESIAN_POINT('',(-21.74234829898,-88.43509155848,2.));
#3246 = CARTESIAN_POINT('',(-23.37874067935,-88.41281002538,2.));
#3247 = CARTESIAN_POINT('',(-24.31379238189,-88.39817298656,2.));
#3248 = CARTESIAN_POINT('',(-25.24881441449,-88.38140517915,2.));
#3249 = CARTESIAN_POINT('',(-26.18377908911,-88.3621287528,2.));
#3250 = CARTESIAN_POINT('',(-27.11873184966,-88.34041313467,2.));
#3251 = CARTESIAN_POINT('',(-28.0535764285,-88.31551992559,2.));
#3252 = CARTESIAN_POINT('',(-28.9883403638,-88.28744583806,2.));
#3253 = CARTESIAN_POINT('',(-30.85761580761,-88.2240883199,2.));
#3254 = CARTESIAN_POINT('',(-31.79212574738,-88.18878023693,2.));
#3255 = CARTESIAN_POINT('',(-32.7265179723,-88.14975141623,2.));
#3256 = CARTESIAN_POINT('',(-33.66070502553,-88.10635107989,2.));
#3257 = CARTESIAN_POINT('',(-34.59468914741,-88.05840619929,2.));
#3258 = CARTESIAN_POINT('',(-35.52836885235,-88.00531843487,2.));
#3259 = CARTESIAN_POINT('',(-36.46175414365,-87.94692777577,2.));
#3260 = CARTESIAN_POINT('',(-38.01670823228,-87.83973716402,2.));
#3261 = CARTESIAN_POINT('',(-38.63850477312,-87.7942365064,2.));
#3262 = CARTESIAN_POINT('',(-39.26009850214,-87.74598635957,2.));
#3263 = CARTESIAN_POINT('',(-39.88146916543,-87.69485671493,2.));
#3264 = CARTESIAN_POINT('',(-40.50259026307,-87.64070753727,2.));
#3265 = CARTESIAN_POINT('',(-41.12342904917,-87.58338876483,2.));
#3266 = CARTESIAN_POINT('',(-41.74394653188,-87.5227403092,2.));
#3267 = CARTESIAN_POINT('',(-42.82921237458,-87.41048087855,2.));
#3268 = CARTESIAN_POINT('',(-43.29412396275,-87.36040551918,2.));
#3269 = CARTESIAN_POINT('',(-43.75881692146,-87.30830102537,2.));
#3270 = CARTESIAN_POINT('',(-44.22327357741,-87.25409904605,2.));
#3271 = CARTESIAN_POINT('',(-44.68747390038,-87.19772783094,2.));
#3272 = CARTESIAN_POINT('',(-45.15139550328,-87.13911223064,2.));
#3273 = CARTESIAN_POINT('',(-45.61501364211,-87.07817369656,2.));
#3274 = CARTESIAN_POINT('',(-46.85044734407,-86.90925764587,2.));
#3275 = CARTESIAN_POINT('',(-47.62169137874,-86.79703253831,2.));
#3276 = CARTESIAN_POINT('',(-48.39191485854,-86.6777978354,2.));
#3277 = CARTESIAN_POINT('',(-49.16097136068,-86.55115635675,2.));
#3278 = CARTESIAN_POINT('',(-49.92870914345,-86.41671562746,2.));
#3279 = CARTESIAN_POINT('',(-50.6949712428,-86.27409439244,2.));
#3280 = CARTESIAN_POINT('',(-51.45957302293,-86.12289088209,2.));
#3281 = CARTESIAN_POINT('',(-52.98494223952,-85.80233548413,2.));
#3282 = CARTESIAN_POINT('',(-53.74575782169,-85.63303778859,2.));
#3283 = CARTESIAN_POINT('',(-54.50442274034,-85.45424704723,2.));
#3284 = CARTESIAN_POINT('',(-55.26071676033,-85.26552876848,2.));
#3285 = CARTESIAN_POINT('',(-56.01438414117,-85.06643942698,2.));
#3286 = CARTESIAN_POINT('',(-56.76509697047,-84.85650875177,2.));
#3287 = CARTESIAN_POINT('',(-57.51247828861,-84.63525154026,2.));
#3288 = CARTESIAN_POINT('',(-58.77678733987,-84.23907709584,2.));
#3289 = CARTESIAN_POINT('',(-59.29557193941,-84.07017345957,2.));
#3290 = CARTESIAN_POINT('',(-59.81241373106,-83.89533228328,2.));
#3291 = CARTESIAN_POINT('',(-60.32717507688,-83.71439156034,2.));
#3292 = CARTESIAN_POINT('',(-60.83970577293,-83.52719308337,2.));
#3293 = CARTESIAN_POINT('',(-61.3498430493,-83.33358244426,2.));
#3294 = CARTESIAN_POINT('',(-61.8574115701,-83.13340903412,2.));
#3295 = CARTESIAN_POINT('',(-63.22761877508,-82.57187261399,2.));
#3296 = CARTESIAN_POINT('',(-64.08498081338,-82.19743983542,2.));
#3297 = CARTESIAN_POINT('',(-64.93322943155,-81.80275810814,2.));
#3298 = CARTESIAN_POINT('',(-65.77169112455,-81.38651346944,2.));
#3299 = CARTESIAN_POINT('',(-66.59887059459,-80.9491151387,2.));
#3300 = CARTESIAN_POINT('',(-67.41398820638,-80.48893814265,2.));
#3301 = CARTESIAN_POINT('',(-68.21564545425,-80.00654874644,2.));
#3302 = CARTESIAN_POINT('',(-69.78979688182,-78.99604318456,2.));
#3303 = CARTESIAN_POINT('',(-70.5622933028,-78.46806295058,2.));
#3304 = CARTESIAN_POINT('',(-71.319014977,-77.91717497386,2.));
#3305 = CARTESIAN_POINT('',(-72.05873299568,-77.34339625326,2.));
#3306 = CARTESIAN_POINT('',(-72.78032768105,-76.74693510818,2.));
#3307 = CARTESIAN_POINT('',(-73.48275048983,-76.1281780178,2.));
#3308 = CARTESIAN_POINT('',(-74.16500746973,-75.48770248705,2.));
#3309 = CARTESIAN_POINT('',(-75.15703634556,-74.49568291356,2.));
#3310 = CARTESIAN_POINT('',(-75.48249020589,-74.15977715639,2.));
#3311 = CARTESIAN_POINT('',(-75.8026217292,-73.81874286185,2.));
#3312 = CARTESIAN_POINT('',(-76.11734021321,-73.47268426763,2.));
#3313 = CARTESIAN_POINT('',(-76.42656976113,-73.1217153717,2.));
#3314 = CARTESIAN_POINT('',(-76.7302492816,-72.76595993232,2.));
#3315 = CARTESIAN_POINT('',(-77.02833248876,-72.40555146806,2.));
#3316 = CARTESIAN_POINT('',(-77.80819960718,-71.43243260109,2.));
#3317 = CARTESIAN_POINT('',(-78.2799599244,-70.81167936476,2.));
#3318 = CARTESIAN_POINT('',(-78.73588532393,-70.17901521205,2.));
#3319 = CARTESIAN_POINT('',(-79.17589570481,-69.53511219346,2.));
#3320 = CARTESIAN_POINT('',(-79.60000624898,-68.88066022648,2.));
#3321 = CARTESIAN_POINT('',(-80.00831927527,-68.21635457543,2.));
#3322 = CARTESIAN_POINT('',(-80.4010160933,-67.54288333124,2.));
#3323 = CARTESIAN_POINT('',(-81.19341803231,-66.11075501194,2.));
#3324 = CARTESIAN_POINT('',(-81.58984487437,-65.35030513052,2.));
#3325 = CARTESIAN_POINT('',(-81.9680966461,-64.58045323688,2.));
#3326 = CARTESIAN_POINT('',(-82.32841922279,-63.80205682688,2.));
#3327 = CARTESIAN_POINT('',(-82.6713924849,-63.01590138793,2.));
#3328 = CARTESIAN_POINT('',(-82.99765003255,-62.22273124764,2.));
#3329 = CARTESIAN_POINT('',(-83.30760066599,-61.42325912971,2.));
#3330 = CARTESIAN_POINT('',(-83.92312459756,-59.73965967817,2.));
#3331 = CARTESIAN_POINT('',(-84.22570606084,-58.85457847716,2.));
#3332 = CARTESIAN_POINT('',(-84.51040224158,-57.9632167806,2.));
#3333 = CARTESIAN_POINT('',(-84.7783206543,-57.06709597068,2.));
#3334 = CARTESIAN_POINT('',(-85.02982331488,-56.16580326354,2.));
#3335 = CARTESIAN_POINT('',(-85.26618873773,-55.26083872371,2.));
#3336 = CARTESIAN_POINT('',(-85.4879026026,-54.35214392938,2.));
#3337 = CARTESIAN_POINT('',(-85.90381038226,-52.52852410582,2.));
#3338 = CARTESIAN_POINT('',(-86.09797935376,-51.61358336451,2.));
#3339 = CARTESIAN_POINT('',(-86.27921619691,-50.69598979316,2.));
#3340 = CARTESIAN_POINT('',(-86.44790396434,-49.77583040564,2.));
#3341 = CARTESIAN_POINT('',(-86.60553440685,-48.85402407033,2.));
#3342 = CARTESIAN_POINT('',(-86.75181557658,-47.93011744166,2.));
#3343 = CARTESIAN_POINT('',(-86.88815652514,-47.00489359801,2.));
#3344 = CARTESIAN_POINT('',(-87.08873126561,-45.53779934911,2.));
#3345 = CARTESIAN_POINT('',(-87.15935820908,-44.99684731469,2.));
#3346 = CARTESIAN_POINT('',(-87.22684198999,-44.45548838386,2.));
#3347 = CARTESIAN_POINT('',(-87.29130682265,-43.9137613465,2.));
#3348 = CARTESIAN_POINT('',(-87.352870257,-43.37170051132,2.));
#3349 = CARTESIAN_POINT('',(-87.41164317869,-42.8293357058,2.));
#3350 = CARTESIAN_POINT('',(-87.46772980904,-42.28669227619,2.));
#3351 = CARTESIAN_POINT('',(-87.60530293339,-40.89066099321,2.));
#3352 = CARTESIAN_POINT('',(-87.68297085519,-40.03689826077,2.));
#3353 = CARTESIAN_POINT('',(-87.75472234446,-39.18262333851,2.));
#3354 = CARTESIAN_POINT('',(-87.82091559895,-38.32790323921,2.));
#3355 = CARTESIAN_POINT('',(-87.88184347747,-37.47278438859,2.));
#3356 = CARTESIAN_POINT('',(-87.93786635957,-36.61733133933,2.));
#3357 = CARTESIAN_POINT('',(-87.98942275534,-35.76162655646,2.));
#3358 = CARTESIAN_POINT('',(-88.08403502064,-34.04974714162,2.));
#3359 = CARTESIAN_POINT('',(-88.12713151238,-33.19357414065,2.));
#3360 = CARTESIAN_POINT('',(-88.16626094999,-32.33719949151,2.));
#3361 = CARTESIAN_POINT('',(-88.20176444923,-31.4806664263,2.));
#3362 = CARTESIAN_POINT('',(-88.23399964458,-30.6240177738,2.));
#3363 = CARTESIAN_POINT('',(-88.26319503335,-29.76727275534,2.));
#3364 = CARTESIAN_POINT('',(-88.28945373693,-28.91042686365,2.));
#3365 = CARTESIAN_POINT('',(-88.33032544556,-27.43029711747,2.));
#3366 = CARTESIAN_POINT('',(-88.34613736969,-26.80704447676,2.));
#3367 = CARTESIAN_POINT('',(-88.3606505095,-26.18376037273,2.));
#3368 = CARTESIAN_POINT('',(-88.37395491767,-25.56045167944,2.));
#3369 = CARTESIAN_POINT('',(-88.38613469926,-24.93712334142,2.));
#3370 = CARTESIAN_POINT('',(-88.3972680116,-24.31377837369,2.));
#3371 = CARTESIAN_POINT('',(-88.4074270644,-23.69041786177,2.));
#3372 = CARTESIAN_POINT('',(-88.42708457498,-22.36574226111,2.));
#3373 = CARTESIAN_POINT('',(-88.43636467569,-21.6644267114,2.));
#3374 = CARTESIAN_POINT('',(-88.44460271615,-20.96309702235,2.));
#3375 = CARTESIAN_POINT('',(-88.45190917573,-20.26175634915,2.));
#3376 = CARTESIAN_POINT('',(-88.45840504359,-19.56040787316,2.));
#3377 = CARTESIAN_POINT('',(-88.46420614337,-18.85905438281,2.));
#3378 = CARTESIAN_POINT('',(-88.46940745799,-18.15769785442,2.));
#3379 = CARTESIAN_POINT('',(-88.48853666043,-15.27433728064,2.));
#3380 = CARTESIAN_POINT('',(-88.49751622505,-13.09231101598,2.));
#3381 = CARTESIAN_POINT('',(-88.50214702508,-10.91026952831,2.));
#3382 = CARTESIAN_POINT('',(-88.50356993388,-8.728219837335,2.));
#3383 = CARTESIAN_POINT('',(-88.50292582126,-6.54616669321,2.));
#3384 = CARTESIAN_POINT('',(-88.50135555351,-4.364112576523,2.));
#3385 = CARTESIAN_POINT('',(-88.49999999335,-2.182057698302,2.));
#3386 = CARTESIAN_POINT('',(-88.50000000004,1.480683112343,2.));
#3387 = CARTESIAN_POINT('',(-88.50062417596,2.961365818424,2.));
#3388 = CARTESIAN_POINT('',(-88.50151606677,4.442048075136,2.));
#3389 = CARTESIAN_POINT('',(-88.50231920832,5.922729614282,2.));
#3390 = CARTESIAN_POINT('',(-88.50267713329,7.403409942567,2.));
#3391 = CARTESIAN_POINT('',(-88.50223337116,8.884088341597,2.));
#3392 = CARTESIAN_POINT('',(-88.50063144828,10.364763867877,2.));
#3393 = CARTESIAN_POINT('',(-88.49620265641,12.468873709706,2.));
#3394 = CARTESIAN_POINT('',(-88.49462190449,13.092311054437,2.));
#3395 = CARTESIAN_POINT('',(-88.492746023,13.71574731598,2.));
#3396 = CARTESIAN_POINT('',(-88.49054840289,14.339182423307,2.));
#3397 = CARTESIAN_POINT('',(-88.48800243515,14.962616305389,2.));
#3398 = CARTESIAN_POINT('',(-88.48508151074,15.586048891197,2.));
#3399 = CARTESIAN_POINT('',(-88.48175902062,16.209480109702,2.));
#3400 = CARTESIAN_POINT('',(-88.47379126784,17.534268129472,2.));
#3401 = CARTESIAN_POINT('',(-88.46901411726,18.235624686502,2.));
#3402 = CARTESIAN_POINT('',(-88.46369565133,18.936980611389,2.));
#3403 = CARTESIAN_POINT('',(-88.45776810154,19.638334376571,2.));
#3404 = CARTESIAN_POINT('',(-88.45111223272,20.339682806526,2.));
#3405 = CARTESIAN_POINT('',(-88.4435923921,21.041022007791,2.));
#3406 = CARTESIAN_POINT('',(-88.43509155845,21.742348298992,2.));
#3407 = CARTESIAN_POINT('',(-88.41281002536,23.378740679393,2.));
#3408 = CARTESIAN_POINT('',(-88.39817298655,24.313792381756,2.));
#3409 = CARTESIAN_POINT('',(-88.38140517915,25.248814414831,2.));
#3410 = CARTESIAN_POINT('',(-88.36212875282,26.183779088682,2.));
#3411 = CARTESIAN_POINT('',(-88.34041313467,27.118731850032,2.));
#3412 = CARTESIAN_POINT('',(-88.3155199256,28.053576428337,2.));
#3413 = CARTESIAN_POINT('',(-88.28744583807,28.98834036385,2.));
#3414 = CARTESIAN_POINT('',(-88.2240883199,30.857615807665,2.));
#3415 = CARTESIAN_POINT('',(-88.18878023693,31.792125747222,2.));
#3416 = CARTESIAN_POINT('',(-88.14975141622,32.726517972663,2.));
#3417 = CARTESIAN_POINT('',(-88.10635107989,33.660705025095,2.));
#3418 = CARTESIAN_POINT('',(-88.05840619929,34.594689147757,2.));
#3419 = CARTESIAN_POINT('',(-88.00531843487,35.52836885221,2.));
#3420 = CARTESIAN_POINT('',(-87.94692777577,36.461754143689,2.));
#3421 = CARTESIAN_POINT('',(-87.83973716402,38.016708232288,2.));
#3422 = CARTESIAN_POINT('',(-87.7942365064,38.638504773126,2.));
#3423 = CARTESIAN_POINT('',(-87.74598635957,39.260098502155,2.));
#3424 = CARTESIAN_POINT('',(-87.69485671493,39.881469165443,2.));
#3425 = CARTESIAN_POINT('',(-87.64070753727,40.50259026308,2.));
#3426 = CARTESIAN_POINT('',(-87.58338876483,41.123429049183,2.));
#3427 = CARTESIAN_POINT('',(-87.5227403092,41.743946531893,2.));
#3428 = CARTESIAN_POINT('',(-87.41048087855,42.829212374592,2.));
#3429 = CARTESIAN_POINT('',(-87.36040551918,43.294123962762,2.));
#3430 = CARTESIAN_POINT('',(-87.30830102537,43.758816921473,2.));
#3431 = CARTESIAN_POINT('',(-87.25409904605,44.223273577416,2.));
#3432 = CARTESIAN_POINT('',(-87.19772783094,44.687473900389,2.));
#3433 = CARTESIAN_POINT('',(-87.13911223064,45.15139550329,2.));
#3434 = CARTESIAN_POINT('',(-87.07817369656,45.615013642125,2.));
#3435 = CARTESIAN_POINT('',(-86.90925764587,46.850447344078,2.));
#3436 = CARTESIAN_POINT('',(-86.7970325383,47.621691378755,2.));
#3437 = CARTESIAN_POINT('',(-86.6777978354,48.391914858551,2.));
#3438 = CARTESIAN_POINT('',(-86.55115635675,49.160971360686,2.));
#3439 = CARTESIAN_POINT('',(-86.41671562746,49.928709143467,2.));
#3440 = CARTESIAN_POINT('',(-86.27409439244,50.694971242812,2.));
#3441 = CARTESIAN_POINT('',(-86.12289088209,51.459573022938,2.));
#3442 = CARTESIAN_POINT('',(-85.80233548413,52.984942239532,2.));
#3443 = CARTESIAN_POINT('',(-85.63303778859,53.745757821701,2.));
#3444 = CARTESIAN_POINT('',(-85.45424704722,54.504422740351,2.));
#3445 = CARTESIAN_POINT('',(-85.26552876847,55.260716760346,2.));
#3446 = CARTESIAN_POINT('',(-85.06643942698,56.014384141176,2.));
#3447 = CARTESIAN_POINT('',(-84.85650875177,56.765096970479,2.));
#3448 = CARTESIAN_POINT('',(-84.63525154025,57.512478288626,2.));
#3449 = CARTESIAN_POINT('',(-84.23907709584,58.77678733988,2.));
#3450 = CARTESIAN_POINT('',(-84.07017345957,59.295571939424,2.));
#3451 = CARTESIAN_POINT('',(-83.89533228327,59.812413731074,2.));
#3452 = CARTESIAN_POINT('',(-83.71439156034,60.327175076888,2.));
#3453 = CARTESIAN_POINT('',(-83.52719308337,60.839705772937,2.));
#3454 = CARTESIAN_POINT('',(-83.33358244426,61.349843049309,2.));
#3455 = CARTESIAN_POINT('',(-83.13340903412,61.857411570108,2.));
#3456 = CARTESIAN_POINT('',(-82.57187261398,63.227618775161,2.));
#3457 = CARTESIAN_POINT('',(-82.19743983542,64.084980813115,2.));
#3458 = CARTESIAN_POINT('',(-81.80275810815,64.933229432097,2.));
#3459 = CARTESIAN_POINT('',(-81.38651346942,65.771691123919,2.));
#3460 = CARTESIAN_POINT('',(-80.94911513871,66.598870595094,2.));
#3461 = CARTESIAN_POINT('',(-80.48893814264,67.413988206158,2.));
#3462 = CARTESIAN_POINT('',(-80.00654874643,68.215645454317,2.));
#3463 = CARTESIAN_POINT('',(-78.99604318455,69.789796881847,2.));
#3464 = CARTESIAN_POINT('',(-78.46806295057,70.562293302769,2.));
#3465 = CARTESIAN_POINT('',(-77.91717497386,71.319014977045,2.));
#3466 = CARTESIAN_POINT('',(-77.34339625326,72.058732995692,2.));
#3467 = CARTESIAN_POINT('',(-76.74693510818,72.780327681021,2.));
#3468 = CARTESIAN_POINT('',(-76.1281780178,73.482750489871,2.));
#3469 = CARTESIAN_POINT('',(-75.48770248704,74.165007469728,2.));
#3470 = CARTESIAN_POINT('',(-74.49568291356,75.157036345571,2.));
#3471 = CARTESIAN_POINT('',(-74.15977715639,75.482490205897,2.));
#3472 = CARTESIAN_POINT('',(-73.81874286185,75.802621729207,2.));
#3473 = CARTESIAN_POINT('',(-73.47268426762,76.117340213223,2.));
#3474 = CARTESIAN_POINT('',(-73.12171537169,76.426569761136,2.));
#3475 = CARTESIAN_POINT('',(-72.76595993232,76.730249281608,2.));
#3476 = CARTESIAN_POINT('',(-72.40555146805,77.028332488768,2.));
#3477 = CARTESIAN_POINT('',(-71.43243260109,77.808199607185,2.));
#3478 = CARTESIAN_POINT('',(-70.81167936476,78.279959924405,2.));
#3479 = CARTESIAN_POINT('',(-70.17901521205,78.735885323941,2.));
#3480 = CARTESIAN_POINT('',(-69.53511219346,79.175895704822,2.));
#3481 = CARTESIAN_POINT('',(-68.88066022648,79.600006248993,2.));
#3482 = CARTESIAN_POINT('',(-68.21635457542,80.008319275273,2.));
#3483 = CARTESIAN_POINT('',(-67.54288333124,80.40101609331,2.));
#3484 = CARTESIAN_POINT('',(-66.11075501194,81.193418032314,2.));
#3485 = CARTESIAN_POINT('',(-65.35030513051,81.589844874402,2.));
#3486 = CARTESIAN_POINT('',(-64.58045323688,81.968096646086,2.));
#3487 = CARTESIAN_POINT('',(-63.80205682688,82.328419222797,2.));
#3488 = CARTESIAN_POINT('',(-63.01590138792,82.671392484932,2.));
#3489 = CARTESIAN_POINT('',(-62.22273124763,82.997650032533,2.));
#3490 = CARTESIAN_POINT('',(-61.42325912971,83.307600666006,2.));
#3491 = CARTESIAN_POINT('',(-59.73965967818,83.923124597507,2.));
#3492 = CARTESIAN_POINT('',(-58.85457847709,84.225706061083,2.));
#3493 = CARTESIAN_POINT('',(-57.96321678072,84.510402241112,2.));
#3494 = CARTESIAN_POINT('',(-57.06709597055,84.778320654888,2.));
#3495 = CARTESIAN_POINT('',(-56.16580326362,85.029823314445,2.));
#3496 = CARTESIAN_POINT('',(-55.26083872368,85.266188737936,2.));
#3497 = CARTESIAN_POINT('',(-54.35214392938,85.487902602562,2.));
#3498 = CARTESIAN_POINT('',(-52.52852410583,85.903810382263,2.));
#3499 = CARTESIAN_POINT('',(-51.61358336445,86.097979353764,2.));
#3500 = CARTESIAN_POINT('',(-50.69598979325,86.279216196918,2.));
#3501 = CARTESIAN_POINT('',(-49.77583040555,86.44790396435,2.));
#3502 = CARTESIAN_POINT('',(-48.85402407035,86.605534406849,2.));
#3503 = CARTESIAN_POINT('',(-47.93011744166,86.751815576598,2.));
#3504 = CARTESIAN_POINT('',(-47.004893598,86.888156525143,2.));
#3505 = CARTESIAN_POINT('',(-45.5377993491,87.08873126561,2.));
#3506 = CARTESIAN_POINT('',(-44.99684731469,87.159358209083,2.));
#3507 = CARTESIAN_POINT('',(-44.45548838385,87.22684199,2.));
#3508 = CARTESIAN_POINT('',(-43.9137613465,87.291306822651,2.));
#3509 = CARTESIAN_POINT('',(-43.37170051132,87.352870257001,2.));
#3510 = CARTESIAN_POINT('',(-42.82933570579,87.411643178691,2.));
#3511 = CARTESIAN_POINT('',(-42.28669227619,87.46772980904,2.));
#3512 = CARTESIAN_POINT('',(-40.89066099321,87.605302933401,2.));
#3513 = CARTESIAN_POINT('',(-40.03689826078,87.682970855187,2.));
#3514 = CARTESIAN_POINT('',(-39.18262333849,87.754722344472,2.));
#3515 = CARTESIAN_POINT('',(-38.32790323921,87.820915598947,2.));
#3516 = CARTESIAN_POINT('',(-37.47278438859,87.881843477461,2.));
#3517 = CARTESIAN_POINT('',(-36.61733133932,87.937866359593,2.));
#3518 = CARTESIAN_POINT('',(-35.76162655646,87.989422755339,2.));
#3519 = CARTESIAN_POINT('',(-34.04974714161,88.08403502064,2.));
#3520 = CARTESIAN_POINT('',(-33.19357414065,88.127131512406,2.));
#3521 = CARTESIAN_POINT('',(-32.33719949151,88.166260949983,2.));
#3522 = CARTESIAN_POINT('',(-31.4806664263,88.201764449237,2.));
#3523 = CARTESIAN_POINT('',(-30.62401777379,88.2339996446,2.));
#3524 = CARTESIAN_POINT('',(-29.76727275534,88.263195033342,2.));
#3525 = CARTESIAN_POINT('',(-28.91042686364,88.28945373693,2.));
#3526 = CARTESIAN_POINT('',(-27.43029711747,88.330325445562,2.));
#3527 = CARTESIAN_POINT('',(-26.80704447675,88.346137369693,2.));
#3528 = CARTESIAN_POINT('',(-26.18376037273,88.360650509497,2.));
#3529 = CARTESIAN_POINT('',(-25.56045167944,88.373954917678,2.));
#3530 = CARTESIAN_POINT('',(-24.93712334142,88.386134699266,2.));
#3531 = CARTESIAN_POINT('',(-24.31377837369,88.397268011621,2.));
#3532 = CARTESIAN_POINT('',(-23.69041786177,88.407427064429,2.));
#3533 = CARTESIAN_POINT('',(-22.3657422611,88.427084575017,2.));
#3534 = CARTESIAN_POINT('',(-21.6644267114,88.436364675729,2.));
#3535 = CARTESIAN_POINT('',(-20.96309702235,88.444602716189,2.));
#3536 = CARTESIAN_POINT('',(-20.26175634914,88.451909175771,2.));
#3537 = CARTESIAN_POINT('',(-19.56040787316,88.45840504362,2.));
#3538 = CARTESIAN_POINT('',(-18.85905438281,88.464206143392,2.));
#3539 = CARTESIAN_POINT('',(-18.15769785441,88.469407457991,2.));
#3540 = CARTESIAN_POINT('',(-15.27433728063,88.488536660316,2.));
#3541 = CARTESIAN_POINT('',(-13.09231101597,88.497516224787,2.));
#3542 = CARTESIAN_POINT('',(-10.9102695283,88.502147024658,2.));
#3543 = CARTESIAN_POINT('',(-8.72821983733,88.503569933323,2.));
#3544 = CARTESIAN_POINT('',(-6.546166693204,88.502925820639,2.));
#3545 = CARTESIAN_POINT('',(-4.364112576518,88.501355552926,2.));
#3546 = CARTESIAN_POINT('',(-2.182057698296,88.499999992965,2.));
#3547 = CARTESIAN_POINT('',(1.480683112348,88.500000000312,2.));
#3548 = CARTESIAN_POINT('',(2.961365818429,88.500624176406,2.));
#3549 = CARTESIAN_POINT('',(4.442048075141,88.501516067317,2.));
#3550 = CARTESIAN_POINT('',(5.922729614287,88.502319208903,2.));
#3551 = CARTESIAN_POINT('',(7.403409942571,88.502677133852,2.));
#3552 = CARTESIAN_POINT('',(8.884088341601,88.502233371676,2.));
#3553 = CARTESIAN_POINT('',(10.36476386788,88.500631448717,2.));
#3554 = CARTESIAN_POINT('',(12.468873709708,88.496202656727,2.));
#3555 = CARTESIAN_POINT('',(13.092311054439,88.494621904768,2.));
#3556 = CARTESIAN_POINT('',(13.715747315983,88.492746023234,2.));
#3557 = CARTESIAN_POINT('',(14.339182423309,88.490548403093,2.));
#3558 = CARTESIAN_POINT('',(14.962616305391,88.488002435313,2.));
#3559 = CARTESIAN_POINT('',(15.586048891199,88.485081510864,2.));
#3560 = CARTESIAN_POINT('',(16.209480109704,88.481759020714,2.));
#3561 = CARTESIAN_POINT('',(17.534268129473,88.473791267873,2.));
#3562 = CARTESIAN_POINT('',(18.235624686503,88.469014117267,2.));
#3563 = CARTESIAN_POINT('',(18.93698061139,88.463695651312,2.));
#3564 = CARTESIAN_POINT('',(19.638334376572,88.457768101513,2.));
#3565 = CARTESIAN_POINT('',(20.339682806527,88.451112232685,2.));
#3566 = CARTESIAN_POINT('',(21.041022007792,88.443592392066,2.));
#3567 = CARTESIAN_POINT('',(21.742348298993,88.435091558424,2.));
#3568 = CARTESIAN_POINT('',(23.378740679409,88.412810025362,2.));
#3569 = CARTESIAN_POINT('',(24.313792381712,88.398172986457,2.));
#3570 = CARTESIAN_POINT('',(25.248814414876,88.38140517932,2.));
#3571 = CARTESIAN_POINT('',(26.183779088705,88.362128752627,2.));
#3572 = CARTESIAN_POINT('',(27.118731849948,88.340413134833,2.));
#3573 = CARTESIAN_POINT('',(28.05357642841,88.315519925537,2.));
#3574 = CARTESIAN_POINT('',(28.988340363826,88.287445838092,2.));
#3575 = CARTESIAN_POINT('',(30.85761580763,88.224088319776,2.));
#3576 = CARTESIAN_POINT('',(31.792125747373,88.188780237479,2.));
#3577 = CARTESIAN_POINT('',(32.726517972352,88.14975141509,2.));
#3578 = CARTESIAN_POINT('',(33.66070502548,88.106351081302,2.));
#3579 = CARTESIAN_POINT('',(34.594689147469,88.058406198202,2.));
#3580 = CARTESIAN_POINT('',(35.528368852336,88.005318435385,2.));
#3581 = CARTESIAN_POINT('',(36.461754143664,87.946927775654,2.));
#3582 = CARTESIAN_POINT('',(38.016708232289,87.839737164022,2.));
#3583 = CARTESIAN_POINT('',(38.638504773127,87.794236506407,2.));
#3584 = CARTESIAN_POINT('',(39.260098502156,87.745986359577,2.));
#3585 = CARTESIAN_POINT('',(39.881469165443,87.694856714932,2.));
#3586 = CARTESIAN_POINT('',(40.50259026308,87.640707537278,2.));
#3587 = CARTESIAN_POINT('',(41.123429049183,87.58338876483,2.));
#3588 = CARTESIAN_POINT('',(41.743946531893,87.522740309208,2.));
#3589 = CARTESIAN_POINT('',(42.829212374592,87.410480878556,2.));
#3590 = CARTESIAN_POINT('',(43.294123962762,87.360405519181,2.));
#3591 = CARTESIAN_POINT('',(43.758816921473,87.308301025378,2.));
#3592 = CARTESIAN_POINT('',(44.223273577416,87.254099046052,2.));
#3593 = CARTESIAN_POINT('',(44.687473900389,87.197727830948,2.));
#3594 = CARTESIAN_POINT('',(45.151395503291,87.139112230646,2.));
#3595 = CARTESIAN_POINT('',(45.615013642125,87.078173696567,2.));
#3596 = CARTESIAN_POINT('',(46.850447344078,86.909257645874,2.));
#3597 = CARTESIAN_POINT('',(47.621691378756,86.797032538316,2.));
#3598 = CARTESIAN_POINT('',(48.391914858552,86.677797835403,2.));
#3599 = CARTESIAN_POINT('',(49.160971360686,86.551156356751,2.));
#3600 = CARTESIAN_POINT('',(49.928709143466,86.416715627464,2.));
#3601 = CARTESIAN_POINT('',(50.694971242812,86.274094392453,2.));
#3602 = CARTESIAN_POINT('',(51.459573022938,86.122890882092,2.));
#3603 = CARTESIAN_POINT('',(52.98494223953,85.802335484131,2.));
#3604 = CARTESIAN_POINT('',(53.745757821703,85.633037788593,2.));
#3605 = CARTESIAN_POINT('',(54.504422740352,85.454247047229,2.));
#3606 = CARTESIAN_POINT('',(55.260716760343,85.265528768479,2.));
#3607 = CARTESIAN_POINT('',(56.014384141174,85.066439426982,2.));
#3608 = CARTESIAN_POINT('',(56.76509697048,84.856508751773,2.));
#3609 = CARTESIAN_POINT('',(57.512478288626,84.635251540258,2.));
#3610 = CARTESIAN_POINT('',(58.77678733988,84.239077095847,2.));
#3611 = CARTESIAN_POINT('',(59.295571939424,84.070173459571,2.));
#3612 = CARTESIAN_POINT('',(59.812413731074,83.895332283279,2.));
#3613 = CARTESIAN_POINT('',(60.327175076887,83.71439156034,2.));
#3614 = CARTESIAN_POINT('',(60.839705772936,83.527193083375,2.));
#3615 = CARTESIAN_POINT('',(61.349843049309,83.33358244426,2.));
#3616 = CARTESIAN_POINT('',(61.857411570107,83.133409034122,2.));
#3617 = CARTESIAN_POINT('',(63.227618775086,82.571872613991,2.));
#3618 = CARTESIAN_POINT('',(64.084980813422,82.197439835424,2.));
#3619 = CARTESIAN_POINT('',(64.93322943146,81.802758108144,2.));
#3620 = CARTESIAN_POINT('',(65.771691124708,81.386513469442,2.));
#3621 = CARTESIAN_POINT('',(66.598870594483,80.949115138701,2.));
#3622 = CARTESIAN_POINT('',(67.413988206442,80.488938142655,2.));
#3623 = CARTESIAN_POINT('',(68.21564545425,80.006548746436,2.));
#3624 = CARTESIAN_POINT('',(69.789796881831,78.996043184555,2.));
#3625 = CARTESIAN_POINT('',(70.562293302811,78.468062950588,2.));
#3626 = CARTESIAN_POINT('',(71.319014977002,77.917174973858,2.));
#3627 = CARTESIAN_POINT('',(72.058732995692,77.343396253264,2.));
#3628 = CARTESIAN_POINT('',(72.780327681064,76.746935108193,2.));
#3629 = CARTESIAN_POINT('',(73.48275048983,76.128178017797,2.));
#3630 = CARTESIAN_POINT('',(74.165007469742,75.487702487051,2.));
#3631 = CARTESIAN_POINT('',(75.157036345571,74.495682913564,2.));
#3632 = CARTESIAN_POINT('',(75.482490205897,74.159777156393,2.));
#3633 = CARTESIAN_POINT('',(75.802621729207,73.818742861853,2.));
#3634 = CARTESIAN_POINT('',(76.117340213222,73.472684267629,2.));
#3635 = CARTESIAN_POINT('',(76.426569761136,73.121715371698,2.));
#3636 = CARTESIAN_POINT('',(76.730249281608,72.765959932323,2.));
#3637 = CARTESIAN_POINT('',(77.028332488768,72.405551468057,2.));
#3638 = CARTESIAN_POINT('',(77.808199607183,71.432432601095,2.));
#3639 = CARTESIAN_POINT('',(78.279959924406,70.811679364762,2.));
#3640 = CARTESIAN_POINT('',(78.735885323942,70.179015212054,2.));
#3641 = CARTESIAN_POINT('',(79.17589570482,69.535112193464,2.));
#3642 = CARTESIAN_POINT('',(79.60000624899,68.880660226484,2.));
#3643 = CARTESIAN_POINT('',(80.008319275272,68.216354575427,2.));
#3644 = CARTESIAN_POINT('',(80.401016093314,67.542883331245,2.));
#3645 = CARTESIAN_POINT('',(81.193418032308,66.110755011935,2.));
#3646 = CARTESIAN_POINT('',(81.589844874421,65.350305130553,2.));
#3647 = CARTESIAN_POINT('',(81.968096646,64.580453236843,2.));
#3648 = CARTESIAN_POINT('',(82.328419222826,63.802056826894,2.));
#3649 = CARTESIAN_POINT('',(82.671392485086,63.015901387995,2.));
#3650 = CARTESIAN_POINT('',(82.997650032522,62.22273124762,2.));
#3651 = CARTESIAN_POINT('',(83.307600665806,61.423259129684,2.));
#3652 = CARTESIAN_POINT('',(83.92312459743,59.739659677821,2.));
#3653 = CARTESIAN_POINT('',(84.225706063307,58.854578477289,2.));
#3654 = CARTESIAN_POINT('',(84.510402237274,57.963216780449,2.));
#3655 = CARTESIAN_POINT('',(84.778320666093,57.067095972806,2.));
#3656 = CARTESIAN_POINT('',(85.029823292986,56.165803260439,2.));
#3657 = CARTESIAN_POINT('',(85.266188744252,55.260838724341,2.));
#3658 = CARTESIAN_POINT('',(85.487902612069,54.352143930316,2.));
#3659 = CARTESIAN_POINT('',(85.903810375096,52.528524104804,2.));
#3660 = CARTESIAN_POINT('',(86.097979358763,51.613583366801,2.));
#3661 = CARTESIAN_POINT('',(86.279216090724,50.695989787184,2.));
#3662 = CARTESIAN_POINT('',(86.447903907682,49.77583040206,2.));
#3663 = CARTESIAN_POINT('',(86.605534495062,48.854024086751,2.));
#3664 = CARTESIAN_POINT('',(86.751815950469,47.930117489532,2.));
#3665 = CARTESIAN_POINT('',(86.888156517285,47.004893606763,2.));
#3666 = CARTESIAN_POINT('',(87.088730927221,45.537799318608,2.));
#3667 = CARTESIAN_POINT('',(87.159357642004,44.996847258421,2.));
#3668 = CARTESIAN_POINT('',(87.226841354064,44.455488316402,2.));
#3669 = CARTESIAN_POINT('',(87.291306439945,43.913761294716,2.));
#3670 = CARTESIAN_POINT('',(87.35287046185,43.37170050224,2.));
#3671 = CARTESIAN_POINT('',(87.411644167645,42.829335754564,2.));
#3672 = CARTESIAN_POINT('',(87.467731490858,42.28669237399,2.));
#3673 = CARTESIAN_POINT('',(87.605304267601,40.890661032077,2.));
#3674 = CARTESIAN_POINT('',(87.682975220491,40.036898533793,2.));
#3675 = CARTESIAN_POINT('',(87.754717134614,39.18262304809,2.));
#3676 = CARTESIAN_POINT('',(87.82090700224,38.327902772163,2.));
#3677 = CARTESIAN_POINT('',(87.88183199062,37.472783763686,2.));
#3678 = CARTESIAN_POINT('',(87.93785076134,36.617330437047,2.));
#3679 = CARTESIAN_POINT('',(87.989426236133,35.761626772412,2.));
#3680 = CARTESIAN_POINT('',(88.084070349666,34.049747469346,2.));
#3681 = CARTESIAN_POINT('',(88.127171571598,33.193577317904,2.));
#3682 = CARTESIAN_POINT('',(88.166315066119,32.337206473528,2.));
#3683 = CARTESIAN_POINT('',(88.201810361068,31.480674659757,2.));
#3684 = CARTESIAN_POINT('',(88.233974366067,30.624021760513,2.));
#3685 = CARTESIAN_POINT('',(88.26306460291,29.767268692823,2.));
#3686 = CARTESIAN_POINT('',(88.289281171443,28.910417550047,2.));
#3687 = CARTESIAN_POINT('',(88.327990619749,27.508191236262,2.));
#3688 = CARTESIAN_POINT('',(88.341985005092,26.962853212215,2.));
#3689 = CARTESIAN_POINT('',(88.355007758622,26.417491299004,2.));
#3690 = CARTESIAN_POINT('',(88.367133356034,25.872110231498,2.));
#3691 = CARTESIAN_POINT('',(88.378420512178,25.326713415383,2.));
#3692 = CARTESIAN_POINT('',(88.388912181053,24.78130292716,2.));
#3693 = CARTESIAN_POINT('',(88.398635555814,24.23587951415,2.));
#3694 = CARTESIAN_POINT('',(88.420417350311,22.911241270467,2.));
#3695 = CARTESIAN_POINT('',(88.431719058253,22.132014917929,2.));
#3696 = CARTESIAN_POINT('',(88.441595853337,21.352766234648,2.));
#3697 = CARTESIAN_POINT('',(88.4501489863,20.57349845291,2.));
#3698 = CARTESIAN_POINT('',(88.457475928768,19.794214231882,2.));
#3699 = CARTESIAN_POINT('',(88.463666712573,19.014915408673,2.));
#3700 = CARTESIAN_POINT('',(88.468812977485,18.235603608122,2.));
#3701 = CARTESIAN_POINT('',(88.477669004165,16.599009800405,2.));
#3702 = CARTESIAN_POINT('',(88.481185237404,15.741719835155,2.));
#3703 = CARTESIAN_POINT('',(88.483725938896,14.884416327452,2.));
#3704 = CARTESIAN_POINT('',(88.48543862046,14.027103789198,2.));
#3705 = CARTESIAN_POINT('',(88.486470793915,13.169786732297,2.));
#3706 = CARTESIAN_POINT('',(88.486969971084,12.312469668652,2.));
#3707 = CARTESIAN_POINT('',(88.487083663785,11.455157110165,2.));
#3708 = CARTESIAN_POINT('',(88.486767292563,9.273023981993,2.));
#3709 = CARTESIAN_POINT('',(88.486006994342,7.948206263834,2.));
#3710 = CARTESIAN_POINT('',(88.485222711737,6.623407309913,2.));
#3711 = CARTESIAN_POINT('',(88.484958819841,5.298634939428,2.));
#3712 = CARTESIAN_POINT('',(88.485759846285,3.973897895125,2.));
#3713 = CARTESIAN_POINT('',(88.488170471236,2.649205843299,2.));
#3714 = CARTESIAN_POINT('',(88.492735527394,1.324569373793,2.));
#3715 = CARTESIAN_POINT('',(88.5,-4.668346279343E-15,2.));
#3716 = PCURVE('',#387,#3717);
#3717 = DEFINITIONAL_REPRESENTATION('',(#3718),#4372);
#3718 = B_SPLINE_CURVE_WITH_KNOTS('',8,(#3719,#3720,#3721,#3722,#3723,
    #3724,#3725,#3726,#3727,#3728,#3729,#3730,#3731,#3732,#3733,#3734,
    #3735,#3736,#3737,#3738,#3739,#3740,#3741,#3742,#3743,#3744,#3745,
    #3746,#3747,#3748,#3749,#3750,#3751,#3752,#3753,#3754,#3755,#3756,
    #3757,#3758,#3759,#3760,#3761,#3762,#3763,#3764,#3765,#3766,#3767,
    #3768,#3769,#3770,#3771,#3772,#3773,#3774,#3775,#3776,#3777,#3778,
    #3779,#3780,#3781,#3782,#3783,#3784,#3785,#3786,#3787,#3788,#3789,
    #3790,#3791,#3792,#3793,#3794,#3795,#3796,#3797,#3798,#3799,#3800,
    #3801,#3802,#3803,#3804,#3805,#3806,#3807,#3808,#3809,#3810,#3811,
    #3812,#3813,#3814,#3815,#3816,#3817,#3818,#3819,#3820,#3821,#3822,
    #3823,#3824,#3825,#3826,#3827,#3828,#3829,#3830,#3831,#3832,#3833,
    #3834,#3835,#3836,#3837,#3838,#3839,#3840,#3841,#3842,#3843,#3844,
    #3845,#3846,#3847,#3848,#3849,#3850,#3851,#3852,#3853,#3854,#3855,
    #3856,#3857,#3858,#3859,#3860,#3861,#3862,#3863,#3864,#3865,#3866,
    #3867,#3868,#3869,#3870,#3871,#3872,#3873,#3874,#3875,#3876,#3877,
    #3878,#3879,#3880,#3881,#3882,#3883,#3884,#3885,#3886,#3887,#3888,
    #3889,#3890,#3891,#3892,#3893,#3894,#3895,#3896,#3897,#3898,#3899,
    #3900,#3901,#3902,#3903,#3904,#3905,#3906,#3907,#3908,#3909,#3910,
    #3911,#3912,#3913,#3914,#3915,#3916,#3917,#3918,#3919,#3920,#3921,
    #3922,#3923,#3924,#3925,#3926,#3927,#3928,#3929,#3930,#3931,#3932,
    #3933,#3934,#3935,#3936,#3937,#3938,#3939,#3940,#3941,#3942,#3943,
    #3944,#3945,#3946,#3947,#3948,#3949,#3950,#3951,#3952,#3953,#3954,
    #3955,#3956,#3957,#3958,#3959,#3960,#3961,#3962,#3963,#3964,#3965,
    #3966,#3967,#3968,#3969,#3970,#3971,#3972,#3973,#3974,#3975,#3976,
    #3977,#3978,#3979,#3980,#3981,#3982,#3983,#3984,#3985,#3986,#3987,
    #3988,#3989,#3990,#3991,#3992,#3993,#3994,#3995,#3996,#3997,#3998,
    #3999,#4000,#4001,#4002,#4003,#4004,#4005,#4006,#4007,#4008,#4009,
    #4010,#4011,#4012,#4013,#4014,#4015,#4016,#4017,#4018,#4019,#4020,
    #4021,#4022,#4023,#4024,#4025,#4026,#4027,#4028,#4029,#4030,#4031,
    #4032,#4033,#4034,#4035,#4036,#4037,#4038,#4039,#4040,#4041,#4042,
    #4043,#4044,#4045,#4046,#4047,#4048,#4049,#4050,#4051,#4052,#4053,
    #4054,#4055,#4056,#4057,#4058,#4059,#4060,#4061,#4062,#4063,#4064,
    #4065,#4066,#4067,#4068,#4069,#4070,#4071,#4072,#4073,#4074,#4075,
    #4076,#4077,#4078,#4079,#4080,#4081,#4082,#4083,#4084,#4085,#4086,
    #4087,#4088,#4089,#4090,#4091,#4092,#4093,#4094,#4095,#4096,#4097,
    #4098,#4099,#4100,#4101,#4102,#4103,#4104,#4105,#4106,#4107,#4108,
    #4109,#4110,#4111,#4112,#4113,#4114,#4115,#4116,#4117,#4118,#4119,
    #4120,#4121,#4122,#4123,#4124,#4125,#4126,#4127,#4128,#4129,#4130,
    #4131,#4132,#4133,#4134,#4135,#4136,#4137,#4138,#4139,#4140,#4141,
    #4142,#4143,#4144,#4145,#4146,#4147,#4148,#4149,#4150,#4151,#4152,
    #4153,#4154,#4155,#4156,#4157,#4158,#4159,#4160,#4161,#4162,#4163,
    #4164,#4165,#4166,#4167,#4168,#4169,#4170,#4171,#4172,#4173,#4174,
    #4175,#4176,#4177,#4178,#4179,#4180,#4181,#4182,#4183,#4184,#4185,
    #4186,#4187,#4188,#4189,#4190,#4191,#4192,#4193,#4194,#4195,#4196,
    #4197,#4198,#4199,#4200,#4201,#4202,#4203,#4204,#4205,#4206,#4207,
    #4208,#4209,#4210,#4211,#4212,#4213,#4214,#4215,#4216,#4217,#4218,
    #4219,#4220,#4221,#4222,#4223,#4224,#4225,#4226,#4227,#4228,#4229,
    #4230,#4231,#4232,#4233,#4234,#4235,#4236,#4237,#4238,#4239,#4240,
    #4241,#4242,#4243,#4244,#4245,#4246,#4247,#4248,#4249,#4250,#4251,
    #4252,#4253,#4254,#4255,#4256,#4257,#4258,#4259,#4260,#4261,#4262,
    #4263,#4264,#4265,#4266,#4267,#4268,#4269,#4270,#4271,#4272,#4273,
    #4274,#4275,#4276,#4277,#4278,#4279,#4280,#4281,#4282,#4283,#4284,
    #4285,#4286,#4287,#4288,#4289,#4290,#4291,#4292,#4293,#4294,#4295,
    #4296,#4297,#4298,#4299,#4300,#4301,#4302,#4303,#4304,#4305,#4306,
    #4307,#4308,#4309,#4310,#4311,#4312,#4313,#4314,#4315,#4316,#4317,
    #4318,#4319,#4320,#4321,#4322,#4323,#4324,#4325,#4326,#4327,#4328,
    #4329,#4330,#4331,#4332,#4333,#4334,#4335,#4336,#4337,#4338,#4339,
    #4340,#4341,#4342,#4343,#4344,#4345,#4346,#4347,#4348,#4349,#4350,
    #4351,#4352,#4353,#4354,#4355,#4356,#4357,#4358,#4359,#4360,#4361,
    #4362,#4363,#4364,#4365,#4366,#4367,#4368,#4369,#4370,#4371),
  .UNSPECIFIED.,.F.,.F.,(9,7,7,7,7,7,7,7,7,7,7,7,7,7,7,7,7,7,7,7,7,7,7,7
    ,7,7,7,7,7,7,7,7,7,7,7,7,7,7,7,7,7,7,7,7,7,7,7,7,7,7,7,7,7,7,7,7,7,7
    ,7,7,7,7,7,7,7,7,7,7,7,7,7,7,7,7,7,7,7,7,7,7,7,7,7,7,7,7,7,7,7,7,7,7
    ,7,9),(0.,2.899769979392E-02,3.699730598176E-02,4.299701736408E-02,
    5.299664066967E-02,6.299625456766E-02,7.199599443177E-02,
    7.799585794359E-02,8.799557834302E-02,9.899532255703E-02,
    0.104995267949,0.114995152758,0.124995010811,0.130994966312,
    0.140994849721,0.151994672169,0.163994367976,0.175993925843,
    0.182993658194,0.193993294837,0.204992923068,0.212992635475,
    0.221992319276,0.249991274891,0.26899058035,0.276990258806,
    0.285989892332,0.297989414816,0.309988986449,0.317988716822,
    0.323988537738,0.333988265644,0.343988071025,0.350987979547,
    0.362987938215,0.37498800296,0.380988119174,0.390988270435,
    0.401988387518,0.413988404746,0.425988284034,0.432988203882,
    0.443988135165,0.454988058037,0.462987984726,0.471987909596,
    0.499987615199,0.51898742958,0.526987322318,0.535987196911,
    0.547987040816,0.559986933873,0.567986878529,0.573986860158,
    0.583986855921,0.59398692916,0.600987025184,0.612987305286,
    0.624987691467,0.630987968401,0.640988387527,0.651988799262,
    0.663989137924,0.675989338642,0.68298944599,0.69398967192,
    0.704989889437,0.712990030414,0.721990196357,0.749990651965,
    0.768990975279,0.776991082303,0.785991197968,0.797991363304,
    0.809991577791,0.817991736735,0.82399187908,0.833992142704,
    0.843992483806,0.850992767335,0.862993368879,0.874994076505,
    0.880994514164,0.890995201164,0.901995907559,0.913996567669,
    0.925997089834,0.932997384776,0.943997905845,0.954998439002,
    0.961998729521,0.971999227479,0.983000005179,1.),.UNSPECIFIED.);
#3719 = CARTESIAN_POINT('',(88.499990389831,2.087329960432E-06));
#3720 = CARTESIAN_POINT('',(88.512383154959,-2.25963064099));
#3721 = CARTESIAN_POINT('',(88.519828889386,-4.519453671735));
#3722 = CARTESIAN_POINT('',(88.522496960128,-6.779418928592));
#3723 = CARTESIAN_POINT('',(88.520556297585,-9.039479046725));
#3724 = CARTESIAN_POINT('',(88.514175395541,-11.29958737277));
#3725 = CARTESIAN_POINT('',(88.503522311164,-13.55969796485));
#3726 = CARTESIAN_POINT('',(88.488764665004,-15.81976559254));
#3727 = CARTESIAN_POINT('',(88.464903024597,-18.70320737764));
#3728 = CARTESIAN_POINT('',(88.459481425397,-19.32665775435));
#3729 = CARTESIAN_POINT('',(88.453704057196,-19.95009609649));
#3730 = CARTESIAN_POINT('',(88.447469533776,-20.57352163909));
#3731 = CARTESIAN_POINT('',(88.440675868899,-21.1969336227));
#3732 = CARTESIAN_POINT('',(88.433220476309,-21.82033129343));
#3733 = CARTESIAN_POINT('',(88.425000169731,-22.44371390294));
#3734 = CARTESIAN_POINT('',(88.409093081128,-23.53460679588));
#3735 = CARTESIAN_POINT('',(88.401790688943,-24.00212441613));
#3736 = CARTESIAN_POINT('',(88.393956783097,-24.46963329982));
#3737 = CARTESIAN_POINT('',(88.385546195319,-24.93713281259));
#3738 = CARTESIAN_POINT('',(88.376515792289,-25.40462195507));
#3739 = CARTESIAN_POINT('',(88.366824475632,-25.87209936291));
#3740 = CARTESIAN_POINT('',(88.35643318192,-26.3395633068));
#3741 = CARTESIAN_POINT('',(88.326764431724,-27.58609949407));
#3742 = CARTESIAN_POINT('',(88.306182586551,-28.36514255175));
#3743 = CARTESIAN_POINT('',(88.283437377525,-29.14413168898));
#3744 = CARTESIAN_POINT('',(88.258339999316,-29.92305051739));
#3745 = CARTESIAN_POINT('',(88.230736710577,-30.70188505816));
#3746 = CARTESIAN_POINT('',(88.200518385433,-31.4806245916));
#3747 = CARTESIAN_POINT('',(88.16753771679,-32.25925373489));
#3748 = CARTESIAN_POINT('',(88.095337525054,-33.81621707093));
#3749 = CARTESIAN_POINT('',(88.056175439485,-34.5945577464));
#3750 = CARTESIAN_POINT('',(88.013680278709,-35.37272047506));
#3751 = CARTESIAN_POINT('',(87.967657651578,-36.15069162309));
#3752 = CARTESIAN_POINT('',(87.917886006766,-36.92844503696));
#3753 = CARTESIAN_POINT('',(87.864084894572,-37.70593064682));
#3754 = CARTESIAN_POINT('',(87.805951795607,-38.48308785852));
#3755 = CARTESIAN_POINT('',(87.686841226524,-39.95900017598));
#3756 = CARTESIAN_POINT('',(87.626738548911,-40.65782662617));
#3757 = CARTESIAN_POINT('',(87.562736902733,-41.35631575527));
#3758 = CARTESIAN_POINT('',(87.494615844253,-42.05441984501));
#3759 = CARTESIAN_POINT('',(87.422153841509,-42.75208850644));
#3760 = CARTESIAN_POINT('',(87.345125049014,-43.44926639797));
#3761 = CARTESIAN_POINT('',(87.263296082474,-44.14589094347));
#3762 = CARTESIAN_POINT('',(87.118505896708,-45.30589224239));
#3763 = CARTESIAN_POINT('',(87.058335792112,-45.76960758128));
#3764 = CARTESIAN_POINT('',(86.99584292502,-46.23301925056));
#3765 = CARTESIAN_POINT('',(86.930954201258,-46.69610655803));
#3766 = CARTESIAN_POINT('',(86.863592987171,-47.15884493574));
#3767 = CARTESIAN_POINT('',(86.793679109615,-47.62120593996));
#3768 = CARTESIAN_POINT('',(86.721128855967,-48.08315725119));
#3769 = CARTESIAN_POINT('',(86.520402613333,-49.31383994523));
#3770 = CARTESIAN_POINT('',(86.387361414969,-50.08176334404));
#3771 = CARTESIAN_POINT('',(86.246411101402,-50.84833916835));
#3772 = CARTESIAN_POINT('',(86.097104654322,-51.6133569417));
#3773 = CARTESIAN_POINT('',(85.938994033204,-52.37659762065));
#3774 = CARTESIAN_POINT('',(85.771672880552,-53.13786712113));
#3775 = CARTESIAN_POINT('',(85.594736213932,-53.89695516359));
#3776 = CARTESIAN_POINT('',(85.201874798229,-55.48574552338));
#3777 = CARTESIAN_POINT('',(84.983853988305,-56.31495898937));
#3778 = CARTESIAN_POINT('',(84.753015439946,-57.14077549231));
#3779 = CARTESIAN_POINT('',(84.508682272846,-57.96275589703));
#3780 = CARTESIAN_POINT('',(84.250260108476,-58.78046802555));
#3781 = CARTESIAN_POINT('',(83.977147694419,-59.59338655587));
#3782 = CARTESIAN_POINT('',(83.688660397885,-60.4008514155));
#3783 = CARTESIAN_POINT('',(83.218205076362,-61.63945847696));
#3784 = CARTESIAN_POINT('',(83.047420706061,-62.07480987222));
#3785 = CARTESIAN_POINT('',(82.871797067924,-62.50825625223));
#3786 = CARTESIAN_POINT('',(82.691239663882,-62.93968829752));
#3787 = CARTESIAN_POINT('',(82.505658279273,-63.36899031781));
#3788 = CARTESIAN_POINT('',(82.314966982843,-63.796040252));
#3789 = CARTESIAN_POINT('',(82.119084126745,-64.22070966815));
#3790 = CARTESIAN_POINT('',(81.582663916005,-65.34646462914));
#3791 = CARTESIAN_POINT('',(81.232785956863,-66.04309561157));
#3792 = CARTESIAN_POINT('',(80.867882699189,-66.7321435595));
#3793 = CARTESIAN_POINT('',(80.487676097511,-67.41297262093));
#3794 = CARTESIAN_POINT('',(80.091933427533,-68.08491578744));
#3795 = CARTESIAN_POINT('',(79.68044636323,-68.74728024357));
#3796 = CARTESIAN_POINT('',(79.253081534314,-69.39936652094));
#3797 = CARTESIAN_POINT('',(78.366698906434,-70.68162956045));
#3798 = CARTESIAN_POINT('',(77.90766065989,-71.311825673));
#3799 = CARTESIAN_POINT('',(77.432737767516,-71.93036056354));
#3800 = CARTESIAN_POINT('',(76.942034237046,-72.53657908959));
#3801 = CARTESIAN_POINT('',(76.43573858634,-73.12985521716));
#3802 = CARTESIAN_POINT('',(75.914103036985,-73.70958642103));
#3803 = CARTESIAN_POINT('',(75.377471456022,-74.27522746596));
#3804 = CARTESIAN_POINT('',(74.495673303402,-75.15703425823));
#3805 = CARTESIAN_POINT('',(74.159767546231,-75.48248811856));
#3806 = CARTESIAN_POINT('',(73.81873325169,-75.80261964187));
#3807 = CARTESIAN_POINT('',(73.472674657467,-76.11733812588));
#3808 = CARTESIAN_POINT('',(73.121705761536,-76.4265676738));
#3809 = CARTESIAN_POINT('',(72.765950322161,-76.73024719427));
#3810 = CARTESIAN_POINT('',(72.405541857895,-77.02833040143));
#3811 = CARTESIAN_POINT('',(71.432422990932,-77.80819751984));
#3812 = CARTESIAN_POINT('',(70.811669754601,-78.27995783707));
#3813 = CARTESIAN_POINT('',(70.179005601893,-78.7358832366));
#3814 = CARTESIAN_POINT('',(69.535102583303,-79.17589361748));
#3815 = CARTESIAN_POINT('',(68.880650616322,-79.60000416165));
#3816 = CARTESIAN_POINT('',(68.216344965265,-80.00831718793));
#3817 = CARTESIAN_POINT('',(67.542873721085,-80.40101400597));
#3818 = CARTESIAN_POINT('',(66.110745401793,-81.19341594498));
#3819 = CARTESIAN_POINT('',(65.350295520332,-81.58984278704));
#3820 = CARTESIAN_POINT('',(64.580443626761,-81.96809455877));
#3821 = CARTESIAN_POINT('',(63.802047216721,-82.32841713546));
#3822 = CARTESIAN_POINT('',(63.015891777733,-82.67139039757));
#3823 = CARTESIAN_POINT('',(62.222721637515,-82.99764794522));
#3824 = CARTESIAN_POINT('',(61.42324951954,-83.30759857866));
#3825 = CARTESIAN_POINT('',(59.739650068065,-83.92312251023));
#3826 = CARTESIAN_POINT('',(58.854568866776,-84.2257039735));
#3827 = CARTESIAN_POINT('',(57.963207170919,-84.51040015426));
#3828 = CARTESIAN_POINT('',(57.067086359914,-84.77831856696));
#3829 = CARTESIAN_POINT('',(56.16579365387,-85.02982122755));
#3830 = CARTESIAN_POINT('',(55.260829113316,-85.2661866504));
#3831 = CARTESIAN_POINT('',(54.352134319282,-85.48790051527));
#3832 = CARTESIAN_POINT('',(52.528514495682,-85.90380829493));
#3833 = CARTESIAN_POINT('',(51.613573754248,-86.09797726643));
#3834 = CARTESIAN_POINT('',(50.695980183215,-86.27921410958));
#3835 = CARTESIAN_POINT('',(49.775820795219,-86.44790187701));
#3836 = CARTESIAN_POINT('',(48.854014460368,-86.60553231953));
#3837 = CARTESIAN_POINT('',(47.93010783141,-86.75181348925));
#3838 = CARTESIAN_POINT('',(47.004883987877,-86.88815443781));
#3839 = CARTESIAN_POINT('',(45.537789738949,-87.08872917827));
#3840 = CARTESIAN_POINT('',(44.996837704535,-87.15935612175));
#3841 = CARTESIAN_POINT('',(44.4554787737,-87.22683990266));
#3842 = CARTESIAN_POINT('',(43.913751736347,-87.29130473532));
#3843 = CARTESIAN_POINT('',(43.371690901165,-87.35286816967));
#3844 = CARTESIAN_POINT('',(42.829326095637,-87.41164109136));
#3845 = CARTESIAN_POINT('',(42.286682666036,-87.4677277217));
#3846 = CARTESIAN_POINT('',(40.890651383063,-87.60530084606));
#3847 = CARTESIAN_POINT('',(40.036888650592,-87.68296876786));
#3848 = CARTESIAN_POINT('',(39.182613728372,-87.75472025713));
#3849 = CARTESIAN_POINT('',(38.327893629055,-87.82091351162));
#3850 = CARTESIAN_POINT('',(37.472774778408,-87.88184139014));
#3851 = CARTESIAN_POINT('',(36.617321729195,-87.93786427224));
#3852 = CARTESIAN_POINT('',(35.761616946297,-87.98942066801));
#3853 = CARTESIAN_POINT('',(34.049737531452,-88.08403293331));
#3854 = CARTESIAN_POINT('',(33.193564530502,-88.12712942505));
#3855 = CARTESIAN_POINT('',(32.337189881346,-88.16625886266));
#3856 = CARTESIAN_POINT('',(31.480656816146,-88.2017623619));
#3857 = CARTESIAN_POINT('',(30.62400816365,-88.23399755725));
#3858 = CARTESIAN_POINT('',(29.767263145169,-88.26319294603));
#3859 = CARTESIAN_POINT('',(28.910417253498,-88.2894516496));
#3860 = CARTESIAN_POINT('',(27.430287507313,-88.33032335824));
#3861 = CARTESIAN_POINT('',(26.807034866598,-88.34613528237));
#3862 = CARTESIAN_POINT('',(26.183750762572,-88.36064842217));
#3863 = CARTESIAN_POINT('',(25.560442069282,-88.37395283034));
#3864 = CARTESIAN_POINT('',(24.937113731263,-88.38613261192));
#3865 = CARTESIAN_POINT('',(24.313768763537,-88.39726592426));
#3866 = CARTESIAN_POINT('',(23.690408251613,-88.40742497706));
#3867 = CARTESIAN_POINT('',(22.36573265095,-88.42708248763));
#3868 = CARTESIAN_POINT('',(21.664417101242,-88.43636258833));
#3869 = CARTESIAN_POINT('',(20.963087412194,-88.44460062879));
#3870 = CARTESIAN_POINT('',(20.261746738988,-88.45190708837));
#3871 = CARTESIAN_POINT('',(19.560398263002,-88.45840295623));
#3872 = CARTESIAN_POINT('',(18.859044772657,-88.46420405603));
#3873 = CARTESIAN_POINT('',(18.15768824426,-88.46940537067));
#3874 = CARTESIAN_POINT('',(15.274327670478,-88.48853457319));
#3875 = CARTESIAN_POINT('',(13.092301405821,-88.49751413792));
#3876 = CARTESIAN_POINT('',(10.910259918149,-88.50214493808));
#3877 = CARTESIAN_POINT('',(8.728210227175,-88.50356784698));
#3878 = CARTESIAN_POINT('',(6.54615708305,-88.50292373441));
#3879 = CARTESIAN_POINT('',(4.364102966364,-88.50135346662));
#3880 = CARTESIAN_POINT('',(2.182048088143,-88.49999790632));
#3881 = CARTESIAN_POINT('',(-1.480692722502,-88.49999791251));
#3882 = CARTESIAN_POINT('',(-2.961375428583,-88.5006220883));
#3883 = CARTESIAN_POINT('',(-4.442057685296,-88.50151397903));
#3884 = CARTESIAN_POINT('',(-5.922739224442,-88.50231712056));
#3885 = CARTESIAN_POINT('',(-7.403419552728,-88.50267504553));
#3886 = CARTESIAN_POINT('',(-8.884097951757,-88.50223128344));
#3887 = CARTESIAN_POINT('',(-10.36477347803,-88.50062936062));
#3888 = CARTESIAN_POINT('',(-12.46888331986,-88.49620056884));
#3889 = CARTESIAN_POINT('',(-13.09232066459,-88.49461981695));
#3890 = CARTESIAN_POINT('',(-13.71575692614,-88.49274393549));
#3891 = CARTESIAN_POINT('',(-14.33919203346,-88.49054631541));
#3892 = CARTESIAN_POINT('',(-14.96262591555,-88.4880003477));
#3893 = CARTESIAN_POINT('',(-15.58605850135,-88.48507942331));
#3894 = CARTESIAN_POINT('',(-16.20948971986,-88.48175693322));
#3895 = CARTESIAN_POINT('',(-17.53427773963,-88.47378918049));
#3896 = CARTESIAN_POINT('',(-18.23563429666,-88.46901202993));
#3897 = CARTESIAN_POINT('',(-18.93699022155,-88.46369356401));
#3898 = CARTESIAN_POINT('',(-19.63834398673,-88.45776601423));
#3899 = CARTESIAN_POINT('',(-20.33969241668,-88.45111014541));
#3900 = CARTESIAN_POINT('',(-21.04103161795,-88.4435903048));
#3901 = CARTESIAN_POINT('',(-21.74235790915,-88.43508947115));
#3902 = CARTESIAN_POINT('',(-23.37875028952,-88.41280793805));
#3903 = CARTESIAN_POINT('',(-24.31380199206,-88.39817089923));
#3904 = CARTESIAN_POINT('',(-25.24882402466,-88.38140309182));
#3905 = CARTESIAN_POINT('',(-26.18378869928,-88.36212666547));
#3906 = CARTESIAN_POINT('',(-27.11874145983,-88.34041104734));
#3907 = CARTESIAN_POINT('',(-28.05358603867,-88.31551783826));
#3908 = CARTESIAN_POINT('',(-28.98834997397,-88.28744375073));
#3909 = CARTESIAN_POINT('',(-30.85762541778,-88.22408623257));
#3910 = CARTESIAN_POINT('',(-31.79213535755,-88.1887781496));
#3911 = CARTESIAN_POINT('',(-32.72652758247,-88.1497493289));
#3912 = CARTESIAN_POINT('',(-33.6607146357,-88.10634899256));
#3913 = CARTESIAN_POINT('',(-34.59469875757,-88.05840411196));
#3914 = CARTESIAN_POINT('',(-35.52837846252,-88.00531634754));
#3915 = CARTESIAN_POINT('',(-36.46176375382,-87.94692568844));
#3916 = CARTESIAN_POINT('',(-38.01671784245,-87.83973507669));
#3917 = CARTESIAN_POINT('',(-38.63851438328,-87.79423441907));
#3918 = CARTESIAN_POINT('',(-39.26010811231,-87.74598427224));
#3919 = CARTESIAN_POINT('',(-39.8814787756,-87.6948546276));
#3920 = CARTESIAN_POINT('',(-40.50259987324,-87.64070544994));
#3921 = CARTESIAN_POINT('',(-41.12343865934,-87.5833866775));
#3922 = CARTESIAN_POINT('',(-41.74395614205,-87.52273822187));
#3923 = CARTESIAN_POINT('',(-42.82922198475,-87.41047879122));
#3924 = CARTESIAN_POINT('',(-43.29413357292,-87.36040343185));
#3925 = CARTESIAN_POINT('',(-43.75882653163,-87.30829893804));
#3926 = CARTESIAN_POINT('',(-44.22328318757,-87.25409695872));
#3927 = CARTESIAN_POINT('',(-44.68748351055,-87.19772574361));
#3928 = CARTESIAN_POINT('',(-45.15140511345,-87.13911014331));
#3929 = CARTESIAN_POINT('',(-45.61502325228,-87.07817160923));
#3930 = CARTESIAN_POINT('',(-46.85045695424,-86.90925555854));
#3931 = CARTESIAN_POINT('',(-47.62170098891,-86.79703045098));
#3932 = CARTESIAN_POINT('',(-48.39192446871,-86.67779574807));
#3933 = CARTESIAN_POINT('',(-49.16098097085,-86.55115426942));
#3934 = CARTESIAN_POINT('',(-49.92871875362,-86.41671354013));
#3935 = CARTESIAN_POINT('',(-50.69498085297,-86.27409230511));
#3936 = CARTESIAN_POINT('',(-51.4595826331,-86.12288879476));
#3937 = CARTESIAN_POINT('',(-52.98495184969,-85.8023333968));
#3938 = CARTESIAN_POINT('',(-53.74576743186,-85.63303570126));
#3939 = CARTESIAN_POINT('',(-54.50443235051,-85.4542449599));
#3940 = CARTESIAN_POINT('',(-55.2607263705,-85.26552668115));
#3941 = CARTESIAN_POINT('',(-56.01439375133,-85.06643733965));
#3942 = CARTESIAN_POINT('',(-56.76510658064,-84.85650666444));
#3943 = CARTESIAN_POINT('',(-57.51248789878,-84.63524945293));
#3944 = CARTESIAN_POINT('',(-58.77679695004,-84.23907500851));
#3945 = CARTESIAN_POINT('',(-59.29558154958,-84.07017137224));
#3946 = CARTESIAN_POINT('',(-59.81242334123,-83.89533019595));
#3947 = CARTESIAN_POINT('',(-60.32718468705,-83.71438947301));
#3948 = CARTESIAN_POINT('',(-60.8397153831,-83.52719099604));
#3949 = CARTESIAN_POINT('',(-61.34985265947,-83.33358035693));
#3950 = CARTESIAN_POINT('',(-61.85742118027,-83.13340694679));
#3951 = CARTESIAN_POINT('',(-63.22762838525,-82.57187052666));
#3952 = CARTESIAN_POINT('',(-64.08499042354,-82.19743774809));
#3953 = CARTESIAN_POINT('',(-64.93323904172,-81.80275602081));
#3954 = CARTESIAN_POINT('',(-65.77170073472,-81.38651138211));
#3955 = CARTESIAN_POINT('',(-66.59888020476,-80.94911305137));
#3956 = CARTESIAN_POINT('',(-67.41399781655,-80.48893605532));
#3957 = CARTESIAN_POINT('',(-68.21565506442,-80.00654665911));
#3958 = CARTESIAN_POINT('',(-69.78980649199,-78.99604109723));
#3959 = CARTESIAN_POINT('',(-70.56230291297,-78.46806086325));
#3960 = CARTESIAN_POINT('',(-71.31902458717,-77.91717288653));
#3961 = CARTESIAN_POINT('',(-72.05874260585,-77.34339416593));
#3962 = CARTESIAN_POINT('',(-72.78033729122,-76.74693302085));
#3963 = CARTESIAN_POINT('',(-73.4827601,-76.12817593047));
#3964 = CARTESIAN_POINT('',(-74.1650170799,-75.48770039972));
#3965 = CARTESIAN_POINT('',(-75.15704595573,-74.49568082623));
#3966 = CARTESIAN_POINT('',(-75.48249981606,-74.15977506906));
#3967 = CARTESIAN_POINT('',(-75.80263133937,-73.81874077452));
#3968 = CARTESIAN_POINT('',(-76.11734982338,-73.4726821803));
#3969 = CARTESIAN_POINT('',(-76.4265793713,-73.12171328437));
#3970 = CARTESIAN_POINT('',(-76.73025889177,-72.76595784499));
#3971 = CARTESIAN_POINT('',(-77.02834209893,-72.40554938073));
#3972 = CARTESIAN_POINT('',(-77.80820921734,-71.43243051376));
#3973 = CARTESIAN_POINT('',(-78.27996953457,-70.81167727743));
#3974 = CARTESIAN_POINT('',(-78.7358949341,-70.17901312472));
#3975 = CARTESIAN_POINT('',(-79.17590531498,-69.53511010613));
#3976 = CARTESIAN_POINT('',(-79.60001585915,-68.88065813915));
#3977 = CARTESIAN_POINT('',(-80.00832888543,-68.2163524881));
#3978 = CARTESIAN_POINT('',(-80.40102570347,-67.54288124391));
#3979 = CARTESIAN_POINT('',(-81.19342764248,-66.11075292461));
#3980 = CARTESIAN_POINT('',(-81.58985448454,-65.35030304319));
#3981 = CARTESIAN_POINT('',(-81.96810625627,-64.58045114955));
#3982 = CARTESIAN_POINT('',(-82.32842883296,-63.80205473955));
#3983 = CARTESIAN_POINT('',(-82.67140209507,-63.0158993006));
#3984 = CARTESIAN_POINT('',(-82.99765964272,-62.22272916031));
#3985 = CARTESIAN_POINT('',(-83.30761027616,-61.42325704238));
#3986 = CARTESIAN_POINT('',(-83.92313420773,-59.73965759084));
#3987 = CARTESIAN_POINT('',(-84.22571567101,-58.85457638983));
#3988 = CARTESIAN_POINT('',(-84.51041185175,-57.96321469327));
#3989 = CARTESIAN_POINT('',(-84.77833026447,-57.06709388335));
#3990 = CARTESIAN_POINT('',(-85.02983292505,-56.16580117621));
#3991 = CARTESIAN_POINT('',(-85.2661983479,-55.26083663638));
#3992 = CARTESIAN_POINT('',(-85.48791221277,-54.35214184205));
#3993 = CARTESIAN_POINT('',(-85.90381999242,-52.52852201849));
#3994 = CARTESIAN_POINT('',(-86.09798896393,-51.61358127718));
#3995 = CARTESIAN_POINT('',(-86.27922580708,-50.69598770583));
#3996 = CARTESIAN_POINT('',(-86.44791357451,-49.77582831831));
#3997 = CARTESIAN_POINT('',(-86.60554401702,-48.854021983));
#3998 = CARTESIAN_POINT('',(-86.75182518675,-47.93011535433));
#3999 = CARTESIAN_POINT('',(-86.88816613531,-47.00489151068));
#4000 = CARTESIAN_POINT('',(-87.08874087577,-45.53779726178));
#4001 = CARTESIAN_POINT('',(-87.15936781925,-44.99684522736));
#4002 = CARTESIAN_POINT('',(-87.22685160016,-44.45548629653));
#4003 = CARTESIAN_POINT('',(-87.29131643281,-43.91375925917));
#4004 = CARTESIAN_POINT('',(-87.35287986716,-43.37169842399));
#4005 = CARTESIAN_POINT('',(-87.41165278886,-42.82933361847));
#4006 = CARTESIAN_POINT('',(-87.4677394192,-42.28669018886));
#4007 = CARTESIAN_POINT('',(-87.60531254356,-40.89065890588));
#4008 = CARTESIAN_POINT('',(-87.68298046536,-40.03689617344));
#4009 = CARTESIAN_POINT('',(-87.75473195462,-39.18262125118));
#4010 = CARTESIAN_POINT('',(-87.82092520911,-38.32790115188));
#4011 = CARTESIAN_POINT('',(-87.88185308764,-37.47278230126));
#4012 = CARTESIAN_POINT('',(-87.93787596974,-36.617329252));
#4013 = CARTESIAN_POINT('',(-87.98943236551,-35.76162446913));
#4014 = CARTESIAN_POINT('',(-88.08404463081,-34.04974505429));
#4015 = CARTESIAN_POINT('',(-88.12714112255,-33.19357205332));
#4016 = CARTESIAN_POINT('',(-88.16627056016,-32.33719740418));
#4017 = CARTESIAN_POINT('',(-88.2017740594,-31.48066433897));
#4018 = CARTESIAN_POINT('',(-88.23400925475,-30.62401568647));
#4019 = CARTESIAN_POINT('',(-88.26320464352,-29.76727066801));
#4020 = CARTESIAN_POINT('',(-88.2894633471,-28.91042477632));
#4021 = CARTESIAN_POINT('',(-88.33033505573,-27.43029503014));
#4022 = CARTESIAN_POINT('',(-88.34614697986,-26.80704238943));
#4023 = CARTESIAN_POINT('',(-88.36066011967,-26.1837582854));
#4024 = CARTESIAN_POINT('',(-88.37396452784,-25.56044959211));
#4025 = CARTESIAN_POINT('',(-88.38614430942,-24.93712125409));
#4026 = CARTESIAN_POINT('',(-88.39727762177,-24.31377628636));
#4027 = CARTESIAN_POINT('',(-88.40743667457,-23.69041577444));
#4028 = CARTESIAN_POINT('',(-88.42709418515,-22.36574017378));
#4029 = CARTESIAN_POINT('',(-88.43637428586,-21.66442462407));
#4030 = CARTESIAN_POINT('',(-88.44461232632,-20.96309493502));
#4031 = CARTESIAN_POINT('',(-88.4519187859,-20.26175426182));
#4032 = CARTESIAN_POINT('',(-88.45841465375,-19.56040578583));
#4033 = CARTESIAN_POINT('',(-88.46421575354,-18.85905229548));
#4034 = CARTESIAN_POINT('',(-88.46941706816,-18.15769576709));
#4035 = CARTESIAN_POINT('',(-88.4885462706,-15.27433519331));
#4036 = CARTESIAN_POINT('',(-88.49752583522,-13.09230892865));
#4037 = CARTESIAN_POINT('',(-88.50215663525,-10.91026744098));
#4038 = CARTESIAN_POINT('',(-88.50357954405,-8.728217750005));
#4039 = CARTESIAN_POINT('',(-88.50293543143,-6.54616460588));
#4040 = CARTESIAN_POINT('',(-88.50136516368,-4.364110489193));
#4041 = CARTESIAN_POINT('',(-88.50000960352,-2.182055610972));
#4042 = CARTESIAN_POINT('',(-88.50000961021,1.480685199673));
#4043 = CARTESIAN_POINT('',(-88.50063378613,2.961367905754));
#4044 = CARTESIAN_POINT('',(-88.50152567694,4.442050162466));
#4045 = CARTESIAN_POINT('',(-88.50232881849,5.922731701612));
#4046 = CARTESIAN_POINT('',(-88.50268674346,7.403412029897));
#4047 = CARTESIAN_POINT('',(-88.50224298133,8.884090428927));
#4048 = CARTESIAN_POINT('',(-88.50064105845,10.364765955207));
#4049 = CARTESIAN_POINT('',(-88.49621226658,12.468875797036));
#4050 = CARTESIAN_POINT('',(-88.49463151466,13.092313141767));
#4051 = CARTESIAN_POINT('',(-88.49275563316,13.71574940331));
#4052 = CARTESIAN_POINT('',(-88.49055801306,14.339184510637));
#4053 = CARTESIAN_POINT('',(-88.48801204532,14.962618392719));
#4054 = CARTESIAN_POINT('',(-88.48509112091,15.586050978527));
#4055 = CARTESIAN_POINT('',(-88.48176863079,16.209482197032));
#4056 = CARTESIAN_POINT('',(-88.47380087801,17.534270216802));
#4057 = CARTESIAN_POINT('',(-88.46902372743,18.235626773832));
#4058 = CARTESIAN_POINT('',(-88.4637052615,18.936982698719));
#4059 = CARTESIAN_POINT('',(-88.45777771171,19.638336463901));
#4060 = CARTESIAN_POINT('',(-88.45112184288,20.339684893856));
#4061 = CARTESIAN_POINT('',(-88.44360200227,21.041024095121));
#4062 = CARTESIAN_POINT('',(-88.43510116862,21.742350386322));
#4063 = CARTESIAN_POINT('',(-88.41281963553,23.378742766723));
#4064 = CARTESIAN_POINT('',(-88.39818259672,24.313794469086));
#4065 = CARTESIAN_POINT('',(-88.38141478932,25.248816502161));
#4066 = CARTESIAN_POINT('',(-88.36213836298,26.183781176012));
#4067 = CARTESIAN_POINT('',(-88.34042274484,27.118733937362));
#4068 = CARTESIAN_POINT('',(-88.31552953576,28.053578515667));
#4069 = CARTESIAN_POINT('',(-88.28745544823,28.98834245118));
#4070 = CARTESIAN_POINT('',(-88.22409793007,30.857617894995));
#4071 = CARTESIAN_POINT('',(-88.1887898471,31.792127834552));
#4072 = CARTESIAN_POINT('',(-88.14976102639,32.726520059993));
#4073 = CARTESIAN_POINT('',(-88.10636069006,33.660707112425));
#4074 = CARTESIAN_POINT('',(-88.05841580946,34.594691235087));
#4075 = CARTESIAN_POINT('',(-88.00532804504,35.52837093954));
#4076 = CARTESIAN_POINT('',(-87.94693738594,36.461756231019));
#4077 = CARTESIAN_POINT('',(-87.83974677419,38.016710319618));
#4078 = CARTESIAN_POINT('',(-87.79424611657,38.638506860456));
#4079 = CARTESIAN_POINT('',(-87.74599596974,39.260100589485));
#4080 = CARTESIAN_POINT('',(-87.6948663251,39.881471252773));
#4081 = CARTESIAN_POINT('',(-87.64071714744,40.50259235041));
#4082 = CARTESIAN_POINT('',(-87.58339837499,41.123431136513));
#4083 = CARTESIAN_POINT('',(-87.52274991937,41.743948619223));
#4084 = CARTESIAN_POINT('',(-87.41049048872,42.829214461922));
#4085 = CARTESIAN_POINT('',(-87.36041512935,43.294126050092));
#4086 = CARTESIAN_POINT('',(-87.30831063554,43.758819008803));
#4087 = CARTESIAN_POINT('',(-87.25410865622,44.223275664746));
#4088 = CARTESIAN_POINT('',(-87.19773744111,44.687475987719));
#4089 = CARTESIAN_POINT('',(-87.13912184081,45.15139759062));
#4090 = CARTESIAN_POINT('',(-87.07818330673,45.615015729455));
#4091 = CARTESIAN_POINT('',(-86.90926725604,46.850449431408));
#4092 = CARTESIAN_POINT('',(-86.79704214847,47.621693466085));
#4093 = CARTESIAN_POINT('',(-86.67780744557,48.391916945881));
#4094 = CARTESIAN_POINT('',(-86.55116596692,49.160973448016));
#4095 = CARTESIAN_POINT('',(-86.41672523763,49.928711230797));
#4096 = CARTESIAN_POINT('',(-86.27410400261,50.694973330142));
#4097 = CARTESIAN_POINT('',(-86.12290049226,51.459575110268));
#4098 = CARTESIAN_POINT('',(-85.8023450943,52.984944326862));
#4099 = CARTESIAN_POINT('',(-85.63304739876,53.745759909031));
#4100 = CARTESIAN_POINT('',(-85.45425665739,54.504424827681));
#4101 = CARTESIAN_POINT('',(-85.26553837864,55.260718847676));
#4102 = CARTESIAN_POINT('',(-85.06644903715,56.014386228506));
#4103 = CARTESIAN_POINT('',(-84.85651836194,56.765099057809));
#4104 = CARTESIAN_POINT('',(-84.63526115042,57.512480375956));
#4105 = CARTESIAN_POINT('',(-84.23908670601,58.77678942721));
#4106 = CARTESIAN_POINT('',(-84.07018306973,59.295574026754));
#4107 = CARTESIAN_POINT('',(-83.89534189344,59.812415818404));
#4108 = CARTESIAN_POINT('',(-83.7144011705,60.327177164218));
#4109 = CARTESIAN_POINT('',(-83.52720269354,60.839707860267));
#4110 = CARTESIAN_POINT('',(-83.33359205442,61.349845136639));
#4111 = CARTESIAN_POINT('',(-83.13341864429,61.857413657438));
#4112 = CARTESIAN_POINT('',(-82.57188222415,63.227620862491));
#4113 = CARTESIAN_POINT('',(-82.19744944559,64.084982900445));
#4114 = CARTESIAN_POINT('',(-81.80276771831,64.933231519427));
#4115 = CARTESIAN_POINT('',(-81.38652307959,65.771693211249));
#4116 = CARTESIAN_POINT('',(-80.94912474888,66.598872682424));
#4117 = CARTESIAN_POINT('',(-80.48894775281,67.413990293487));
#4118 = CARTESIAN_POINT('',(-80.0065583566,68.215647541647));
#4119 = CARTESIAN_POINT('',(-78.99605279472,69.789798969177));
#4120 = CARTESIAN_POINT('',(-78.46807256074,70.562295390099));
#4121 = CARTESIAN_POINT('',(-77.91718458403,71.319017064375));
#4122 = CARTESIAN_POINT('',(-77.34340586343,72.058735083022));
#4123 = CARTESIAN_POINT('',(-76.74694471835,72.780329768351));
#4124 = CARTESIAN_POINT('',(-76.12818762797,73.482752577201));
#4125 = CARTESIAN_POINT('',(-75.48771209721,74.165009557057));
#4126 = CARTESIAN_POINT('',(-74.49569252373,75.157038432901));
#4127 = CARTESIAN_POINT('',(-74.15978676656,75.482492293227));
#4128 = CARTESIAN_POINT('',(-73.81875247202,75.802623816537));
#4129 = CARTESIAN_POINT('',(-73.47269387779,76.117342300553));
#4130 = CARTESIAN_POINT('',(-73.12172498186,76.426571848466));
#4131 = CARTESIAN_POINT('',(-72.76596954249,76.730251368938));
#4132 = CARTESIAN_POINT('',(-72.40556107822,77.028334576098));
#4133 = CARTESIAN_POINT('',(-71.43244221126,77.808201694515));
#4134 = CARTESIAN_POINT('',(-70.81168897493,78.279962011735));
#4135 = CARTESIAN_POINT('',(-70.17902482222,78.735887411271));
#4136 = CARTESIAN_POINT('',(-69.53512180363,79.175897792151));
#4137 = CARTESIAN_POINT('',(-68.88066983665,79.600008336323));
#4138 = CARTESIAN_POINT('',(-68.21636418559,80.008321362603));
#4139 = CARTESIAN_POINT('',(-67.54289294141,80.40101818064));
#4140 = CARTESIAN_POINT('',(-66.11076462211,81.193420119644));
#4141 = CARTESIAN_POINT('',(-65.35031474068,81.589846961732));
#4142 = CARTESIAN_POINT('',(-64.58046284705,81.968098733416));
#4143 = CARTESIAN_POINT('',(-63.80206643705,82.328421310127));
#4144 = CARTESIAN_POINT('',(-63.01591099809,82.671394572262));
#4145 = CARTESIAN_POINT('',(-62.2227408578,82.997652119863));
#4146 = CARTESIAN_POINT('',(-61.42326873988,83.307602753336));
#4147 = CARTESIAN_POINT('',(-59.73966928835,83.923126684837));
#4148 = CARTESIAN_POINT('',(-58.85458808726,84.225708148413));
#4149 = CARTESIAN_POINT('',(-57.96322639088,84.510404328442));
#4150 = CARTESIAN_POINT('',(-57.06710558072,84.778322742218));
#4151 = CARTESIAN_POINT('',(-56.16581287379,85.029825401775));
#4152 = CARTESIAN_POINT('',(-55.26084833385,85.266190825266));
#4153 = CARTESIAN_POINT('',(-54.35215353955,85.487904689892));
#4154 = CARTESIAN_POINT('',(-52.528533716,85.903812469593));
#4155 = CARTESIAN_POINT('',(-51.61359297461,86.097981441094));
#4156 = CARTESIAN_POINT('',(-50.69599940342,86.279218284248));
#4157 = CARTESIAN_POINT('',(-49.77584001572,86.44790605168));
#4158 = CARTESIAN_POINT('',(-48.85403368052,86.605536494179));
#4159 = CARTESIAN_POINT('',(-47.93012705183,86.751817663928));
#4160 = CARTESIAN_POINT('',(-47.00490320817,86.888158612473));
#4161 = CARTESIAN_POINT('',(-45.53780895927,87.08873335294));
#4162 = CARTESIAN_POINT('',(-44.99685692486,87.159360296413));
#4163 = CARTESIAN_POINT('',(-44.45549799402,87.22684407733));
#4164 = CARTESIAN_POINT('',(-43.91377095667,87.291308909981));
#4165 = CARTESIAN_POINT('',(-43.37171012149,87.352872344331));
#4166 = CARTESIAN_POINT('',(-42.82934531596,87.411645266021));
#4167 = CARTESIAN_POINT('',(-42.28670188636,87.46773189637));
#4168 = CARTESIAN_POINT('',(-40.89067060337,87.605305020731));
#4169 = CARTESIAN_POINT('',(-40.03690787095,87.682972942517));
#4170 = CARTESIAN_POINT('',(-39.18263294866,87.754724431802));
#4171 = CARTESIAN_POINT('',(-38.32791284938,87.820917686277));
#4172 = CARTESIAN_POINT('',(-37.47279399876,87.88184556479));
#4173 = CARTESIAN_POINT('',(-36.61734094949,87.937868446923));
#4174 = CARTESIAN_POINT('',(-35.76163616663,87.989424842668));
#4175 = CARTESIAN_POINT('',(-34.04975675178,88.08403710797));
#4176 = CARTESIAN_POINT('',(-33.19358375082,88.127133599736));
#4177 = CARTESIAN_POINT('',(-32.33720910168,88.166263037313));
#4178 = CARTESIAN_POINT('',(-31.48067603647,88.201766536567));
#4179 = CARTESIAN_POINT('',(-30.62402738396,88.23400173193));
#4180 = CARTESIAN_POINT('',(-29.76728236551,88.263197120672));
#4181 = CARTESIAN_POINT('',(-28.91043647381,88.28945582426));
#4182 = CARTESIAN_POINT('',(-27.43030672764,88.330327532892));
#4183 = CARTESIAN_POINT('',(-26.80705408692,88.346139457023));
#4184 = CARTESIAN_POINT('',(-26.18376998289,88.360652596827));
#4185 = CARTESIAN_POINT('',(-25.56046128961,88.373957005008));
#4186 = CARTESIAN_POINT('',(-24.93713295159,88.386136786596));
#4187 = CARTESIAN_POINT('',(-24.31378798386,88.397270098951));
#4188 = CARTESIAN_POINT('',(-23.69042747194,88.407429151759));
#4189 = CARTESIAN_POINT('',(-22.36575187127,88.427086662347));
#4190 = CARTESIAN_POINT('',(-21.66443632157,88.436366763059));
#4191 = CARTESIAN_POINT('',(-20.96310663252,88.444604803519));
#4192 = CARTESIAN_POINT('',(-20.26176595931,88.451911263101));
#4193 = CARTESIAN_POINT('',(-19.56041748333,88.45840713095));
#4194 = CARTESIAN_POINT('',(-18.85906399298,88.464208230722));
#4195 = CARTESIAN_POINT('',(-18.15770746458,88.469409545321));
#4196 = CARTESIAN_POINT('',(-15.2743468908,88.488538747646));
#4197 = CARTESIAN_POINT('',(-13.09232062614,88.497518312117));
#4198 = CARTESIAN_POINT('',(-10.91027913847,88.502149111988));
#4199 = CARTESIAN_POINT('',(-8.728229447499,88.503572020653));
#4200 = CARTESIAN_POINT('',(-6.546176303373,88.502927907969));
#4201 = CARTESIAN_POINT('',(-4.364122186686,88.501357640256));
#4202 = CARTESIAN_POINT('',(-2.182067308465,88.500002080295));
#4203 = CARTESIAN_POINT('',(1.48067350218,88.500002087642));
#4204 = CARTESIAN_POINT('',(2.96135620826,88.500626263736));
#4205 = CARTESIAN_POINT('',(4.442038464972,88.501518154647));
#4206 = CARTESIAN_POINT('',(5.922720004118,88.502321296233));
#4207 = CARTESIAN_POINT('',(7.403400332403,88.502679221182));
#4208 = CARTESIAN_POINT('',(8.884078731432,88.502235459006));
#4209 = CARTESIAN_POINT('',(10.364754257712,88.500633536046));
#4210 = CARTESIAN_POINT('',(12.46886409954,88.496204744057));
#4211 = CARTESIAN_POINT('',(13.092301444271,88.494623992098));
#4212 = CARTESIAN_POINT('',(13.715737705814,88.492748110564));
#4213 = CARTESIAN_POINT('',(14.339172813141,88.490550490423));
#4214 = CARTESIAN_POINT('',(14.962606695222,88.488004522643));
#4215 = CARTESIAN_POINT('',(15.58603928103,88.485083598194));
#4216 = CARTESIAN_POINT('',(16.209470499535,88.481761108044));
#4217 = CARTESIAN_POINT('',(17.534258519305,88.473793355203));
#4218 = CARTESIAN_POINT('',(18.235615076335,88.469016204597));
#4219 = CARTESIAN_POINT('',(18.936971001221,88.463697738642));
#4220 = CARTESIAN_POINT('',(19.638324766404,88.457770188843));
#4221 = CARTESIAN_POINT('',(20.339673196358,88.451114320015));
#4222 = CARTESIAN_POINT('',(21.041012397623,88.443594479396));
#4223 = CARTESIAN_POINT('',(21.742338688824,88.435093645754));
#4224 = CARTESIAN_POINT('',(23.37873106924,88.412812112692));
#4225 = CARTESIAN_POINT('',(24.313782771543,88.398175073787));
#4226 = CARTESIAN_POINT('',(25.248804804707,88.38140726665));
#4227 = CARTESIAN_POINT('',(26.183769478537,88.362130839957));
#4228 = CARTESIAN_POINT('',(27.11872223978,88.340415222163));
#4229 = CARTESIAN_POINT('',(28.053566818242,88.315522012867));
#4230 = CARTESIAN_POINT('',(28.988330753657,88.287447925422));
#4231 = CARTESIAN_POINT('',(30.857606197461,88.224090407105));
#4232 = CARTESIAN_POINT('',(31.792116137205,88.188782324809));
#4233 = CARTESIAN_POINT('',(32.726508362183,88.14975350242));
#4234 = CARTESIAN_POINT('',(33.660695415312,88.106353168632));
#4235 = CARTESIAN_POINT('',(34.5946795373,88.058408285532));
#4236 = CARTESIAN_POINT('',(35.528359242167,88.005320522714));
#4237 = CARTESIAN_POINT('',(36.461744533495,87.946929862984));
#4238 = CARTESIAN_POINT('',(38.01669862212,87.839739251352));
#4239 = CARTESIAN_POINT('',(38.638495162958,87.794238593737));
#4240 = CARTESIAN_POINT('',(39.260088891987,87.745988446907));
#4241 = CARTESIAN_POINT('',(39.881459555274,87.694858802261));
#4242 = CARTESIAN_POINT('',(40.502580652911,87.640709624608));
#4243 = CARTESIAN_POINT('',(41.123419439015,87.58339085216));
#4244 = CARTESIAN_POINT('',(41.743936921725,87.522742396537));
#4245 = CARTESIAN_POINT('',(42.829202764424,87.410482965886));
#4246 = CARTESIAN_POINT('',(43.294114352594,87.360407606511));
#4247 = CARTESIAN_POINT('',(43.758807311304,87.308303112708));
#4248 = CARTESIAN_POINT('',(44.223263967248,87.254101133382));
#4249 = CARTESIAN_POINT('',(44.68746429022,87.197729918277));
#4250 = CARTESIAN_POINT('',(45.151385893122,87.139114317976));
#4251 = CARTESIAN_POINT('',(45.615004031956,87.078175783897));
#4252 = CARTESIAN_POINT('',(46.850437733909,86.909259733204));
#4253 = CARTESIAN_POINT('',(47.621681768587,86.797034625646));
#4254 = CARTESIAN_POINT('',(48.391905248383,86.677799922733));
#4255 = CARTESIAN_POINT('',(49.160961750517,86.551158444081));
#4256 = CARTESIAN_POINT('',(49.928699533297,86.416717714794));
#4257 = CARTESIAN_POINT('',(50.694961632643,86.274096479783));
#4258 = CARTESIAN_POINT('',(51.459563412769,86.122892969422));
#4259 = CARTESIAN_POINT('',(52.984932629361,85.802337571461));
#4260 = CARTESIAN_POINT('',(53.745748211535,85.633039875923));
#4261 = CARTESIAN_POINT('',(54.504413130183,85.454249134559));
#4262 = CARTESIAN_POINT('',(55.260707150175,85.265530855808));
#4263 = CARTESIAN_POINT('',(56.014374531006,85.066441514312));
#4264 = CARTESIAN_POINT('',(56.765087360311,84.856510839103));
#4265 = CARTESIAN_POINT('',(57.512468678457,84.635253627588));
#4266 = CARTESIAN_POINT('',(58.776777729711,84.239079183177));
#4267 = CARTESIAN_POINT('',(59.295562329255,84.070175546901));
#4268 = CARTESIAN_POINT('',(59.812404120905,83.895334370609));
#4269 = CARTESIAN_POINT('',(60.327165466719,83.71439364767));
#4270 = CARTESIAN_POINT('',(60.839696162768,83.527195170705));
#4271 = CARTESIAN_POINT('',(61.34983343914,83.33358453159));
#4272 = CARTESIAN_POINT('',(61.857401959939,83.133411121452));
#4273 = CARTESIAN_POINT('',(63.227609164918,82.571874701321));
#4274 = CARTESIAN_POINT('',(64.084971203254,82.197441922754));
#4275 = CARTESIAN_POINT('',(64.933219821291,81.802760195474));
#4276 = CARTESIAN_POINT('',(65.77168151454,81.386515556772));
#4277 = CARTESIAN_POINT('',(66.598860984314,80.949117226031));
#4278 = CARTESIAN_POINT('',(67.413978596273,80.488940229985));
#4279 = CARTESIAN_POINT('',(68.215635844082,80.006550833766));
#4280 = CARTESIAN_POINT('',(69.789787271662,78.996045271885));
#4281 = CARTESIAN_POINT('',(70.562283692642,78.468065037918));
#4282 = CARTESIAN_POINT('',(71.319005366834,77.917177061188));
#4283 = CARTESIAN_POINT('',(72.058723385523,77.343398340594));
#4284 = CARTESIAN_POINT('',(72.780318070895,76.746937195523));
#4285 = CARTESIAN_POINT('',(73.482740879661,76.128180105127));
#4286 = CARTESIAN_POINT('',(74.164997859573,75.487704574381));
#4287 = CARTESIAN_POINT('',(75.157026735402,74.495685000894));
#4288 = CARTESIAN_POINT('',(75.482480595729,74.159779243723));
#4289 = CARTESIAN_POINT('',(75.802612119038,73.818744949182));
#4290 = CARTESIAN_POINT('',(76.117330603054,73.472686354959));
#4291 = CARTESIAN_POINT('',(76.426560150967,73.121717459028));
#4292 = CARTESIAN_POINT('',(76.730239671439,72.765962019653));
#4293 = CARTESIAN_POINT('',(77.028322878599,72.405553555387));
#4294 = CARTESIAN_POINT('',(77.808189997014,71.432434688425));
#4295 = CARTESIAN_POINT('',(78.279950314237,70.811681452091));
#4296 = CARTESIAN_POINT('',(78.735875713774,70.179017299384));
#4297 = CARTESIAN_POINT('',(79.175886094652,69.535114280794));
#4298 = CARTESIAN_POINT('',(79.599996638821,68.880662313814));
#4299 = CARTESIAN_POINT('',(80.008309665104,68.216356662757));
#4300 = CARTESIAN_POINT('',(80.401006483146,67.542885418575));
#4301 = CARTESIAN_POINT('',(81.193408422139,66.110757099265));
#4302 = CARTESIAN_POINT('',(81.589835264252,65.350307217883));
#4303 = CARTESIAN_POINT('',(81.968087035832,64.580455324173));
#4304 = CARTESIAN_POINT('',(82.328409612657,63.802058914224));
#4305 = CARTESIAN_POINT('',(82.671382874918,63.015903475325));
#4306 = CARTESIAN_POINT('',(82.997640422354,62.22273333495));
#4307 = CARTESIAN_POINT('',(83.307591055637,61.423261217014));
#4308 = CARTESIAN_POINT('',(83.923114987261,59.739661765151));
#4309 = CARTESIAN_POINT('',(84.225696453138,58.854580564619));
#4310 = CARTESIAN_POINT('',(84.510392627105,57.963218867779));
#4311 = CARTESIAN_POINT('',(84.778311055925,57.067098060136));
#4312 = CARTESIAN_POINT('',(85.029813682817,56.165805347769));
#4313 = CARTESIAN_POINT('',(85.266179134083,55.260840811671));
#4314 = CARTESIAN_POINT('',(85.487893001901,54.352146017646));
#4315 = CARTESIAN_POINT('',(85.903800764927,52.528526192134));
#4316 = CARTESIAN_POINT('',(86.097969748594,51.613585454131));
#4317 = CARTESIAN_POINT('',(86.279206480555,50.695991874514));
#4318 = CARTESIAN_POINT('',(86.447894297513,49.77583248939));
#4319 = CARTESIAN_POINT('',(86.605524884893,48.854026174081));
#4320 = CARTESIAN_POINT('',(86.7518063403,47.930119576862));
#4321 = CARTESIAN_POINT('',(86.888146907116,47.004895694093));
#4322 = CARTESIAN_POINT('',(87.088721317052,45.537801405938));
#4323 = CARTESIAN_POINT('',(87.159348031835,44.996849345751));
#4324 = CARTESIAN_POINT('',(87.226831743895,44.455490403732));
#4325 = CARTESIAN_POINT('',(87.291296829776,43.913763382046));
#4326 = CARTESIAN_POINT('',(87.352860851681,43.37170258957));
#4327 = CARTESIAN_POINT('',(87.411634557477,42.829337841894));
#4328 = CARTESIAN_POINT('',(87.46772188069,42.28669446132));
#4329 = CARTESIAN_POINT('',(87.605294657432,40.890663119407));
#4330 = CARTESIAN_POINT('',(87.682965610323,40.036900621123));
#4331 = CARTESIAN_POINT('',(87.754707524445,39.18262513542));
#4332 = CARTESIAN_POINT('',(87.820897392072,38.327904859493));
#4333 = CARTESIAN_POINT('',(87.881822380452,37.472785851016));
#4334 = CARTESIAN_POINT('',(87.937841151171,36.617332524377));
#4335 = CARTESIAN_POINT('',(87.989416625965,35.761628859742));
#4336 = CARTESIAN_POINT('',(88.084060739497,34.049749556676));
#4337 = CARTESIAN_POINT('',(88.12716196143,33.193579405234));
#4338 = CARTESIAN_POINT('',(88.16630545595,32.337208560858));
#4339 = CARTESIAN_POINT('',(88.2018007509,31.480676747087));
#4340 = CARTESIAN_POINT('',(88.233964755899,30.624023847843));
#4341 = CARTESIAN_POINT('',(88.263054992741,29.767270780153));
#4342 = CARTESIAN_POINT('',(88.289271561275,28.910419637377));
#4343 = CARTESIAN_POINT('',(88.327981009581,27.508193323592));
#4344 = CARTESIAN_POINT('',(88.341975394924,26.962855299545));
#4345 = CARTESIAN_POINT('',(88.354998148453,26.417493386334));
#4346 = CARTESIAN_POINT('',(88.367123745866,25.872112318828));
#4347 = CARTESIAN_POINT('',(88.378410902009,25.326715502713));
#4348 = CARTESIAN_POINT('',(88.388902570884,24.78130501449));
#4349 = CARTESIAN_POINT('',(88.398625945645,24.23588160148));
#4350 = CARTESIAN_POINT('',(88.420407740142,22.911243357796));
#4351 = CARTESIAN_POINT('',(88.431709448084,22.132017005259));
#4352 = CARTESIAN_POINT('',(88.441586243168,21.352768321977));
#4353 = CARTESIAN_POINT('',(88.450139376131,20.57350054024));
#4354 = CARTESIAN_POINT('',(88.457466318599,19.794216319212));
#4355 = CARTESIAN_POINT('',(88.463657102404,19.014917496003));
#4356 = CARTESIAN_POINT('',(88.468803367316,18.235605695452));
#4357 = CARTESIAN_POINT('',(88.477659393996,16.599011887735));
#4358 = CARTESIAN_POINT('',(88.481175627236,15.741721922485));
#4359 = CARTESIAN_POINT('',(88.483716328727,14.884418414782));
#4360 = CARTESIAN_POINT('',(88.485429010291,14.027105876528));
#4361 = CARTESIAN_POINT('',(88.486461183747,13.169788819627));
#4362 = CARTESIAN_POINT('',(88.486960360915,12.312471755982));
#4363 = CARTESIAN_POINT('',(88.487074053617,11.455159197495));
#4364 = CARTESIAN_POINT('',(88.486757682395,9.273026069323));
#4365 = CARTESIAN_POINT('',(88.485997384174,7.948208351164));
#4366 = CARTESIAN_POINT('',(88.485213101568,6.623409397243));
#4367 = CARTESIAN_POINT('',(88.484949209672,5.298637026758));
#4368 = CARTESIAN_POINT('',(88.485750236116,3.973899982455));
#4369 = CARTESIAN_POINT('',(88.488160861067,2.649207930629));
#4370 = CARTESIAN_POINT('',(88.492725917226,1.324571461123));
#4371 = CARTESIAN_POINT('',(88.499990389831,2.087329946221E-06));
#4372 = ( GEOMETRIC_REPRESENTATION_CONTEXT(2) 
PARAMETRIC_REPRESENTATION_CONTEXT() REPRESENTATION_CONTEXT('2D SPACE',''
  ) );
#4373 = PCURVE('',#2228,#4374);
#4374 = DEFINITIONAL_REPRESENTATION('',(#4375),#5029);
#4375 = B_SPLINE_CURVE_WITH_KNOTS('',8,(#4376,#4377,#4378,#4379,#4380,
    #4381,#4382,#4383,#4384,#4385,#4386,#4387,#4388,#4389,#4390,#4391,
    #4392,#4393,#4394,#4395,#4396,#4397,#4398,#4399,#4400,#4401,#4402,
    #4403,#4404,#4405,#4406,#4407,#4408,#4409,#4410,#4411,#4412,#4413,
    #4414,#4415,#4416,#4417,#4418,#4419,#4420,#4421,#4422,#4423,#4424,
    #4425,#4426,#4427,#4428,#4429,#4430,#4431,#4432,#4433,#4434,#4435,
    #4436,#4437,#4438,#4439,#4440,#4441,#4442,#4443,#4444,#4445,#4446,
    #4447,#4448,#4449,#4450,#4451,#4452,#4453,#4454,#4455,#4456,#4457,
    #4458,#4459,#4460,#4461,#4462,#4463,#4464,#4465,#4466,#4467,#4468,
    #4469,#4470,#4471,#4472,#4473,#4474,#4475,#4476,#4477,#4478,#4479,
    #4480,#4481,#4482,#4483,#4484,#4485,#4486,#4487,#4488,#4489,#4490,
    #4491,#4492,#4493,#4494,#4495,#4496,#4497,#4498,#4499,#4500,#4501,
    #4502,#4503,#4504,#4505,#4506,#4507,#4508,#4509,#4510,#4511,#4512,
    #4513,#4514,#4515,#4516,#4517,#4518,#4519,#4520,#4521,#4522,#4523,
    #4524,#4525,#4526,#4527,#4528,#4529,#4530,#4531,#4532,#4533,#4534,
    #4535,#4536,#4537,#4538,#4539,#4540,#4541,#4542,#4543,#4544,#4545,
    #4546,#4547,#4548,#4549,#4550,#4551,#4552,#4553,#4554,#4555,#4556,
    #4557,#4558,#4559,#4560,#4561,#4562,#4563,#4564,#4565,#4566,#4567,
    #4568,#4569,#4570,#4571,#4572,#4573,#4574,#4575,#4576,#4577,#4578,
    #4579,#4580,#4581,#4582,#4583,#4584,#4585,#4586,#4587,#4588,#4589,
    #4590,#4591,#4592,#4593,#4594,#4595,#4596,#4597,#4598,#4599,#4600,
    #4601,#4602,#4603,#4604,#4605,#4606,#4607,#4608,#4609,#4610,#4611,
    #4612,#4613,#4614,#4615,#4616,#4617,#4618,#4619,#4620,#4621,#4622,
    #4623,#4624,#4625,#4626,#4627,#4628,#4629,#4630,#4631,#4632,#4633,
    #4634,#4635,#4636,#4637,#4638,#4639,#4640,#4641,#4642,#4643,#4644,
    #4645,#4646,#4647,#4648,#4649,#4650,#4651,#4652,#4653,#4654,#4655,
    #4656,#4657,#4658,#4659,#4660,#4661,#4662,#4663,#4664,#4665,#4666,
    #4667,#4668,#4669,#4670,#4671,#4672,#4673,#4674,#4675,#4676,#4677,
    #4678,#4679,#4680,#4681,#4682,#4683,#4684,#4685,#4686,#4687,#4688,
    #4689,#4690,#4691,#4692,#4693,#4694,#4695,#4696,#4697,#4698,#4699,
    #4700,#4701,#4702,#4703,#4704,#4705,#4706,#4707,#4708,#4709,#4710,
    #4711,#4712,#4713,#4714,#4715,#4716,#4717,#4718,#4719,#4720,#4721,
    #4722,#4723,#4724,#4725,#4726,#4727,#4728,#4729,#4730,#4731,#4732,
    #4733,#4734,#4735,#4736,#4737,#4738,#4739,#4740,#4741,#4742,#4743,
    #4744,#4745,#4746,#4747,#4748,#4749,#4750,#4751,#4752,#4753,#4754,
    #4755,#4756,#4757,#4758,#4759,#4760,#4761,#4762,#4763,#4764,#4765,
    #4766,#4767,#4768,#4769,#4770,#4771,#4772,#4773,#4774,#4775,#4776,
    #4777,#4778,#4779,#4780,#4781,#4782,#4783,#4784,#4785,#4786,#4787,
    #4788,#4789,#4790,#4791,#4792,#4793,#4794,#4795,#4796,#4797,#4798,
    #4799,#4800,#4801,#4802,#4803,#4804,#4805,#4806,#4807,#4808,#4809,
    #4810,#4811,#4812,#4813,#4814,#4815,#4816,#4817,#4818,#4819,#4820,
    #4821,#4822,#4823,#4824,#4825,#4826,#4827,#4828,#4829,#4830,#4831,
    #4832,#4833,#4834,#4835,#4836,#4837,#4838,#4839,#4840,#4841,#4842,
    #4843,#4844,#4845,#4846,#4847,#4848,#4849,#4850,#4851,#4852,#4853,
    #4854,#4855,#4856,#4857,#4858,#4859,#4860,#4861,#4862,#4863,#4864,
    #4865,#4866,#4867,#4868,#4869,#4870,#4871,#4872,#4873,#4874,#4875,
    #4876,#4877,#4878,#4879,#4880,#4881,#4882,#4883,#4884,#4885,#4886,
    #4887,#4888,#4889,#4890,#4891,#4892,#4893,#4894,#4895,#4896,#4897,
    #4898,#4899,#4900,#4901,#4902,#4903,#4904,#4905,#4906,#4907,#4908,
    #4909,#4910,#4911,#4912,#4913,#4914,#4915,#4916,#4917,#4918,#4919,
    #4920,#4921,#4922,#4923,#4924,#4925,#4926,#4927,#4928,#4929,#4930,
    #4931,#4932,#4933,#4934,#4935,#4936,#4937,#4938,#4939,#4940,#4941,
    #4942,#4943,#4944,#4945,#4946,#4947,#4948,#4949,#4950,#4951,#4952,
    #4953,#4954,#4955,#4956,#4957,#4958,#4959,#4960,#4961,#4962,#4963,
    #4964,#4965,#4966,#4967,#4968,#4969,#4970,#4971,#4972,#4973,#4974,
    #4975,#4976,#4977,#4978,#4979,#4980,#4981,#4982,#4983,#4984,#4985,
    #4986,#4987,#4988,#4989,#4990,#4991,#4992,#4993,#4994,#4995,#4996,
    #4997,#4998,#4999,#5000,#5001,#5002,#5003,#5004,#5005,#5006,#5007,
    #5008,#5009,#5010,#5011,#5012,#5013,#5014,#5015,#5016,#5017,#5018,
    #5019,#5020,#5021,#5022,#5023,#5024,#5025,#5026,#5027,#5028),
  .UNSPECIFIED.,.F.,.F.,(9,7,7,7,7,7,7,7,7,7,7,7,7,7,7,7,7,7,7,7,7,7,7,7
    ,7,7,7,7,7,7,7,7,7,7,7,7,7,7,7,7,7,7,7,7,7,7,7,7,7,7,7,7,7,7,7,7,7,7
    ,7,7,7,7,7,7,7,7,7,7,7,7,7,7,7,7,7,7,7,7,7,7,7,7,7,7,7,7,7,7,7,7,7,7
    ,7,9),(0.,2.899769979392E-02,3.699730598176E-02,4.299701736408E-02,
    5.299664066967E-02,6.299625456766E-02,7.199599443177E-02,
    7.799585794359E-02,8.799557834302E-02,9.899532255703E-02,
    0.104995267949,0.114995152758,0.124995010811,0.130994966312,
    0.140994849721,0.151994672169,0.163994367976,0.175993925843,
    0.182993658194,0.193993294837,0.204992923068,0.212992635475,
    0.221992319276,0.249991274891,0.26899058035,0.276990258806,
    0.285989892332,0.297989414816,0.309988986449,0.317988716822,
    0.323988537738,0.333988265644,0.343988071025,0.350987979547,
    0.362987938215,0.37498800296,0.380988119174,0.390988270435,
    0.401988387518,0.413988404746,0.425988284034,0.432988203882,
    0.443988135165,0.454988058037,0.462987984726,0.471987909596,
    0.499987615199,0.51898742958,0.526987322318,0.535987196911,
    0.547987040816,0.559986933873,0.567986878529,0.573986860158,
    0.583986855921,0.59398692916,0.600987025184,0.612987305286,
    0.624987691467,0.630987968401,0.640988387527,0.651988799262,
    0.663989137924,0.675989338642,0.68298944599,0.69398967192,
    0.704989889437,0.712990030414,0.721990196357,0.749990651965,
    0.768990975279,0.776991082303,0.785991197968,0.797991363304,
    0.809991577791,0.817991736735,0.82399187908,0.833992142704,
    0.843992483806,0.850992767335,0.862993368879,0.874994076505,
    0.880994514164,0.890995201164,0.901995907559,0.913996567669,
    0.925997089834,0.932997384776,0.943997905845,0.954998439002,
    0.961998729521,0.971999227479,0.983000005179,1.),.UNSPECIFIED.);
#4376 = CARTESIAN_POINT('',(623.4409649326,-3.));
#4377 = CARTESIAN_POINT('',(621.18066871833,-3.));
#4378 = CARTESIAN_POINT('',(618.92053577077,-3.));
#4379 = CARTESIAN_POINT('',(616.6605314148,-3.));
#4380 = CARTESIAN_POINT('',(614.40062029058,-3.));
#4381 = CARTESIAN_POINT('',(612.14076635356,-3.));
#4382 = CARTESIAN_POINT('',(609.88093287449,-3.));
#4383 = CARTESIAN_POINT('',(607.62108243938,-3.));
#4384 = CARTESIAN_POINT('',(604.73773598462,-3.));
#4385 = CARTESIAN_POINT('',(604.11429501969,-3.));
#4386 = CARTESIAN_POINT('',(603.49085405475,-3.));
#4387 = CARTESIAN_POINT('',(602.86741308982,-3.));
#4388 = CARTESIAN_POINT('',(602.24397212489,-3.));
#4389 = CARTESIAN_POINT('',(601.62053115996,-3.));
#4390 = CARTESIAN_POINT('',(600.99709019502,-3.));
#4391 = CARTESIAN_POINT('',(599.906067981,-3.));
#4392 = CARTESIAN_POINT('',(599.4384853283,-3.));
#4393 = CARTESIAN_POINT('',(598.97090226338,-3.));
#4394 = CARTESIAN_POINT('',(598.50331960604,-3.));
#4395 = CARTESIAN_POINT('',(598.03573800439,-3.));
#4396 = CARTESIAN_POINT('',(597.56815793495,-3.));
#4397 = CARTESIAN_POINT('',(597.10057970257,-3.));
#4398 = CARTESIAN_POINT('',(595.85370153921,-3.));
#4399 = CARTESIAN_POINT('',(595.07440072029,-3.));
#4400 = CARTESIAN_POINT('',(594.29510109717,-3.));
#4401 = CARTESIAN_POINT('',(593.51579958658,-3.));
#4402 = CARTESIAN_POINT('',(592.73649615592,-3.));
#4403 = CARTESIAN_POINT('',(591.95719445698,-3.));
#4404 = CARTESIAN_POINT('',(591.17789684616,-3.));
#4405 = CARTESIAN_POINT('',(589.61929146934,-3.));
#4406 = CARTESIAN_POINT('',(588.83999182269,-3.));
#4407 = CARTESIAN_POINT('',(588.06068285479,-3.));
#4408 = CARTESIAN_POINT('',(587.28137706556,-3.));
#4409 = CARTESIAN_POINT('',(586.50208138798,-3.));
#4410 = CARTESIAN_POINT('',(585.72278764696,-3.));
#4411 = CARTESIAN_POINT('',(584.94348354032,-3.));
#4412 = CARTESIAN_POINT('',(583.46280787531,-3.));
#4413 = CARTESIAN_POINT('',(582.76143912145,-3.));
#4414 = CARTESIAN_POINT('',(582.06007009165,-3.));
#4415 = CARTESIAN_POINT('',(581.35869831887,-3.));
#4416 = CARTESIAN_POINT('',(580.65732477809,-3.));
#4417 = CARTESIAN_POINT('',(579.95595200677,-3.));
#4418 = CARTESIAN_POINT('',(579.25458222529,-3.));
#4419 = CARTESIAN_POINT('',(578.08563473375,-3.));
#4420 = CARTESIAN_POINT('',(577.61805401005,-3.));
#4421 = CARTESIAN_POINT('',(577.15047328635,-3.));
#4422 = CARTESIAN_POINT('',(576.68289256265,-3.));
#4423 = CARTESIAN_POINT('',(576.21531183895,-3.));
#4424 = CARTESIAN_POINT('',(575.74773111525,-3.));
#4425 = CARTESIAN_POINT('',(575.28015039155,-3.));
#4426 = CARTESIAN_POINT('',(574.03327252352,-3.));
#4427 = CARTESIAN_POINT('',(573.25395816301,-3.));
#4428 = CARTESIAN_POINT('',(572.47466807934,-3.));
#4429 = CARTESIAN_POINT('',(571.69537438071,-3.));
#4430 = CARTESIAN_POINT('',(570.91606148614,-3.));
#4431 = CARTESIAN_POINT('',(570.13675096145,-3.));
#4432 = CARTESIAN_POINT('',(569.35746949577,-3.));
#4433 = CARTESIAN_POINT('',(567.72091555861,-3.));
#4434 = CARTESIAN_POINT('',(566.86369335608,-3.));
#4435 = CARTESIAN_POINT('',(566.00646161229,-3.));
#4436 = CARTESIAN_POINT('',(565.1492144927,-3.));
#4437 = CARTESIAN_POINT('',(564.29198510161,-3.));
#4438 = CARTESIAN_POINT('',(563.43477397715,-3.));
#4439 = CARTESIAN_POINT('',(562.5775285994,-3.));
#4440 = CARTESIAN_POINT('',(561.25272868057,-3.));
#4441 = CARTESIAN_POINT('',(560.78514795687,-3.));
#4442 = CARTESIAN_POINT('',(560.31756723317,-3.));
#4443 = CARTESIAN_POINT('',(559.84998650947,-3.));
#4444 = CARTESIAN_POINT('',(559.38240578577,-3.));
#4445 = CARTESIAN_POINT('',(558.91482506207,-3.));
#4446 = CARTESIAN_POINT('',(558.44724433837,-3.));
#4447 = CARTESIAN_POINT('',(557.2003642928,-3.));
#4448 = CARTESIAN_POINT('',(556.42105023574,-3.));
#4449 = CARTESIAN_POINT('',(555.6417497834,-3.));
#4450 = CARTESIAN_POINT('',(554.86245306052,-3.));
#4451 = CARTESIAN_POINT('',(554.08315043259,-3.));
#4452 = CARTESIAN_POINT('',(553.30384710489,-3.));
#4453 = CARTESIAN_POINT('',(552.52455386449,-3.));
#4454 = CARTESIAN_POINT('',(550.96595615127,-3.));
#4455 = CARTESIAN_POINT('',(550.18664564503,-3.));
#4456 = CARTESIAN_POINT('',(549.40734181228,-3.));
#4457 = CARTESIAN_POINT('',(548.62804537491,-3.));
#4458 = CARTESIAN_POINT('',(547.84874913026,-3.));
#4459 = CARTESIAN_POINT('',(547.06944683306,-3.));
#4460 = CARTESIAN_POINT('',(546.29014023986,-3.));
#4461 = CARTESIAN_POINT('',(545.04326359233,-3.));
#4462 = CARTESIAN_POINT('',(544.57568286863,-3.));
#4463 = CARTESIAN_POINT('',(544.10810214493,-3.));
#4464 = CARTESIAN_POINT('',(543.64052142123,-3.));
#4465 = CARTESIAN_POINT('',(543.17294069753,-3.));
#4466 = CARTESIAN_POINT('',(542.70535997383,-3.));
#4467 = CARTESIAN_POINT('',(542.23777925013,-3.));
#4468 = CARTESIAN_POINT('',(540.99090062661,-3.));
#4469 = CARTESIAN_POINT('',(540.21159416077,-3.));
#4470 = CARTESIAN_POINT('',(539.43229157999,-3.));
#4471 = CARTESIAN_POINT('',(538.65299378315,-3.));
#4472 = CARTESIAN_POINT('',(537.87369591676,-3.));
#4473 = CARTESIAN_POINT('',(537.09439317483,-3.));
#4474 = CARTESIAN_POINT('',(536.31508659873,-3.));
#4475 = CARTESIAN_POINT('',(534.67856522546,-3.));
#4476 = CARTESIAN_POINT('',(533.82132342275,-3.));
#4477 = CARTESIAN_POINT('',(532.96412154076,-3.));
#4478 = CARTESIAN_POINT('',(532.1068738095,-3.));
#4479 = CARTESIAN_POINT('',(531.24962936336,-3.));
#4480 = CARTESIAN_POINT('',(530.39242685606,-3.));
#4481 = CARTESIAN_POINT('',(529.53516614711,-3.));
#4482 = CARTESIAN_POINT('',(527.74278918223,-3.));
#4483 = CARTESIAN_POINT('',(526.80755576977,-3.));
#4484 = CARTESIAN_POINT('',(525.8725751771,-3.));
#4485 = CARTESIAN_POINT('',(524.93716224269,-3.));
#4486 = CARTESIAN_POINT('',(524.00220926824,-3.));
#4487 = CARTESIAN_POINT('',(523.06694330772,-3.));
#4488 = CARTESIAN_POINT('',(522.13181277977,-3.));
#4489 = CARTESIAN_POINT('',(520.26149133758,-3.));
#4490 = CARTESIAN_POINT('',(519.32633609445,-3.));
#4491 = CARTESIAN_POINT('',(518.39113424913,-3.));
#4492 = CARTESIAN_POINT('',(517.45609244259,-3.));
#4493 = CARTESIAN_POINT('',(516.52077156627,-3.));
#4494 = CARTESIAN_POINT('',(515.58571749508,-3.));
#4495 = CARTESIAN_POINT('',(514.65051940589,-3.));
#4496 = CARTESIAN_POINT('',(513.16984335427,-3.));
#4497 = CARTESIAN_POINT('',(512.62433484908,-3.));
#4498 = CARTESIAN_POINT('',(512.0788267981,-3.));
#4499 = CARTESIAN_POINT('',(511.53331744868,-3.));
#4500 = CARTESIAN_POINT('',(510.98780608636,-3.));
#4501 = CARTESIAN_POINT('',(510.44229303485,-3.));
#4502 = CARTESIAN_POINT('',(509.89677965602,-3.));
#4503 = CARTESIAN_POINT('',(508.49403183692,-3.));
#4504 = CARTESIAN_POINT('',(507.63681145566,-3.));
#4505 = CARTESIAN_POINT('',(506.77957774421,-3.));
#4506 = CARTESIAN_POINT('',(505.9223379991,-3.));
#4507 = CARTESIAN_POINT('',(505.06510836063,-3.));
#4508 = CARTESIAN_POINT('',(504.20788545492,-3.));
#4509 = CARTESIAN_POINT('',(503.35064786905,-3.));
#4510 = CARTESIAN_POINT('',(501.63618825794,-3.));
#4511 = CARTESIAN_POINT('',(500.77895255388,-3.));
#4512 = CARTESIAN_POINT('',(499.92172270524,-3.));
#4513 = CARTESIAN_POINT('',(499.06449533114,-3.));
#4514 = CARTESIAN_POINT('',(498.20726213332,-3.));
#4515 = CARTESIAN_POINT('',(497.35002606506,-3.));
#4516 = CARTESIAN_POINT('',(496.49280029299,-3.));
#4517 = CARTESIAN_POINT('',(495.01212615649,-3.));
#4518 = CARTESIAN_POINT('',(494.38868519155,-3.));
#4519 = CARTESIAN_POINT('',(493.76524422662,-3.));
#4520 = CARTESIAN_POINT('',(493.14180326169,-3.));
#4521 = CARTESIAN_POINT('',(492.51836229675,-3.));
#4522 = CARTESIAN_POINT('',(491.89492133182,-3.));
#4523 = CARTESIAN_POINT('',(491.27148036689,-3.));
#4524 = CARTESIAN_POINT('',(489.94666774406,-3.));
#4525 = CARTESIAN_POINT('',(489.24529634701,-3.));
#4526 = CARTESIAN_POINT('',(488.54392577559,-3.));
#4527 = CARTESIAN_POINT('',(487.84255588699,-3.));
#4528 = CARTESIAN_POINT('',(487.14118610186,-3.));
#4529 = CARTESIAN_POINT('',(486.43981567533,-3.));
#4530 = CARTESIAN_POINT('',(485.73844396812,-3.));
#4531 = CARTESIAN_POINT('',(482.85502533196,-3.));
#4532 = CARTESIAN_POINT('',(480.67297370633,-3.));
#4533 = CARTESIAN_POINT('',(478.49092208452,-3.));
#4534 = CARTESIAN_POINT('',(476.30887444084,-3.));
#4535 = CARTESIAN_POINT('',(474.12683248007,-3.));
#4536 = CARTESIAN_POINT('',(471.94479563739,-3.));
#4537 = CARTESIAN_POINT('',(469.76276107849,-3.));
#4538 = CARTESIAN_POINT('',(466.1000543752,-3.));
#4539 = CARTESIAN_POINT('',(464.61938545722,-3.));
#4540 = CARTESIAN_POINT('',(463.13871603708,-3.));
#4541 = CARTESIAN_POINT('',(461.65804543147,-3.));
#4542 = CARTESIAN_POINT('',(460.17737318214,-3.));
#4543 = CARTESIAN_POINT('',(458.69669905593,-3.));
#4544 = CARTESIAN_POINT('',(457.21602304479,-3.));
#4545 = CARTESIAN_POINT('',(455.1119044008,-3.));
#4546 = CARTESIAN_POINT('',(454.48846343586,-3.));
#4547 = CARTESIAN_POINT('',(453.86502247093,-3.));
#4548 = CARTESIAN_POINT('',(453.241581506,-3.));
#4549 = CARTESIAN_POINT('',(452.61814054107,-3.));
#4550 = CARTESIAN_POINT('',(451.99469957613,-3.));
#4551 = CARTESIAN_POINT('',(451.3712586112,-3.));
#4552 = CARTESIAN_POINT('',(450.04644692984,-3.));
#4553 = CARTESIAN_POINT('',(449.34507527639,-3.));
#4554 = CARTESIAN_POINT('',(448.64370402809,-3.));
#4555 = CARTESIAN_POINT('',(447.94233329534,-3.));
#4556 = CARTESIAN_POINT('',(447.24096257007,-3.));
#4557 = CARTESIAN_POINT('',(446.5395913391,-3.));
#4558 = CARTESIAN_POINT('',(445.83821969748,-3.));
#4559 = CARTESIAN_POINT('',(444.20168711483,-3.));
#4560 = CARTESIAN_POINT('',(443.26652670598,-3.));
#4561 = CARTESIAN_POINT('',(442.33136826853,-3.));
#4562 = CARTESIAN_POINT('',(441.39619252883,-3.));
#4563 = CARTESIAN_POINT('',(440.46105151366,-3.));
#4564 = CARTESIAN_POINT('',(439.52587785731,-3.));
#4565 = CARTESIAN_POINT('',(438.59071804044,-3.));
#4566 = CARTESIAN_POINT('',(436.72039289455,-3.));
#4567 = CARTESIAN_POINT('',(435.78522337924,-3.));
#4568 = CARTESIAN_POINT('',(434.85007474399,-3.));
#4569 = CARTESIAN_POINT('',(433.91490684832,-3.));
#4570 = CARTESIAN_POINT('',(432.97975311369,-3.));
#4571 = CARTESIAN_POINT('',(432.04457382897,-3.));
#4572 = CARTESIAN_POINT('',(431.1094253862,-3.));
#4573 = CARTESIAN_POINT('',(429.55082483856,-3.));
#4574 = CARTESIAN_POINT('',(428.92738387363,-3.));
#4575 = CARTESIAN_POINT('',(428.30394290869,-3.));
#4576 = CARTESIAN_POINT('',(427.68050194376,-3.));
#4577 = CARTESIAN_POINT('',(427.05706097883,-3.));
#4578 = CARTESIAN_POINT('',(426.4336200139,-3.));
#4579 = CARTESIAN_POINT('',(425.81017904896,-3.));
#4580 = CARTESIAN_POINT('',(424.71915555728,-3.));
#4581 = CARTESIAN_POINT('',(424.25157313573,-3.));
#4582 = CARTESIAN_POINT('',(423.78399159906,-3.));
#4583 = CARTESIAN_POINT('',(423.3164112672,-3.));
#4584 = CARTESIAN_POINT('',(422.8488320003,-3.));
#4585 = CARTESIAN_POINT('',(422.38125319875,-3.));
#4586 = CARTESIAN_POINT('',(421.91367380317,-3.));
#4587 = CARTESIAN_POINT('',(420.66678772401,-3.));
#4588 = CARTESIAN_POINT('',(419.88748976774,-3.));
#4589 = CARTESIAN_POINT('',(419.10819376442,-3.));
#4590 = CARTESIAN_POINT('',(418.32889028037,-3.));
#4591 = CARTESIAN_POINT('',(417.54958118096,-3.));
#4592 = CARTESIAN_POINT('',(416.7702791597,-3.));
#4593 = CARTESIAN_POINT('',(415.9909907251,-3.));
#4594 = CARTESIAN_POINT('',(414.43236852732,-3.));
#4595 = CARTESIAN_POINT('',(413.65308446565,-3.));
#4596 = CARTESIAN_POINT('',(412.8737742658,-3.));
#4597 = CARTESIAN_POINT('',(412.09446085774,-3.));
#4598 = CARTESIAN_POINT('',(411.31516546648,-3.));
#4599 = CARTESIAN_POINT('',(410.53587665215,-3.));
#4600 = CARTESIAN_POINT('',(409.75656921933,-3.));
#4601 = CARTESIAN_POINT('',(408.43176215147,-3.));
#4602 = CARTESIAN_POINT('',(407.88625130715,-3.));
#4603 = CARTESIAN_POINT('',(407.34074046283,-3.));
#4604 = CARTESIAN_POINT('',(406.79522961852,-3.));
#4605 = CARTESIAN_POINT('',(406.2497187742,-3.));
#4606 = CARTESIAN_POINT('',(405.70420792989,-3.));
#4607 = CARTESIAN_POINT('',(405.15869708557,-3.));
#4608 = CARTESIAN_POINT('',(403.67801579378,-3.));
#4609 = CARTESIAN_POINT('',(402.74290806965,-3.));
#4610 = CARTESIAN_POINT('',(401.8076050044,-3.));
#4611 = CARTESIAN_POINT('',(400.8726621398,-3.));
#4612 = CARTESIAN_POINT('',(399.93727896058,-3.));
#4613 = CARTESIAN_POINT('',(399.00227192983,-3.));
#4614 = CARTESIAN_POINT('',(398.06704021893,-3.));
#4615 = CARTESIAN_POINT('',(396.1967408387,-3.));
#4616 = CARTESIAN_POINT('',(395.26155649347,-3.));
#4617 = CARTESIAN_POINT('',(394.32639595944,-3.));
#4618 = CARTESIAN_POINT('',(393.39124179896,-3.));
#4619 = CARTESIAN_POINT('',(392.45608852348,-3.));
#4620 = CARTESIAN_POINT('',(391.52093085602,-3.));
#4621 = CARTESIAN_POINT('',(390.5857514631,-3.));
#4622 = CARTESIAN_POINT('',(389.18302235917,-3.));
#4623 = CARTESIAN_POINT('',(388.71544163547,-3.));
#4624 = CARTESIAN_POINT('',(388.24786091177,-3.));
#4625 = CARTESIAN_POINT('',(387.78028018807,-3.));
#4626 = CARTESIAN_POINT('',(387.31269946437,-3.));
#4627 = CARTESIAN_POINT('',(386.84511874067,-3.));
#4628 = CARTESIAN_POINT('',(386.37753801697,-3.));
#4629 = CARTESIAN_POINT('',(385.13065939346,-3.));
#4630 = CARTESIAN_POINT('',(384.35135292761,-3.));
#4631 = CARTESIAN_POINT('',(383.57205034684,-3.));
#4632 = CARTESIAN_POINT('',(382.79275255,-3.));
#4633 = CARTESIAN_POINT('',(382.0134546836,-3.));
#4634 = CARTESIAN_POINT('',(381.23415194167,-3.));
#4635 = CARTESIAN_POINT('',(380.45484536558,-3.));
#4636 = CARTESIAN_POINT('',(378.81832399228,-3.));
#4637 = CARTESIAN_POINT('',(377.96108218963,-3.));
#4638 = CARTESIAN_POINT('',(377.10388030757,-3.));
#4639 = CARTESIAN_POINT('',(376.24663257634,-3.));
#4640 = CARTESIAN_POINT('',(375.38938813024,-3.));
#4641 = CARTESIAN_POINT('',(374.53218562287,-3.));
#4642 = CARTESIAN_POINT('',(373.67492491397,-3.));
#4643 = CARTESIAN_POINT('',(371.88254794889,-3.));
#4644 = CARTESIAN_POINT('',(370.94731453735,-3.));
#4645 = CARTESIAN_POINT('',(370.01233394246,-3.));
#4646 = CARTESIAN_POINT('',(369.07692101136,-3.));
#4647 = CARTESIAN_POINT('',(368.14196803367,-3.));
#4648 = CARTESIAN_POINT('',(367.20670207523,-3.));
#4649 = CARTESIAN_POINT('',(366.27157154646,-3.));
#4650 = CARTESIAN_POINT('',(364.40125010422,-3.));
#4651 = CARTESIAN_POINT('',(363.46609486216,-3.));
#4652 = CARTESIAN_POINT('',(362.53089301419,-3.));
#4653 = CARTESIAN_POINT('',(361.59585121167,-3.));
#4654 = CARTESIAN_POINT('',(360.66053033136,-3.));
#4655 = CARTESIAN_POINT('',(359.72547626276,-3.));
#4656 = CARTESIAN_POINT('',(358.79027817254,-3.));
#4657 = CARTESIAN_POINT('',(357.30960212111,-3.));
#4658 = CARTESIAN_POINT('',(356.76409361592,-3.));
#4659 = CARTESIAN_POINT('',(356.21858556494,-3.));
#4660 = CARTESIAN_POINT('',(355.67307621552,-3.));
#4661 = CARTESIAN_POINT('',(355.1275648532,-3.));
#4662 = CARTESIAN_POINT('',(354.58205180169,-3.));
#4663 = CARTESIAN_POINT('',(354.03653842287,-3.));
#4664 = CARTESIAN_POINT('',(352.63379060376,-3.));
#4665 = CARTESIAN_POINT('',(351.77657022252,-3.));
#4666 = CARTESIAN_POINT('',(350.91933651103,-3.));
#4667 = CARTESIAN_POINT('',(350.06209676594,-3.));
#4668 = CARTESIAN_POINT('',(349.20486712749,-3.));
#4669 = CARTESIAN_POINT('',(348.34764422175,-3.));
#4670 = CARTESIAN_POINT('',(347.49040663589,-3.));
#4671 = CARTESIAN_POINT('',(345.77594702471,-3.));
#4672 = CARTESIAN_POINT('',(344.91871132094,-3.));
#4673 = CARTESIAN_POINT('',(344.06148147184,-3.));
#4674 = CARTESIAN_POINT('',(343.20425409799,-3.));
#4675 = CARTESIAN_POINT('',(342.34702090041,-3.));
#4676 = CARTESIAN_POINT('',(341.48978483167,-3.));
#4677 = CARTESIAN_POINT('',(340.63255905992,-3.));
#4678 = CARTESIAN_POINT('',(339.15188492333,-3.));
#4679 = CARTESIAN_POINT('',(338.5284439584,-3.));
#4680 = CARTESIAN_POINT('',(337.90500299346,-3.));
#4681 = CARTESIAN_POINT('',(337.28156202853,-3.));
#4682 = CARTESIAN_POINT('',(336.6581210636,-3.));
#4683 = CARTESIAN_POINT('',(336.03468009866,-3.));
#4684 = CARTESIAN_POINT('',(335.41123913373,-3.));
#4685 = CARTESIAN_POINT('',(334.0864265109,-3.));
#4686 = CARTESIAN_POINT('',(333.38505511385,-3.));
#4687 = CARTESIAN_POINT('',(332.68368454243,-3.));
#4688 = CARTESIAN_POINT('',(331.98231465384,-3.));
#4689 = CARTESIAN_POINT('',(331.2809448687,-3.));
#4690 = CARTESIAN_POINT('',(330.57957444217,-3.));
#4691 = CARTESIAN_POINT('',(329.87820273496,-3.));
#4692 = CARTESIAN_POINT('',(326.9947840988,-3.));
#4693 = CARTESIAN_POINT('',(324.81273247317,-3.));
#4694 = CARTESIAN_POINT('',(322.63068085136,-3.));
#4695 = CARTESIAN_POINT('',(320.44863320769,-3.));
#4696 = CARTESIAN_POINT('',(318.26659124691,-3.));
#4697 = CARTESIAN_POINT('',(316.08455440424,-3.));
#4698 = CARTESIAN_POINT('',(313.90251984533,-3.));
#4699 = CARTESIAN_POINT('',(310.23981314204,-3.));
#4700 = CARTESIAN_POINT('',(308.75914422406,-3.));
#4701 = CARTESIAN_POINT('',(307.27847480393,-3.));
#4702 = CARTESIAN_POINT('',(305.79780419831,-3.));
#4703 = CARTESIAN_POINT('',(304.31713194898,-3.));
#4704 = CARTESIAN_POINT('',(302.83645782278,-3.));
#4705 = CARTESIAN_POINT('',(301.35578181163,-3.));
#4706 = CARTESIAN_POINT('',(299.25166316764,-3.));
#4707 = CARTESIAN_POINT('',(298.62822220271,-3.));
#4708 = CARTESIAN_POINT('',(298.00478123777,-3.));
#4709 = CARTESIAN_POINT('',(297.38134027284,-3.));
#4710 = CARTESIAN_POINT('',(296.75789930791,-3.));
#4711 = CARTESIAN_POINT('',(296.13445834298,-3.));
#4712 = CARTESIAN_POINT('',(295.51101737804,-3.));
#4713 = CARTESIAN_POINT('',(294.18620569668,-3.));
#4714 = CARTESIAN_POINT('',(293.48483404323,-3.));
#4715 = CARTESIAN_POINT('',(292.78346279494,-3.));
#4716 = CARTESIAN_POINT('',(292.08209206219,-3.));
#4717 = CARTESIAN_POINT('',(291.38072133691,-3.));
#4718 = CARTESIAN_POINT('',(290.67935010594,-3.));
#4719 = CARTESIAN_POINT('',(289.97797846433,-3.));
#4720 = CARTESIAN_POINT('',(288.34144588173,-3.));
#4721 = CARTESIAN_POINT('',(287.40628547259,-3.));
#4722 = CARTESIAN_POINT('',(286.47112703585,-3.));
#4723 = CARTESIAN_POINT('',(285.5359512951,-3.));
#4724 = CARTESIAN_POINT('',(284.60081028095,-3.));
#4725 = CARTESIAN_POINT('',(283.66563662394,-3.));
#4726 = CARTESIAN_POINT('',(282.73047680733,-3.));
#4727 = CARTESIAN_POINT('',(280.86015166133,-3.));
#4728 = CARTESIAN_POINT('',(279.92498214637,-3.));
#4729 = CARTESIAN_POINT('',(278.98983351023,-3.));
#4730 = CARTESIAN_POINT('',(278.05466561594,-3.));
#4731 = CARTESIAN_POINT('',(277.11951187994,-3.));
#4732 = CARTESIAN_POINT('',(276.18433259608,-3.));
#4733 = CARTESIAN_POINT('',(275.24918415298,-3.));
#4734 = CARTESIAN_POINT('',(273.6905836054,-3.));
#4735 = CARTESIAN_POINT('',(273.06714264047,-3.));
#4736 = CARTESIAN_POINT('',(272.44370167554,-3.));
#4737 = CARTESIAN_POINT('',(271.8202607106,-3.));
#4738 = CARTESIAN_POINT('',(271.19681974567,-3.));
#4739 = CARTESIAN_POINT('',(270.57337878074,-3.));
#4740 = CARTESIAN_POINT('',(269.94993781581,-3.));
#4741 = CARTESIAN_POINT('',(268.85891432412,-3.));
#4742 = CARTESIAN_POINT('',(268.39133190257,-3.));
#4743 = CARTESIAN_POINT('',(267.92375036591,-3.));
#4744 = CARTESIAN_POINT('',(267.45617003404,-3.));
#4745 = CARTESIAN_POINT('',(266.98859076714,-3.));
#4746 = CARTESIAN_POINT('',(266.52101196559,-3.));
#4747 = CARTESIAN_POINT('',(266.05343257002,-3.));
#4748 = CARTESIAN_POINT('',(264.80654649084,-3.));
#4749 = CARTESIAN_POINT('',(264.02724853459,-3.));
#4750 = CARTESIAN_POINT('',(263.24795253126,-3.));
#4751 = CARTESIAN_POINT('',(262.4686490472,-3.));
#4752 = CARTESIAN_POINT('',(261.6893399478,-3.));
#4753 = CARTESIAN_POINT('',(260.91003792655,-3.));
#4754 = CARTESIAN_POINT('',(260.13074949194,-3.));
#4755 = CARTESIAN_POINT('',(258.57212729416,-3.));
#4756 = CARTESIAN_POINT('',(257.7928432325,-3.));
#4757 = CARTESIAN_POINT('',(257.01353303264,-3.));
#4758 = CARTESIAN_POINT('',(256.23421962457,-3.));
#4759 = CARTESIAN_POINT('',(255.45492423333,-3.));
#4760 = CARTESIAN_POINT('',(254.675635419,-3.));
#4761 = CARTESIAN_POINT('',(253.89632798616,-3.));
#4762 = CARTESIAN_POINT('',(252.57152091831,-3.));
#4763 = CARTESIAN_POINT('',(252.02601007399,-3.));
#4764 = CARTESIAN_POINT('',(251.48049922968,-3.));
#4765 = CARTESIAN_POINT('',(250.93498838536,-3.));
#4766 = CARTESIAN_POINT('',(250.38947754105,-3.));
#4767 = CARTESIAN_POINT('',(249.84396669673,-3.));
#4768 = CARTESIAN_POINT('',(249.29845585241,-3.));
#4769 = CARTESIAN_POINT('',(247.81777456069,-3.));
#4770 = CARTESIAN_POINT('',(246.88266683618,-3.));
#4771 = CARTESIAN_POINT('',(245.94736377197,-3.));
#4772 = CARTESIAN_POINT('',(245.01242090565,-3.));
#4773 = CARTESIAN_POINT('',(244.07703772824,-3.));
#4774 = CARTESIAN_POINT('',(243.14203069628,-3.));
#4775 = CARTESIAN_POINT('',(242.20679898587,-3.));
#4776 = CARTESIAN_POINT('',(240.33649960553,-3.));
#4777 = CARTESIAN_POINT('',(239.40131526035,-3.));
#4778 = CARTESIAN_POINT('',(238.46615472625,-3.));
#4779 = CARTESIAN_POINT('',(237.5310005658,-3.));
#4780 = CARTESIAN_POINT('',(236.59584729036,-3.));
#4781 = CARTESIAN_POINT('',(235.66068962283,-3.));
#4782 = CARTESIAN_POINT('',(234.72551022995,-3.));
#4783 = CARTESIAN_POINT('',(233.32278112602,-3.));
#4784 = CARTESIAN_POINT('',(232.85520040232,-3.));
#4785 = CARTESIAN_POINT('',(232.38761967862,-3.));
#4786 = CARTESIAN_POINT('',(231.92003895492,-3.));
#4787 = CARTESIAN_POINT('',(231.45245823122,-3.));
#4788 = CARTESIAN_POINT('',(230.98487750752,-3.));
#4789 = CARTESIAN_POINT('',(230.51729678382,-3.));
#4790 = CARTESIAN_POINT('',(229.2704181603,-3.));
#4791 = CARTESIAN_POINT('',(228.49111169446,-3.));
#4792 = CARTESIAN_POINT('',(227.71180911368,-3.));
#4793 = CARTESIAN_POINT('',(226.93251131684,-3.));
#4794 = CARTESIAN_POINT('',(226.15321345045,-3.));
#4795 = CARTESIAN_POINT('',(225.37391070851,-3.));
#4796 = CARTESIAN_POINT('',(224.59460413243,-3.));
#4797 = CARTESIAN_POINT('',(222.95808275912,-3.));
#4798 = CARTESIAN_POINT('',(222.10084095652,-3.));
#4799 = CARTESIAN_POINT('',(221.24363907437,-3.));
#4800 = CARTESIAN_POINT('',(220.38639134319,-3.));
#4801 = CARTESIAN_POINT('',(219.52914689713,-3.));
#4802 = CARTESIAN_POINT('',(218.67194438968,-3.));
#4803 = CARTESIAN_POINT('',(217.81468368083,-3.));
#4804 = CARTESIAN_POINT('',(216.02230671583,-3.));
#4805 = CARTESIAN_POINT('',(215.08707330384,-3.));
#4806 = CARTESIAN_POINT('',(214.15209270996,-3.));
#4807 = CARTESIAN_POINT('',(213.21667977746,-3.));
#4808 = CARTESIAN_POINT('',(212.28172680104,-3.));
#4809 = CARTESIAN_POINT('',(211.34646084186,-3.));
#4810 = CARTESIAN_POINT('',(210.41133031335,-3.));
#4811 = CARTESIAN_POINT('',(208.541008871,-3.));
#4812 = CARTESIAN_POINT('',(207.6058536293,-3.));
#4813 = CARTESIAN_POINT('',(206.67065178038,-3.));
#4814 = CARTESIAN_POINT('',(205.73560997937,-3.));
#4815 = CARTESIAN_POINT('',(204.80028909751,-3.));
#4816 = CARTESIAN_POINT('',(203.86523502995,-3.));
#4817 = CARTESIAN_POINT('',(202.9300369393,-3.));
#4818 = CARTESIAN_POINT('',(201.44936088795,-3.));
#4819 = CARTESIAN_POINT('',(200.90385238277,-3.));
#4820 = CARTESIAN_POINT('',(200.35834433178,-3.));
#4821 = CARTESIAN_POINT('',(199.81283498237,-3.));
#4822 = CARTESIAN_POINT('',(199.26732362005,-3.));
#4823 = CARTESIAN_POINT('',(198.72181056854,-3.));
#4824 = CARTESIAN_POINT('',(198.17629718971,-3.));
#4825 = CARTESIAN_POINT('',(196.77354937059,-3.));
#4826 = CARTESIAN_POINT('',(195.91632898941,-3.));
#4827 = CARTESIAN_POINT('',(195.05909527783,-3.));
#4828 = CARTESIAN_POINT('',(194.20185553279,-3.));
#4829 = CARTESIAN_POINT('',(193.34462589439,-3.));
#4830 = CARTESIAN_POINT('',(192.48740298854,-3.));
#4831 = CARTESIAN_POINT('',(191.63016540276,-3.));
#4832 = CARTESIAN_POINT('',(189.9157057916,-3.));
#4833 = CARTESIAN_POINT('',(189.05847008768,-3.));
#4834 = CARTESIAN_POINT('',(188.2012402388,-3.));
#4835 = CARTESIAN_POINT('',(187.34401286483,-3.));
#4836 = CARTESIAN_POINT('',(186.48677966714,-3.));
#4837 = CARTESIAN_POINT('',(185.62954359863,-3.));
#4838 = CARTESIAN_POINT('',(184.77231782673,-3.));
#4839 = CARTESIAN_POINT('',(183.29164369018,-3.));
#4840 = CARTESIAN_POINT('',(182.66820272524,-3.));
#4841 = CARTESIAN_POINT('',(182.04476176031,-3.));
#4842 = CARTESIAN_POINT('',(181.42132079538,-3.));
#4843 = CARTESIAN_POINT('',(180.79787983044,-3.));
#4844 = CARTESIAN_POINT('',(180.17443886551,-3.));
#4845 = CARTESIAN_POINT('',(179.55099790058,-3.));
#4846 = CARTESIAN_POINT('',(178.22618527775,-3.));
#4847 = CARTESIAN_POINT('',(177.5248138807,-3.));
#4848 = CARTESIAN_POINT('',(176.82344330928,-3.));
#4849 = CARTESIAN_POINT('',(176.12207342068,-3.));
#4850 = CARTESIAN_POINT('',(175.42070363555,-3.));
#4851 = CARTESIAN_POINT('',(174.71933320902,-3.));
#4852 = CARTESIAN_POINT('',(174.01796150181,-3.));
#4853 = CARTESIAN_POINT('',(171.13454286565,-3.));
#4854 = CARTESIAN_POINT('',(168.95249124002,-3.));
#4855 = CARTESIAN_POINT('',(166.77043961821,-3.));
#4856 = CARTESIAN_POINT('',(164.58839197454,-3.));
#4857 = CARTESIAN_POINT('',(162.40635001376,-3.));
#4858 = CARTESIAN_POINT('',(160.22431317109,-3.));
#4859 = CARTESIAN_POINT('',(158.04227861218,-3.));
#4860 = CARTESIAN_POINT('',(154.37957190889,-3.));
#4861 = CARTESIAN_POINT('',(152.89890299091,-3.));
#4862 = CARTESIAN_POINT('',(151.41823357078,-3.));
#4863 = CARTESIAN_POINT('',(149.93756296516,-3.));
#4864 = CARTESIAN_POINT('',(148.45689071583,-3.));
#4865 = CARTESIAN_POINT('',(146.97621658963,-3.));
#4866 = CARTESIAN_POINT('',(145.49554057848,-3.));
#4867 = CARTESIAN_POINT('',(143.39142193449,-3.));
#4868 = CARTESIAN_POINT('',(142.76798096956,-3.));
#4869 = CARTESIAN_POINT('',(142.14454000462,-3.));
#4870 = CARTESIAN_POINT('',(141.52109903969,-3.));
#4871 = CARTESIAN_POINT('',(140.89765807476,-3.));
#4872 = CARTESIAN_POINT('',(140.27421710983,-3.));
#4873 = CARTESIAN_POINT('',(139.65077614489,-3.));
#4874 = CARTESIAN_POINT('',(138.32596446353,-3.));
#4875 = CARTESIAN_POINT('',(137.62459281008,-3.));
#4876 = CARTESIAN_POINT('',(136.92322156179,-3.));
#4877 = CARTESIAN_POINT('',(136.22185082904,-3.));
#4878 = CARTESIAN_POINT('',(135.52048010376,-3.));
#4879 = CARTESIAN_POINT('',(134.81910887279,-3.));
#4880 = CARTESIAN_POINT('',(134.11773723118,-3.));
#4881 = CARTESIAN_POINT('',(132.48120464858,-3.));
#4882 = CARTESIAN_POINT('',(131.54604423941,-3.));
#4883 = CARTESIAN_POINT('',(130.61088580278,-3.));
#4884 = CARTESIAN_POINT('',(129.67571006179,-3.));
#4885 = CARTESIAN_POINT('',(128.74056904798,-3.));
#4886 = CARTESIAN_POINT('',(127.80539539068,-3.));
#4887 = CARTESIAN_POINT('',(126.87023557421,-3.));
#4888 = CARTESIAN_POINT('',(124.99991042819,-3.));
#4889 = CARTESIAN_POINT('',(124.06474091315,-3.));
#4890 = CARTESIAN_POINT('',(123.12959227722,-3.));
#4891 = CARTESIAN_POINT('',(122.1944243826,-3.));
#4892 = CARTESIAN_POINT('',(121.25927064694,-3.));
#4893 = CARTESIAN_POINT('',(120.32409136287,-3.));
#4894 = CARTESIAN_POINT('',(119.38894291984,-3.));
#4895 = CARTESIAN_POINT('',(117.83034237225,-3.));
#4896 = CARTESIAN_POINT('',(117.20690140732,-3.));
#4897 = CARTESIAN_POINT('',(116.58346044239,-3.));
#4898 = CARTESIAN_POINT('',(115.96001947745,-3.));
#4899 = CARTESIAN_POINT('',(115.33657851252,-3.));
#4900 = CARTESIAN_POINT('',(114.71313754759,-3.));
#4901 = CARTESIAN_POINT('',(114.08969658266,-3.));
#4902 = CARTESIAN_POINT('',(112.99867309097,-3.));
#4903 = CARTESIAN_POINT('',(112.53109066942,-3.));
#4904 = CARTESIAN_POINT('',(112.06350913276,-3.));
#4905 = CARTESIAN_POINT('',(111.59592880089,-3.));
#4906 = CARTESIAN_POINT('',(111.12834953399,-3.));
#4907 = CARTESIAN_POINT('',(110.66077073244,-3.));
#4908 = CARTESIAN_POINT('',(110.19319133686,-3.));
#4909 = CARTESIAN_POINT('',(108.9463052577,-3.));
#4910 = CARTESIAN_POINT('',(108.16700730144,-3.));
#4911 = CARTESIAN_POINT('',(107.38771129811,-3.));
#4912 = CARTESIAN_POINT('',(106.60840781406,-3.));
#4913 = CARTESIAN_POINT('',(105.82909871465,-3.));
#4914 = CARTESIAN_POINT('',(105.0497966934,-3.));
#4915 = CARTESIAN_POINT('',(104.27050825879,-3.));
#4916 = CARTESIAN_POINT('',(102.71188606101,-3.));
#4917 = CARTESIAN_POINT('',(101.93260199935,-3.));
#4918 = CARTESIAN_POINT('',(101.15329179949,-3.));
#4919 = CARTESIAN_POINT('',(100.37397839142,-3.));
#4920 = CARTESIAN_POINT('',(99.594683000186,-3.));
#4921 = CARTESIAN_POINT('',(98.815394185859,-3.));
#4922 = CARTESIAN_POINT('',(98.036086753014,-3.));
#4923 = CARTESIAN_POINT('',(96.711279685164,-3.));
#4924 = CARTESIAN_POINT('',(96.165768840849,-3.));
#4925 = CARTESIAN_POINT('',(95.620257996533,-3.));
#4926 = CARTESIAN_POINT('',(95.074747152217,-3.));
#4927 = CARTESIAN_POINT('',(94.529236307901,-3.));
#4928 = CARTESIAN_POINT('',(93.983725463584,-3.));
#4929 = CARTESIAN_POINT('',(93.438214619268,-3.));
#4930 = CARTESIAN_POINT('',(91.957533327487,-3.));
#4931 = CARTESIAN_POINT('',(91.022425603286,-3.));
#4932 = CARTESIAN_POINT('',(90.087122538272,-3.));
#4933 = CARTESIAN_POINT('',(89.152179673227,-3.));
#4934 = CARTESIAN_POINT('',(88.216796494514,-3.));
#4935 = CARTESIAN_POINT('',(87.281789463412,-3.));
#4936 = CARTESIAN_POINT('',(86.346557752661,-3.));
#4937 = CARTESIAN_POINT('',(84.476258372384,-3.));
#4938 = CARTESIAN_POINT('',(83.541074027209,-3.));
#4939 = CARTESIAN_POINT('',(82.605913493108,-3.));
#4940 = CARTESIAN_POINT('',(81.67075933265,-3.));
#4941 = CARTESIAN_POINT('',(80.735606057211,-3.));
#4942 = CARTESIAN_POINT('',(79.800448389701,-3.));
#4943 = CARTESIAN_POINT('',(78.865268996801,-3.));
#4944 = CARTESIAN_POINT('',(77.46253989287,-3.));
#4945 = CARTESIAN_POINT('',(76.994959169171,-3.));
#4946 = CARTESIAN_POINT('',(76.527378445472,-3.));
#4947 = CARTESIAN_POINT('',(76.059797721772,-3.));
#4948 = CARTESIAN_POINT('',(75.592216998073,-3.));
#4949 = CARTESIAN_POINT('',(75.124636274373,-3.));
#4950 = CARTESIAN_POINT('',(74.657055550674,-3.));
#4951 = CARTESIAN_POINT('',(73.410176927153,-3.));
#4952 = CARTESIAN_POINT('',(72.630870461314,-3.));
#4953 = CARTESIAN_POINT('',(71.85156788054,-3.));
#4954 = CARTESIAN_POINT('',(71.072270083698,-3.));
#4955 = CARTESIAN_POINT('',(70.292972217301,-3.));
#4956 = CARTESIAN_POINT('',(69.513669475368,-3.));
#4957 = CARTESIAN_POINT('',(68.734362899281,-3.));
#4958 = CARTESIAN_POINT('',(67.097841525991,-3.));
#4959 = CARTESIAN_POINT('',(66.240599723322,-3.));
#4960 = CARTESIAN_POINT('',(65.383397841273,-3.));
#4961 = CARTESIAN_POINT('',(64.52615011005,-3.));
#4962 = CARTESIAN_POINT('',(63.668905663961,-3.));
#4963 = CARTESIAN_POINT('',(62.811703156593,-3.));
#4964 = CARTESIAN_POINT('',(61.95444244764,-3.));
#4965 = CARTESIAN_POINT('',(60.162065482347,-3.));
#4966 = CARTESIAN_POINT('',(59.226832070594,-3.));
#4967 = CARTESIAN_POINT('',(58.291851477158,-3.));
#4968 = CARTESIAN_POINT('',(57.356438545461,-3.));
#4969 = CARTESIAN_POINT('',(56.421485566274,-3.));
#4970 = CARTESIAN_POINT('',(55.486219608827,-3.));
#4971 = CARTESIAN_POINT('',(54.551089080663,-3.));
#4972 = CARTESIAN_POINT('',(52.680767637232,-3.));
#4973 = CARTESIAN_POINT('',(51.745612398171,-3.));
#4974 = CARTESIAN_POINT('',(50.810410547201,-3.));
#4975 = CARTESIAN_POINT('',(49.875368745613,-3.));
#4976 = CARTESIAN_POINT('',(48.940047876213,-3.));
#4977 = CARTESIAN_POINT('',(48.004993823961,-3.));
#4978 = CARTESIAN_POINT('',(47.06979571539,-3.));
#4979 = CARTESIAN_POINT('',(45.589119642977,-3.));
#4980 = CARTESIAN_POINT('',(45.043611124649,-3.));
#4981 = CARTESIAN_POINT('',(44.498103066295,-3.));
#4982 = CARTESIAN_POINT('',(43.952593718568,-3.));
#4983 = CARTESIAN_POINT('',(43.407082366508,-3.));
#4984 = CARTESIAN_POINT('',(42.861569329537,-3.));
#4985 = CARTESIAN_POINT('',(42.316055961464,-3.));
#4986 = CARTESIAN_POINT('',(40.913308102639,-3.));
#4987 = CARTESIAN_POINT('',(40.056087788137,-3.));
#4988 = CARTESIAN_POINT('',(39.198854042043,-3.));
#4989 = CARTESIAN_POINT('',(38.341614307438,-3.));
#4990 = CARTESIAN_POINT('',(37.484384670846,-3.));
#4991 = CARTESIAN_POINT('',(36.627161714777,-3.));
#4992 = CARTESIAN_POINT('',(35.769924193259,-3.));
#4993 = CARTESIAN_POINT('',(34.05546293716,-3.));
#4994 = CARTESIAN_POINT('',(33.198229817619,-3.));
#4995 = CARTESIAN_POINT('',(32.341002992021,-3.));
#4996 = CARTESIAN_POINT('',(31.483777320697,-3.));
#4997 = CARTESIAN_POINT('',(30.626543810071,-3.));
#4998 = CARTESIAN_POINT('',(29.769305503898,-3.));
#4999 = CARTESIAN_POINT('',(28.912076811874,-3.));
#5000 = CARTESIAN_POINT('',(27.509335064747,-3.));
#5001 = CARTESIAN_POINT('',(26.963827691003,-3.));
#5002 = CARTESIAN_POINT('',(26.41831964049,-3.));
#5003 = CARTESIAN_POINT('',(25.872809903533,-3.));
#5004 = CARTESIAN_POINT('',(25.327298121019,-3.));
#5005 = CARTESIAN_POINT('',(24.781784584395,-3.));
#5006 = CARTESIAN_POINT('',(24.236270235675,-3.));
#5007 = CARTESIAN_POINT('',(22.911445107255,-3.));
#5008 = CARTESIAN_POINT('',(22.132133775966,-3.));
#5009 = CARTESIAN_POINT('',(21.352824765307,-3.));
#5010 = CARTESIAN_POINT('',(20.573519121916,-3.));
#5011 = CARTESIAN_POINT('',(19.794217795733,-3.));
#5012 = CARTESIAN_POINT('',(19.014921850273,-3.));
#5013 = CARTESIAN_POINT('',(18.235631934757,-3.));
#5014 = CARTESIAN_POINT('',(16.599115691326,-3.));
#5015 = CARTESIAN_POINT('',(15.741884364543,-3.));
#5016 = CARTESIAN_POINT('',(14.884653037761,-3.));
#5017 = CARTESIAN_POINT('',(14.027421710979,-3.));
#5018 = CARTESIAN_POINT('',(13.170190384196,-3.));
#5019 = CARTESIAN_POINT('',(12.312959057414,-3.));
#5020 = CARTESIAN_POINT('',(11.455727730632,-3.));
#5021 = CARTESIAN_POINT('',(9.273778414583,-3.));
#5022 = CARTESIAN_POINT('',(7.949050758616,-3.));
#5023 = CARTESIAN_POINT('',(6.624303684886,-3.));
#5024 = CARTESIAN_POINT('',(5.299528360007,-3.));
#5025 = CARTESIAN_POINT('',(3.97471686827,-3.));
#5026 = CARTESIAN_POINT('',(2.649862211646,-3.));
#5027 = CARTESIAN_POINT('',(1.324958309781,-3.));
#5028 = CARTESIAN_POINT('',(0.,-3.));
#5029 = ( GEOMETRIC_REPRESENTATION_CONTEXT(2) 
PARAMETRIC_REPRESENTATION_CONTEXT() REPRESENTATION_CONTEXT('2D SPACE',''
  ) );
#5030 = ADVANCED_FACE('',(#5031),#2228,.T.);
#5031 = FACE_BOUND('',#5032,.T.);
#5032 = EDGE_LOOP('',(#5033,#5034,#5055,#5056));
#5033 = ORIENTED_EDGE('',*,*,#912,.T.);
#5034 = ORIENTED_EDGE('',*,*,#5035,.T.);
#5035 = EDGE_CURVE('',#913,#3059,#5036,.T.);
#5036 = SEAM_CURVE('',#5037,(#5041,#5048),.PCURVE_S1.);
#5037 = LINE('',#5038,#5039);
#5038 = CARTESIAN_POINT('',(88.5,-1.33226762955E-15,-1.));
#5039 = VECTOR('',#5040,1.);
#5040 = DIRECTION('',(0.,0.,1.));
#5041 = PCURVE('',#2228,#5042);
#5042 = DEFINITIONAL_REPRESENTATION('',(#5043),#5047);
#5043 = LINE('',#5044,#5045);
#5044 = CARTESIAN_POINT('',(623.4409649326,0.));
#5045 = VECTOR('',#5046,1.);
#5046 = DIRECTION('',(0.,-1.));
#5047 = ( GEOMETRIC_REPRESENTATION_CONTEXT(2) 
PARAMETRIC_REPRESENTATION_CONTEXT() REPRESENTATION_CONTEXT('2D SPACE',''
  ) );
#5048 = PCURVE('',#2228,#5049);
#5049 = DEFINITIONAL_REPRESENTATION('',(#5050),#5054);
#5050 = LINE('',#5051,#5052);
#5051 = CARTESIAN_POINT('',(0.,0.));
#5052 = VECTOR('',#5053,1.);
#5053 = DIRECTION('',(0.,-1.));
#5054 = ( GEOMETRIC_REPRESENTATION_CONTEXT(2) 
PARAMETRIC_REPRESENTATION_CONTEXT() REPRESENTATION_CONTEXT('2D SPACE',''
  ) );
#5055 = ORIENTED_EDGE('',*,*,#3058,.F.);
#5056 = ORIENTED_EDGE('',*,*,#5035,.F.);
#5057 = ( GEOMETRIC_REPRESENTATION_CONTEXT(3) 
GLOBAL_UNCERTAINTY_ASSIGNED_CONTEXT((#5061)) 
GLOBAL_UNIT_ASSIGNED_CONTEXT((#5058,#5059,#5060)) REPRESENTATION_CONTEXT
('Context #1','3D Context with UNIT and UNCERTAINTY') );
#5058 = ( LENGTH_UNIT() NAMED_UNIT(*) SI_UNIT(.MILLI.,.METRE.) );
#5059 = ( NAMED_UNIT(*) PLANE_ANGLE_UNIT() SI_UNIT($,.RADIAN.) );
#5060 = ( NAMED_UNIT(*) SI_UNIT($,.STERADIAN.) SOLID_ANGLE_UNIT() );
#5061 = UNCERTAINTY_MEASURE_WITH_UNIT(LENGTH_MEASURE(1.E-05),#5058,
  'distance_accuracy_value','confusion accuracy');
#5062 = PRODUCT_RELATED_PRODUCT_CATEGORY('part',$,(#7));
ENDSEC;
END-ISO-10303-21;
