ISO-10303-21;
HEADER;
FILE_DESCRIPTION(('Open CASCADE Model'),'2;1');
FILE_NAME('Open CASCADE Shape Model','2026-07-28T23:32:23',('Author'),(
    'Open CASCADE'),'Open CASCADE STEP processor 7.8','Open CASCADE 7.8'
  ,'Unknown');
FILE_SCHEMA(('AUTOMOTIVE_DESIGN { 1 0 10303 214 1 1 1 1 }'));
ENDSEC;
DATA;
#1 = APPLICATION_PROTOCOL_DEFINITION('international standard',
  'automotive_design',2000,#2);
#2 = APPLICATION_CONTEXT(
  'core data for automotive mechanical design processes');
#3 = SHAPE_DEFINITION_REPRESENTATION(#4,#10);
#4 = PRODUCT_DEFINITION_SHAPE('','',#5);
#5 = PRODUCT_DEFINITION('design','',#6,#9);
#6 = PRODUCT_DEFINITION_FORMATION('','',#7);
#7 = PRODUCT('Open CASCADE STEP translator 7.8 5',
  'Open CASCADE STEP translator 7.8 5','',(#8));
#8 = PRODUCT_CONTEXT('',#2,'mechanical');
#9 = PRODUCT_DEFINITION_CONTEXT('part definition',#2,'design');
#10 = ADVANCED_BREP_SHAPE_REPRESENTATION('',(#11,#15),#7795);
#11 = AXIS2_PLACEMENT_3D('',#12,#13,#14);
#12 = CARTESIAN_POINT('',(0.,0.,0.));
#13 = DIRECTION('',(0.,0.,1.));
#14 = DIRECTION('',(1.,0.,-0.));
#15 = MANIFOLD_SOLID_BREP('',#16);
#16 = CLOSED_SHELL('',(#17,#873,#1595,#1644,#1693,#2213,#2367,#2413,
    #2540,#2728,#2798,#2844,#2892,#2969,#3015,#3061,#3094,#3171,#3217,
    #3263,#3296,#3619,#3942,#3968,#3994,#4148,#4193,#4531,#4557,#4745,
    #4771,#5109,#5135,#5307,#5314,#5474,#5520,#5643,#5650,#5657,#5664,
    #5740,#5795,#5849,#5882,#5959,#6013,#6068,#6095,#6196,#6250,#6329,
    #6356,#6389,#6413,#6446,#6505,#6588,#6665,#6714,#6786,#6868,#6922,
    #6994,#7101,#7155,#7252,#7329,#7401,#7429,#7457,#7510,#7563,#7594,
    #7622,#7672,#7679,#7707,#7759,#7766));
#17 = ADVANCED_FACE('',(#18,#166,#621,#747),#32,.T.);
#18 = FACE_BOUND('',#19,.T.);
#19 = EDGE_LOOP('',(#20,#55,#98,#125));
#20 = ORIENTED_EDGE('',*,*,#21,.F.);
#21 = EDGE_CURVE('',#22,#24,#26,.T.);
#22 = VERTEX_POINT('',#23);
#23 = CARTESIAN_POINT('',(-59.5,102.5,-30.5));
#24 = VERTEX_POINT('',#25);
#25 = CARTESIAN_POINT('',(59.5,102.5,-30.5));
#26 = SURFACE_CURVE('',#27,(#31,#43),.PCURVE_S1.);
#27 = LINE('',#28,#29);
#28 = CARTESIAN_POINT('',(-59.5,102.5,-30.5));
#29 = VECTOR('',#30,1.);
#30 = DIRECTION('',(1.,0.,0.));
#31 = PCURVE('',#32,#37);
#32 = B_SPLINE_SURFACE_WITH_KNOTS('',1,1,(
    (#33,#34)
    ,(#35,#36
  )),.UNSPECIFIED.,.F.,.F.,.F.,(2,2),(2,2),(-119.,0.),(0.,1.),
  .PIECEWISE_BEZIER_KNOTS.);
#33 = CARTESIAN_POINT('',(59.5,102.5,-30.5));
#34 = CARTESIAN_POINT('',(45.,60.,0.));
#35 = CARTESIAN_POINT('',(-59.5,102.5,-30.5));
#36 = CARTESIAN_POINT('',(-45.,60.,0.));
#37 = DEFINITIONAL_REPRESENTATION('',(#38),#42);
#38 = LINE('',#39,#40);
#39 = CARTESIAN_POINT('',(0.,0.));
#40 = VECTOR('',#41,1.);
#41 = DIRECTION('',(-1.,0.));
#42 = ( GEOMETRIC_REPRESENTATION_CONTEXT(2) 
PARAMETRIC_REPRESENTATION_CONTEXT() REPRESENTATION_CONTEXT('2D SPACE',''
  ) );
#43 = PCURVE('',#44,#49);
#44 = PLANE('',#45);
#45 = AXIS2_PLACEMENT_3D('',#46,#47,#48);
#46 = CARTESIAN_POINT('',(-59.5,69.5,-30.5));
#47 = DIRECTION('',(0.,0.,1.));
#48 = DIRECTION('',(1.,0.,0.));
#49 = DEFINITIONAL_REPRESENTATION('',(#50),#54);
#50 = LINE('',#51,#52);
#51 = CARTESIAN_POINT('',(0.,33.));
#52 = VECTOR('',#53,1.);
#53 = DIRECTION('',(1.,0.));
#54 = ( GEOMETRIC_REPRESENTATION_CONTEXT(2) 
PARAMETRIC_REPRESENTATION_CONTEXT() REPRESENTATION_CONTEXT('2D SPACE',''
  ) );
#55 = ORIENTED_EDGE('',*,*,#56,.T.);
#56 = EDGE_CURVE('',#22,#57,#59,.T.);
#57 = VERTEX_POINT('',#58);
#58 = CARTESIAN_POINT('',(-45.,60.,0.));
#59 = SURFACE_CURVE('',#60,(#63,#70),.PCURVE_S1.);
#60 = B_SPLINE_CURVE_WITH_KNOTS('',1,(#61,#62),.UNSPECIFIED.,.F.,.F.,(2,
    2),(0.,1.),.PIECEWISE_BEZIER_KNOTS.);
#61 = CARTESIAN_POINT('',(-59.5,102.5,-30.5));
#62 = CARTESIAN_POINT('',(-45.,60.,0.));
#63 = PCURVE('',#32,#64);
#64 = DEFINITIONAL_REPRESENTATION('',(#65),#69);
#65 = LINE('',#66,#67);
#66 = CARTESIAN_POINT('',(0.,0.));
#67 = VECTOR('',#68,1.);
#68 = DIRECTION('',(0.,1.));
#69 = ( GEOMETRIC_REPRESENTATION_CONTEXT(2) 
PARAMETRIC_REPRESENTATION_CONTEXT() REPRESENTATION_CONTEXT('2D SPACE',''
  ) );
#70 = PCURVE('',#71,#92);
#71 = B_SPLINE_SURFACE_WITH_KNOTS('',9,1,(
    (#72,#73)
    ,(#74,#75)
    ,(#76,#77)
    ,(#78,#79)
    ,(#80,#81)
    ,(#82,#83)
    ,(#84,#85)
    ,(#86,#87)
    ,(#88,#89)
    ,(#90,#91
    )),.UNSPECIFIED.,.F.,.F.,.F.,(10,10),(2,2),(1.570796326795,
    3.14159265359),(0.,1.),.PIECEWISE_BEZIER_KNOTS.);
#72 = CARTESIAN_POINT('',(-59.5,102.5,-30.5));
#73 = CARTESIAN_POINT('',(-45.,60.,0.));
#74 = CARTESIAN_POINT('',(-65.25958653158,102.49999999999,-30.5));
#75 = CARTESIAN_POINT('',(-47.61799387799,60.,0.));
#76 = CARTESIAN_POINT('',(-71.0191731457,101.36910792046,-30.5));
#77 = CARTESIAN_POINT('',(-50.23598847704,59.48595746212,0.));
#78 = CARTESIAN_POINT('',(-76.52498753429,99.107322970208,-30.5));
#79 = CARTESIAN_POINT('',(-52.73862806087,58.457876713907,0.));
#80 = CARTESIAN_POINT('',(-81.52326098108,95.781085800548,-30.5));
#81 = CARTESIAN_POINT('',(-55.0105778604,56.945943403976,0.));
#82 = CARTESIAN_POINT('',(-85.78108580053,91.523260981077,-30.5));
#83 = CARTESIAN_POINT('',(-56.94594340397,55.0105778604,0.));
#84 = CARTESIAN_POINT('',(-89.10732297021,86.524987534306,
    -30.49999999999));
#85 = CARTESIAN_POINT('',(-58.4578767139,52.738628060871,0.));
#86 = CARTESIAN_POINT('',(-91.36910792046,81.019173145699,-30.5));
#87 = CARTESIAN_POINT('',(-59.48595746212,50.235988477047,0.));
#88 = CARTESIAN_POINT('',(-92.5,75.259586531581,-30.5));
#89 = CARTESIAN_POINT('',(-60.,47.617993877991,0.));
#90 = CARTESIAN_POINT('',(-92.5,69.5,-30.5));
#91 = CARTESIAN_POINT('',(-60.,45.,0.));
#92 = DEFINITIONAL_REPRESENTATION('',(#93),#97);
#93 = LINE('',#94,#95);
#94 = CARTESIAN_POINT('',(1.570796326795,0.));
#95 = VECTOR('',#96,1.);
#96 = DIRECTION('',(0.,1.));
#97 = ( GEOMETRIC_REPRESENTATION_CONTEXT(2) 
PARAMETRIC_REPRESENTATION_CONTEXT() REPRESENTATION_CONTEXT('2D SPACE',''
  ) );
#98 = ORIENTED_EDGE('',*,*,#99,.T.);
#99 = EDGE_CURVE('',#57,#100,#102,.T.);
#100 = VERTEX_POINT('',#101);
#101 = CARTESIAN_POINT('',(45.,60.,0.));
#102 = SURFACE_CURVE('',#103,(#107,#113),.PCURVE_S1.);
#103 = LINE('',#104,#105);
#104 = CARTESIAN_POINT('',(-45.,60.,0.));
#105 = VECTOR('',#106,1.);
#106 = DIRECTION('',(1.,0.,0.));
#107 = PCURVE('',#32,#108);
#108 = DEFINITIONAL_REPRESENTATION('',(#109),#112);
#109 = B_SPLINE_CURVE_WITH_KNOTS('',1,(#110,#111),.UNSPECIFIED.,.F.,.F.,
  (2,2),(0.,90.),.PIECEWISE_BEZIER_KNOTS.);
#110 = CARTESIAN_POINT('',(0.,1.));
#111 = CARTESIAN_POINT('',(-119.,1.));
#112 = ( GEOMETRIC_REPRESENTATION_CONTEXT(2) 
PARAMETRIC_REPRESENTATION_CONTEXT() REPRESENTATION_CONTEXT('2D SPACE',''
  ) );
#113 = PCURVE('',#114,#119);
#114 = PLANE('',#115);
#115 = AXIS2_PLACEMENT_3D('',#116,#117,#118);
#116 = CARTESIAN_POINT('',(-45.,45.,0.));
#117 = DIRECTION('',(0.,0.,1.));
#118 = DIRECTION('',(1.,0.,0.));
#119 = DEFINITIONAL_REPRESENTATION('',(#120),#124);
#120 = LINE('',#121,#122);
#121 = CARTESIAN_POINT('',(0.,15.));
#122 = VECTOR('',#123,1.);
#123 = DIRECTION('',(1.,0.));
#124 = ( GEOMETRIC_REPRESENTATION_CONTEXT(2) 
PARAMETRIC_REPRESENTATION_CONTEXT() REPRESENTATION_CONTEXT('2D SPACE',''
  ) );
#125 = ORIENTED_EDGE('',*,*,#126,.F.);
#126 = EDGE_CURVE('',#24,#100,#127,.T.);
#127 = SURFACE_CURVE('',#128,(#131,#138),.PCURVE_S1.);
#128 = B_SPLINE_CURVE_WITH_KNOTS('',1,(#129,#130),.UNSPECIFIED.,.F.,.F.,
  (2,2),(0.,1.),.PIECEWISE_BEZIER_KNOTS.);
#129 = CARTESIAN_POINT('',(59.5,102.5,-30.5));
#130 = CARTESIAN_POINT('',(45.,60.,0.));
#131 = PCURVE('',#32,#132);
#132 = DEFINITIONAL_REPRESENTATION('',(#133),#137);
#133 = LINE('',#134,#135);
#134 = CARTESIAN_POINT('',(-119.,0.));
#135 = VECTOR('',#136,1.);
#136 = DIRECTION('',(0.,1.));
#137 = ( GEOMETRIC_REPRESENTATION_CONTEXT(2) 
PARAMETRIC_REPRESENTATION_CONTEXT() REPRESENTATION_CONTEXT('2D SPACE',''
  ) );
#138 = PCURVE('',#139,#160);
#139 = B_SPLINE_SURFACE_WITH_KNOTS('',9,1,(
    (#140,#141)
    ,(#142,#143)
    ,(#144,#145)
    ,(#146,#147)
    ,(#148,#149)
    ,(#150,#151)
    ,(#152,#153)
    ,(#154,#155)
    ,(#156,#157)
    ,(#158,#159
    )),.UNSPECIFIED.,.F.,.F.,.F.,(10,10),(2,2),(0.,1.570796326795),(0.,
    1.),.PIECEWISE_BEZIER_KNOTS.);
#140 = CARTESIAN_POINT('',(92.5,69.5,-30.5));
#141 = CARTESIAN_POINT('',(60.,45.,0.));
#142 = CARTESIAN_POINT('',(92.499999999999,75.25958653158,-30.5));
#143 = CARTESIAN_POINT('',(60.,47.617993877991,0.));
#144 = CARTESIAN_POINT('',(91.369107920471,81.019173145703,-30.5));
#145 = CARTESIAN_POINT('',(59.485957462119,50.235988477047,0.));
#146 = CARTESIAN_POINT('',(89.107322970201,86.524987534297,
    -30.49999999999));
#147 = CARTESIAN_POINT('',(58.457876713909,52.738628060872,0.));
#148 = CARTESIAN_POINT('',(85.781085800559,91.52326098109,-30.5));
#149 = CARTESIAN_POINT('',(56.945943403975,55.0105778604,0.));
#150 = CARTESIAN_POINT('',(81.523260981066,95.781085800534,
    -30.49999999999));
#151 = CARTESIAN_POINT('',(55.010577860399,56.945943403975,0.));
#152 = CARTESIAN_POINT('',(76.524987534314,99.107322970219,-30.5));
#153 = CARTESIAN_POINT('',(52.738628060872,58.457876713908,0.));
#154 = CARTESIAN_POINT('',(71.019173145696,101.36910792046,
    -30.49999999999));
#155 = CARTESIAN_POINT('',(50.235988477046,59.485957462119,0.));
#156 = CARTESIAN_POINT('',(65.259586531582,102.5,-30.5));
#157 = CARTESIAN_POINT('',(47.617993877992,60.,0.));
#158 = CARTESIAN_POINT('',(59.5,102.5,-30.5));
#159 = CARTESIAN_POINT('',(45.,60.,0.));
#160 = DEFINITIONAL_REPRESENTATION('',(#161),#165);
#161 = LINE('',#162,#163);
#162 = CARTESIAN_POINT('',(1.570796326795,0.));
#163 = VECTOR('',#164,1.);
#164 = DIRECTION('',(0.,1.));
#165 = ( GEOMETRIC_REPRESENTATION_CONTEXT(2) 
PARAMETRIC_REPRESENTATION_CONTEXT() REPRESENTATION_CONTEXT('2D SPACE',''
  ) );
#166 = FACE_BOUND('',#167,.T.);
#167 = EDGE_LOOP('',(#168,#300,#325,#374,#399,#448,#468,#598));
#168 = ORIENTED_EDGE('',*,*,#169,.F.);
#169 = EDGE_CURVE('',#170,#172,#174,.T.);
#170 = VERTEX_POINT('',#171);
#171 = CARTESIAN_POINT('',(-3.5,80.,-14.35294117647));
#172 = VERTEX_POINT('',#173);
#173 = CARTESIAN_POINT('',(-3.5,74.,-10.04705882352));
#174 = SURFACE_CURVE('',#175,(#213,#254),.PCURVE_S1.);
#175 = B_SPLINE_CURVE_WITH_KNOTS('',8,(#176,#177,#178,#179,#180,#181,
    #182,#183,#184,#185,#186,#187,#188,#189,#190,#191,#192,#193,#194,
    #195,#196,#197,#198,#199,#200,#201,#202,#203,#204,#205,#206,#207,
    #208,#209,#210,#211,#212),.UNSPECIFIED.,.F.,.F.,(9,7,7,7,7,9),(0.,
    6.613303604004E-02,0.533878856196,0.767754148467,0.884692458699,1.),
  .UNSPECIFIED.);
#176 = CARTESIAN_POINT('',(-3.5,82.295081967213,-16.));
#177 = CARTESIAN_POINT('',(-3.5,82.258794269927,-15.97395824077));
#178 = CARTESIAN_POINT('',(-3.5,82.196685197815,-15.92938584784));
#179 = CARTESIAN_POINT('',(-3.5,82.125186042758,-15.8780746895));
#180 = CARTESIAN_POINT('',(-3.5,82.05490971753,-15.8276410914));
#181 = CARTESIAN_POINT('',(-3.5,81.990837348069,-15.7816597439));
#182 = CARTESIAN_POINT('',(-3.5,81.932504865753,-15.73979760954));
#183 = CARTESIAN_POINT('',(-3.5,81.874189599671,-15.69794783035));
#184 = CARTESIAN_POINT('',(-3.5,81.316417716108,-15.29766447861));
#185 = CARTESIAN_POINT('',(-3.5,80.827740126973,-14.94696644406));
#186 = CARTESIAN_POINT('',(-3.5,80.339064134504,-14.59626955535));
#187 = CARTESIAN_POINT('',(-3.5,79.850389772822,-14.24557383696));
#188 = CARTESIAN_POINT('',(-3.5,79.36171707715,-13.89487931419));
#189 = CARTESIAN_POINT('',(-3.5,78.87304608382,-13.54418601309));
#190 = CARTESIAN_POINT('',(-3.5,78.384376830265,-13.19349396054));
#191 = CARTESIAN_POINT('',(-3.5,77.651373128667,-12.66745600998));
#192 = CARTESIAN_POINT('',(-3.5,77.407037346912,-12.49210915484));
#193 = CARTESIAN_POINT('',(-3.5,77.162702014592,-12.31676262223));
#194 = CARTESIAN_POINT('',(-3.5,76.918367136613,-12.14141641568));
#195 = CARTESIAN_POINT('',(-3.5,76.674032717961,-11.96607053877));
#196 = CARTESIAN_POINT('',(-3.5,76.4296987637,-11.79072499512));
#197 = CARTESIAN_POINT('',(-3.5,76.185365278973,-11.61537978844));
#198 = CARTESIAN_POINT('',(-3.5,75.818865070227,-11.35236199157));
#199 = CARTESIAN_POINT('',(-3.5,75.696697990141,-11.26468914586));
#200 = CARTESIAN_POINT('',(-3.5,75.5745310294,-11.1770163858));
#201 = CARTESIAN_POINT('',(-3.5,75.452364188662,-11.08934371186));
#202 = CARTESIAN_POINT('',(-3.5,75.330197468591,-11.00167112451));
#203 = CARTESIAN_POINT('',(-3.5,75.208030869856,-10.91399862425));
#204 = CARTESIAN_POINT('',(-3.5,75.085864393131,-10.82632621154));
#205 = CARTESIAN_POINT('',(-3.5,74.843235361935,-10.65220420091));
#206 = CARTESIAN_POINT('',(-3.5,74.722772800952,-10.56575459833));
#207 = CARTESIAN_POINT('',(-3.5,74.602310377644,-10.47930509454));
#208 = CARTESIAN_POINT('',(-3.5,74.481848028006,-10.39285564362));
#209 = CARTESIAN_POINT('',(-3.5,74.361385873002,-10.30640633238));
#210 = CARTESIAN_POINT('',(-3.5,74.240923767611,-10.21995705675));
#211 = CARTESIAN_POINT('',(-3.5,74.120461828354,-10.13350790034));
#212 = CARTESIAN_POINT('',(-3.5,74.,-10.04705882352));
#213 = PCURVE('',#32,#214);
#214 = DEFINITIONAL_REPRESENTATION('',(#215),#253);
#215 = B_SPLINE_CURVE_WITH_KNOTS('',8,(#216,#217,#218,#219,#220,#221,
    #222,#223,#224,#225,#226,#227,#228,#229,#230,#231,#232,#233,#234,
    #235,#236,#237,#238,#239,#240,#241,#242,#243,#244,#245,#246,#247,
    #248,#249,#250,#251,#252),.UNSPECIFIED.,.F.,.F.,(9,7,7,7,7,9),(0.,
    6.613303604004E-02,0.533878856196,0.767754148467,0.884692458699,1.),
  .UNSPECIFIED.);
#216 = CARTESIAN_POINT('',(-55.54136795254,0.475409836066));
#217 = CARTESIAN_POINT('',(-55.54043632196,0.476263664237));
#218 = CARTESIAN_POINT('',(-55.53884152415,0.477725054169));
#219 = CARTESIAN_POINT('',(-55.53700329962,0.479407387229));
#220 = CARTESIAN_POINT('',(-55.5351941105,0.481060947823));
#221 = CARTESIAN_POINT('',(-55.53354282102,0.482568532987));
#222 = CARTESIAN_POINT('',(-55.53203837802,0.483941061982));
#223 = CARTESIAN_POINT('',(-55.53053349137,0.48531318589));
#224 = CARTESIAN_POINT('',(-55.51612211353,0.498437230209));
#225 = CARTESIAN_POINT('',(-55.50340419497,0.509935526424));
#226 = CARTESIAN_POINT('',(-55.49059339541,0.52143378507));
#227 = CARTESIAN_POINT('',(-55.47768852615,0.532932005345));
#228 = CARTESIAN_POINT('',(-55.46468837331,0.54443018642));
#229 = CARTESIAN_POINT('',(-55.45159169777,0.55592832744));
#230 = CARTESIAN_POINT('',(-55.43839723519,0.567426427523));
#231 = CARTESIAN_POINT('',(-55.41845685874,0.584673573443));
#232 = CARTESIAN_POINT('',(-55.41178525158,0.590422650661));
#233 = CARTESIAN_POINT('',(-55.40508871318,0.596171717304));
#234 = CARTESIAN_POINT('',(-55.39836708046,0.601920773256));
#235 = CARTESIAN_POINT('',(-55.39162018861,0.607669818401));
#236 = CARTESIAN_POINT('',(-55.38484787106,0.613418852619));
#237 = CARTESIAN_POINT('',(-55.37804995952,0.619167875789));
#238 = CARTESIAN_POINT('',(-55.36781442679,0.627791410112));
#239 = CARTESIAN_POINT('',(-55.36439612855,0.630665929644));
#240 = CARTESIAN_POINT('',(-55.36097136795,0.633540446367));
#241 = CARTESIAN_POINT('',(-55.35754012364,0.636414960267));
#242 = CARTESIAN_POINT('',(-55.35410237412,0.639289471327));
#243 = CARTESIAN_POINT('',(-55.35065809779,0.642163979533));
#244 = CARTESIAN_POINT('',(-55.34720727294,0.645038484867));
#245 = CARTESIAN_POINT('',(-55.34034069779,0.650747403249));
#246 = CARTESIAN_POINT('',(-55.3369252843,0.653581816448));
#247 = CARTESIAN_POINT('',(-55.33350254974,0.656416226408));
#248 = CARTESIAN_POINT('',(-55.3300758199,0.659250634635));
#249 = CARTESIAN_POINT('',(-55.32663881663,0.662085038282));
#250 = CARTESIAN_POINT('',(-55.32319911397,0.664919440762));
#251 = CARTESIAN_POINT('',(-55.31975064857,0.667753839333));
#252 = CARTESIAN_POINT('',(-55.31629630651,0.670588235294));
#253 = ( GEOMETRIC_REPRESENTATION_CONTEXT(2) 
PARAMETRIC_REPRESENTATION_CONTEXT() REPRESENTATION_CONTEXT('2D SPACE',''
  ) );
#254 = PCURVE('',#255,#260);
#255 = PLANE('',#256);
#256 = AXIS2_PLACEMENT_3D('',#257,#258,#259);
#257 = CARTESIAN_POINT('',(-3.5,74.,-16.));
#258 = DIRECTION('',(1.,0.,0.));
#259 = DIRECTION('',(0.,0.,1.));
#260 = DEFINITIONAL_REPRESENTATION('',(#261),#299);
#261 = B_SPLINE_CURVE_WITH_KNOTS('',8,(#262,#263,#264,#265,#266,#267,
    #268,#269,#270,#271,#272,#273,#274,#275,#276,#277,#278,#279,#280,
    #281,#282,#283,#284,#285,#286,#287,#288,#289,#290,#291,#292,#293,
    #294,#295,#296,#297,#298),.UNSPECIFIED.,.F.,.F.,(9,7,7,7,7,9),(0.,
    6.613303604004E-02,0.533878856196,0.767754148467,0.884692458699,1.),
  .UNSPECIFIED.);
#262 = CARTESIAN_POINT('',(0.,-8.295081967213));
#263 = CARTESIAN_POINT('',(2.604175922903E-02,-8.258794269927));
#264 = CARTESIAN_POINT('',(7.061415215642E-02,-8.196685197815));
#265 = CARTESIAN_POINT('',(0.121925310491,-8.125186042758));
#266 = CARTESIAN_POINT('',(0.172358908596,-8.05490971753));
#267 = CARTESIAN_POINT('',(0.218340256091,-7.990837348069));
#268 = CARTESIAN_POINT('',(0.260202390459,-7.932504865753));
#269 = CARTESIAN_POINT('',(0.302052169648,-7.874189599671));
#270 = CARTESIAN_POINT('',(0.702335521381,-7.316417716108));
#271 = CARTESIAN_POINT('',(1.053033555937,-6.827740126973));
#272 = CARTESIAN_POINT('',(1.40373044465,-6.339064134504));
#273 = CARTESIAN_POINT('',(1.754426163034,-5.850389772822));
#274 = CARTESIAN_POINT('',(2.10512068581,-5.36171707715));
#275 = CARTESIAN_POINT('',(2.455813986906,-4.87304608382));
#276 = CARTESIAN_POINT('',(2.806506039457,-4.384376830265));
#277 = CARTESIAN_POINT('',(3.332543990016,-3.651373128667));
#278 = CARTESIAN_POINT('',(3.507890845157,-3.407037346912));
#279 = CARTESIAN_POINT('',(3.683237377763,-3.162702014592));
#280 = CARTESIAN_POINT('',(3.858583584313,-2.918367136613));
#281 = CARTESIAN_POINT('',(4.033929461228,-2.674032717961));
#282 = CARTESIAN_POINT('',(4.209275004874,-2.4296987637));
#283 = CARTESIAN_POINT('',(4.38462021156,-2.185365278973));
#284 = CARTESIAN_POINT('',(4.647638008425,-1.818865070227));
#285 = CARTESIAN_POINT('',(4.735310854134,-1.696697990141));
#286 = CARTESIAN_POINT('',(4.822983614195,-1.5745310294));
#287 = CARTESIAN_POINT('',(4.910656288137,-1.452364188662));
#288 = CARTESIAN_POINT('',(4.998328875482,-1.330197468591));
#289 = CARTESIAN_POINT('',(5.08600137575,-1.208030869856));
#290 = CARTESIAN_POINT('',(5.173673788459,-1.085864393131));
#291 = CARTESIAN_POINT('',(5.347795799082,-0.843235361935));
#292 = CARTESIAN_POINT('',(5.43424540167,-0.722772800952));
#293 = CARTESIAN_POINT('',(5.520694905457,-0.602310377644));
#294 = CARTESIAN_POINT('',(5.607144356371,-0.481848028006));
#295 = CARTESIAN_POINT('',(5.693593667611,-0.361385873002));
#296 = CARTESIAN_POINT('',(5.780042943243,-0.240923767611));
#297 = CARTESIAN_POINT('',(5.866492099652,-0.120461828354));
#298 = CARTESIAN_POINT('',(5.952941176471,0.));
#299 = ( GEOMETRIC_REPRESENTATION_CONTEXT(2) 
PARAMETRIC_REPRESENTATION_CONTEXT() REPRESENTATION_CONTEXT('2D SPACE',''
  ) );
#300 = ORIENTED_EDGE('',*,*,#301,.F.);
#301 = EDGE_CURVE('',#302,#170,#304,.T.);
#302 = VERTEX_POINT('',#303);
#303 = CARTESIAN_POINT('',(-20.,80.,-14.35294117647));
#304 = SURFACE_CURVE('',#305,(#308,#314),.PCURVE_S1.);
#305 = B_SPLINE_CURVE_WITH_KNOTS('',1,(#306,#307),.UNSPECIFIED.,.F.,.F.,
  (2,2),(0.,1.),.PIECEWISE_BEZIER_KNOTS.);
#306 = CARTESIAN_POINT('',(-20.,80.,-14.35294117647));
#307 = CARTESIAN_POINT('',(20.,80.,-14.35294117647));
#308 = PCURVE('',#32,#309);
#309 = DEFINITIONAL_REPRESENTATION('',(#310),#313);
#310 = B_SPLINE_CURVE_WITH_KNOTS('',1,(#311,#312),.UNSPECIFIED.,.F.,.F.,
  (2,2),(0.,1.),.PIECEWISE_BEZIER_KNOTS.);
#311 = CARTESIAN_POINT('',(-36.53745743473,0.529411764706));
#312 = CARTESIAN_POINT('',(-82.46254256526,0.529411764706));
#313 = ( GEOMETRIC_REPRESENTATION_CONTEXT(2) 
PARAMETRIC_REPRESENTATION_CONTEXT() REPRESENTATION_CONTEXT('2D SPACE',''
  ) );
#314 = PCURVE('',#315,#320);
#315 = PLANE('',#316);
#316 = AXIS2_PLACEMENT_3D('',#317,#318,#319);
#317 = CARTESIAN_POINT('',(-20.,80.,-24.));
#318 = DIRECTION('',(0.,1.,0.));
#319 = DIRECTION('',(0.,0.,1.));
#320 = DEFINITIONAL_REPRESENTATION('',(#321),#324);
#321 = B_SPLINE_CURVE_WITH_KNOTS('',1,(#322,#323),.UNSPECIFIED.,.F.,.F.,
  (2,2),(0.,1.),.PIECEWISE_BEZIER_KNOTS.);
#322 = CARTESIAN_POINT('',(9.647058823529,0.));
#323 = CARTESIAN_POINT('',(9.647058823529,40.));
#324 = ( GEOMETRIC_REPRESENTATION_CONTEXT(2) 
PARAMETRIC_REPRESENTATION_CONTEXT() REPRESENTATION_CONTEXT('2D SPACE',''
  ) );
#325 = ORIENTED_EDGE('',*,*,#326,.F.);
#326 = EDGE_CURVE('',#327,#302,#329,.T.);
#327 = VERTEX_POINT('',#328);
#328 = CARTESIAN_POINT('',(-20.,93.44262295082,-24.));
#329 = SURFACE_CURVE('',#330,(#341,#355),.PCURVE_S1.);
#330 = B_SPLINE_CURVE_WITH_KNOTS('',5,(#331,#332,#333,#334,#335,#336,
    #337,#338,#339,#340),.UNSPECIFIED.,.F.,.F.,(6,4,6),(0.,
    2.940608379219E-02,1.),.UNSPECIFIED.);
#331 = CARTESIAN_POINT('',(-20.,93.44262295082,-24.));
#332 = CARTESIAN_POINT('',(-20.,93.38105883434,-23.95581869288));
#333 = CARTESIAN_POINT('',(-20.,93.295572356419,-23.89446957343));
#334 = CARTESIAN_POINT('',(-20.,93.215866650735,-23.83726900817));
#335 = CARTESIAN_POINT('',(-20.,93.146534167818,-23.78751275572));
#336 = CARTESIAN_POINT('',(-20.,90.45127091941,-21.85326501275));
#337 = CARTESIAN_POINT('',(-20.,87.83637824007,-19.97669497228));
#338 = CARTESIAN_POINT('',(-20.,85.222739881647,-18.10102509153));
#339 = CARTESIAN_POINT('',(-20.,82.610537519341,-16.22638574917));
#340 = CARTESIAN_POINT('',(-20.,80.,-14.35294117647));
#341 = PCURVE('',#32,#342);
#342 = DEFINITIONAL_REPRESENTATION('',(#343),#354);
#343 = B_SPLINE_CURVE_WITH_KNOTS('',5,(#344,#345,#346,#347,#348,#349,
    #350,#351,#352,#353),.UNSPECIFIED.,.F.,.F.,(6,4,6),(0.,
    2.940608379219E-02,1.),.UNSPECIFIED.);
#344 = CARTESIAN_POINT('',(-38.40438806619,0.213114754098));
#345 = CARTESIAN_POINT('',(-38.39653310554,0.214563321545));
#346 = CARTESIAN_POINT('',(-38.38561951942,0.216574768084));
#347 = CARTESIAN_POINT('',(-38.37542145365,0.218450196453));
#348 = CARTESIAN_POINT('',(-38.36654742002,0.220081548993));
#349 = CARTESIAN_POINT('',(-38.02109230865,0.283499507779));
#350 = CARTESIAN_POINT('',(-37.6726456194,0.345026394351));
#351 = CARTESIAN_POINT('',(-37.31003483965,0.406523767491));
#352 = CARTESIAN_POINT('',(-36.93209824932,0.467987352486));
#353 = CARTESIAN_POINT('',(-36.53745743473,0.529411764706));
#354 = ( GEOMETRIC_REPRESENTATION_CONTEXT(2) 
PARAMETRIC_REPRESENTATION_CONTEXT() REPRESENTATION_CONTEXT('2D SPACE',''
  ) );
#355 = PCURVE('',#356,#361);
#356 = PLANE('',#357);
#357 = AXIS2_PLACEMENT_3D('',#358,#359,#360);
#358 = CARTESIAN_POINT('',(-20.,80.,-24.));
#359 = DIRECTION('',(1.,0.,0.));
#360 = DIRECTION('',(0.,0.,1.));
#361 = DEFINITIONAL_REPRESENTATION('',(#362),#373);
#362 = B_SPLINE_CURVE_WITH_KNOTS('',5,(#363,#364,#365,#366,#367,#368,
    #369,#370,#371,#372),.UNSPECIFIED.,.F.,.F.,(6,4,6),(0.,
    2.940608379219E-02,1.),.UNSPECIFIED.);
#363 = CARTESIAN_POINT('',(0.,-13.44262295082));
#364 = CARTESIAN_POINT('',(4.418130712045E-02,-13.38105883434));
#365 = CARTESIAN_POINT('',(0.10553042657,-13.29557235641));
#366 = CARTESIAN_POINT('',(0.162730991826,-13.21586665073));
#367 = CARTESIAN_POINT('',(0.212487244272,-13.14653416781));
#368 = CARTESIAN_POINT('',(2.146734987247,-10.45127091941));
#369 = CARTESIAN_POINT('',(4.023305027715,-7.83637824007));
#370 = CARTESIAN_POINT('',(5.898974908465,-5.222739881647));
#371 = CARTESIAN_POINT('',(7.773614250826,-2.610537519341));
#372 = CARTESIAN_POINT('',(9.647058823529,0.));
#373 = ( GEOMETRIC_REPRESENTATION_CONTEXT(2) 
PARAMETRIC_REPRESENTATION_CONTEXT() REPRESENTATION_CONTEXT('2D SPACE',''
  ) );
#374 = ORIENTED_EDGE('',*,*,#375,.T.);
#375 = EDGE_CURVE('',#327,#376,#378,.T.);
#376 = VERTEX_POINT('',#377);
#377 = CARTESIAN_POINT('',(20.,93.44262295082,-24.));
#378 = SURFACE_CURVE('',#379,(#382,#388),.PCURVE_S1.);
#379 = B_SPLINE_CURVE_WITH_KNOTS('',1,(#380,#381),.UNSPECIFIED.,.F.,.F.,
  (2,2),(0.,1.),.PIECEWISE_BEZIER_KNOTS.);
#380 = CARTESIAN_POINT('',(-20.,93.44262295082,-24.));
#381 = CARTESIAN_POINT('',(20.,93.44262295082,-24.));
#382 = PCURVE('',#32,#383);
#383 = DEFINITIONAL_REPRESENTATION('',(#384),#387);
#384 = B_SPLINE_CURVE_WITH_KNOTS('',1,(#385,#386),.UNSPECIFIED.,.F.,.F.,
  (2,2),(0.,1.),.PIECEWISE_BEZIER_KNOTS.);
#385 = CARTESIAN_POINT('',(-38.40438825922,0.213114754098));
#386 = CARTESIAN_POINT('',(-80.59561174077,0.213114754098));
#387 = ( GEOMETRIC_REPRESENTATION_CONTEXT(2) 
PARAMETRIC_REPRESENTATION_CONTEXT() REPRESENTATION_CONTEXT('2D SPACE',''
  ) );
#388 = PCURVE('',#389,#394);
#389 = PLANE('',#390);
#390 = AXIS2_PLACEMENT_3D('',#391,#392,#393);
#391 = CARTESIAN_POINT('',(-20.,80.,-24.));
#392 = DIRECTION('',(0.,0.,1.));
#393 = DIRECTION('',(1.,0.,0.));
#394 = DEFINITIONAL_REPRESENTATION('',(#395),#398);
#395 = B_SPLINE_CURVE_WITH_KNOTS('',1,(#396,#397),.UNSPECIFIED.,.F.,.F.,
  (2,2),(0.,1.),.PIECEWISE_BEZIER_KNOTS.);
#396 = CARTESIAN_POINT('',(0.,13.44262295082));
#397 = CARTESIAN_POINT('',(40.,13.44262295082));
#398 = ( GEOMETRIC_REPRESENTATION_CONTEXT(2) 
PARAMETRIC_REPRESENTATION_CONTEXT() REPRESENTATION_CONTEXT('2D SPACE',''
  ) );
#399 = ORIENTED_EDGE('',*,*,#400,.T.);
#400 = EDGE_CURVE('',#376,#401,#403,.T.);
#401 = VERTEX_POINT('',#402);
#402 = CARTESIAN_POINT('',(20.,80.,-14.35294117647));
#403 = SURFACE_CURVE('',#404,(#415,#429),.PCURVE_S1.);
#404 = B_SPLINE_CURVE_WITH_KNOTS('',5,(#405,#406,#407,#408,#409,#410,
    #411,#412,#413,#414),.UNSPECIFIED.,.F.,.F.,(6,4,6),(0.,
    2.94060837923E-02,1.),.UNSPECIFIED.);
#405 = CARTESIAN_POINT('',(20.,93.44262295082,-24.));
#406 = CARTESIAN_POINT('',(20.,93.381058834342,-23.95581869288));
#407 = CARTESIAN_POINT('',(20.,93.295572356419,-23.89446957343));
#408 = CARTESIAN_POINT('',(20.,93.215866650735,-23.83726900817));
#409 = CARTESIAN_POINT('',(20.,93.146534167819,-23.78751275572));
#410 = CARTESIAN_POINT('',(20.,90.451270919411,-21.85326501275));
#411 = CARTESIAN_POINT('',(20.,87.83637824007,-19.97669497228));
#412 = CARTESIAN_POINT('',(20.,85.222739881647,-18.10102509153));
#413 = CARTESIAN_POINT('',(20.,82.610537519341,-16.22638574917));
#414 = CARTESIAN_POINT('',(20.,80.,-14.35294117647));
#415 = PCURVE('',#32,#416);
#416 = DEFINITIONAL_REPRESENTATION('',(#417),#428);
#417 = B_SPLINE_CURVE_WITH_KNOTS('',5,(#418,#419,#420,#421,#422,#423,
    #424,#425,#426,#427),.UNSPECIFIED.,.F.,.F.,(6,4,6),(0.,
    2.94060837923E-02,1.),.UNSPECIFIED.);
#418 = CARTESIAN_POINT('',(-80.5956119338,0.213114754098));
#419 = CARTESIAN_POINT('',(-80.60346689445,0.214563321545));
#420 = CARTESIAN_POINT('',(-80.61438048057,0.216574768084));
#421 = CARTESIAN_POINT('',(-80.62457854634,0.218450196453));
#422 = CARTESIAN_POINT('',(-80.63345257997,0.220081548993));
#423 = CARTESIAN_POINT('',(-80.97890769134,0.283499507779));
#424 = CARTESIAN_POINT('',(-81.32735438059,0.345026394351));
#425 = CARTESIAN_POINT('',(-81.68996516034,0.406523767491));
#426 = CARTESIAN_POINT('',(-82.06790175067,0.467987352486));
#427 = CARTESIAN_POINT('',(-82.46254256526,0.529411764706));
#428 = ( GEOMETRIC_REPRESENTATION_CONTEXT(2) 
PARAMETRIC_REPRESENTATION_CONTEXT() REPRESENTATION_CONTEXT('2D SPACE',''
  ) );
#429 = PCURVE('',#430,#435);
#430 = PLANE('',#431);
#431 = AXIS2_PLACEMENT_3D('',#432,#433,#434);
#432 = CARTESIAN_POINT('',(20.,80.,-24.));
#433 = DIRECTION('',(1.,0.,0.));
#434 = DIRECTION('',(0.,0.,1.));
#435 = DEFINITIONAL_REPRESENTATION('',(#436),#447);
#436 = B_SPLINE_CURVE_WITH_KNOTS('',5,(#437,#438,#439,#440,#441,#442,
    #443,#444,#445,#446),.UNSPECIFIED.,.F.,.F.,(6,4,6),(0.,
    2.94060837923E-02,1.),.UNSPECIFIED.);
#437 = CARTESIAN_POINT('',(0.,-13.44262295082));
#438 = CARTESIAN_POINT('',(4.418130711955E-02,-13.38105883434));
#439 = CARTESIAN_POINT('',(0.10553042657,-13.29557235641));
#440 = CARTESIAN_POINT('',(0.162730991826,-13.21586665073));
#441 = CARTESIAN_POINT('',(0.212487244271,-13.14653416781));
#442 = CARTESIAN_POINT('',(2.146734987247,-10.45127091941));
#443 = CARTESIAN_POINT('',(4.023305027714,-7.83637824007));
#444 = CARTESIAN_POINT('',(5.898974908465,-5.222739881647));
#445 = CARTESIAN_POINT('',(7.773614250826,-2.610537519341));
#446 = CARTESIAN_POINT('',(9.647058823529,0.));
#447 = ( GEOMETRIC_REPRESENTATION_CONTEXT(2) 
PARAMETRIC_REPRESENTATION_CONTEXT() REPRESENTATION_CONTEXT('2D SPACE',''
  ) );
#448 = ORIENTED_EDGE('',*,*,#449,.F.);
#449 = EDGE_CURVE('',#450,#401,#452,.T.);
#450 = VERTEX_POINT('',#451);
#451 = CARTESIAN_POINT('',(3.5,80.,-14.35294117647));
#452 = SURFACE_CURVE('',#453,(#456,#462),.PCURVE_S1.);
#453 = B_SPLINE_CURVE_WITH_KNOTS('',1,(#454,#455),.UNSPECIFIED.,.F.,.F.,
  (2,2),(0.,1.),.PIECEWISE_BEZIER_KNOTS.);
#454 = CARTESIAN_POINT('',(-20.,80.,-14.35294117647));
#455 = CARTESIAN_POINT('',(20.,80.,-14.35294117647));
#456 = PCURVE('',#32,#457);
#457 = DEFINITIONAL_REPRESENTATION('',(#458),#461);
#458 = B_SPLINE_CURVE_WITH_KNOTS('',1,(#459,#460),.UNSPECIFIED.,.F.,.F.,
  (2,2),(0.,1.),.PIECEWISE_BEZIER_KNOTS.);
#459 = CARTESIAN_POINT('',(-36.53745743473,0.529411764706));
#460 = CARTESIAN_POINT('',(-82.46254256526,0.529411764706));
#461 = ( GEOMETRIC_REPRESENTATION_CONTEXT(2) 
PARAMETRIC_REPRESENTATION_CONTEXT() REPRESENTATION_CONTEXT('2D SPACE',''
  ) );
#462 = PCURVE('',#315,#463);
#463 = DEFINITIONAL_REPRESENTATION('',(#464),#467);
#464 = B_SPLINE_CURVE_WITH_KNOTS('',1,(#465,#466),.UNSPECIFIED.,.F.,.F.,
  (2,2),(0.,1.),.PIECEWISE_BEZIER_KNOTS.);
#465 = CARTESIAN_POINT('',(9.647058823529,0.));
#466 = CARTESIAN_POINT('',(9.647058823529,40.));
#467 = ( GEOMETRIC_REPRESENTATION_CONTEXT(2) 
PARAMETRIC_REPRESENTATION_CONTEXT() REPRESENTATION_CONTEXT('2D SPACE',''
  ) );
#468 = ORIENTED_EDGE('',*,*,#469,.T.);
#469 = EDGE_CURVE('',#450,#470,#472,.T.);
#470 = VERTEX_POINT('',#471);
#471 = CARTESIAN_POINT('',(3.5,74.,-10.04705882352));
#472 = SURFACE_CURVE('',#473,(#511,#552),.PCURVE_S1.);
#473 = B_SPLINE_CURVE_WITH_KNOTS('',8,(#474,#475,#476,#477,#478,#479,
    #480,#481,#482,#483,#484,#485,#486,#487,#488,#489,#490,#491,#492,
    #493,#494,#495,#496,#497,#498,#499,#500,#501,#502,#503,#504,#505,
    #506,#507,#508,#509,#510),.UNSPECIFIED.,.F.,.F.,(9,7,7,7,7,9),(0.,
    6.613303604007E-02,0.533878856196,0.767754148467,0.884692458699,1.),
  .UNSPECIFIED.);
#474 = CARTESIAN_POINT('',(3.5,82.295081967213,-16.));
#475 = CARTESIAN_POINT('',(3.5,82.258794269927,-15.97395824077));
#476 = CARTESIAN_POINT('',(3.5,82.196685197815,-15.92938584784));
#477 = CARTESIAN_POINT('',(3.5,82.125186042758,-15.8780746895));
#478 = CARTESIAN_POINT('',(3.5,82.05490971753,-15.8276410914));
#479 = CARTESIAN_POINT('',(3.5,81.990837348069,-15.7816597439));
#480 = CARTESIAN_POINT('',(3.5,81.932504865753,-15.73979760954));
#481 = CARTESIAN_POINT('',(3.5,81.874189599671,-15.69794783035));
#482 = CARTESIAN_POINT('',(3.5,81.316417716108,-15.29766447861));
#483 = CARTESIAN_POINT('',(3.5,80.827740126973,-14.94696644406));
#484 = CARTESIAN_POINT('',(3.5,80.339064134504,-14.59626955535));
#485 = CARTESIAN_POINT('',(3.5,79.850389772822,-14.24557383696));
#486 = CARTESIAN_POINT('',(3.5,79.36171707715,-13.89487931419));
#487 = CARTESIAN_POINT('',(3.5,78.87304608382,-13.54418601309));
#488 = CARTESIAN_POINT('',(3.5,78.384376830265,-13.19349396054));
#489 = CARTESIAN_POINT('',(3.5,77.651373128667,-12.66745600998));
#490 = CARTESIAN_POINT('',(3.5,77.407037346912,-12.49210915484));
#491 = CARTESIAN_POINT('',(3.5,77.162702014592,-12.31676262223));
#492 = CARTESIAN_POINT('',(3.5,76.918367136613,-12.14141641568));
#493 = CARTESIAN_POINT('',(3.5,76.674032717961,-11.96607053877));
#494 = CARTESIAN_POINT('',(3.5,76.4296987637,-11.79072499512));
#495 = CARTESIAN_POINT('',(3.5,76.185365278973,-11.61537978844));
#496 = CARTESIAN_POINT('',(3.5,75.818865070227,-11.35236199157));
#497 = CARTESIAN_POINT('',(3.5,75.696697990141,-11.26468914586));
#498 = CARTESIAN_POINT('',(3.5,75.5745310294,-11.1770163858));
#499 = CARTESIAN_POINT('',(3.5,75.452364188662,-11.08934371186));
#500 = CARTESIAN_POINT('',(3.5,75.330197468591,-11.00167112451));
#501 = CARTESIAN_POINT('',(3.5,75.208030869856,-10.91399862425));
#502 = CARTESIAN_POINT('',(3.5,75.085864393131,-10.82632621154));
#503 = CARTESIAN_POINT('',(3.5,74.843235361935,-10.65220420091));
#504 = CARTESIAN_POINT('',(3.5,74.722772800952,-10.56575459833));
#505 = CARTESIAN_POINT('',(3.5,74.602310377641,-10.47930509453));
#506 = CARTESIAN_POINT('',(3.5,74.481848028011,-10.39285564363));
#507 = CARTESIAN_POINT('',(3.5,74.361385872996,-10.30640633238));
#508 = CARTESIAN_POINT('',(3.5,74.240923767614,-10.21995705676));
#509 = CARTESIAN_POINT('',(3.5,74.120461828353,-10.13350790034));
#510 = CARTESIAN_POINT('',(3.5,74.,-10.04705882352));
#511 = PCURVE('',#32,#512);
#512 = DEFINITIONAL_REPRESENTATION('',(#513),#551);
#513 = B_SPLINE_CURVE_WITH_KNOTS('',8,(#514,#515,#516,#517,#518,#519,
    #520,#521,#522,#523,#524,#525,#526,#527,#528,#529,#530,#531,#532,
    #533,#534,#535,#536,#537,#538,#539,#540,#541,#542,#543,#544,#545,
    #546,#547,#548,#549,#550),.UNSPECIFIED.,.F.,.F.,(9,7,7,7,7,9),(0.,
    6.613303604007E-02,0.533878856196,0.767754148467,0.884692458699,1.),
  .UNSPECIFIED.);
#514 = CARTESIAN_POINT('',(-63.45863204745,0.475409836066));
#515 = CARTESIAN_POINT('',(-63.45956367803,0.476263664237));
#516 = CARTESIAN_POINT('',(-63.46115847584,0.477725054169));
#517 = CARTESIAN_POINT('',(-63.46299670037,0.479407387229));
#518 = CARTESIAN_POINT('',(-63.46480588949,0.481060947823));
#519 = CARTESIAN_POINT('',(-63.46645717897,0.482568532987));
#520 = CARTESIAN_POINT('',(-63.46796162198,0.483941061982));
#521 = CARTESIAN_POINT('',(-63.46946650862,0.48531318589));
#522 = CARTESIAN_POINT('',(-63.48387788646,0.498437230209));
#523 = CARTESIAN_POINT('',(-63.49659580502,0.509935526424));
#524 = CARTESIAN_POINT('',(-63.50940660458,0.52143378507));
#525 = CARTESIAN_POINT('',(-63.52231147384,0.532932005345));
#526 = CARTESIAN_POINT('',(-63.53531162668,0.54443018642));
#527 = CARTESIAN_POINT('',(-63.54840830222,0.55592832744));
#528 = CARTESIAN_POINT('',(-63.5616027648,0.567426427523));
#529 = CARTESIAN_POINT('',(-63.58154314125,0.584673573443));
#530 = CARTESIAN_POINT('',(-63.58821474841,0.590422650661));
#531 = CARTESIAN_POINT('',(-63.59491128681,0.596171717304));
#532 = CARTESIAN_POINT('',(-63.60163291953,0.601920773256));
#533 = CARTESIAN_POINT('',(-63.60837981138,0.607669818401));
#534 = CARTESIAN_POINT('',(-63.61515212893,0.613418852619));
#535 = CARTESIAN_POINT('',(-63.62195004048,0.619167875789));
#536 = CARTESIAN_POINT('',(-63.6321855732,0.627791410112));
#537 = CARTESIAN_POINT('',(-63.63560387144,0.630665929644));
#538 = CARTESIAN_POINT('',(-63.63902863204,0.633540446367));
#539 = CARTESIAN_POINT('',(-63.64245987635,0.636414960267));
#540 = CARTESIAN_POINT('',(-63.64589762587,0.639289471327));
#541 = CARTESIAN_POINT('',(-63.6493419022,0.642163979533));
#542 = CARTESIAN_POINT('',(-63.65279272705,0.645038484867));
#543 = CARTESIAN_POINT('',(-63.6596593022,0.650747403249));
#544 = CARTESIAN_POINT('',(-63.66307471569,0.653581816448));
#545 = CARTESIAN_POINT('',(-63.66649745025,0.656416226409));
#546 = CARTESIAN_POINT('',(-63.66992418009,0.659250634635));
#547 = CARTESIAN_POINT('',(-63.67336118336,0.662085038283));
#548 = CARTESIAN_POINT('',(-63.67680088602,0.664919440762));
#549 = CARTESIAN_POINT('',(-63.68024935142,0.667753839333));
#550 = CARTESIAN_POINT('',(-63.68370369349,0.670588235294));
#551 = ( GEOMETRIC_REPRESENTATION_CONTEXT(2) 
PARAMETRIC_REPRESENTATION_CONTEXT() REPRESENTATION_CONTEXT('2D SPACE',''
  ) );
#552 = PCURVE('',#553,#558);
#553 = PLANE('',#554);
#554 = AXIS2_PLACEMENT_3D('',#555,#556,#557);
#555 = CARTESIAN_POINT('',(3.5,74.,-16.));
#556 = DIRECTION('',(1.,0.,0.));
#557 = DIRECTION('',(0.,0.,1.));
#558 = DEFINITIONAL_REPRESENTATION('',(#559),#597);
#559 = B_SPLINE_CURVE_WITH_KNOTS('',8,(#560,#561,#562,#563,#564,#565,
    #566,#567,#568,#569,#570,#571,#572,#573,#574,#575,#576,#577,#578,
    #579,#580,#581,#582,#583,#584,#585,#586,#587,#588,#589,#590,#591,
    #592,#593,#594,#595,#596),.UNSPECIFIED.,.F.,.F.,(9,7,7,7,7,9),(0.,
    6.613303604007E-02,0.533878856196,0.767754148467,0.884692458699,1.),
  .UNSPECIFIED.);
#560 = CARTESIAN_POINT('',(0.,-8.295081967213));
#561 = CARTESIAN_POINT('',(2.604175922903E-02,-8.258794269927));
#562 = CARTESIAN_POINT('',(7.061415215642E-02,-8.196685197815));
#563 = CARTESIAN_POINT('',(0.121925310491,-8.125186042758));
#564 = CARTESIAN_POINT('',(0.172358908596,-8.05490971753));
#565 = CARTESIAN_POINT('',(0.218340256091,-7.990837348069));
#566 = CARTESIAN_POINT('',(0.260202390459,-7.932504865753));
#567 = CARTESIAN_POINT('',(0.302052169648,-7.874189599671));
#568 = CARTESIAN_POINT('',(0.702335521381,-7.316417716108));
#569 = CARTESIAN_POINT('',(1.053033555937,-6.827740126973));
#570 = CARTESIAN_POINT('',(1.40373044465,-6.339064134504));
#571 = CARTESIAN_POINT('',(1.754426163034,-5.850389772822));
#572 = CARTESIAN_POINT('',(2.10512068581,-5.36171707715));
#573 = CARTESIAN_POINT('',(2.455813986906,-4.87304608382));
#574 = CARTESIAN_POINT('',(2.806506039457,-4.384376830265));
#575 = CARTESIAN_POINT('',(3.332543990016,-3.651373128667));
#576 = CARTESIAN_POINT('',(3.507890845157,-3.407037346912));
#577 = CARTESIAN_POINT('',(3.683237377763,-3.162702014592));
#578 = CARTESIAN_POINT('',(3.858583584313,-2.918367136613));
#579 = CARTESIAN_POINT('',(4.033929461228,-2.674032717961));
#580 = CARTESIAN_POINT('',(4.209275004874,-2.4296987637));
#581 = CARTESIAN_POINT('',(4.38462021156,-2.185365278973));
#582 = CARTESIAN_POINT('',(4.647638008425,-1.818865070227));
#583 = CARTESIAN_POINT('',(4.735310854134,-1.696697990141));
#584 = CARTESIAN_POINT('',(4.822983614195,-1.5745310294));
#585 = CARTESIAN_POINT('',(4.910656288137,-1.452364188662));
#586 = CARTESIAN_POINT('',(4.998328875482,-1.330197468591));
#587 = CARTESIAN_POINT('',(5.08600137575,-1.208030869856));
#588 = CARTESIAN_POINT('',(5.173673788459,-1.085864393131));
#589 = CARTESIAN_POINT('',(5.347795799082,-0.843235361935));
#590 = CARTESIAN_POINT('',(5.434245401669,-0.722772800952));
#591 = CARTESIAN_POINT('',(5.520694905461,-0.602310377641));
#592 = CARTESIAN_POINT('',(5.607144356364,-0.481848028011));
#593 = CARTESIAN_POINT('',(5.693593667617,-0.361385872996));
#594 = CARTESIAN_POINT('',(5.78004294324,-0.240923767614));
#595 = CARTESIAN_POINT('',(5.866492099652,-0.120461828353));
#596 = CARTESIAN_POINT('',(5.952941176471,0.));
#597 = ( GEOMETRIC_REPRESENTATION_CONTEXT(2) 
PARAMETRIC_REPRESENTATION_CONTEXT() REPRESENTATION_CONTEXT('2D SPACE',''
  ) );
#598 = ORIENTED_EDGE('',*,*,#599,.F.);
#599 = EDGE_CURVE('',#172,#470,#600,.T.);
#600 = SURFACE_CURVE('',#601,(#604,#610),.PCURVE_S1.);
#601 = B_SPLINE_CURVE_WITH_KNOTS('',1,(#602,#603),.UNSPECIFIED.,.F.,.F.,
  (2,2),(0.,1.),.PIECEWISE_BEZIER_KNOTS.);
#602 = CARTESIAN_POINT('',(-3.5,74.,-10.04705882352));
#603 = CARTESIAN_POINT('',(3.5,74.,-10.04705882352));
#604 = PCURVE('',#32,#605);
#605 = DEFINITIONAL_REPRESENTATION('',(#606),#609);
#606 = B_SPLINE_CURVE_WITH_KNOTS('',1,(#607,#608),.UNSPECIFIED.,.F.,.F.,
  (2,2),(0.,1.),.PIECEWISE_BEZIER_KNOTS.);
#607 = CARTESIAN_POINT('',(-55.31629638383,0.670588235294));
#608 = CARTESIAN_POINT('',(-63.68370361616,0.670588235294));
#609 = ( GEOMETRIC_REPRESENTATION_CONTEXT(2) 
PARAMETRIC_REPRESENTATION_CONTEXT() REPRESENTATION_CONTEXT('2D SPACE',''
  ) );
#610 = PCURVE('',#611,#616);
#611 = PLANE('',#612);
#612 = AXIS2_PLACEMENT_3D('',#613,#614,#615);
#613 = CARTESIAN_POINT('',(-3.5,74.,-16.));
#614 = DIRECTION('',(0.,1.,0.));
#615 = DIRECTION('',(0.,0.,1.));
#616 = DEFINITIONAL_REPRESENTATION('',(#617),#620);
#617 = B_SPLINE_CURVE_WITH_KNOTS('',1,(#618,#619),.UNSPECIFIED.,.F.,.F.,
  (2,2),(0.,1.),.PIECEWISE_BEZIER_KNOTS.);
#618 = CARTESIAN_POINT('',(5.952941176471,0.));
#619 = CARTESIAN_POINT('',(5.952941176471,7.));
#620 = ( GEOMETRIC_REPRESENTATION_CONTEXT(2) 
PARAMETRIC_REPRESENTATION_CONTEXT() REPRESENTATION_CONTEXT('2D SPACE',''
  ) );
#621 = FACE_BOUND('',#622,.T.);
#622 = EDGE_LOOP('',(#623,#662,#687,#724));
#623 = ORIENTED_EDGE('',*,*,#624,.F.);
#624 = EDGE_CURVE('',#625,#627,#629,.T.);
#625 = VERTEX_POINT('',#626);
#626 = CARTESIAN_POINT('',(26.5,82.295081967213,-16.));
#627 = VERTEX_POINT('',#628);
#628 = CARTESIAN_POINT('',(26.5,74.,-10.04705882352));
#629 = SURFACE_CURVE('',#630,(#637,#647),.PCURVE_S1.);
#630 = B_SPLINE_CURVE_WITH_KNOTS('',5,(#631,#632,#633,#634,#635,#636),
  .UNSPECIFIED.,.F.,.F.,(6,6),(0.,1.),.PIECEWISE_BEZIER_KNOTS.);
#631 = CARTESIAN_POINT('',(26.5,82.295081967213,-16.));
#632 = CARTESIAN_POINT('',(26.5,80.63368516992,-14.80770347488));
#633 = CARTESIAN_POINT('',(26.5,78.973377327397,-13.61618843495));
#634 = CARTESIAN_POINT('',(26.5,77.314251471367,-12.42552164415));
#635 = CARTESIAN_POINT('',(26.5,75.656416792082,-11.23578146255));
#636 = CARTESIAN_POINT('',(26.5,74.,-10.04705882352));
#637 = PCURVE('',#32,#638);
#638 = DEFINITIONAL_REPRESENTATION('',(#639),#646);
#639 = B_SPLINE_CURVE_WITH_KNOTS('',5,(#640,#641,#642,#643,#644,#645),
  .UNSPECIFIED.,.F.,.F.,(6,6),(0.,1.),.PIECEWISE_BEZIER_KNOTS.);
#640 = CARTESIAN_POINT('',(-89.47249922094,0.475409836066));
#641 = CARTESIAN_POINT('',(-89.79544939028,0.514501525414));
#642 = CARTESIAN_POINT('',(-90.1268872494,0.553567592297));
#643 = CARTESIAN_POINT('',(-90.46724064183,0.592605847733));
#644 = CARTESIAN_POINT('',(-90.81697694599,0.631613722539));
#645 = CARTESIAN_POINT('',(-91.17661309383,0.670588235294));
#646 = ( GEOMETRIC_REPRESENTATION_CONTEXT(2) 
PARAMETRIC_REPRESENTATION_CONTEXT() REPRESENTATION_CONTEXT('2D SPACE',''
  ) );
#647 = PCURVE('',#648,#653);
#648 = PLANE('',#649);
#649 = AXIS2_PLACEMENT_3D('',#650,#651,#652);
#650 = CARTESIAN_POINT('',(26.5,74.,-16.));
#651 = DIRECTION('',(1.,0.,0.));
#652 = DIRECTION('',(0.,0.,1.));
#653 = DEFINITIONAL_REPRESENTATION('',(#654),#661);
#654 = B_SPLINE_CURVE_WITH_KNOTS('',5,(#655,#656,#657,#658,#659,#660),
  .UNSPECIFIED.,.F.,.F.,(6,6),(0.,1.),.PIECEWISE_BEZIER_KNOTS.);
#655 = CARTESIAN_POINT('',(0.,-8.295081967213));
#656 = CARTESIAN_POINT('',(1.192296525117,-6.63368516992));
#657 = CARTESIAN_POINT('',(2.383811565044,-4.973377327397));
#658 = CARTESIAN_POINT('',(3.574478355843,-3.314251471367));
#659 = CARTESIAN_POINT('',(4.764218537447,-1.656416792081));
#660 = CARTESIAN_POINT('',(5.952941176471,0.));
#661 = ( GEOMETRIC_REPRESENTATION_CONTEXT(2) 
PARAMETRIC_REPRESENTATION_CONTEXT() REPRESENTATION_CONTEXT('2D SPACE',''
  ) );
#662 = ORIENTED_EDGE('',*,*,#663,.T.);
#663 = EDGE_CURVE('',#625,#664,#666,.T.);
#664 = VERTEX_POINT('',#665);
#665 = CARTESIAN_POINT('',(33.5,82.295081967213,-16.));
#666 = SURFACE_CURVE('',#667,(#670,#676),.PCURVE_S1.);
#667 = B_SPLINE_CURVE_WITH_KNOTS('',1,(#668,#669),.UNSPECIFIED.,.F.,.F.,
  (2,2),(0.,1.),.PIECEWISE_BEZIER_KNOTS.);
#668 = CARTESIAN_POINT('',(26.5,82.295081967213,-16.));
#669 = CARTESIAN_POINT('',(33.5,82.295081967213,-16.));
#670 = PCURVE('',#32,#671);
#671 = DEFINITIONAL_REPRESENTATION('',(#672),#675);
#672 = B_SPLINE_CURVE_WITH_KNOTS('',1,(#673,#674),.UNSPECIFIED.,.F.,.F.,
  (2,2),(0.,1.),.PIECEWISE_BEZIER_KNOTS.);
#673 = CARTESIAN_POINT('',(-89.47249922094,0.475409836066));
#674 = CARTESIAN_POINT('',(-97.38976316609,0.475409836066));
#675 = ( GEOMETRIC_REPRESENTATION_CONTEXT(2) 
PARAMETRIC_REPRESENTATION_CONTEXT() REPRESENTATION_CONTEXT('2D SPACE',''
  ) );
#676 = PCURVE('',#677,#682);
#677 = PLANE('',#678);
#678 = AXIS2_PLACEMENT_3D('',#679,#680,#681);
#679 = CARTESIAN_POINT('',(26.5,74.,-16.));
#680 = DIRECTION('',(0.,0.,1.));
#681 = DIRECTION('',(1.,0.,0.));
#682 = DEFINITIONAL_REPRESENTATION('',(#683),#686);
#683 = B_SPLINE_CURVE_WITH_KNOTS('',1,(#684,#685),.UNSPECIFIED.,.F.,.F.,
  (2,2),(0.,1.),.PIECEWISE_BEZIER_KNOTS.);
#684 = CARTESIAN_POINT('',(0.,8.295081967213));
#685 = CARTESIAN_POINT('',(7.,8.295081967213));
#686 = ( GEOMETRIC_REPRESENTATION_CONTEXT(2) 
PARAMETRIC_REPRESENTATION_CONTEXT() REPRESENTATION_CONTEXT('2D SPACE',''
  ) );
#687 = ORIENTED_EDGE('',*,*,#688,.T.);
#688 = EDGE_CURVE('',#664,#689,#691,.T.);
#689 = VERTEX_POINT('',#690);
#690 = CARTESIAN_POINT('',(33.5,74.,-10.04705882352));
#691 = SURFACE_CURVE('',#692,(#699,#709),.PCURVE_S1.);
#692 = B_SPLINE_CURVE_WITH_KNOTS('',5,(#693,#694,#695,#696,#697,#698),
  .UNSPECIFIED.,.F.,.F.,(6,6),(0.,1.),.PIECEWISE_BEZIER_KNOTS.);
#693 = CARTESIAN_POINT('',(33.5,82.295081967213,-16.));
#694 = CARTESIAN_POINT('',(33.5,80.632318170762,-14.80672245195));
#695 = CARTESIAN_POINT('',(33.5,78.971272422259,-13.61467785597));
#696 = CARTESIAN_POINT('',(33.5,77.31208831557,-12.42396926176));
#697 = CARTESIAN_POINT('',(33.5,75.654933255061,-11.23471680657));
#698 = CARTESIAN_POINT('',(33.5,74.,-10.04705882352));
#699 = PCURVE('',#32,#700);
#700 = DEFINITIONAL_REPRESENTATION('',(#701),#708);
#701 = B_SPLINE_CURVE_WITH_KNOTS('',5,(#702,#703,#704,#705,#706,#707),
  .UNSPECIFIED.,.F.,.F.,(6,6),(0.,1.),.PIECEWISE_BEZIER_KNOTS.);
#702 = CARTESIAN_POINT('',(-97.38976316609,0.475409836066));
#703 = CARTESIAN_POINT('',(-97.79835684229,0.5145336901));
#704 = CARTESIAN_POINT('',(-98.21754376185,0.553617119476));
#705 = CARTESIAN_POINT('',(-98.64783709194,0.592656745516));
#706 = CARTESIAN_POINT('',(-99.0897931349,0.631648629293));
#707 = CARTESIAN_POINT('',(-99.54402032616,0.670588235294));
#708 = ( GEOMETRIC_REPRESENTATION_CONTEXT(2) 
PARAMETRIC_REPRESENTATION_CONTEXT() REPRESENTATION_CONTEXT('2D SPACE',''
  ) );
#709 = PCURVE('',#710,#715);
#710 = PLANE('',#711);
#711 = AXIS2_PLACEMENT_3D('',#712,#713,#714);
#712 = CARTESIAN_POINT('',(33.5,74.,-16.));
#713 = DIRECTION('',(1.,0.,0.));
#714 = DIRECTION('',(0.,0.,1.));
#715 = DEFINITIONAL_REPRESENTATION('',(#716),#723);
#716 = B_SPLINE_CURVE_WITH_KNOTS('',5,(#717,#718,#719,#720,#721,#722),
  .UNSPECIFIED.,.F.,.F.,(6,6),(0.,1.),.PIECEWISE_BEZIER_KNOTS.);
#717 = CARTESIAN_POINT('',(0.,-8.295081967213));
#718 = CARTESIAN_POINT('',(1.193277548041,-6.632318170762));
#719 = CARTESIAN_POINT('',(2.385322144026,-4.971272422259));
#720 = CARTESIAN_POINT('',(3.576030738238,-3.31208831557));
#721 = CARTESIAN_POINT('',(4.765283193427,-1.654933255061));
#722 = CARTESIAN_POINT('',(5.952941176471,0.));
#723 = ( GEOMETRIC_REPRESENTATION_CONTEXT(2) 
PARAMETRIC_REPRESENTATION_CONTEXT() REPRESENTATION_CONTEXT('2D SPACE',''
  ) );
#724 = ORIENTED_EDGE('',*,*,#725,.F.);
#725 = EDGE_CURVE('',#627,#689,#726,.T.);
#726 = SURFACE_CURVE('',#727,(#730,#736),.PCURVE_S1.);
#727 = B_SPLINE_CURVE_WITH_KNOTS('',1,(#728,#729),.UNSPECIFIED.,.F.,.F.,
  (2,2),(0.,1.),.PIECEWISE_BEZIER_KNOTS.);
#728 = CARTESIAN_POINT('',(26.5,74.,-10.04705882352));
#729 = CARTESIAN_POINT('',(33.5,74.,-10.04705882352));
#730 = PCURVE('',#32,#731);
#731 = DEFINITIONAL_REPRESENTATION('',(#732),#735);
#732 = B_SPLINE_CURVE_WITH_KNOTS('',1,(#733,#734),.UNSPECIFIED.,.F.,.F.,
  (2,2),(0.,1.),.PIECEWISE_BEZIER_KNOTS.);
#733 = CARTESIAN_POINT('',(-91.17661309383,0.670588235294));
#734 = CARTESIAN_POINT('',(-99.54402032616,0.670588235294));
#735 = ( GEOMETRIC_REPRESENTATION_CONTEXT(2) 
PARAMETRIC_REPRESENTATION_CONTEXT() REPRESENTATION_CONTEXT('2D SPACE',''
  ) );
#736 = PCURVE('',#737,#742);
#737 = PLANE('',#738);
#738 = AXIS2_PLACEMENT_3D('',#739,#740,#741);
#739 = CARTESIAN_POINT('',(26.5,74.,-16.));
#740 = DIRECTION('',(0.,1.,0.));
#741 = DIRECTION('',(0.,0.,1.));
#742 = DEFINITIONAL_REPRESENTATION('',(#743),#746);
#743 = B_SPLINE_CURVE_WITH_KNOTS('',1,(#744,#745),.UNSPECIFIED.,.F.,.F.,
  (2,2),(0.,1.),.PIECEWISE_BEZIER_KNOTS.);
#744 = CARTESIAN_POINT('',(5.952941176471,0.));
#745 = CARTESIAN_POINT('',(5.952941176471,7.));
#746 = ( GEOMETRIC_REPRESENTATION_CONTEXT(2) 
PARAMETRIC_REPRESENTATION_CONTEXT() REPRESENTATION_CONTEXT('2D SPACE',''
  ) );
#747 = FACE_BOUND('',#748,.T.);
#748 = EDGE_LOOP('',(#749,#788,#813,#850));
#749 = ORIENTED_EDGE('',*,*,#750,.F.);
#750 = EDGE_CURVE('',#751,#753,#755,.T.);
#751 = VERTEX_POINT('',#752);
#752 = CARTESIAN_POINT('',(-33.5,82.295081967213,-16.));
#753 = VERTEX_POINT('',#754);
#754 = CARTESIAN_POINT('',(-33.5,74.,-10.04705882352));
#755 = SURFACE_CURVE('',#756,(#763,#773),.PCURVE_S1.);
#756 = B_SPLINE_CURVE_WITH_KNOTS('',5,(#757,#758,#759,#760,#761,#762),
  .UNSPECIFIED.,.F.,.F.,(6,6),(0.,1.),.PIECEWISE_BEZIER_KNOTS.);
#757 = CARTESIAN_POINT('',(-33.5,82.295081967213,-16.));
#758 = CARTESIAN_POINT('',(-33.5,80.632318170762,-14.80672245195));
#759 = CARTESIAN_POINT('',(-33.5,78.97127242226,-13.61467785597));
#760 = CARTESIAN_POINT('',(-33.5,77.31208831557,-12.42396926176));
#761 = CARTESIAN_POINT('',(-33.5,75.654933255061,-11.23471680657));
#762 = CARTESIAN_POINT('',(-33.5,74.,-10.04705882352));
#763 = PCURVE('',#32,#764);
#764 = DEFINITIONAL_REPRESENTATION('',(#765),#772);
#765 = B_SPLINE_CURVE_WITH_KNOTS('',5,(#766,#767,#768,#769,#770,#771),
  .UNSPECIFIED.,.F.,.F.,(6,6),(0.,1.),.PIECEWISE_BEZIER_KNOTS.);
#766 = CARTESIAN_POINT('',(-21.6102368339,0.475409836066));
#767 = CARTESIAN_POINT('',(-21.2016431577,0.5145336901));
#768 = CARTESIAN_POINT('',(-20.78245623814,0.553617119476));
#769 = CARTESIAN_POINT('',(-20.35216290805,0.592656745516));
#770 = CARTESIAN_POINT('',(-19.91020686509,0.631648629293));
#771 = CARTESIAN_POINT('',(-19.45597967383,0.670588235294));
#772 = ( GEOMETRIC_REPRESENTATION_CONTEXT(2) 
PARAMETRIC_REPRESENTATION_CONTEXT() REPRESENTATION_CONTEXT('2D SPACE',''
  ) );
#773 = PCURVE('',#774,#779);
#774 = PLANE('',#775);
#775 = AXIS2_PLACEMENT_3D('',#776,#777,#778);
#776 = CARTESIAN_POINT('',(-33.5,74.,-16.));
#777 = DIRECTION('',(1.,0.,0.));
#778 = DIRECTION('',(0.,0.,1.));
#779 = DEFINITIONAL_REPRESENTATION('',(#780),#787);
#780 = B_SPLINE_CURVE_WITH_KNOTS('',5,(#781,#782,#783,#784,#785,#786),
  .UNSPECIFIED.,.F.,.F.,(6,6),(0.,1.),.PIECEWISE_BEZIER_KNOTS.);
#781 = CARTESIAN_POINT('',(0.,-8.295081967213));
#782 = CARTESIAN_POINT('',(1.193277548041,-6.632318170762));
#783 = CARTESIAN_POINT('',(2.385322144025,-4.97127242226));
#784 = CARTESIAN_POINT('',(3.576030738238,-3.31208831557));
#785 = CARTESIAN_POINT('',(4.765283193427,-1.654933255061));
#786 = CARTESIAN_POINT('',(5.952941176471,0.));
#787 = ( GEOMETRIC_REPRESENTATION_CONTEXT(2) 
PARAMETRIC_REPRESENTATION_CONTEXT() REPRESENTATION_CONTEXT('2D SPACE',''
  ) );
#788 = ORIENTED_EDGE('',*,*,#789,.T.);
#789 = EDGE_CURVE('',#751,#790,#792,.T.);
#790 = VERTEX_POINT('',#791);
#791 = CARTESIAN_POINT('',(-26.5,82.295081967213,-16.));
#792 = SURFACE_CURVE('',#793,(#796,#802),.PCURVE_S1.);
#793 = B_SPLINE_CURVE_WITH_KNOTS('',1,(#794,#795),.UNSPECIFIED.,.F.,.F.,
  (2,2),(0.,1.),.PIECEWISE_BEZIER_KNOTS.);
#794 = CARTESIAN_POINT('',(-33.5,82.295081967213,-16.));
#795 = CARTESIAN_POINT('',(-26.5,82.295081967213,-16.));
#796 = PCURVE('',#32,#797);
#797 = DEFINITIONAL_REPRESENTATION('',(#798),#801);
#798 = B_SPLINE_CURVE_WITH_KNOTS('',1,(#799,#800),.UNSPECIFIED.,.F.,.F.,
  (2,2),(0.,1.),.PIECEWISE_BEZIER_KNOTS.);
#799 = CARTESIAN_POINT('',(-21.6102368339,0.475409836066));
#800 = CARTESIAN_POINT('',(-29.52750077905,0.475409836066));
#801 = ( GEOMETRIC_REPRESENTATION_CONTEXT(2) 
PARAMETRIC_REPRESENTATION_CONTEXT() REPRESENTATION_CONTEXT('2D SPACE',''
  ) );
#802 = PCURVE('',#803,#808);
#803 = PLANE('',#804);
#804 = AXIS2_PLACEMENT_3D('',#805,#806,#807);
#805 = CARTESIAN_POINT('',(-33.5,74.,-16.));
#806 = DIRECTION('',(0.,0.,1.));
#807 = DIRECTION('',(1.,0.,0.));
#808 = DEFINITIONAL_REPRESENTATION('',(#809),#812);
#809 = B_SPLINE_CURVE_WITH_KNOTS('',1,(#810,#811),.UNSPECIFIED.,.F.,.F.,
  (2,2),(0.,1.),.PIECEWISE_BEZIER_KNOTS.);
#810 = CARTESIAN_POINT('',(0.,8.295081967213));
#811 = CARTESIAN_POINT('',(7.,8.295081967213));
#812 = ( GEOMETRIC_REPRESENTATION_CONTEXT(2) 
PARAMETRIC_REPRESENTATION_CONTEXT() REPRESENTATION_CONTEXT('2D SPACE',''
  ) );
#813 = ORIENTED_EDGE('',*,*,#814,.T.);
#814 = EDGE_CURVE('',#790,#815,#817,.T.);
#815 = VERTEX_POINT('',#816);
#816 = CARTESIAN_POINT('',(-26.5,74.,-10.04705882352));
#817 = SURFACE_CURVE('',#818,(#825,#835),.PCURVE_S1.);
#818 = B_SPLINE_CURVE_WITH_KNOTS('',5,(#819,#820,#821,#822,#823,#824),
  .UNSPECIFIED.,.F.,.F.,(6,6),(0.,1.),.PIECEWISE_BEZIER_KNOTS.);
#819 = CARTESIAN_POINT('',(-26.5,82.295081967213,-16.));
#820 = CARTESIAN_POINT('',(-26.5,80.63368516992,-14.80770347488));
#821 = CARTESIAN_POINT('',(-26.5,78.973377327397,-13.61618843495));
#822 = CARTESIAN_POINT('',(-26.5,77.314251471367,-12.42552164415));
#823 = CARTESIAN_POINT('',(-26.5,75.656416792081,-11.23578146255));
#824 = CARTESIAN_POINT('',(-26.5,74.,-10.04705882352));
#825 = PCURVE('',#32,#826);
#826 = DEFINITIONAL_REPRESENTATION('',(#827),#834);
#827 = B_SPLINE_CURVE_WITH_KNOTS('',5,(#828,#829,#830,#831,#832,#833),
  .UNSPECIFIED.,.F.,.F.,(6,6),(0.,1.),.PIECEWISE_BEZIER_KNOTS.);
#828 = CARTESIAN_POINT('',(-29.52750077905,0.475409836066));
#829 = CARTESIAN_POINT('',(-29.20455060971,0.514501525414));
#830 = CARTESIAN_POINT('',(-28.87311275059,0.553567592297));
#831 = CARTESIAN_POINT('',(-28.53275935816,0.592605847733));
#832 = CARTESIAN_POINT('',(-28.183023054,0.631613722539));
#833 = CARTESIAN_POINT('',(-27.82338690616,0.670588235294));
#834 = ( GEOMETRIC_REPRESENTATION_CONTEXT(2) 
PARAMETRIC_REPRESENTATION_CONTEXT() REPRESENTATION_CONTEXT('2D SPACE',''
  ) );
#835 = PCURVE('',#836,#841);
#836 = PLANE('',#837);
#837 = AXIS2_PLACEMENT_3D('',#838,#839,#840);
#838 = CARTESIAN_POINT('',(-26.5,74.,-16.));
#839 = DIRECTION('',(1.,0.,0.));
#840 = DIRECTION('',(0.,0.,1.));
#841 = DEFINITIONAL_REPRESENTATION('',(#842),#849);
#842 = B_SPLINE_CURVE_WITH_KNOTS('',5,(#843,#844,#845,#846,#847,#848),
  .UNSPECIFIED.,.F.,.F.,(6,6),(0.,1.),.PIECEWISE_BEZIER_KNOTS.);
#843 = CARTESIAN_POINT('',(0.,-8.295081967213));
#844 = CARTESIAN_POINT('',(1.192296525117,-6.63368516992));
#845 = CARTESIAN_POINT('',(2.383811565044,-4.973377327397));
#846 = CARTESIAN_POINT('',(3.574478355843,-3.314251471367));
#847 = CARTESIAN_POINT('',(4.764218537447,-1.656416792081));
#848 = CARTESIAN_POINT('',(5.952941176471,0.));
#849 = ( GEOMETRIC_REPRESENTATION_CONTEXT(2) 
PARAMETRIC_REPRESENTATION_CONTEXT() REPRESENTATION_CONTEXT('2D SPACE',''
  ) );
#850 = ORIENTED_EDGE('',*,*,#851,.F.);
#851 = EDGE_CURVE('',#753,#815,#852,.T.);
#852 = SURFACE_CURVE('',#853,(#856,#862),.PCURVE_S1.);
#853 = B_SPLINE_CURVE_WITH_KNOTS('',1,(#854,#855),.UNSPECIFIED.,.F.,.F.,
  (2,2),(0.,1.),.PIECEWISE_BEZIER_KNOTS.);
#854 = CARTESIAN_POINT('',(-33.5,74.,-10.04705882352));
#855 = CARTESIAN_POINT('',(-26.5,74.,-10.04705882352));
#856 = PCURVE('',#32,#857);
#857 = DEFINITIONAL_REPRESENTATION('',(#858),#861);
#858 = B_SPLINE_CURVE_WITH_KNOTS('',1,(#859,#860),.UNSPECIFIED.,.F.,.F.,
  (2,2),(0.,1.),.PIECEWISE_BEZIER_KNOTS.);
#859 = CARTESIAN_POINT('',(-19.45597967383,0.670588235294));
#860 = CARTESIAN_POINT('',(-27.82338690616,0.670588235294));
#861 = ( GEOMETRIC_REPRESENTATION_CONTEXT(2) 
PARAMETRIC_REPRESENTATION_CONTEXT() REPRESENTATION_CONTEXT('2D SPACE',''
  ) );
#862 = PCURVE('',#863,#868);
#863 = PLANE('',#864);
#864 = AXIS2_PLACEMENT_3D('',#865,#866,#867);
#865 = CARTESIAN_POINT('',(-33.5,74.,-16.));
#866 = DIRECTION('',(0.,1.,0.));
#867 = DIRECTION('',(0.,0.,1.));
#868 = DEFINITIONAL_REPRESENTATION('',(#869),#872);
#869 = B_SPLINE_CURVE_WITH_KNOTS('',1,(#870,#871),.UNSPECIFIED.,.F.,.F.,
  (2,2),(0.,1.),.PIECEWISE_BEZIER_KNOTS.);
#870 = CARTESIAN_POINT('',(5.952941176471,0.));
#871 = CARTESIAN_POINT('',(5.952941176471,7.));
#872 = ( GEOMETRIC_REPRESENTATION_CONTEXT(2) 
PARAMETRIC_REPRESENTATION_CONTEXT() REPRESENTATION_CONTEXT('2D SPACE',''
  ) );
#873 = ADVANCED_FACE('',(#874,#1097),#44,.F.);
#874 = FACE_BOUND('',#875,.F.);
#875 = EDGE_LOOP('',(#876,#877,#901,#929,#974,#1002,#1047,#1075));
#876 = ORIENTED_EDGE('',*,*,#21,.F.);
#877 = ORIENTED_EDGE('',*,*,#878,.T.);
#878 = EDGE_CURVE('',#22,#879,#881,.T.);
#879 = VERTEX_POINT('',#880);
#880 = CARTESIAN_POINT('',(-92.5,69.5,-30.5));
#881 = SURFACE_CURVE('',#882,(#887,#894),.PCURVE_S1.);
#882 = CIRCLE('',#883,33.);
#883 = AXIS2_PLACEMENT_3D('',#884,#885,#886);
#884 = CARTESIAN_POINT('',(-59.5,69.5,-30.5));
#885 = DIRECTION('',(0.,0.,1.));
#886 = DIRECTION('',(1.,0.,0.));
#887 = PCURVE('',#44,#888);
#888 = DEFINITIONAL_REPRESENTATION('',(#889),#893);
#889 = CIRCLE('',#890,33.);
#890 = AXIS2_PLACEMENT_2D('',#891,#892);
#891 = CARTESIAN_POINT('',(0.,0.));
#892 = DIRECTION('',(1.,0.));
#893 = ( GEOMETRIC_REPRESENTATION_CONTEXT(2) 
PARAMETRIC_REPRESENTATION_CONTEXT() REPRESENTATION_CONTEXT('2D SPACE',''
  ) );
#894 = PCURVE('',#71,#895);
#895 = DEFINITIONAL_REPRESENTATION('',(#896),#900);
#896 = LINE('',#897,#898);
#897 = CARTESIAN_POINT('',(0.,0.));
#898 = VECTOR('',#899,1.);
#899 = DIRECTION('',(1.,0.));
#900 = ( GEOMETRIC_REPRESENTATION_CONTEXT(2) 
PARAMETRIC_REPRESENTATION_CONTEXT() REPRESENTATION_CONTEXT('2D SPACE',''
  ) );
#901 = ORIENTED_EDGE('',*,*,#902,.F.);
#902 = EDGE_CURVE('',#903,#879,#905,.T.);
#903 = VERTEX_POINT('',#904);
#904 = CARTESIAN_POINT('',(-92.5,-69.5,-30.5));
#905 = SURFACE_CURVE('',#906,(#910,#917),.PCURVE_S1.);
#906 = LINE('',#907,#908);
#907 = CARTESIAN_POINT('',(-92.5,-69.5,-30.5));
#908 = VECTOR('',#909,1.);
#909 = DIRECTION('',(0.,1.,0.));
#910 = PCURVE('',#44,#911);
#911 = DEFINITIONAL_REPRESENTATION('',(#912),#916);
#912 = LINE('',#913,#914);
#913 = CARTESIAN_POINT('',(-33.,-139.));
#914 = VECTOR('',#915,1.);
#915 = DIRECTION('',(0.,1.));
#916 = ( GEOMETRIC_REPRESENTATION_CONTEXT(2) 
PARAMETRIC_REPRESENTATION_CONTEXT() REPRESENTATION_CONTEXT('2D SPACE',''
  ) );
#917 = PCURVE('',#918,#923);
#918 = B_SPLINE_SURFACE_WITH_KNOTS('',1,1,(
    (#919,#920)
    ,(#921,#922
    )),.UNSPECIFIED.,.F.,.F.,.F.,(2,2),(2,2),(-139.,0.),(0.,1.),
  .PIECEWISE_BEZIER_KNOTS.);
#919 = CARTESIAN_POINT('',(-92.5,69.5,-30.5));
#920 = CARTESIAN_POINT('',(-60.,45.,0.));
#921 = CARTESIAN_POINT('',(-92.5,-69.5,-30.5));
#922 = CARTESIAN_POINT('',(-60.,-45.,0.));
#923 = DEFINITIONAL_REPRESENTATION('',(#924),#928);
#924 = LINE('',#925,#926);
#925 = CARTESIAN_POINT('',(0.,0.));
#926 = VECTOR('',#927,1.);
#927 = DIRECTION('',(-1.,0.));
#928 = ( GEOMETRIC_REPRESENTATION_CONTEXT(2) 
PARAMETRIC_REPRESENTATION_CONTEXT() REPRESENTATION_CONTEXT('2D SPACE',''
  ) );
#929 = ORIENTED_EDGE('',*,*,#930,.T.);
#930 = EDGE_CURVE('',#903,#931,#933,.T.);
#931 = VERTEX_POINT('',#932);
#932 = CARTESIAN_POINT('',(-59.5,-102.5,-30.5));
#933 = SURFACE_CURVE('',#934,(#939,#946),.PCURVE_S1.);
#934 = CIRCLE('',#935,33.);
#935 = AXIS2_PLACEMENT_3D('',#936,#937,#938);
#936 = CARTESIAN_POINT('',(-59.5,-69.5,-30.5));
#937 = DIRECTION('',(0.,0.,1.));
#938 = DIRECTION('',(1.,0.,0.));
#939 = PCURVE('',#44,#940);
#940 = DEFINITIONAL_REPRESENTATION('',(#941),#945);
#941 = CIRCLE('',#942,33.);
#942 = AXIS2_PLACEMENT_2D('',#943,#944);
#943 = CARTESIAN_POINT('',(0.,-139.));
#944 = DIRECTION('',(1.,0.));
#945 = ( GEOMETRIC_REPRESENTATION_CONTEXT(2) 
PARAMETRIC_REPRESENTATION_CONTEXT() REPRESENTATION_CONTEXT('2D SPACE',''
  ) );
#946 = PCURVE('',#947,#968);
#947 = B_SPLINE_SURFACE_WITH_KNOTS('',9,1,(
    (#948,#949)
    ,(#950,#951)
    ,(#952,#953)
    ,(#954,#955)
    ,(#956,#957)
    ,(#958,#959)
    ,(#960,#961)
    ,(#962,#963)
    ,(#964,#965)
    ,(#966,#967
    )),.UNSPECIFIED.,.F.,.F.,.F.,(10,10),(2,2),(3.14159265359,
    4.712388980385),(0.,1.),.PIECEWISE_BEZIER_KNOTS.);
#948 = CARTESIAN_POINT('',(-92.5,-69.5,-30.5));
#949 = CARTESIAN_POINT('',(-60.,-45.,0.));
#950 = CARTESIAN_POINT('',(-92.49999999999,-75.25958653158,-30.5));
#951 = CARTESIAN_POINT('',(-59.99999999999,-47.61799387799,0.));
#952 = CARTESIAN_POINT('',(-91.36910792047,-81.0191731457,-30.5));
#953 = CARTESIAN_POINT('',(-59.48595746212,-50.23598847704,0.));
#954 = CARTESIAN_POINT('',(-89.10732297019,-86.52498753429,
    -30.49999999999));
#955 = CARTESIAN_POINT('',(-58.4578767139,-52.73862806087,0.));
#956 = CARTESIAN_POINT('',(-85.78108580056,-91.52326098108,-30.5));
#957 = CARTESIAN_POINT('',(-56.94594340397,-55.0105778604,0.));
#958 = CARTESIAN_POINT('',(-81.52326098105,-95.78108580053,
    -30.49999999999));
#959 = CARTESIAN_POINT('',(-55.0105778604,-56.94594340397,0.));
#960 = CARTESIAN_POINT('',(-76.52498753432,-99.10732297021,-30.5));
#961 = CARTESIAN_POINT('',(-52.73862806087,-58.4578767139,0.));
#962 = CARTESIAN_POINT('',(-71.01917314569,-101.3691079204,
    -30.49999999999));
#963 = CARTESIAN_POINT('',(-50.23598847704,-59.48595746212,0.));
#964 = CARTESIAN_POINT('',(-65.25958653158,-102.5,-30.5));
#965 = CARTESIAN_POINT('',(-47.61799387799,-60.,0.));
#966 = CARTESIAN_POINT('',(-59.5,-102.5,-30.5));
#967 = CARTESIAN_POINT('',(-45.,-60.,0.));
#968 = DEFINITIONAL_REPRESENTATION('',(#969),#973);
#969 = LINE('',#970,#971);
#970 = CARTESIAN_POINT('',(0.,0.));
#971 = VECTOR('',#972,1.);
#972 = DIRECTION('',(1.,0.));
#973 = ( GEOMETRIC_REPRESENTATION_CONTEXT(2) 
PARAMETRIC_REPRESENTATION_CONTEXT() REPRESENTATION_CONTEXT('2D SPACE',''
  ) );
#974 = ORIENTED_EDGE('',*,*,#975,.T.);
#975 = EDGE_CURVE('',#931,#976,#978,.T.);
#976 = VERTEX_POINT('',#977);
#977 = CARTESIAN_POINT('',(59.5,-102.5,-30.5));
#978 = SURFACE_CURVE('',#979,(#983,#990),.PCURVE_S1.);
#979 = LINE('',#980,#981);
#980 = CARTESIAN_POINT('',(-59.5,-102.5,-30.5));
#981 = VECTOR('',#982,1.);
#982 = DIRECTION('',(1.,0.,0.));
#983 = PCURVE('',#44,#984);
#984 = DEFINITIONAL_REPRESENTATION('',(#985),#989);
#985 = LINE('',#986,#987);
#986 = CARTESIAN_POINT('',(0.,-172.));
#987 = VECTOR('',#988,1.);
#988 = DIRECTION('',(1.,0.));
#989 = ( GEOMETRIC_REPRESENTATION_CONTEXT(2) 
PARAMETRIC_REPRESENTATION_CONTEXT() REPRESENTATION_CONTEXT('2D SPACE',''
  ) );
#990 = PCURVE('',#991,#996);
#991 = B_SPLINE_SURFACE_WITH_KNOTS('',1,1,(
    (#992,#993)
    ,(#994,#995
    )),.UNSPECIFIED.,.F.,.F.,.F.,(2,2),(2,2),(0.,119.),(0.,1.),
  .PIECEWISE_BEZIER_KNOTS.);
#992 = CARTESIAN_POINT('',(-59.5,-102.5,-30.5));
#993 = CARTESIAN_POINT('',(-45.,-60.,0.));
#994 = CARTESIAN_POINT('',(59.5,-102.5,-30.5));
#995 = CARTESIAN_POINT('',(45.,-60.,0.));
#996 = DEFINITIONAL_REPRESENTATION('',(#997),#1001);
#997 = LINE('',#998,#999);
#998 = CARTESIAN_POINT('',(0.,0.));
#999 = VECTOR('',#1000,1.);
#1000 = DIRECTION('',(1.,0.));
#1001 = ( GEOMETRIC_REPRESENTATION_CONTEXT(2) 
PARAMETRIC_REPRESENTATION_CONTEXT() REPRESENTATION_CONTEXT('2D SPACE',''
  ) );
#1002 = ORIENTED_EDGE('',*,*,#1003,.T.);
#1003 = EDGE_CURVE('',#976,#1004,#1006,.T.);
#1004 = VERTEX_POINT('',#1005);
#1005 = CARTESIAN_POINT('',(92.5,-69.5,-30.5));
#1006 = SURFACE_CURVE('',#1007,(#1012,#1019),.PCURVE_S1.);
#1007 = CIRCLE('',#1008,33.);
#1008 = AXIS2_PLACEMENT_3D('',#1009,#1010,#1011);
#1009 = CARTESIAN_POINT('',(59.5,-69.5,-30.5));
#1010 = DIRECTION('',(0.,0.,1.));
#1011 = DIRECTION('',(1.,0.,0.));
#1012 = PCURVE('',#44,#1013);
#1013 = DEFINITIONAL_REPRESENTATION('',(#1014),#1018);
#1014 = CIRCLE('',#1015,33.);
#1015 = AXIS2_PLACEMENT_2D('',#1016,#1017);
#1016 = CARTESIAN_POINT('',(119.,-139.));
#1017 = DIRECTION('',(1.,0.));
#1018 = ( GEOMETRIC_REPRESENTATION_CONTEXT(2) 
PARAMETRIC_REPRESENTATION_CONTEXT() REPRESENTATION_CONTEXT('2D SPACE',''
  ) );
#1019 = PCURVE('',#1020,#1041);
#1020 = B_SPLINE_SURFACE_WITH_KNOTS('',9,1,(
    (#1021,#1022)
    ,(#1023,#1024)
    ,(#1025,#1026)
    ,(#1027,#1028)
    ,(#1029,#1030)
    ,(#1031,#1032)
    ,(#1033,#1034)
    ,(#1035,#1036)
    ,(#1037,#1038)
    ,(#1039,#1040
    )),.UNSPECIFIED.,.F.,.F.,.F.,(10,10),(2,2),(4.712388980385,
    6.28318530718),(0.,1.),.PIECEWISE_BEZIER_KNOTS.);
#1021 = CARTESIAN_POINT('',(59.5,-102.5,-30.5));
#1022 = CARTESIAN_POINT('',(45.,-60.,0.));
#1023 = CARTESIAN_POINT('',(65.259586531581,-102.4999999999,-30.5));
#1024 = CARTESIAN_POINT('',(47.617993877991,-59.99999999999,0.));
#1025 = CARTESIAN_POINT('',(71.019173145701,-101.3691079204,-30.5));
#1026 = CARTESIAN_POINT('',(50.235988477049,-59.48595746212,0.));
#1027 = CARTESIAN_POINT('',(76.524987534303,-99.1073229702,
    -30.49999999999));
#1028 = CARTESIAN_POINT('',(52.738628060869,-58.4578767139,0.));
#1029 = CARTESIAN_POINT('',(81.523260981081,-95.78108580056,-30.5));
#1030 = CARTESIAN_POINT('',(55.0105778604,-56.94594340397,0.));
#1031 = CARTESIAN_POINT('',(85.781085800543,-91.52326098106,
    -30.49999999999));
#1032 = CARTESIAN_POINT('',(56.945943403977,-55.0105778604,0.));
#1033 = CARTESIAN_POINT('',(89.107322970213,-86.52498753431,-30.5));
#1034 = CARTESIAN_POINT('',(58.457876713906,-52.73862806086,0.));
#1035 = CARTESIAN_POINT('',(91.369107920465,-81.01917314569,
    -30.49999999999));
#1036 = CARTESIAN_POINT('',(59.485957462121,-50.23598847704,0.));
#1037 = CARTESIAN_POINT('',(92.500000000001,-75.25958653158,-30.5));
#1038 = CARTESIAN_POINT('',(60.,-47.61799387799,0.));
#1039 = CARTESIAN_POINT('',(92.5,-69.5,-30.5));
#1040 = CARTESIAN_POINT('',(60.,-45.,0.));
#1041 = DEFINITIONAL_REPRESENTATION('',(#1042),#1046);
#1042 = LINE('',#1043,#1044);
#1043 = CARTESIAN_POINT('',(0.,0.));
#1044 = VECTOR('',#1045,1.);
#1045 = DIRECTION('',(1.,0.));
#1046 = ( GEOMETRIC_REPRESENTATION_CONTEXT(2) 
PARAMETRIC_REPRESENTATION_CONTEXT() REPRESENTATION_CONTEXT('2D SPACE',''
  ) );
#1047 = ORIENTED_EDGE('',*,*,#1048,.T.);
#1048 = EDGE_CURVE('',#1004,#1049,#1051,.T.);
#1049 = VERTEX_POINT('',#1050);
#1050 = CARTESIAN_POINT('',(92.5,69.5,-30.5));
#1051 = SURFACE_CURVE('',#1052,(#1056,#1063),.PCURVE_S1.);
#1052 = LINE('',#1053,#1054);
#1053 = CARTESIAN_POINT('',(92.5,-69.5,-30.5));
#1054 = VECTOR('',#1055,1.);
#1055 = DIRECTION('',(0.,1.,0.));
#1056 = PCURVE('',#44,#1057);
#1057 = DEFINITIONAL_REPRESENTATION('',(#1058),#1062);
#1058 = LINE('',#1059,#1060);
#1059 = CARTESIAN_POINT('',(152.,-139.));
#1060 = VECTOR('',#1061,1.);
#1061 = DIRECTION('',(0.,1.));
#1062 = ( GEOMETRIC_REPRESENTATION_CONTEXT(2) 
PARAMETRIC_REPRESENTATION_CONTEXT() REPRESENTATION_CONTEXT('2D SPACE',''
  ) );
#1063 = PCURVE('',#1064,#1069);
#1064 = B_SPLINE_SURFACE_WITH_KNOTS('',1,1,(
    (#1065,#1066)
    ,(#1067,#1068
    )),.UNSPECIFIED.,.F.,.F.,.F.,(2,2),(2,2),(0.,139.),(0.,1.),
  .PIECEWISE_BEZIER_KNOTS.);
#1065 = CARTESIAN_POINT('',(92.5,-69.5,-30.5));
#1066 = CARTESIAN_POINT('',(60.,-45.,0.));
#1067 = CARTESIAN_POINT('',(92.5,69.5,-30.5));
#1068 = CARTESIAN_POINT('',(60.,45.,0.));
#1069 = DEFINITIONAL_REPRESENTATION('',(#1070),#1074);
#1070 = LINE('',#1071,#1072);
#1071 = CARTESIAN_POINT('',(0.,0.));
#1072 = VECTOR('',#1073,1.);
#1073 = DIRECTION('',(1.,0.));
#1074 = ( GEOMETRIC_REPRESENTATION_CONTEXT(2) 
PARAMETRIC_REPRESENTATION_CONTEXT() REPRESENTATION_CONTEXT('2D SPACE',''
  ) );
#1075 = ORIENTED_EDGE('',*,*,#1076,.T.);
#1076 = EDGE_CURVE('',#1049,#24,#1077,.T.);
#1077 = SURFACE_CURVE('',#1078,(#1083,#1090),.PCURVE_S1.);
#1078 = CIRCLE('',#1079,33.);
#1079 = AXIS2_PLACEMENT_3D('',#1080,#1081,#1082);
#1080 = CARTESIAN_POINT('',(59.5,69.5,-30.5));
#1081 = DIRECTION('',(0.,0.,1.));
#1082 = DIRECTION('',(1.,0.,0.));
#1083 = PCURVE('',#44,#1084);
#1084 = DEFINITIONAL_REPRESENTATION('',(#1085),#1089);
#1085 = CIRCLE('',#1086,33.);
#1086 = AXIS2_PLACEMENT_2D('',#1087,#1088);
#1087 = CARTESIAN_POINT('',(119.,0.));
#1088 = DIRECTION('',(1.,0.));
#1089 = ( GEOMETRIC_REPRESENTATION_CONTEXT(2) 
PARAMETRIC_REPRESENTATION_CONTEXT() REPRESENTATION_CONTEXT('2D SPACE',''
  ) );
#1090 = PCURVE('',#139,#1091);
#1091 = DEFINITIONAL_REPRESENTATION('',(#1092),#1096);
#1092 = LINE('',#1093,#1094);
#1093 = CARTESIAN_POINT('',(0.,0.));
#1094 = VECTOR('',#1095,1.);
#1095 = DIRECTION('',(1.,0.));
#1096 = ( GEOMETRIC_REPRESENTATION_CONTEXT(2) 
PARAMETRIC_REPRESENTATION_CONTEXT() REPRESENTATION_CONTEXT('2D SPACE',''
  ) );
#1097 = FACE_BOUND('',#1098,.F.);
#1098 = EDGE_LOOP('',(#1099,#1200,#1225,#1324,#1349,#1448,#1473,#1572));
#1099 = ORIENTED_EDGE('',*,*,#1100,.T.);
#1100 = EDGE_CURVE('',#1101,#1103,#1105,.T.);
#1101 = VERTEX_POINT('',#1102);
#1102 = CARTESIAN_POINT('',(-88.28964401294,69.338187702265,-30.5));
#1103 = VERTEX_POINT('',#1104);
#1104 = CARTESIAN_POINT('',(-59.40291262135,98.224919093851,-30.5));
#1105 = SURFACE_CURVE('',#1106,(#1129,#1155),.PCURVE_S1.);
#1106 = B_SPLINE_CURVE_WITH_KNOTS('',6,(#1107,#1108,#1109,#1110,#1111,
    #1112,#1113,#1114,#1115,#1116,#1117,#1118,#1119,#1120,#1121,#1122,
    #1123,#1124,#1125,#1126,#1127,#1128),.UNSPECIFIED.,.F.,.F.,(7,5,5,5,
    7),(0.,0.25199987123,0.500999935218,0.749999999268,1.),
  .UNSPECIFIED.);
#1107 = CARTESIAN_POINT('',(-88.28964401294,69.338187702265,-30.5));
#1108 = CARTESIAN_POINT('',(-88.28964401294,71.243913273972,-30.5));
#1109 = CARTESIAN_POINT('',(-88.13877348879,73.14975377092,-30.5));
#1110 = CARTESIAN_POINT('',(-87.83699990573,75.04052520152,-30.5));
#1111 = CARTESIAN_POINT('',(-87.38638715201,76.901447561659,-30.5));
#1112 = CARTESIAN_POINT('',(-86.79072955747,78.71808780319,-30.5));
#1113 = CARTESIAN_POINT('',(-85.32984223962,82.213878402335,-30.5));
#1114 = CARTESIAN_POINT('',(-84.46782094877,83.894611361095,-30.5));
#1115 = CARTESIAN_POINT('',(-83.47546583531,85.505125816094,-30.5));
#1116 = CARTESIAN_POINT('',(-82.36008996997,87.033020492795,-30.5));
#1117 = CARTESIAN_POINT('',(-81.13040612906,88.466834160101,-30.5));
#1118 = CARTESIAN_POINT('',(-78.46320586258,91.125668304309,-30.5));
#1119 = CARTESIAN_POINT('',(-77.0255361111,92.350841626093,-30.5));
#1120 = CARTESIAN_POINT('',(-75.49414492313,93.461411973025,-30.5));
#1121 = CARTESIAN_POINT('',(-73.88052084548,94.448702618545,-30.5));
#1122 = CARTESIAN_POINT('',(-72.19708806514,95.305439486139,-30.5));
#1123 = CARTESIAN_POINT('',(-68.71069781204,96.749549620804,-30.5));
#1124 = CARTESIAN_POINT('',(-66.90708469303,97.335911353113,-30.5));
#1125 = CARTESIAN_POINT('',(-65.06022781174,97.779431854948,-30.5));
#1126 = CARTESIAN_POINT('',(-63.18422655829,98.076433688909,-30.5));
#1127 = CARTESIAN_POINT('',(-61.29351435936,98.224919093851,-30.5));
#1128 = CARTESIAN_POINT('',(-59.40291262135,98.224919093851,-30.5));
#1129 = PCURVE('',#44,#1130);
#1130 = DEFINITIONAL_REPRESENTATION('',(#1131),#1154);
#1131 = B_SPLINE_CURVE_WITH_KNOTS('',6,(#1132,#1133,#1134,#1135,#1136,
    #1137,#1138,#1139,#1140,#1141,#1142,#1143,#1144,#1145,#1146,#1147,
    #1148,#1149,#1150,#1151,#1152,#1153),.UNSPECIFIED.,.F.,.F.,(7,5,5,5,
    7),(0.,0.25199987123,0.500999935218,0.749999999268,1.),
  .UNSPECIFIED.);
#1132 = CARTESIAN_POINT('',(-28.78964401294,-0.161812297735));
#1133 = CARTESIAN_POINT('',(-28.78964401294,1.743913273972));
#1134 = CARTESIAN_POINT('',(-28.63877348879,3.64975377092));
#1135 = CARTESIAN_POINT('',(-28.33699990573,5.54052520152));
#1136 = CARTESIAN_POINT('',(-27.88638715201,7.401447561659));
#1137 = CARTESIAN_POINT('',(-27.29072955747,9.21808780319));
#1138 = CARTESIAN_POINT('',(-25.82984223962,12.713878402335));
#1139 = CARTESIAN_POINT('',(-24.96782094877,14.394611361095));
#1140 = CARTESIAN_POINT('',(-23.97546583531,16.005125816094));
#1141 = CARTESIAN_POINT('',(-22.86008996997,17.533020492795));
#1142 = CARTESIAN_POINT('',(-21.63040612906,18.966834160101));
#1143 = CARTESIAN_POINT('',(-18.96320586258,21.625668304309));
#1144 = CARTESIAN_POINT('',(-17.5255361111,22.850841626093));
#1145 = CARTESIAN_POINT('',(-15.99414492313,23.961411973025));
#1146 = CARTESIAN_POINT('',(-14.38052084548,24.948702618545));
#1147 = CARTESIAN_POINT('',(-12.69708806514,25.805439486139));
#1148 = CARTESIAN_POINT('',(-9.210697812046,27.249549620804));
#1149 = CARTESIAN_POINT('',(-7.407084693037,27.835911353113));
#1150 = CARTESIAN_POINT('',(-5.560227811742,28.279431854948));
#1151 = CARTESIAN_POINT('',(-3.68422655829,28.576433688909));
#1152 = CARTESIAN_POINT('',(-1.79351435936,28.724919093851));
#1153 = CARTESIAN_POINT('',(9.708737864075E-02,28.724919093851));
#1154 = ( GEOMETRIC_REPRESENTATION_CONTEXT(2) 
PARAMETRIC_REPRESENTATION_CONTEXT() REPRESENTATION_CONTEXT('2D SPACE',''
  ) );
#1155 = PCURVE('',#1156,#1175);
#1156 = B_SPLINE_SURFACE_WITH_KNOTS('',8,1,(
    (#1157,#1158)
    ,(#1159,#1160)
    ,(#1161,#1162)
    ,(#1163,#1164)
    ,(#1165,#1166)
    ,(#1167,#1168)
    ,(#1169,#1170)
    ,(#1171,#1172)
    ,(#1173,#1174
    )),.UNSPECIFIED.,.F.,.F.,.F.,(9,9),(2,2),(1.570796326795,
    3.14159265359),(0.,1.),.PIECEWISE_BEZIER_KNOTS.);
#1157 = CARTESIAN_POINT('',(-59.5,98.5,-30.7));
#1158 = CARTESIAN_POINT('',(-44.5,56.,0.2));
#1159 = CARTESIAN_POINT('',(-65.19413668463,98.5,-30.7));
#1160 = CARTESIAN_POINT('',(-46.75801971976,56.,0.2));
#1161 = CARTESIAN_POINT('',(-70.88827516162,97.222237120126,-30.7));
#1162 = CARTESIAN_POINT('',(-49.01604015029,55.493300926947,0.2));
#1163 = CARTESIAN_POINT('',(-76.24788379571,94.66672391027,
    -30.69999999999));
#1164 = CARTESIAN_POINT('',(-51.14140219485,54.47990775752,0.2));
#1165 = CARTESIAN_POINT('',(-80.93850391761,90.938503917617,-30.7));
#1166 = CARTESIAN_POINT('',(-53.00147569146,53.00147569147,0.2));
#1167 = CARTESIAN_POINT('',(-84.66672391027,86.247883795717,
    -30.69999999999));
#1168 = CARTESIAN_POINT('',(-54.47990775752,51.141402194852,0.2));
#1169 = CARTESIAN_POINT('',(-87.22223712012,80.888275161622,-30.7));
#1170 = CARTESIAN_POINT('',(-55.49330092694,49.016040150299,0.2));
#1171 = CARTESIAN_POINT('',(-88.5,75.194136684632,-30.7));
#1172 = CARTESIAN_POINT('',(-56.,46.758019719768,0.2));
#1173 = CARTESIAN_POINT('',(-88.5,69.5,-30.7));
#1174 = CARTESIAN_POINT('',(-56.,44.5,0.2));
#1175 = DEFINITIONAL_REPRESENTATION('',(#1176),#1199);
#1176 = B_SPLINE_CURVE_WITH_KNOTS('',6,(#1177,#1178,#1179,#1180,#1181,
    #1182,#1183,#1184,#1185,#1186,#1187,#1188,#1189,#1190,#1191,#1192,
    #1193,#1194,#1195,#1196,#1197,#1198),.UNSPECIFIED.,.F.,.F.,(7,5,5,5,
    7),(0.,0.25199987123,0.500999935218,0.749999999268,1.),
  .UNSPECIFIED.);
#1177 = CARTESIAN_POINT('',(3.14159265359,6.472491909385E-03));
#1178 = CARTESIAN_POINT('',(3.075620302967,6.472491909384E-03));
#1179 = CARTESIAN_POINT('',(3.009644018259,6.472491909385E-03));
#1180 = CARTESIAN_POINT('',(2.943672317595,6.472491909385E-03));
#1181 = CARTESIAN_POINT('',(2.877700622427,6.472491909385E-03));
#1182 = CARTESIAN_POINT('',(2.811724330585,6.472491909385E-03));
#1183 = CARTESIAN_POINT('',(2.680564962963,6.472491909385E-03));
#1184 = CARTESIAN_POINT('',(2.615374235158,6.472491909385E-03));
#1185 = CARTESIAN_POINT('',(2.550187840721,6.472491909385E-03));
#1186 = CARTESIAN_POINT('',(2.485001443621,6.472491909385E-03));
#1187 = CARTESIAN_POINT('',(2.419810712264,6.472491909385E-03));
#1188 = CARTESIAN_POINT('',(2.289436675451,6.472491909385E-03));
#1189 = CARTESIAN_POINT('',(2.224245944122,6.472491909385E-03));
#1190 = CARTESIAN_POINT('',(2.159059547092,6.472491909385E-03));
#1191 = CARTESIAN_POINT('',(2.093873152698,6.472491909385E-03));
#1192 = CARTESIAN_POINT('',(2.028682424847,6.472491909385E-03));
#1193 = CARTESIAN_POINT('',(1.898046613537,6.472491909385E-03));
#1194 = CARTESIAN_POINT('',(1.832594030555,6.472491909385E-03));
#1195 = CARTESIAN_POINT('',(1.767145866299,6.472491909386E-03));
#1196 = CARTESIAN_POINT('',(1.701697696848,6.472491909385E-03));
#1197 = CARTESIAN_POINT('',(1.636245120996,6.472491909383E-03));
#1198 = CARTESIAN_POINT('',(1.570796326795,6.472491909385E-03));
#1199 = ( GEOMETRIC_REPRESENTATION_CONTEXT(2) 
PARAMETRIC_REPRESENTATION_CONTEXT() REPRESENTATION_CONTEXT('2D SPACE',''
  ) );
#1200 = ORIENTED_EDGE('',*,*,#1201,.T.);
#1201 = EDGE_CURVE('',#1103,#1202,#1204,.T.);
#1202 = VERTEX_POINT('',#1203);
#1203 = CARTESIAN_POINT('',(59.402912621359,98.224919093851,-30.5));
#1204 = SURFACE_CURVE('',#1205,(#1208,#1214),.PCURVE_S1.);
#1205 = B_SPLINE_CURVE_WITH_KNOTS('',1,(#1206,#1207),.UNSPECIFIED.,.F.,
  .F.,(2,2),(0.,1.),.PIECEWISE_BEZIER_KNOTS.);
#1206 = CARTESIAN_POINT('',(-59.40291262135,98.224919093851,-30.5));
#1207 = CARTESIAN_POINT('',(59.402912621359,98.224919093851,-30.5));
#1208 = PCURVE('',#44,#1209);
#1209 = DEFINITIONAL_REPRESENTATION('',(#1210),#1213);
#1210 = B_SPLINE_CURVE_WITH_KNOTS('',1,(#1211,#1212),.UNSPECIFIED.,.F.,
  .F.,(2,2),(0.,1.),.PIECEWISE_BEZIER_KNOTS.);
#1211 = CARTESIAN_POINT('',(9.708737864078E-02,28.724919093851));
#1212 = CARTESIAN_POINT('',(118.90291262135,28.724919093851));
#1213 = ( GEOMETRIC_REPRESENTATION_CONTEXT(2) 
PARAMETRIC_REPRESENTATION_CONTEXT() REPRESENTATION_CONTEXT('2D SPACE',''
  ) );
#1214 = PCURVE('',#1215,#1220);
#1215 = B_SPLINE_SURFACE_WITH_KNOTS('',1,1,(
    (#1216,#1217)
    ,(#1218,#1219
    )),.UNSPECIFIED.,.F.,.F.,.F.,(2,2),(2,2),(-119.,0.),(0.,1.),
  .PIECEWISE_BEZIER_KNOTS.);
#1216 = CARTESIAN_POINT('',(59.5,98.5,-30.7));
#1217 = CARTESIAN_POINT('',(44.5,56.,0.2));
#1218 = CARTESIAN_POINT('',(-59.5,98.5,-30.7));
#1219 = CARTESIAN_POINT('',(-44.5,56.,0.2));
#1220 = DEFINITIONAL_REPRESENTATION('',(#1221),#1224);
#1221 = B_SPLINE_CURVE_WITH_KNOTS('',1,(#1222,#1223),.UNSPECIFIED.,.F.,
  .F.,(2,2),(0.,1.),.PIECEWISE_BEZIER_KNOTS.);
#1222 = CARTESIAN_POINT('',(0.,6.472491909385E-03));
#1223 = CARTESIAN_POINT('',(-119.,6.472491909385E-03));
#1224 = ( GEOMETRIC_REPRESENTATION_CONTEXT(2) 
PARAMETRIC_REPRESENTATION_CONTEXT() REPRESENTATION_CONTEXT('2D SPACE',''
  ) );
#1225 = ORIENTED_EDGE('',*,*,#1226,.T.);
#1226 = EDGE_CURVE('',#1202,#1227,#1229,.T.);
#1227 = VERTEX_POINT('',#1228);
#1228 = CARTESIAN_POINT('',(88.289644012945,69.338187702265,-30.5));
#1229 = SURFACE_CURVE('',#1230,(#1253,#1279),.PCURVE_S1.);
#1230 = B_SPLINE_CURVE_WITH_KNOTS('',6,(#1231,#1232,#1233,#1234,#1235,
    #1236,#1237,#1238,#1239,#1240,#1241,#1242,#1243,#1244,#1245,#1246,
    #1247,#1248,#1249,#1250,#1251,#1252),.UNSPECIFIED.,.F.,.F.,(7,5,5,5,
    7),(0.,0.25199987123,0.500999935219,0.749999999268,1.),
  .UNSPECIFIED.);
#1231 = CARTESIAN_POINT('',(59.402912621359,98.224919093851,-30.5));
#1232 = CARTESIAN_POINT('',(61.308638193065,98.224919093851,-30.5));
#1233 = CARTESIAN_POINT('',(63.214478690016,98.074048569704,-30.5));
#1234 = CARTESIAN_POINT('',(65.105250120611,97.77227498664,-30.5));
#1235 = CARTESIAN_POINT('',(66.966172480755,97.321662232922,-30.5));
#1236 = CARTESIAN_POINT('',(68.782812722284,96.726004638383,-30.5));
#1237 = CARTESIAN_POINT('',(72.278603321428,95.265117320535,-30.5));
#1238 = CARTESIAN_POINT('',(73.959336280193,94.403096029679,-30.5));
#1239 = CARTESIAN_POINT('',(75.569850735183,93.410740916221,-30.5));
#1240 = CARTESIAN_POINT('',(77.097745411893,92.295365050875,-30.5));
#1241 = CARTESIAN_POINT('',(78.531559079195,91.06568120997,-30.5));
#1242 = CARTESIAN_POINT('',(81.190393223402,88.398480943496,-30.5));
#1243 = CARTESIAN_POINT('',(82.41556654519,86.960811192011,-30.5));
#1244 = CARTESIAN_POINT('',(83.526136892116,85.429420004043,-30.5));
#1245 = CARTESIAN_POINT('',(84.513427537641,83.815795926386,-30.5));
#1246 = CARTESIAN_POINT('',(85.370164405233,82.132363146055,-30.5));
#1247 = CARTESIAN_POINT('',(86.814274539899,78.645972892949,-30.5));
#1248 = CARTESIAN_POINT('',(87.400636272205,76.842359773949,-30.5));
#1249 = CARTESIAN_POINT('',(87.844156774044,74.995502892641,-30.5));
#1250 = CARTESIAN_POINT('',(88.141158608002,73.119501639199,-30.5));
#1251 = CARTESIAN_POINT('',(88.289644012945,71.228789440266,-30.5));
#1252 = CARTESIAN_POINT('',(88.289644012945,69.338187702265,-30.5));
#1253 = PCURVE('',#44,#1254);
#1254 = DEFINITIONAL_REPRESENTATION('',(#1255),#1278);
#1255 = B_SPLINE_CURVE_WITH_KNOTS('',6,(#1256,#1257,#1258,#1259,#1260,
    #1261,#1262,#1263,#1264,#1265,#1266,#1267,#1268,#1269,#1270,#1271,
    #1272,#1273,#1274,#1275,#1276,#1277),.UNSPECIFIED.,.F.,.F.,(7,5,5,5,
    7),(0.,0.25199987123,0.500999935219,0.749999999268,1.),
  .UNSPECIFIED.);
#1256 = CARTESIAN_POINT('',(118.90291262135,28.724919093851));
#1257 = CARTESIAN_POINT('',(120.80863819306,28.724919093851));
#1258 = CARTESIAN_POINT('',(122.71447869001,28.574048569704));
#1259 = CARTESIAN_POINT('',(124.60525012061,28.27227498664));
#1260 = CARTESIAN_POINT('',(126.46617248075,27.821662232922));
#1261 = CARTESIAN_POINT('',(128.28281272228,27.226004638383));
#1262 = CARTESIAN_POINT('',(131.77860332142,25.765117320535));
#1263 = CARTESIAN_POINT('',(133.45933628019,24.903096029679));
#1264 = CARTESIAN_POINT('',(135.06985073518,23.910740916222));
#1265 = CARTESIAN_POINT('',(136.59774541189,22.795365050875));
#1266 = CARTESIAN_POINT('',(138.03155907919,21.56568120997));
#1267 = CARTESIAN_POINT('',(140.6903932234,18.898480943496));
#1268 = CARTESIAN_POINT('',(141.91556654519,17.460811192011));
#1269 = CARTESIAN_POINT('',(143.02613689211,15.929420004043));
#1270 = CARTESIAN_POINT('',(144.01342753764,14.315795926386));
#1271 = CARTESIAN_POINT('',(144.87016440523,12.632363146055));
#1272 = CARTESIAN_POINT('',(146.31427453989,9.145972892949));
#1273 = CARTESIAN_POINT('',(146.9006362722,7.342359773949));
#1274 = CARTESIAN_POINT('',(147.34415677404,5.495502892641));
#1275 = CARTESIAN_POINT('',(147.641158608,3.619501639199));
#1276 = CARTESIAN_POINT('',(147.78964401294,1.728789440266));
#1277 = CARTESIAN_POINT('',(147.78964401294,-0.161812297735));
#1278 = ( GEOMETRIC_REPRESENTATION_CONTEXT(2) 
PARAMETRIC_REPRESENTATION_CONTEXT() REPRESENTATION_CONTEXT('2D SPACE',''
  ) );
#1279 = PCURVE('',#1280,#1299);
#1280 = B_SPLINE_SURFACE_WITH_KNOTS('',8,1,(
    (#1281,#1282)
    ,(#1283,#1284)
    ,(#1285,#1286)
    ,(#1287,#1288)
    ,(#1289,#1290)
    ,(#1291,#1292)
    ,(#1293,#1294)
    ,(#1295,#1296)
    ,(#1297,#1298
    )),.UNSPECIFIED.,.F.,.F.,.F.,(9,9),(2,2),(0.,1.570796326795),(0.,1.)
  ,.PIECEWISE_BEZIER_KNOTS.);
#1281 = CARTESIAN_POINT('',(88.5,69.5,-30.7));
#1282 = CARTESIAN_POINT('',(56.,44.5,0.2));
#1283 = CARTESIAN_POINT('',(88.5,75.194136684631,-30.7));
#1284 = CARTESIAN_POINT('',(56.,46.758019719768,0.2));
#1285 = CARTESIAN_POINT('',(87.222237120124,80.888275161623,-30.7));
#1286 = CARTESIAN_POINT('',(55.493300926946,49.016040150298,0.2));
#1287 = CARTESIAN_POINT('',(84.666723910274,86.247883795716,-30.7));
#1288 = CARTESIAN_POINT('',(54.479907757523,51.141402194854,0.2));
#1289 = CARTESIAN_POINT('',(80.938503917614,90.938503917619,-30.7));
#1290 = CARTESIAN_POINT('',(53.001475691467,53.001475691467,0.2));
#1291 = CARTESIAN_POINT('',(76.247883795719,94.66672391027,-30.7));
#1292 = CARTESIAN_POINT('',(51.141402194854,54.479907757523,0.2));
#1293 = CARTESIAN_POINT('',(70.888275161621,97.222237120126,-30.7));
#1294 = CARTESIAN_POINT('',(49.016040150298,55.493300926946,0.2));
#1295 = CARTESIAN_POINT('',(65.194136684632,98.5,-30.7));
#1296 = CARTESIAN_POINT('',(46.758019719768,56.,0.2));
#1297 = CARTESIAN_POINT('',(59.5,98.5,-30.7));
#1298 = CARTESIAN_POINT('',(44.5,56.,0.2));
#1299 = DEFINITIONAL_REPRESENTATION('',(#1300),#1323);
#1300 = B_SPLINE_CURVE_WITH_KNOTS('',6,(#1301,#1302,#1303,#1304,#1305,
    #1306,#1307,#1308,#1309,#1310,#1311,#1312,#1313,#1314,#1315,#1316,
    #1317,#1318,#1319,#1320,#1321,#1322),.UNSPECIFIED.,.F.,.F.,(7,5,5,5,
    7),(0.,0.25199987123,0.500999935219,0.749999999268,1.),
  .UNSPECIFIED.);
#1301 = CARTESIAN_POINT('',(1.570796326795,6.472491909385E-03));
#1302 = CARTESIAN_POINT('',(1.504823976172,6.472491909385E-03));
#1303 = CARTESIAN_POINT('',(1.438847691464,6.472491909385E-03));
#1304 = CARTESIAN_POINT('',(1.3728759908,6.472491909385E-03));
#1305 = CARTESIAN_POINT('',(1.306904295633,6.472491909385E-03));
#1306 = CARTESIAN_POINT('',(1.24092800379,6.472491909385E-03));
#1307 = CARTESIAN_POINT('',(1.109768636168,6.472491909385E-03));
#1308 = CARTESIAN_POINT('',(1.044577908363,6.472491909385E-03));
#1309 = CARTESIAN_POINT('',(0.979391513926,6.472491909385E-03));
#1310 = CARTESIAN_POINT('',(0.914205116826,6.472491909385E-03));
#1311 = CARTESIAN_POINT('',(0.849014385469,6.472491909385E-03));
#1312 = CARTESIAN_POINT('',(0.718640348656,6.472491909385E-03));
#1313 = CARTESIAN_POINT('',(0.653449617327,6.472491909385E-03));
#1314 = CARTESIAN_POINT('',(0.588263220297,6.472491909385E-03));
#1315 = CARTESIAN_POINT('',(0.523076825903,6.472491909385E-03));
#1316 = CARTESIAN_POINT('',(0.457886098052,6.472491909385E-03));
#1317 = CARTESIAN_POINT('',(0.327250286742,6.472491909385E-03));
#1318 = CARTESIAN_POINT('',(0.261797703761,6.472491909385E-03));
#1319 = CARTESIAN_POINT('',(0.196349539504,6.472491909385E-03));
#1320 = CARTESIAN_POINT('',(0.130901370054,6.472491909385E-03));
#1321 = CARTESIAN_POINT('',(6.544879420144E-02,6.472491909385E-03));
#1322 = CARTESIAN_POINT('',(0.,6.472491909385E-03));
#1323 = ( GEOMETRIC_REPRESENTATION_CONTEXT(2) 
PARAMETRIC_REPRESENTATION_CONTEXT() REPRESENTATION_CONTEXT('2D SPACE',''
  ) );
#1324 = ORIENTED_EDGE('',*,*,#1325,.T.);
#1325 = EDGE_CURVE('',#1227,#1326,#1328,.T.);
#1326 = VERTEX_POINT('',#1327);
#1327 = CARTESIAN_POINT('',(88.289644012945,-69.33818770226,-30.5));
#1328 = SURFACE_CURVE('',#1329,(#1332,#1338),.PCURVE_S1.);
#1329 = B_SPLINE_CURVE_WITH_KNOTS('',1,(#1330,#1331),.UNSPECIFIED.,.F.,
  .F.,(2,2),(0.,1.),.PIECEWISE_BEZIER_KNOTS.);
#1330 = CARTESIAN_POINT('',(88.289644012945,69.338187702265,-30.5));
#1331 = CARTESIAN_POINT('',(88.289644012945,-69.33818770226,-30.5));
#1332 = PCURVE('',#44,#1333);
#1333 = DEFINITIONAL_REPRESENTATION('',(#1334),#1337);
#1334 = B_SPLINE_CURVE_WITH_KNOTS('',1,(#1335,#1336),.UNSPECIFIED.,.F.,
  .F.,(2,2),(0.,1.),.PIECEWISE_BEZIER_KNOTS.);
#1335 = CARTESIAN_POINT('',(147.78964401294,-0.161812297735));
#1336 = CARTESIAN_POINT('',(147.78964401294,-138.8381877022));
#1337 = ( GEOMETRIC_REPRESENTATION_CONTEXT(2) 
PARAMETRIC_REPRESENTATION_CONTEXT() REPRESENTATION_CONTEXT('2D SPACE',''
  ) );
#1338 = PCURVE('',#1339,#1344);
#1339 = B_SPLINE_SURFACE_WITH_KNOTS('',1,1,(
    (#1340,#1341)
    ,(#1342,#1343
    )),.UNSPECIFIED.,.F.,.F.,.F.,(2,2),(2,2),(0.,139.),(0.,1.),
  .PIECEWISE_BEZIER_KNOTS.);
#1340 = CARTESIAN_POINT('',(88.5,-69.5,-30.7));
#1341 = CARTESIAN_POINT('',(56.,-44.5,0.2));
#1342 = CARTESIAN_POINT('',(88.5,69.5,-30.7));
#1343 = CARTESIAN_POINT('',(56.,44.5,0.2));
#1344 = DEFINITIONAL_REPRESENTATION('',(#1345),#1348);
#1345 = B_SPLINE_CURVE_WITH_KNOTS('',1,(#1346,#1347),.UNSPECIFIED.,.F.,
  .F.,(2,2),(0.,1.),.PIECEWISE_BEZIER_KNOTS.);
#1346 = CARTESIAN_POINT('',(139.,6.472491909385E-03));
#1347 = CARTESIAN_POINT('',(0.,6.472491909385E-03));
#1348 = ( GEOMETRIC_REPRESENTATION_CONTEXT(2) 
PARAMETRIC_REPRESENTATION_CONTEXT() REPRESENTATION_CONTEXT('2D SPACE',''
  ) );
#1349 = ORIENTED_EDGE('',*,*,#1350,.T.);
#1350 = EDGE_CURVE('',#1326,#1351,#1353,.T.);
#1351 = VERTEX_POINT('',#1352);
#1352 = CARTESIAN_POINT('',(59.402912621359,-98.22491909385,-30.5));
#1353 = SURFACE_CURVE('',#1354,(#1377,#1403),.PCURVE_S1.);
#1354 = B_SPLINE_CURVE_WITH_KNOTS('',6,(#1355,#1356,#1357,#1358,#1359,
    #1360,#1361,#1362,#1363,#1364,#1365,#1366,#1367,#1368,#1369,#1370,
    #1371,#1372,#1373,#1374,#1375,#1376),.UNSPECIFIED.,.F.,.F.,(7,5,5,5,
    7),(0.,0.25199987123,0.500999935219,0.749999999268,1.),
  .UNSPECIFIED.);
#1355 = CARTESIAN_POINT('',(88.289644012945,-69.33818770226,-30.5));
#1356 = CARTESIAN_POINT('',(88.289644012945,-71.24391327397,-30.5));
#1357 = CARTESIAN_POINT('',(88.138773488797,-73.14975377092,-30.5));
#1358 = CARTESIAN_POINT('',(87.836999905736,-75.04052520151,-30.5));
#1359 = CARTESIAN_POINT('',(87.386387152015,-76.90144756166,-30.5));
#1360 = CARTESIAN_POINT('',(86.790729557478,-78.71808780318,-30.5));
#1361 = CARTESIAN_POINT('',(85.329842239628,-82.21387840233,-30.5));
#1362 = CARTESIAN_POINT('',(84.467820948775,-83.89461136109,-30.5));
#1363 = CARTESIAN_POINT('',(83.475465835311,-85.50512581609,-30.5));
#1364 = CARTESIAN_POINT('',(82.360089969971,-87.03302049279,-30.5));
#1365 = CARTESIAN_POINT('',(81.130406129063,-88.4668341601,-30.5));
#1366 = CARTESIAN_POINT('',(78.463205862591,-91.1256683043,-30.5));
#1367 = CARTESIAN_POINT('',(77.025536111103,-92.35084162609,-30.5));
#1368 = CARTESIAN_POINT('',(75.494144923139,-93.46141197301,-30.5));
#1369 = CARTESIAN_POINT('',(73.880520845479,-94.44870261854,-30.5));
#1370 = CARTESIAN_POINT('',(72.19708806515,-95.30543948613,-30.5));
#1371 = CARTESIAN_POINT('',(68.710697812043,-96.7495496208,-30.5));
#1372 = CARTESIAN_POINT('',(66.907084693047,-97.33591135311,-30.5));
#1373 = CARTESIAN_POINT('',(65.060227811731,-97.77943185495,-30.5));
#1374 = CARTESIAN_POINT('',(63.184226558297,-98.0764336889,-30.5));
#1375 = CARTESIAN_POINT('',(61.293514359358,-98.22491909385,-30.5));
#1376 = CARTESIAN_POINT('',(59.402912621359,-98.22491909385,-30.5));
#1377 = PCURVE('',#44,#1378);
#1378 = DEFINITIONAL_REPRESENTATION('',(#1379),#1402);
#1379 = B_SPLINE_CURVE_WITH_KNOTS('',6,(#1380,#1381,#1382,#1383,#1384,
    #1385,#1386,#1387,#1388,#1389,#1390,#1391,#1392,#1393,#1394,#1395,
    #1396,#1397,#1398,#1399,#1400,#1401),.UNSPECIFIED.,.F.,.F.,(7,5,5,5,
    7),(0.,0.25199987123,0.500999935219,0.749999999268,1.),
  .UNSPECIFIED.);
#1380 = CARTESIAN_POINT('',(147.78964401294,-138.8381877022));
#1381 = CARTESIAN_POINT('',(147.78964401294,-140.7439132739));
#1382 = CARTESIAN_POINT('',(147.63877348879,-142.6497537709));
#1383 = CARTESIAN_POINT('',(147.33699990573,-144.5405252015));
#1384 = CARTESIAN_POINT('',(146.88638715201,-146.4014475616));
#1385 = CARTESIAN_POINT('',(146.29072955747,-148.2180878031));
#1386 = CARTESIAN_POINT('',(144.82984223962,-151.7138784023));
#1387 = CARTESIAN_POINT('',(143.96782094877,-153.394611361));
#1388 = CARTESIAN_POINT('',(142.97546583531,-155.005125816));
#1389 = CARTESIAN_POINT('',(141.86008996997,-156.5330204927));
#1390 = CARTESIAN_POINT('',(140.63040612906,-157.9668341601));
#1391 = CARTESIAN_POINT('',(137.96320586259,-160.6256683043));
#1392 = CARTESIAN_POINT('',(136.5255361111,-161.850841626));
#1393 = CARTESIAN_POINT('',(134.99414492313,-162.961411973));
#1394 = CARTESIAN_POINT('',(133.38052084547,-163.9487026185));
#1395 = CARTESIAN_POINT('',(131.69708806515,-164.8054394861));
#1396 = CARTESIAN_POINT('',(128.21069781204,-166.2495496208));
#1397 = CARTESIAN_POINT('',(126.40708469304,-166.8359113531));
#1398 = CARTESIAN_POINT('',(124.56022781173,-167.2794318549));
#1399 = CARTESIAN_POINT('',(122.68422655829,-167.5764336889));
#1400 = CARTESIAN_POINT('',(120.79351435935,-167.7249190938));
#1401 = CARTESIAN_POINT('',(118.90291262135,-167.7249190938));
#1402 = ( GEOMETRIC_REPRESENTATION_CONTEXT(2) 
PARAMETRIC_REPRESENTATION_CONTEXT() REPRESENTATION_CONTEXT('2D SPACE',''
  ) );
#1403 = PCURVE('',#1404,#1423);
#1404 = B_SPLINE_SURFACE_WITH_KNOTS('',8,1,(
    (#1405,#1406)
    ,(#1407,#1408)
    ,(#1409,#1410)
    ,(#1411,#1412)
    ,(#1413,#1414)
    ,(#1415,#1416)
    ,(#1417,#1418)
    ,(#1419,#1420)
    ,(#1421,#1422
    )),.UNSPECIFIED.,.F.,.F.,.F.,(9,9),(2,2),(4.712388980385,
    6.28318530718),(0.,1.),.PIECEWISE_BEZIER_KNOTS.);
#1405 = CARTESIAN_POINT('',(59.5,-98.5,-30.7));
#1406 = CARTESIAN_POINT('',(44.5,-56.,0.2));
#1407 = CARTESIAN_POINT('',(65.19413668463,-98.49999999999,-30.7));
#1408 = CARTESIAN_POINT('',(46.758019719767,-55.99999999999,0.2));
#1409 = CARTESIAN_POINT('',(70.888275161626,-97.22223712012,-30.7));
#1410 = CARTESIAN_POINT('',(49.0160401503,-55.49330092694,0.2));
#1411 = CARTESIAN_POINT('',(76.24788379571,-94.66672391026,
    -30.69999999999));
#1412 = CARTESIAN_POINT('',(51.141402194851,-54.47990775751,0.2));
#1413 = CARTESIAN_POINT('',(80.938503917624,-90.93850391762,-30.7));
#1414 = CARTESIAN_POINT('',(53.001475691471,-53.00147569147,0.2));
#1415 = CARTESIAN_POINT('',(84.666723910266,-86.24788379571,
    -30.69999999999));
#1416 = CARTESIAN_POINT('',(54.47990775752,-51.14140219485,0.2));
#1417 = CARTESIAN_POINT('',(87.222237120128,-80.88827516162,-30.7));
#1418 = CARTESIAN_POINT('',(55.493300926947,-49.0160401503,0.2));
#1419 = CARTESIAN_POINT('',(88.499999999999,-75.19413668463,-30.7));
#1420 = CARTESIAN_POINT('',(56.,-46.75801971976,0.2));
#1421 = CARTESIAN_POINT('',(88.5,-69.5,-30.7));
#1422 = CARTESIAN_POINT('',(56.,-44.5,0.2));
#1423 = DEFINITIONAL_REPRESENTATION('',(#1424),#1447);
#1424 = B_SPLINE_CURVE_WITH_KNOTS('',6,(#1425,#1426,#1427,#1428,#1429,
    #1430,#1431,#1432,#1433,#1434,#1435,#1436,#1437,#1438,#1439,#1440,
    #1441,#1442,#1443,#1444,#1445,#1446),.UNSPECIFIED.,.F.,.F.,(7,5,5,5,
    7),(0.,0.25199987123,0.500999935219,0.749999999268,1.),
  .UNSPECIFIED.);
#1425 = CARTESIAN_POINT('',(6.28318530718,6.472491909385E-03));
#1426 = CARTESIAN_POINT('',(6.217212956557,6.472491909383E-03));
#1427 = CARTESIAN_POINT('',(6.151236671849,6.472491909385E-03));
#1428 = CARTESIAN_POINT('',(6.085264971185,6.472491909386E-03));
#1429 = CARTESIAN_POINT('',(6.019293276017,6.472491909386E-03));
#1430 = CARTESIAN_POINT('',(5.953316984175,6.472491909385E-03));
#1431 = CARTESIAN_POINT('',(5.822157616553,6.472491909385E-03));
#1432 = CARTESIAN_POINT('',(5.756966888748,6.472491909385E-03));
#1433 = CARTESIAN_POINT('',(5.691780494311,6.472491909385E-03));
#1434 = CARTESIAN_POINT('',(5.626594097211,6.472491909385E-03));
#1435 = CARTESIAN_POINT('',(5.561403365854,6.472491909385E-03));
#1436 = CARTESIAN_POINT('',(5.431029329041,6.472491909385E-03));
#1437 = CARTESIAN_POINT('',(5.365838597712,6.472491909385E-03));
#1438 = CARTESIAN_POINT('',(5.300652200682,6.472491909385E-03));
#1439 = CARTESIAN_POINT('',(5.235465806287,6.472491909385E-03));
#1440 = CARTESIAN_POINT('',(5.170275078437,6.472491909385E-03));
#1441 = CARTESIAN_POINT('',(5.039639267127,6.472491909386E-03));
#1442 = CARTESIAN_POINT('',(4.974186684145,6.472491909386E-03));
#1443 = CARTESIAN_POINT('',(4.908738519888,6.472491909386E-03));
#1444 = CARTESIAN_POINT('',(4.843290350438,6.472491909385E-03));
#1445 = CARTESIAN_POINT('',(4.777837774586,6.472491909381E-03));
#1446 = CARTESIAN_POINT('',(4.712388980385,6.472491909384E-03));
#1447 = ( GEOMETRIC_REPRESENTATION_CONTEXT(2) 
PARAMETRIC_REPRESENTATION_CONTEXT() REPRESENTATION_CONTEXT('2D SPACE',''
  ) );
#1448 = ORIENTED_EDGE('',*,*,#1449,.T.);
#1449 = EDGE_CURVE('',#1351,#1450,#1452,.T.);
#1450 = VERTEX_POINT('',#1451);
#1451 = CARTESIAN_POINT('',(-59.40291262135,-98.22491909385,-30.5));
#1452 = SURFACE_CURVE('',#1453,(#1456,#1462),.PCURVE_S1.);
#1453 = B_SPLINE_CURVE_WITH_KNOTS('',1,(#1454,#1455),.UNSPECIFIED.,.F.,
  .F.,(2,2),(0.,1.),.PIECEWISE_BEZIER_KNOTS.);
#1454 = CARTESIAN_POINT('',(59.402912621359,-98.22491909385,-30.5));
#1455 = CARTESIAN_POINT('',(-59.40291262135,-98.22491909385,-30.5));
#1456 = PCURVE('',#44,#1457);
#1457 = DEFINITIONAL_REPRESENTATION('',(#1458),#1461);
#1458 = B_SPLINE_CURVE_WITH_KNOTS('',1,(#1459,#1460),.UNSPECIFIED.,.F.,
  .F.,(2,2),(0.,1.),.PIECEWISE_BEZIER_KNOTS.);
#1459 = CARTESIAN_POINT('',(118.90291262135,-167.7249190938));
#1460 = CARTESIAN_POINT('',(9.708737864078E-02,-167.7249190938));
#1461 = ( GEOMETRIC_REPRESENTATION_CONTEXT(2) 
PARAMETRIC_REPRESENTATION_CONTEXT() REPRESENTATION_CONTEXT('2D SPACE',''
  ) );
#1462 = PCURVE('',#1463,#1468);
#1463 = B_SPLINE_SURFACE_WITH_KNOTS('',1,1,(
    (#1464,#1465)
    ,(#1466,#1467
    )),.UNSPECIFIED.,.F.,.F.,.F.,(2,2),(2,2),(0.,119.),(0.,1.),
  .PIECEWISE_BEZIER_KNOTS.);
#1464 = CARTESIAN_POINT('',(-59.5,-98.5,-30.7));
#1465 = CARTESIAN_POINT('',(-44.5,-56.,0.2));
#1466 = CARTESIAN_POINT('',(59.5,-98.5,-30.7));
#1467 = CARTESIAN_POINT('',(44.5,-56.,0.2));
#1468 = DEFINITIONAL_REPRESENTATION('',(#1469),#1472);
#1469 = B_SPLINE_CURVE_WITH_KNOTS('',1,(#1470,#1471),.UNSPECIFIED.,.F.,
  .F.,(2,2),(0.,1.),.PIECEWISE_BEZIER_KNOTS.);
#1470 = CARTESIAN_POINT('',(119.,6.472491909385E-03));
#1471 = CARTESIAN_POINT('',(0.,6.472491909385E-03));
#1472 = ( GEOMETRIC_REPRESENTATION_CONTEXT(2) 
PARAMETRIC_REPRESENTATION_CONTEXT() REPRESENTATION_CONTEXT('2D SPACE',''
  ) );
#1473 = ORIENTED_EDGE('',*,*,#1474,.T.);
#1474 = EDGE_CURVE('',#1450,#1475,#1477,.T.);
#1475 = VERTEX_POINT('',#1476);
#1476 = CARTESIAN_POINT('',(-88.28964401294,-69.33818770226,-30.5));
#1477 = SURFACE_CURVE('',#1478,(#1501,#1527),.PCURVE_S1.);
#1478 = B_SPLINE_CURVE_WITH_KNOTS('',6,(#1479,#1480,#1481,#1482,#1483,
    #1484,#1485,#1486,#1487,#1488,#1489,#1490,#1491,#1492,#1493,#1494,
    #1495,#1496,#1497,#1498,#1499,#1500),.UNSPECIFIED.,.F.,.F.,(7,5,5,5,
    7),(0.,0.250999935987,0.499999999383,0.749999999888,1.),
  .UNSPECIFIED.);
#1479 = CARTESIAN_POINT('',(-59.40291262135,-98.22491909385,-30.5));
#1480 = CARTESIAN_POINT('',(-61.301076281,-98.22491909385,-30.5));
#1481 = CARTESIAN_POINT('',(-63.19935261612,-98.07524350405,-30.5));
#1482 = CARTESIAN_POINT('',(-65.08273966979,-97.77586055242,-30.5));
#1483 = CARTESIAN_POINT('',(-66.93663140341,-97.32880085789,-30.5));
#1484 = CARTESIAN_POINT('',(-68.7467622274,-96.73779996745,-30.5));
#1485 = CARTESIAN_POINT('',(-72.23786152776,-95.28531041431,-30.5));
#1486 = CARTESIAN_POINT('',(-73.91994647249,-94.42593027486,-30.5));
#1487 = CARTESIAN_POINT('',(-75.53201772763,-93.43610617423,-30.5));
#1488 = CARTESIAN_POINT('',(-77.0616625471,-92.32313169501,-30.5));
#1489 = CARTESIAN_POINT('',(-78.49740602777,-91.09570159939,-30.5));
#1490 = CARTESIAN_POINT('',(-81.16577361151,-88.42733401564,-30.5));
#1491 = CARTESIAN_POINT('',(-82.39771411232,-86.98540367265,-30.5));
#1492 = CARTESIAN_POINT('',(-83.51423516357,-85.44885832225,-30.5));
#1493 = CARTESIAN_POINT('',(-84.5065438537,-83.82931692034,-30.5));
#1494 = CARTESIAN_POINT('',(-85.36727057942,-82.13934945951,-30.5));
#1495 = CARTESIAN_POINT('',(-86.81427453989,-78.64597289295,-30.5));
#1496 = CARTESIAN_POINT('',(-87.4006362722,-76.84235977394,-30.5));
#1497 = CARTESIAN_POINT('',(-87.84415677404,-74.99550289264,-30.5));
#1498 = CARTESIAN_POINT('',(-88.141158608,-73.11950163919,-30.5));
#1499 = CARTESIAN_POINT('',(-88.28964401294,-71.22878944026,-30.5));
#1500 = CARTESIAN_POINT('',(-88.28964401294,-69.33818770226,-30.5));
#1501 = PCURVE('',#44,#1502);
#1502 = DEFINITIONAL_REPRESENTATION('',(#1503),#1526);
#1503 = B_SPLINE_CURVE_WITH_KNOTS('',6,(#1504,#1505,#1506,#1507,#1508,
    #1509,#1510,#1511,#1512,#1513,#1514,#1515,#1516,#1517,#1518,#1519,
    #1520,#1521,#1522,#1523,#1524,#1525),.UNSPECIFIED.,.F.,.F.,(7,5,5,5,
    7),(0.,0.250999935987,0.499999999383,0.749999999888,1.),
  .UNSPECIFIED.);
#1504 = CARTESIAN_POINT('',(9.708737864076E-02,-167.7249190938));
#1505 = CARTESIAN_POINT('',(-1.801076281006,-167.7249190938));
#1506 = CARTESIAN_POINT('',(-3.699352616124,-167.575243504));
#1507 = CARTESIAN_POINT('',(-5.582739669799,-167.2758605524));
#1508 = CARTESIAN_POINT('',(-7.436631403412,-166.8288008578));
#1509 = CARTESIAN_POINT('',(-9.246762227404,-166.2377999674));
#1510 = CARTESIAN_POINT('',(-12.73786152776,-164.7853104143));
#1511 = CARTESIAN_POINT('',(-14.41994647249,-163.9259302748));
#1512 = CARTESIAN_POINT('',(-16.03201772763,-162.9361061742));
#1513 = CARTESIAN_POINT('',(-17.5616625471,-161.823131695));
#1514 = CARTESIAN_POINT('',(-18.99740602777,-160.5957015993));
#1515 = CARTESIAN_POINT('',(-21.66577361151,-157.9273340156));
#1516 = CARTESIAN_POINT('',(-22.89771411232,-156.4854036726));
#1517 = CARTESIAN_POINT('',(-24.01423516357,-154.9488583222));
#1518 = CARTESIAN_POINT('',(-25.0065438537,-153.3293169203));
#1519 = CARTESIAN_POINT('',(-25.86727057942,-151.6393494595));
#1520 = CARTESIAN_POINT('',(-27.31427453989,-148.1459728929));
#1521 = CARTESIAN_POINT('',(-27.9006362722,-146.3423597739));
#1522 = CARTESIAN_POINT('',(-28.34415677404,-144.4955028926));
#1523 = CARTESIAN_POINT('',(-28.641158608,-142.6195016391));
#1524 = CARTESIAN_POINT('',(-28.78964401294,-140.7287894402));
#1525 = CARTESIAN_POINT('',(-28.78964401294,-138.8381877022));
#1526 = ( GEOMETRIC_REPRESENTATION_CONTEXT(2) 
PARAMETRIC_REPRESENTATION_CONTEXT() REPRESENTATION_CONTEXT('2D SPACE',''
  ) );
#1527 = PCURVE('',#1528,#1547);
#1528 = B_SPLINE_SURFACE_WITH_KNOTS('',8,1,(
    (#1529,#1530)
    ,(#1531,#1532)
    ,(#1533,#1534)
    ,(#1535,#1536)
    ,(#1537,#1538)
    ,(#1539,#1540)
    ,(#1541,#1542)
    ,(#1543,#1544)
    ,(#1545,#1546
    )),.UNSPECIFIED.,.F.,.F.,.F.,(9,9),(2,2),(3.14159265359,
    4.712388980385),(0.,1.),.PIECEWISE_BEZIER_KNOTS.);
#1529 = CARTESIAN_POINT('',(-88.5,-69.5,-30.7));
#1530 = CARTESIAN_POINT('',(-56.,-44.5,0.2));
#1531 = CARTESIAN_POINT('',(-88.49999999999,-75.19413668463,
    -30.69999999999));
#1532 = CARTESIAN_POINT('',(-55.99999999999,-46.75801971976,0.2));
#1533 = CARTESIAN_POINT('',(-87.22223712012,-80.88827516162,-30.7));
#1534 = CARTESIAN_POINT('',(-55.49330092694,-49.0160401503,0.2));
#1535 = CARTESIAN_POINT('',(-84.66672391026,-86.2478837957,
    -30.69999999999));
#1536 = CARTESIAN_POINT('',(-54.47990775751,-51.14140219484,0.2));
#1537 = CARTESIAN_POINT('',(-80.93850391762,-90.93850391762,-30.7));
#1538 = CARTESIAN_POINT('',(-53.00147569147,-53.00147569147,0.2));
#1539 = CARTESIAN_POINT('',(-76.24788379571,-94.66672391026,
    -30.69999999999));
#1540 = CARTESIAN_POINT('',(-51.14140219485,-54.47990775751,0.2));
#1541 = CARTESIAN_POINT('',(-70.88827516162,-97.22223712012,-30.7));
#1542 = CARTESIAN_POINT('',(-49.0160401503,-55.49330092694,0.2));
#1543 = CARTESIAN_POINT('',(-65.19413668463,-98.49999999999,-30.7));
#1544 = CARTESIAN_POINT('',(-46.75801971976,-55.99999999999,0.2));
#1545 = CARTESIAN_POINT('',(-59.5,-98.5,-30.7));
#1546 = CARTESIAN_POINT('',(-44.5,-56.,0.2));
#1547 = DEFINITIONAL_REPRESENTATION('',(#1548),#1571);
#1548 = B_SPLINE_CURVE_WITH_KNOTS('',6,(#1549,#1550,#1551,#1552,#1553,
    #1554,#1555,#1556,#1557,#1558,#1559,#1560,#1561,#1562,#1563,#1564,
    #1565,#1566,#1567,#1568,#1569,#1570),.UNSPECIFIED.,.F.,.F.,(7,5,5,5,
    7),(0.,0.250999935987,0.499999999383,0.749999999888,1.),
  .UNSPECIFIED.);
#1549 = CARTESIAN_POINT('',(4.712388980385,6.472491909385E-03));
#1550 = CARTESIAN_POINT('',(4.646678407807,6.472491909381E-03));
#1551 = CARTESIAN_POINT('',(4.580963977959,6.472491909385E-03));
#1552 = CARTESIAN_POINT('',(4.515254042636,6.472491909386E-03));
#1553 = CARTESIAN_POINT('',(4.449544112657,6.472491909386E-03));
#1554 = CARTESIAN_POINT('',(4.383829675677,6.472491909386E-03));
#1555 = CARTESIAN_POINT('',(4.252932086045,6.472491909385E-03));
#1556 = CARTESIAN_POINT('',(4.187741358218,6.472491909385E-03));
#1557 = CARTESIAN_POINT('',(4.122554963803,6.472491909385E-03));
#1558 = CARTESIAN_POINT('',(4.057368566737,6.472491909385E-03));
#1559 = CARTESIAN_POINT('',(3.992177835394,6.472491909385E-03));
#1560 = CARTESIAN_POINT('',(3.861542019857,6.472491909385E-03));
#1561 = CARTESIAN_POINT('',(3.796089435331,6.472491909385E-03));
#1562 = CARTESIAN_POINT('',(3.730641272002,6.472491909384E-03));
#1563 = CARTESIAN_POINT('',(3.665193111353,6.472491909384E-03));
#1564 = CARTESIAN_POINT('',(3.599740530348,6.472491909385E-03));
#1565 = CARTESIAN_POINT('',(3.468842940332,6.472491909386E-03));
#1566 = CARTESIAN_POINT('',(3.40339035735,6.472491909386E-03));
#1567 = CARTESIAN_POINT('',(3.337942193094,6.472491909386E-03));
#1568 = CARTESIAN_POINT('',(3.272494023643,6.472491909384E-03));
#1569 = CARTESIAN_POINT('',(3.207041447791,6.472491909379E-03));
#1570 = CARTESIAN_POINT('',(3.14159265359,6.472491909385E-03));
#1571 = ( GEOMETRIC_REPRESENTATION_CONTEXT(2) 
PARAMETRIC_REPRESENTATION_CONTEXT() REPRESENTATION_CONTEXT('2D SPACE',''
  ) );
#1572 = ORIENTED_EDGE('',*,*,#1573,.T.);
#1573 = EDGE_CURVE('',#1475,#1101,#1574,.T.);
#1574 = SURFACE_CURVE('',#1575,(#1578,#1584),.PCURVE_S1.);
#1575 = B_SPLINE_CURVE_WITH_KNOTS('',1,(#1576,#1577),.UNSPECIFIED.,.F.,
  .F.,(2,2),(0.,1.),.PIECEWISE_BEZIER_KNOTS.);
#1576 = CARTESIAN_POINT('',(-88.28964401294,-69.33818770226,-30.5));
#1577 = CARTESIAN_POINT('',(-88.28964401294,69.338187702265,-30.5));
#1578 = PCURVE('',#44,#1579);
#1579 = DEFINITIONAL_REPRESENTATION('',(#1580),#1583);
#1580 = B_SPLINE_CURVE_WITH_KNOTS('',1,(#1581,#1582),.UNSPECIFIED.,.F.,
  .F.,(2,2),(0.,1.),.PIECEWISE_BEZIER_KNOTS.);
#1581 = CARTESIAN_POINT('',(-28.78964401294,-138.8381877022));
#1582 = CARTESIAN_POINT('',(-28.78964401294,-0.161812297735));
#1583 = ( GEOMETRIC_REPRESENTATION_CONTEXT(2) 
PARAMETRIC_REPRESENTATION_CONTEXT() REPRESENTATION_CONTEXT('2D SPACE',''
  ) );
#1584 = PCURVE('',#1585,#1590);
#1585 = B_SPLINE_SURFACE_WITH_KNOTS('',1,1,(
    (#1586,#1587)
    ,(#1588,#1589
    )),.UNSPECIFIED.,.F.,.F.,.F.,(2,2),(2,2),(-139.,0.),(0.,1.),
  .PIECEWISE_BEZIER_KNOTS.);
#1586 = CARTESIAN_POINT('',(-88.5,69.5,-30.7));
#1587 = CARTESIAN_POINT('',(-56.,44.5,0.2));
#1588 = CARTESIAN_POINT('',(-88.5,-69.5,-30.7));
#1589 = CARTESIAN_POINT('',(-56.,-44.5,0.2));
#1590 = DEFINITIONAL_REPRESENTATION('',(#1591),#1594);
#1591 = B_SPLINE_CURVE_WITH_KNOTS('',1,(#1592,#1593),.UNSPECIFIED.,.F.,
  .F.,(2,2),(0.,1.),.PIECEWISE_BEZIER_KNOTS.);
#1592 = CARTESIAN_POINT('',(0.,6.472491909385E-03));
#1593 = CARTESIAN_POINT('',(-139.,6.472491909385E-03));
#1594 = ( GEOMETRIC_REPRESENTATION_CONTEXT(2) 
PARAMETRIC_REPRESENTATION_CONTEXT() REPRESENTATION_CONTEXT('2D SPACE',''
  ) );
#1595 = ADVANCED_FACE('',(#1596),#139,.T.);
#1596 = FACE_BOUND('',#1597,.T.);
#1597 = EDGE_LOOP('',(#1598,#1599,#1600,#1624));
#1598 = ORIENTED_EDGE('',*,*,#1076,.T.);
#1599 = ORIENTED_EDGE('',*,*,#126,.T.);
#1600 = ORIENTED_EDGE('',*,*,#1601,.F.);
#1601 = EDGE_CURVE('',#1602,#100,#1604,.T.);
#1602 = VERTEX_POINT('',#1603);
#1603 = CARTESIAN_POINT('',(60.,45.,0.));
#1604 = SURFACE_CURVE('',#1605,(#1610,#1617),.PCURVE_S1.);
#1605 = CIRCLE('',#1606,15.);
#1606 = AXIS2_PLACEMENT_3D('',#1607,#1608,#1609);
#1607 = CARTESIAN_POINT('',(45.,45.,0.));
#1608 = DIRECTION('',(0.,0.,1.));
#1609 = DIRECTION('',(1.,0.,0.));
#1610 = PCURVE('',#139,#1611);
#1611 = DEFINITIONAL_REPRESENTATION('',(#1612),#1616);
#1612 = LINE('',#1613,#1614);
#1613 = CARTESIAN_POINT('',(0.,1.));
#1614 = VECTOR('',#1615,1.);
#1615 = DIRECTION('',(1.,0.));
#1616 = ( GEOMETRIC_REPRESENTATION_CONTEXT(2) 
PARAMETRIC_REPRESENTATION_CONTEXT() REPRESENTATION_CONTEXT('2D SPACE',''
  ) );
#1617 = PCURVE('',#114,#1618);
#1618 = DEFINITIONAL_REPRESENTATION('',(#1619),#1623);
#1619 = CIRCLE('',#1620,15.);
#1620 = AXIS2_PLACEMENT_2D('',#1621,#1622);
#1621 = CARTESIAN_POINT('',(90.,0.));
#1622 = DIRECTION('',(1.,0.));
#1623 = ( GEOMETRIC_REPRESENTATION_CONTEXT(2) 
PARAMETRIC_REPRESENTATION_CONTEXT() REPRESENTATION_CONTEXT('2D SPACE',''
  ) );
#1624 = ORIENTED_EDGE('',*,*,#1625,.F.);
#1625 = EDGE_CURVE('',#1049,#1602,#1626,.T.);
#1626 = SURFACE_CURVE('',#1627,(#1630,#1637),.PCURVE_S1.);
#1627 = B_SPLINE_CURVE_WITH_KNOTS('',1,(#1628,#1629),.UNSPECIFIED.,.F.,
  .F.,(2,2),(0.,1.),.PIECEWISE_BEZIER_KNOTS.);
#1628 = CARTESIAN_POINT('',(92.5,69.5,-30.5));
#1629 = CARTESIAN_POINT('',(60.,45.,0.));
#1630 = PCURVE('',#139,#1631);
#1631 = DEFINITIONAL_REPRESENTATION('',(#1632),#1636);
#1632 = LINE('',#1633,#1634);
#1633 = CARTESIAN_POINT('',(0.,0.));
#1634 = VECTOR('',#1635,1.);
#1635 = DIRECTION('',(0.,1.));
#1636 = ( GEOMETRIC_REPRESENTATION_CONTEXT(2) 
PARAMETRIC_REPRESENTATION_CONTEXT() REPRESENTATION_CONTEXT('2D SPACE',''
  ) );
#1637 = PCURVE('',#1064,#1638);
#1638 = DEFINITIONAL_REPRESENTATION('',(#1639),#1643);
#1639 = LINE('',#1640,#1641);
#1640 = CARTESIAN_POINT('',(139.,0.));
#1641 = VECTOR('',#1642,1.);
#1642 = DIRECTION('',(0.,1.));
#1643 = ( GEOMETRIC_REPRESENTATION_CONTEXT(2) 
PARAMETRIC_REPRESENTATION_CONTEXT() REPRESENTATION_CONTEXT('2D SPACE',''
  ) );
#1644 = ADVANCED_FACE('',(#1645),#71,.T.);
#1645 = FACE_BOUND('',#1646,.T.);
#1646 = EDGE_LOOP('',(#1647,#1648,#1670,#1692));
#1647 = ORIENTED_EDGE('',*,*,#878,.T.);
#1648 = ORIENTED_EDGE('',*,*,#1649,.T.);
#1649 = EDGE_CURVE('',#879,#1650,#1652,.T.);
#1650 = VERTEX_POINT('',#1651);
#1651 = CARTESIAN_POINT('',(-60.,45.,0.));
#1652 = SURFACE_CURVE('',#1653,(#1656,#1663),.PCURVE_S1.);
#1653 = B_SPLINE_CURVE_WITH_KNOTS('',1,(#1654,#1655),.UNSPECIFIED.,.F.,
  .F.,(2,2),(0.,1.),.PIECEWISE_BEZIER_KNOTS.);
#1654 = CARTESIAN_POINT('',(-92.5,69.5,-30.5));
#1655 = CARTESIAN_POINT('',(-60.,45.,0.));
#1656 = PCURVE('',#71,#1657);
#1657 = DEFINITIONAL_REPRESENTATION('',(#1658),#1662);
#1658 = LINE('',#1659,#1660);
#1659 = CARTESIAN_POINT('',(3.14159265359,0.));
#1660 = VECTOR('',#1661,1.);
#1661 = DIRECTION('',(0.,1.));
#1662 = ( GEOMETRIC_REPRESENTATION_CONTEXT(2) 
PARAMETRIC_REPRESENTATION_CONTEXT() REPRESENTATION_CONTEXT('2D SPACE',''
  ) );
#1663 = PCURVE('',#918,#1664);
#1664 = DEFINITIONAL_REPRESENTATION('',(#1665),#1669);
#1665 = LINE('',#1666,#1667);
#1666 = CARTESIAN_POINT('',(-139.,0.));
#1667 = VECTOR('',#1668,1.);
#1668 = DIRECTION('',(0.,1.));
#1669 = ( GEOMETRIC_REPRESENTATION_CONTEXT(2) 
PARAMETRIC_REPRESENTATION_CONTEXT() REPRESENTATION_CONTEXT('2D SPACE',''
  ) );
#1670 = ORIENTED_EDGE('',*,*,#1671,.F.);
#1671 = EDGE_CURVE('',#57,#1650,#1672,.T.);
#1672 = SURFACE_CURVE('',#1673,(#1678,#1685),.PCURVE_S1.);
#1673 = CIRCLE('',#1674,15.);
#1674 = AXIS2_PLACEMENT_3D('',#1675,#1676,#1677);
#1675 = CARTESIAN_POINT('',(-45.,45.,0.));
#1676 = DIRECTION('',(0.,0.,1.));
#1677 = DIRECTION('',(1.,0.,0.));
#1678 = PCURVE('',#71,#1679);
#1679 = DEFINITIONAL_REPRESENTATION('',(#1680),#1684);
#1680 = LINE('',#1681,#1682);
#1681 = CARTESIAN_POINT('',(0.,1.));
#1682 = VECTOR('',#1683,1.);
#1683 = DIRECTION('',(1.,0.));
#1684 = ( GEOMETRIC_REPRESENTATION_CONTEXT(2) 
PARAMETRIC_REPRESENTATION_CONTEXT() REPRESENTATION_CONTEXT('2D SPACE',''
  ) );
#1685 = PCURVE('',#114,#1686);
#1686 = DEFINITIONAL_REPRESENTATION('',(#1687),#1691);
#1687 = CIRCLE('',#1688,15.);
#1688 = AXIS2_PLACEMENT_2D('',#1689,#1690);
#1689 = CARTESIAN_POINT('',(0.,0.));
#1690 = DIRECTION('',(1.,0.));
#1691 = ( GEOMETRIC_REPRESENTATION_CONTEXT(2) 
PARAMETRIC_REPRESENTATION_CONTEXT() REPRESENTATION_CONTEXT('2D SPACE',''
  ) );
#1692 = ORIENTED_EDGE('',*,*,#56,.F.);
#1693 = ADVANCED_FACE('',(#1694,#1811),#114,.T.);
#1694 = FACE_BOUND('',#1695,.T.);
#1695 = EDGE_LOOP('',(#1696,#1697,#1698,#1720,#1744,#1766,#1790,#1810));
#1696 = ORIENTED_EDGE('',*,*,#99,.F.);
#1697 = ORIENTED_EDGE('',*,*,#1671,.T.);
#1698 = ORIENTED_EDGE('',*,*,#1699,.F.);
#1699 = EDGE_CURVE('',#1700,#1650,#1702,.T.);
#1700 = VERTEX_POINT('',#1701);
#1701 = CARTESIAN_POINT('',(-60.,-45.,0.));
#1702 = SURFACE_CURVE('',#1703,(#1707,#1714),.PCURVE_S1.);
#1703 = LINE('',#1704,#1705);
#1704 = CARTESIAN_POINT('',(-60.,-45.,0.));
#1705 = VECTOR('',#1706,1.);
#1706 = DIRECTION('',(0.,1.,0.));
#1707 = PCURVE('',#114,#1708);
#1708 = DEFINITIONAL_REPRESENTATION('',(#1709),#1713);
#1709 = LINE('',#1710,#1711);
#1710 = CARTESIAN_POINT('',(-15.,-90.));
#1711 = VECTOR('',#1712,1.);
#1712 = DIRECTION('',(0.,1.));
#1713 = ( GEOMETRIC_REPRESENTATION_CONTEXT(2) 
PARAMETRIC_REPRESENTATION_CONTEXT() REPRESENTATION_CONTEXT('2D SPACE',''
  ) );
#1714 = PCURVE('',#918,#1715);
#1715 = DEFINITIONAL_REPRESENTATION('',(#1716),#1719);
#1716 = B_SPLINE_CURVE_WITH_KNOTS('',1,(#1717,#1718),.UNSPECIFIED.,.F.,
  .F.,(2,2),(0.,90.),.PIECEWISE_BEZIER_KNOTS.);
#1717 = CARTESIAN_POINT('',(0.,1.));
#1718 = CARTESIAN_POINT('',(-139.,1.));
#1719 = ( GEOMETRIC_REPRESENTATION_CONTEXT(2) 
PARAMETRIC_REPRESENTATION_CONTEXT() REPRESENTATION_CONTEXT('2D SPACE',''
  ) );
#1720 = ORIENTED_EDGE('',*,*,#1721,.T.);
#1721 = EDGE_CURVE('',#1700,#1722,#1724,.T.);
#1722 = VERTEX_POINT('',#1723);
#1723 = CARTESIAN_POINT('',(-45.,-60.,0.));
#1724 = SURFACE_CURVE('',#1725,(#1730,#1737),.PCURVE_S1.);
#1725 = CIRCLE('',#1726,15.);
#1726 = AXIS2_PLACEMENT_3D('',#1727,#1728,#1729);
#1727 = CARTESIAN_POINT('',(-45.,-45.,0.));
#1728 = DIRECTION('',(0.,0.,1.));
#1729 = DIRECTION('',(1.,0.,0.));
#1730 = PCURVE('',#114,#1731);
#1731 = DEFINITIONAL_REPRESENTATION('',(#1732),#1736);
#1732 = CIRCLE('',#1733,15.);
#1733 = AXIS2_PLACEMENT_2D('',#1734,#1735);
#1734 = CARTESIAN_POINT('',(0.,-90.));
#1735 = DIRECTION('',(1.,0.));
#1736 = ( GEOMETRIC_REPRESENTATION_CONTEXT(2) 
PARAMETRIC_REPRESENTATION_CONTEXT() REPRESENTATION_CONTEXT('2D SPACE',''
  ) );
#1737 = PCURVE('',#947,#1738);
#1738 = DEFINITIONAL_REPRESENTATION('',(#1739),#1743);
#1739 = LINE('',#1740,#1741);
#1740 = CARTESIAN_POINT('',(0.,1.));
#1741 = VECTOR('',#1742,1.);
#1742 = DIRECTION('',(1.,0.));
#1743 = ( GEOMETRIC_REPRESENTATION_CONTEXT(2) 
PARAMETRIC_REPRESENTATION_CONTEXT() REPRESENTATION_CONTEXT('2D SPACE',''
  ) );
#1744 = ORIENTED_EDGE('',*,*,#1745,.T.);
#1745 = EDGE_CURVE('',#1722,#1746,#1748,.T.);
#1746 = VERTEX_POINT('',#1747);
#1747 = CARTESIAN_POINT('',(45.,-60.,0.));
#1748 = SURFACE_CURVE('',#1749,(#1753,#1760),.PCURVE_S1.);
#1749 = LINE('',#1750,#1751);
#1750 = CARTESIAN_POINT('',(-45.,-60.,0.));
#1751 = VECTOR('',#1752,1.);
#1752 = DIRECTION('',(1.,0.,0.));
#1753 = PCURVE('',#114,#1754);
#1754 = DEFINITIONAL_REPRESENTATION('',(#1755),#1759);
#1755 = LINE('',#1756,#1757);
#1756 = CARTESIAN_POINT('',(0.,-105.));
#1757 = VECTOR('',#1758,1.);
#1758 = DIRECTION('',(1.,0.));
#1759 = ( GEOMETRIC_REPRESENTATION_CONTEXT(2) 
PARAMETRIC_REPRESENTATION_CONTEXT() REPRESENTATION_CONTEXT('2D SPACE',''
  ) );
#1760 = PCURVE('',#991,#1761);
#1761 = DEFINITIONAL_REPRESENTATION('',(#1762),#1765);
#1762 = B_SPLINE_CURVE_WITH_KNOTS('',1,(#1763,#1764),.UNSPECIFIED.,.F.,
  .F.,(2,2),(0.,90.),.PIECEWISE_BEZIER_KNOTS.);
#1763 = CARTESIAN_POINT('',(0.,1.));
#1764 = CARTESIAN_POINT('',(119.,1.));
#1765 = ( GEOMETRIC_REPRESENTATION_CONTEXT(2) 
PARAMETRIC_REPRESENTATION_CONTEXT() REPRESENTATION_CONTEXT('2D SPACE',''
  ) );
#1766 = ORIENTED_EDGE('',*,*,#1767,.T.);
#1767 = EDGE_CURVE('',#1746,#1768,#1770,.T.);
#1768 = VERTEX_POINT('',#1769);
#1769 = CARTESIAN_POINT('',(60.,-45.,1.387778780781E-17));
#1770 = SURFACE_CURVE('',#1771,(#1776,#1783),.PCURVE_S1.);
#1771 = CIRCLE('',#1772,15.);
#1772 = AXIS2_PLACEMENT_3D('',#1773,#1774,#1775);
#1773 = CARTESIAN_POINT('',(45.,-45.,0.));
#1774 = DIRECTION('',(0.,0.,1.));
#1775 = DIRECTION('',(1.,0.,0.));
#1776 = PCURVE('',#114,#1777);
#1777 = DEFINITIONAL_REPRESENTATION('',(#1778),#1782);
#1778 = CIRCLE('',#1779,15.);
#1779 = AXIS2_PLACEMENT_2D('',#1780,#1781);
#1780 = CARTESIAN_POINT('',(90.,-90.));
#1781 = DIRECTION('',(1.,0.));
#1782 = ( GEOMETRIC_REPRESENTATION_CONTEXT(2) 
PARAMETRIC_REPRESENTATION_CONTEXT() REPRESENTATION_CONTEXT('2D SPACE',''
  ) );
#1783 = PCURVE('',#1020,#1784);
#1784 = DEFINITIONAL_REPRESENTATION('',(#1785),#1789);
#1785 = LINE('',#1786,#1787);
#1786 = CARTESIAN_POINT('',(0.,1.));
#1787 = VECTOR('',#1788,1.);
#1788 = DIRECTION('',(1.,0.));
#1789 = ( GEOMETRIC_REPRESENTATION_CONTEXT(2) 
PARAMETRIC_REPRESENTATION_CONTEXT() REPRESENTATION_CONTEXT('2D SPACE',''
  ) );
#1790 = ORIENTED_EDGE('',*,*,#1791,.T.);
#1791 = EDGE_CURVE('',#1768,#1602,#1792,.T.);
#1792 = SURFACE_CURVE('',#1793,(#1797,#1804),.PCURVE_S1.);
#1793 = LINE('',#1794,#1795);
#1794 = CARTESIAN_POINT('',(60.,-45.,0.));
#1795 = VECTOR('',#1796,1.);
#1796 = DIRECTION('',(0.,1.,0.));
#1797 = PCURVE('',#114,#1798);
#1798 = DEFINITIONAL_REPRESENTATION('',(#1799),#1803);
#1799 = LINE('',#1800,#1801);
#1800 = CARTESIAN_POINT('',(105.,-90.));
#1801 = VECTOR('',#1802,1.);
#1802 = DIRECTION('',(0.,1.));
#1803 = ( GEOMETRIC_REPRESENTATION_CONTEXT(2) 
PARAMETRIC_REPRESENTATION_CONTEXT() REPRESENTATION_CONTEXT('2D SPACE',''
  ) );
#1804 = PCURVE('',#1064,#1805);
#1805 = DEFINITIONAL_REPRESENTATION('',(#1806),#1809);
#1806 = B_SPLINE_CURVE_WITH_KNOTS('',1,(#1807,#1808),.UNSPECIFIED.,.F.,
  .F.,(2,2),(0.,90.),.PIECEWISE_BEZIER_KNOTS.);
#1807 = CARTESIAN_POINT('',(0.,1.));
#1808 = CARTESIAN_POINT('',(139.,1.));
#1809 = ( GEOMETRIC_REPRESENTATION_CONTEXT(2) 
PARAMETRIC_REPRESENTATION_CONTEXT() REPRESENTATION_CONTEXT('2D SPACE',''
  ) );
#1810 = ORIENTED_EDGE('',*,*,#1601,.T.);
#1811 = FACE_BOUND('',#1812,.T.);
#1812 = EDGE_LOOP('',(#1813,#1895,#1915,#1995,#2015,#2095,#2115,#2195));
#1813 = ORIENTED_EDGE('',*,*,#1814,.T.);
#1814 = EDGE_CURVE('',#1815,#1817,#1819,.T.);
#1815 = VERTEX_POINT('',#1816);
#1816 = CARTESIAN_POINT('',(-56.21035598705,44.661812297735,
    -1.026956297778E-15));
#1817 = VERTEX_POINT('',#1818);
#1818 = CARTESIAN_POINT('',(-44.59708737864,56.275080906149,
    -1.08246744901E-15));
#1819 = SURFACE_CURVE('',#1820,(#1843,#1869),.PCURVE_S1.);
#1820 = B_SPLINE_CURVE_WITH_KNOTS('',6,(#1821,#1822,#1823,#1824,#1825,
    #1826,#1827,#1828,#1829,#1830,#1831,#1832,#1833,#1834,#1835,#1836,
    #1837,#1838,#1839,#1840,#1841,#1842),.UNSPECIFIED.,.F.,.F.,(7,5,5,5,
    7),(0.,0.251999872003,0.500999935608,0.749999999274,1.),
  .UNSPECIFIED.);
#1821 = CARTESIAN_POINT('',(-56.21035598705,44.661812297735,0.));
#1822 = CARTESIAN_POINT('',(-56.21035598705,45.427967003219,0.));
#1823 = CARTESIAN_POINT('',(-56.14970183254,46.19416763529,0.));
#1824 = CARTESIAN_POINT('',(-56.02838052366,46.954310415104,0.));
#1825 = CARTESIAN_POINT('',(-55.84722157433,47.702453007839,0.));
#1826 = CARTESIAN_POINT('',(-55.60775075976,48.432792678508,0.));
#1827 = CARTESIAN_POINT('',(-55.02043341108,49.838197764273,0.));
#1828 = CARTESIAN_POINT('',(-54.67387696412,50.513898932987,0.));
#1829 = CARTESIAN_POINT('',(-54.27492263712,51.16137062533,0.));
#1830 = CARTESIAN_POINT('',(-53.82651042475,51.775626787049,0.));
#1831 = CARTESIAN_POINT('',(-53.33214349669,52.352059593058,0.));
#1832 = CARTESIAN_POINT('',(-52.2598547816,53.420984894229,0.));
#1833 = CARTESIAN_POINT('',(-51.68187172305,53.91353846868,0.));
#1834 = CARTESIAN_POINT('',(-51.06620986626,54.360018728974,0.));
#1835 = CARTESIAN_POINT('',(-50.41748801921,54.756936998726,0.));
#1836 = CARTESIAN_POINT('',(-49.74070144741,55.101368961278,0.));
#1837 = CARTESIAN_POINT('',(-48.3390755645,55.681941414613,0.));
#1838 = CARTESIAN_POINT('',(-47.61397315241,55.917675038306,0.));
#1839 = CARTESIAN_POINT('',(-46.87148527648,56.095982700654,0.));
#1840 = CARTESIAN_POINT('',(-46.11728052345,56.215385636375,0.));
#1841 = CARTESIAN_POINT('',(-45.35716187981,56.275080906149,0.));
#1842 = CARTESIAN_POINT('',(-44.59708737864,56.275080906149,0.));
#1843 = PCURVE('',#114,#1844);
#1844 = DEFINITIONAL_REPRESENTATION('',(#1845),#1868);
#1845 = B_SPLINE_CURVE_WITH_KNOTS('',6,(#1846,#1847,#1848,#1849,#1850,
    #1851,#1852,#1853,#1854,#1855,#1856,#1857,#1858,#1859,#1860,#1861,
    #1862,#1863,#1864,#1865,#1866,#1867),.UNSPECIFIED.,.F.,.F.,(7,5,5,5,
    7),(0.,0.251999872003,0.500999935608,0.749999999274,1.),
  .UNSPECIFIED.);
#1846 = CARTESIAN_POINT('',(-11.21035598705,-0.338187702265));
#1847 = CARTESIAN_POINT('',(-11.21035598705,0.427967003219));
#1848 = CARTESIAN_POINT('',(-11.14970183254,1.19416763529));
#1849 = CARTESIAN_POINT('',(-11.02838052366,1.954310415104));
#1850 = CARTESIAN_POINT('',(-10.84722157433,2.702453007839));
#1851 = CARTESIAN_POINT('',(-10.60775075976,3.432792678508));
#1852 = CARTESIAN_POINT('',(-10.02043341108,4.838197764273));
#1853 = CARTESIAN_POINT('',(-9.67387696412,5.513898932987));
#1854 = CARTESIAN_POINT('',(-9.274922637123,6.16137062533));
#1855 = CARTESIAN_POINT('',(-8.826510424752,6.775626787049));
#1856 = CARTESIAN_POINT('',(-8.332143496692,7.352059593058));
#1857 = CARTESIAN_POINT('',(-7.259854781603,8.420984894229));
#1858 = CARTESIAN_POINT('',(-6.681871723059,8.91353846868));
#1859 = CARTESIAN_POINT('',(-6.066209866269,9.360018728974));
#1860 = CARTESIAN_POINT('',(-5.417488019215,9.756936998726));
#1861 = CARTESIAN_POINT('',(-4.740701447417,10.101368961278));
#1862 = CARTESIAN_POINT('',(-3.339075564501,10.681941414613));
#1863 = CARTESIAN_POINT('',(-2.613973152413,10.917675038306));
#1864 = CARTESIAN_POINT('',(-1.87148527648,11.095982700654));
#1865 = CARTESIAN_POINT('',(-1.117280523455,11.215385636375));
#1866 = CARTESIAN_POINT('',(-0.357161879813,11.275080906149));
#1867 = CARTESIAN_POINT('',(0.402912621359,11.275080906149));
#1868 = ( GEOMETRIC_REPRESENTATION_CONTEXT(2) 
PARAMETRIC_REPRESENTATION_CONTEXT() REPRESENTATION_CONTEXT('2D SPACE',''
  ) );
#1869 = PCURVE('',#1156,#1870);
#1870 = DEFINITIONAL_REPRESENTATION('',(#1871),#1894);
#1871 = B_SPLINE_CURVE_WITH_KNOTS('',6,(#1872,#1873,#1874,#1875,#1876,
    #1877,#1878,#1879,#1880,#1881,#1882,#1883,#1884,#1885,#1886,#1887,
    #1888,#1889,#1890,#1891,#1892,#1893),.UNSPECIFIED.,.F.,.F.,(7,5,5,5,
    7),(0.,0.251999872003,0.500999935608,0.749999999274,1.),
  .UNSPECIFIED.);
#1872 = CARTESIAN_POINT('',(3.14159265359,0.993527508091));
#1873 = CARTESIAN_POINT('',(3.075620296339,0.993527508091));
#1874 = CARTESIAN_POINT('',(3.009644028581,0.993527508091));
#1875 = CARTESIAN_POINT('',(2.943672317587,0.993527508091));
#1876 = CARTESIAN_POINT('',(2.877700612059,0.993527508091));
#1877 = CARTESIAN_POINT('',(2.811724337207,0.993527508091));
#1878 = CARTESIAN_POINT('',(2.68056495672,0.993527508091));
#1879 = CARTESIAN_POINT('',(2.615374244926,0.993527508091));
#1880 = CARTESIAN_POINT('',(2.550187840696,0.993527508091));
#1881 = CARTESIAN_POINT('',(2.485001433818,0.993527508091));
#1882 = CARTESIAN_POINT('',(2.419810718494,0.993527508091));
#1883 = CARTESIAN_POINT('',(2.289436669222,0.993527508091));
#1884 = CARTESIAN_POINT('',(2.224245953925,0.993527508091));
#1885 = CARTESIAN_POINT('',(2.159059547116,0.993527508091));
#1886 = CARTESIAN_POINT('',(2.093873142929,0.993527508091));
#1887 = CARTESIAN_POINT('',(2.02868243109,0.993527508091));
#1888 = CARTESIAN_POINT('',(1.89804660717,0.993527508091));
#1889 = CARTESIAN_POINT('',(1.832594040529,0.993527508091));
#1890 = CARTESIAN_POINT('',(1.767145866307,0.993527508091));
#1891 = CARTESIAN_POINT('',(1.701697686922,0.993527508091));
#1892 = CARTESIAN_POINT('',(1.63624512737,0.993527508091));
#1893 = CARTESIAN_POINT('',(1.570796326795,0.993527508091));
#1894 = ( GEOMETRIC_REPRESENTATION_CONTEXT(2) 
PARAMETRIC_REPRESENTATION_CONTEXT() REPRESENTATION_CONTEXT('2D SPACE',''
  ) );
#1895 = ORIENTED_EDGE('',*,*,#1896,.T.);
#1896 = EDGE_CURVE('',#1817,#1897,#1899,.T.);
#1897 = VERTEX_POINT('',#1898);
#1898 = CARTESIAN_POINT('',(44.597087378641,56.275080906149,
    -1.08246744901E-15));
#1899 = SURFACE_CURVE('',#1900,(#1903,#1909),.PCURVE_S1.);
#1900 = B_SPLINE_CURVE_WITH_KNOTS('',1,(#1901,#1902),.UNSPECIFIED.,.F.,
  .F.,(2,2),(0.,1.),.PIECEWISE_BEZIER_KNOTS.);
#1901 = CARTESIAN_POINT('',(-44.59708737864,56.275080906149,0.));
#1902 = CARTESIAN_POINT('',(44.597087378641,56.275080906149,0.));
#1903 = PCURVE('',#114,#1904);
#1904 = DEFINITIONAL_REPRESENTATION('',(#1905),#1908);
#1905 = B_SPLINE_CURVE_WITH_KNOTS('',1,(#1906,#1907),.UNSPECIFIED.,.F.,
  .F.,(2,2),(0.,1.),.PIECEWISE_BEZIER_KNOTS.);
#1906 = CARTESIAN_POINT('',(0.402912621359,11.275080906149));
#1907 = CARTESIAN_POINT('',(89.597087378641,11.275080906149));
#1908 = ( GEOMETRIC_REPRESENTATION_CONTEXT(2) 
PARAMETRIC_REPRESENTATION_CONTEXT() REPRESENTATION_CONTEXT('2D SPACE',''
  ) );
#1909 = PCURVE('',#1215,#1910);
#1910 = DEFINITIONAL_REPRESENTATION('',(#1911),#1914);
#1911 = B_SPLINE_CURVE_WITH_KNOTS('',1,(#1912,#1913),.UNSPECIFIED.,.F.,
  .F.,(2,2),(0.,1.),.PIECEWISE_BEZIER_KNOTS.);
#1912 = CARTESIAN_POINT('',(0.,0.993527508091));
#1913 = CARTESIAN_POINT('',(-119.,0.993527508091));
#1914 = ( GEOMETRIC_REPRESENTATION_CONTEXT(2) 
PARAMETRIC_REPRESENTATION_CONTEXT() REPRESENTATION_CONTEXT('2D SPACE',''
  ) );
#1915 = ORIENTED_EDGE('',*,*,#1916,.T.);
#1916 = EDGE_CURVE('',#1897,#1917,#1919,.T.);
#1917 = VERTEX_POINT('',#1918);
#1918 = CARTESIAN_POINT('',(56.210355987055,44.661812297735,
    -1.08246744901E-15));
#1919 = SURFACE_CURVE('',#1920,(#1943,#1969),.PCURVE_S1.);
#1920 = B_SPLINE_CURVE_WITH_KNOTS('',6,(#1921,#1922,#1923,#1924,#1925,
    #1926,#1927,#1928,#1929,#1930,#1931,#1932,#1933,#1934,#1935,#1936,
    #1937,#1938,#1939,#1940,#1941,#1942),.UNSPECIFIED.,.F.,.F.,(7,5,5,5,
    7),(0.,0.250999936371,0.499999999387,0.749999999889,1.),
  .UNSPECIFIED.);
#1921 = CARTESIAN_POINT('',(44.597087378641,56.275080906149,0.));
#1922 = CARTESIAN_POINT('',(45.360201983885,56.275080906149,0.));
#1923 = CARTESIAN_POINT('',(46.123361616615,56.214907148722,0.));
#1924 = CARTESIAN_POINT('',(46.880535669119,56.094546938807,0.));
#1925 = CARTESIAN_POINT('',(47.625851752882,55.914816420354,0.));
#1926 = CARTESIAN_POINT('',(48.353574460177,55.677217728188,0.));
#1927 = CARTESIAN_POINT('',(49.757093512196,55.093276515032,0.));
#1928 = CARTESIAN_POINT('',(50.433338216734,54.747781884034,0.));
#1929 = CARTESIAN_POINT('',(51.081435785993,54.349845094723,0.));
#1930 = CARTESIAN_POINT('',(51.696395553923,53.902398306378,0.));
#1931 = CARTESIAN_POINT('',(52.273604198304,53.408937446339,0.));
#1932 = CARTESIAN_POINT('',(53.34636220823,52.336179436413,0.));
#1933 = CARTESIAN_POINT('',(53.841636373619,51.756483503958,0.));
#1934 = CARTESIAN_POINT('',(54.290508985141,51.13874952994,0.));
#1935 = CARTESIAN_POINT('',(54.689444648073,50.487648751311,0.));
#1936 = CARTESIAN_POINT('',(55.035480643256,49.808235059966,0.));
#1937 = CARTESIAN_POINT('',(55.61721649552,48.403800483594,0.));
#1938 = CARTESIAN_POINT('',(55.852950119212,47.678698071508,0.));
#1939 = CARTESIAN_POINT('',(56.03125778156,46.936210195573,0.));
#1940 = CARTESIAN_POINT('',(56.150660717281,46.18200544255,0.));
#1941 = CARTESIAN_POINT('',(56.210355987055,45.421886798906,0.));
#1942 = CARTESIAN_POINT('',(56.210355987055,44.661812297735,0.));
#1943 = PCURVE('',#114,#1944);
#1944 = DEFINITIONAL_REPRESENTATION('',(#1945),#1968);
#1945 = B_SPLINE_CURVE_WITH_KNOTS('',6,(#1946,#1947,#1948,#1949,#1950,
    #1951,#1952,#1953,#1954,#1955,#1956,#1957,#1958,#1959,#1960,#1961,
    #1962,#1963,#1964,#1965,#1966,#1967),.UNSPECIFIED.,.F.,.F.,(7,5,5,5,
    7),(0.,0.250999936371,0.499999999387,0.749999999889,1.),
  .UNSPECIFIED.);
#1946 = CARTESIAN_POINT('',(89.597087378641,11.275080906149));
#1947 = CARTESIAN_POINT('',(90.360201983885,11.275080906149));
#1948 = CARTESIAN_POINT('',(91.123361616615,11.214907148722));
#1949 = CARTESIAN_POINT('',(91.880535669119,11.094546938807));
#1950 = CARTESIAN_POINT('',(92.625851752882,10.914816420354));
#1951 = CARTESIAN_POINT('',(93.353574460177,10.677217728188));
#1952 = CARTESIAN_POINT('',(94.757093512196,10.093276515032));
#1953 = CARTESIAN_POINT('',(95.433338216734,9.747781884034));
#1954 = CARTESIAN_POINT('',(96.081435785993,9.349845094723));
#1955 = CARTESIAN_POINT('',(96.696395553923,8.902398306378));
#1956 = CARTESIAN_POINT('',(97.273604198304,8.408937446339));
#1957 = CARTESIAN_POINT('',(98.34636220823,7.336179436413));
#1958 = CARTESIAN_POINT('',(98.841636373619,6.756483503958));
#1959 = CARTESIAN_POINT('',(99.290508985141,6.13874952994));
#1960 = CARTESIAN_POINT('',(99.689444648073,5.487648751311));
#1961 = CARTESIAN_POINT('',(100.03548064325,4.808235059966));
#1962 = CARTESIAN_POINT('',(100.61721649552,3.403800483594));
#1963 = CARTESIAN_POINT('',(100.85295011921,2.678698071508));
#1964 = CARTESIAN_POINT('',(101.03125778156,1.936210195573));
#1965 = CARTESIAN_POINT('',(101.15066071728,1.18200544255));
#1966 = CARTESIAN_POINT('',(101.21035598705,0.421886798906));
#1967 = CARTESIAN_POINT('',(101.21035598705,-0.338187702265));
#1968 = ( GEOMETRIC_REPRESENTATION_CONTEXT(2) 
PARAMETRIC_REPRESENTATION_CONTEXT() REPRESENTATION_CONTEXT('2D SPACE',''
  ) );
#1969 = PCURVE('',#1280,#1970);
#1970 = DEFINITIONAL_REPRESENTATION('',(#1971),#1994);
#1971 = B_SPLINE_CURVE_WITH_KNOTS('',6,(#1972,#1973,#1974,#1975,#1976,
    #1977,#1978,#1979,#1980,#1981,#1982,#1983,#1984,#1985,#1986,#1987,
    #1988,#1989,#1990,#1991,#1992,#1993),.UNSPECIFIED.,.F.,.F.,(7,5,5,5,
    7),(0.,0.250999936371,0.499999999387,0.749999999889,1.),
  .UNSPECIFIED.);
#1972 = CARTESIAN_POINT('',(1.570796326795,0.993527508091));
#1973 = CARTESIAN_POINT('',(1.505085747717,0.993527508091));
#1974 = CARTESIAN_POINT('',(1.439371334491,0.993527508091));
#1975 = CARTESIAN_POINT('',(1.373661389038,0.993527508091));
#1976 = CARTESIAN_POINT('',(1.307951448898,0.993527508091));
#1977 = CARTESIAN_POINT('',(1.242237028581,0.993527508091));
#1978 = CARTESIAN_POINT('',(1.111339426213,0.993527508091));
#1979 = CARTESIAN_POINT('',(1.046148714397,0.993527508091));
#1980 = CARTESIAN_POINT('',(0.980962310188,0.993527508091));
#1981 = CARTESIAN_POINT('',(0.915775903344,0.993527508091));
#1982 = CARTESIAN_POINT('',(0.850585188034,0.993527508091));
#1983 = CARTESIAN_POINT('',(0.719949359913,0.993527508091));
#1984 = CARTESIAN_POINT('',(0.654496791738,0.993527508091));
#1985 = CARTESIAN_POINT('',(0.589048618437,0.993527508091));
#1986 = CARTESIAN_POINT('',(0.523600447802,0.993527508091));
#1987 = CARTESIAN_POINT('',(0.458147883125,0.993527508091));
#1988 = CARTESIAN_POINT('',(0.327250280375,0.993527508091));
#1989 = CARTESIAN_POINT('',(0.261797713734,0.993527508091));
#1990 = CARTESIAN_POINT('',(0.196349539512,0.993527508091));
#1991 = CARTESIAN_POINT('',(0.130901360127,0.993527508091));
#1992 = CARTESIAN_POINT('',(6.544880057461E-02,0.993527508091));
#1993 = CARTESIAN_POINT('',(0.,0.993527508091));
#1994 = ( GEOMETRIC_REPRESENTATION_CONTEXT(2) 
PARAMETRIC_REPRESENTATION_CONTEXT() REPRESENTATION_CONTEXT('2D SPACE',''
  ) );
#1995 = ORIENTED_EDGE('',*,*,#1996,.T.);
#1996 = EDGE_CURVE('',#1917,#1997,#1999,.T.);
#1997 = VERTEX_POINT('',#1998);
#1998 = CARTESIAN_POINT('',(56.210355987055,-44.66181229773,
    -1.026956297778E-15));
#1999 = SURFACE_CURVE('',#2000,(#2003,#2009),.PCURVE_S1.);
#2000 = B_SPLINE_CURVE_WITH_KNOTS('',1,(#2001,#2002),.UNSPECIFIED.,.F.,
  .F.,(2,2),(0.,1.),.PIECEWISE_BEZIER_KNOTS.);
#2001 = CARTESIAN_POINT('',(56.210355987055,44.661812297735,0.));
#2002 = CARTESIAN_POINT('',(56.210355987055,-44.66181229773,0.));
#2003 = PCURVE('',#114,#2004);
#2004 = DEFINITIONAL_REPRESENTATION('',(#2005),#2008);
#2005 = B_SPLINE_CURVE_WITH_KNOTS('',1,(#2006,#2007),.UNSPECIFIED.,.F.,
  .F.,(2,2),(0.,1.),.PIECEWISE_BEZIER_KNOTS.);
#2006 = CARTESIAN_POINT('',(101.21035598705,-0.338187702265));
#2007 = CARTESIAN_POINT('',(101.21035598705,-89.66181229773));
#2008 = ( GEOMETRIC_REPRESENTATION_CONTEXT(2) 
PARAMETRIC_REPRESENTATION_CONTEXT() REPRESENTATION_CONTEXT('2D SPACE',''
  ) );
#2009 = PCURVE('',#1339,#2010);
#2010 = DEFINITIONAL_REPRESENTATION('',(#2011),#2014);
#2011 = B_SPLINE_CURVE_WITH_KNOTS('',1,(#2012,#2013),.UNSPECIFIED.,.F.,
  .F.,(2,2),(0.,1.),.PIECEWISE_BEZIER_KNOTS.);
#2012 = CARTESIAN_POINT('',(139.,0.993527508091));
#2013 = CARTESIAN_POINT('',(0.,0.993527508091));
#2014 = ( GEOMETRIC_REPRESENTATION_CONTEXT(2) 
PARAMETRIC_REPRESENTATION_CONTEXT() REPRESENTATION_CONTEXT('2D SPACE',''
  ) );
#2015 = ORIENTED_EDGE('',*,*,#2016,.T.);
#2016 = EDGE_CURVE('',#1997,#2017,#2019,.T.);
#2017 = VERTEX_POINT('',#2018);
#2018 = CARTESIAN_POINT('',(44.597087378641,-56.27508090614,
    -1.08246744901E-15));
#2019 = SURFACE_CURVE('',#2020,(#2043,#2069),.PCURVE_S1.);
#2020 = B_SPLINE_CURVE_WITH_KNOTS('',6,(#2021,#2022,#2023,#2024,#2025,
    #2026,#2027,#2028,#2029,#2030,#2031,#2032,#2033,#2034,#2035,#2036,
    #2037,#2038,#2039,#2040,#2041,#2042),.UNSPECIFIED.,.F.,.F.,(7,5,5,5,
    7),(0.,0.251999872003,0.500999935608,0.749999999274,1.),
  .UNSPECIFIED.);
#2021 = CARTESIAN_POINT('',(56.210355987055,-44.66181229773,0.));
#2022 = CARTESIAN_POINT('',(56.210355987055,-45.42796700321,0.));
#2023 = CARTESIAN_POINT('',(56.149701832542,-46.19416763528,0.));
#2024 = CARTESIAN_POINT('',(56.02838052366,-46.9543104151,0.));
#2025 = CARTESIAN_POINT('',(55.847221574337,-47.70245300783,0.));
#2026 = CARTESIAN_POINT('',(55.607750759769,-48.4327926785,0.));
#2027 = CARTESIAN_POINT('',(55.020433411088,-49.83819776427,0.));
#2028 = CARTESIAN_POINT('',(54.67387696412,-50.51389893298,0.));
#2029 = CARTESIAN_POINT('',(54.274922637124,-51.16137062532,0.));
#2030 = CARTESIAN_POINT('',(53.826510424751,-51.77562678705,0.));
#2031 = CARTESIAN_POINT('',(53.332143496692,-52.35205959305,0.));
#2032 = CARTESIAN_POINT('',(52.259854781603,-53.42098489422,0.));
#2033 = CARTESIAN_POINT('',(51.681871723058,-53.91353846868,0.));
#2034 = CARTESIAN_POINT('',(51.06620986627,-54.36001872897,0.));
#2035 = CARTESIAN_POINT('',(50.417488019215,-54.75693699872,0.));
#2036 = CARTESIAN_POINT('',(49.740701447417,-55.10136896127,0.));
#2037 = CARTESIAN_POINT('',(48.339075564501,-55.68194141461,0.));
#2038 = CARTESIAN_POINT('',(47.613973152414,-55.9176750383,0.));
#2039 = CARTESIAN_POINT('',(46.871485276479,-56.09598270065,0.));
#2040 = CARTESIAN_POINT('',(46.117280523456,-56.21538563637,0.));
#2041 = CARTESIAN_POINT('',(45.357161879812,-56.27508090614,0.));
#2042 = CARTESIAN_POINT('',(44.597087378641,-56.27508090614,0.));
#2043 = PCURVE('',#114,#2044);
#2044 = DEFINITIONAL_REPRESENTATION('',(#2045),#2068);
#2045 = B_SPLINE_CURVE_WITH_KNOTS('',6,(#2046,#2047,#2048,#2049,#2050,
    #2051,#2052,#2053,#2054,#2055,#2056,#2057,#2058,#2059,#2060,#2061,
    #2062,#2063,#2064,#2065,#2066,#2067),.UNSPECIFIED.,.F.,.F.,(7,5,5,5,
    7),(0.,0.251999872003,0.500999935608,0.749999999274,1.),
  .UNSPECIFIED.);
#2046 = CARTESIAN_POINT('',(101.21035598705,-89.66181229773));
#2047 = CARTESIAN_POINT('',(101.21035598705,-90.42796700321));
#2048 = CARTESIAN_POINT('',(101.14970183254,-91.19416763528));
#2049 = CARTESIAN_POINT('',(101.02838052366,-91.9543104151));
#2050 = CARTESIAN_POINT('',(100.84722157433,-92.70245300783));
#2051 = CARTESIAN_POINT('',(100.60775075976,-93.4327926785));
#2052 = CARTESIAN_POINT('',(100.02043341108,-94.83819776427));
#2053 = CARTESIAN_POINT('',(99.67387696412,-95.51389893298));
#2054 = CARTESIAN_POINT('',(99.274922637124,-96.16137062532));
#2055 = CARTESIAN_POINT('',(98.826510424751,-96.77562678705));
#2056 = CARTESIAN_POINT('',(98.332143496692,-97.35205959305));
#2057 = CARTESIAN_POINT('',(97.259854781603,-98.42098489422));
#2058 = CARTESIAN_POINT('',(96.681871723058,-98.91353846868));
#2059 = CARTESIAN_POINT('',(96.06620986627,-99.36001872897));
#2060 = CARTESIAN_POINT('',(95.417488019215,-99.75693699872));
#2061 = CARTESIAN_POINT('',(94.740701447417,-100.1013689612));
#2062 = CARTESIAN_POINT('',(93.339075564501,-100.6819414146));
#2063 = CARTESIAN_POINT('',(92.613973152414,-100.9176750383));
#2064 = CARTESIAN_POINT('',(91.871485276479,-101.0959827006));
#2065 = CARTESIAN_POINT('',(91.117280523456,-101.2153856363));
#2066 = CARTESIAN_POINT('',(90.357161879812,-101.2750809061));
#2067 = CARTESIAN_POINT('',(89.597087378641,-101.2750809061));
#2068 = ( GEOMETRIC_REPRESENTATION_CONTEXT(2) 
PARAMETRIC_REPRESENTATION_CONTEXT() REPRESENTATION_CONTEXT('2D SPACE',''
  ) );
#2069 = PCURVE('',#1404,#2070);
#2070 = DEFINITIONAL_REPRESENTATION('',(#2071),#2094);
#2071 = B_SPLINE_CURVE_WITH_KNOTS('',6,(#2072,#2073,#2074,#2075,#2076,
    #2077,#2078,#2079,#2080,#2081,#2082,#2083,#2084,#2085,#2086,#2087,
    #2088,#2089,#2090,#2091,#2092,#2093),.UNSPECIFIED.,.F.,.F.,(7,5,5,5,
    7),(0.,0.251999872003,0.500999935608,0.749999999274,1.),
  .UNSPECIFIED.);
#2072 = CARTESIAN_POINT('',(6.28318530718,0.993527508091));
#2073 = CARTESIAN_POINT('',(6.217212949929,0.993527508091));
#2074 = CARTESIAN_POINT('',(6.151236682171,0.993527508091));
#2075 = CARTESIAN_POINT('',(6.085264971177,0.993527508091));
#2076 = CARTESIAN_POINT('',(6.019293265649,0.993527508091));
#2077 = CARTESIAN_POINT('',(5.953316990797,0.993527508091));
#2078 = CARTESIAN_POINT('',(5.82215761031,0.993527508091));
#2079 = CARTESIAN_POINT('',(5.756966898516,0.993527508091));
#2080 = CARTESIAN_POINT('',(5.691780494286,0.993527508091));
#2081 = CARTESIAN_POINT('',(5.626594087408,0.993527508091));
#2082 = CARTESIAN_POINT('',(5.561403372084,0.993527508091));
#2083 = CARTESIAN_POINT('',(5.431029322811,0.993527508091));
#2084 = CARTESIAN_POINT('',(5.365838607515,0.993527508091));
#2085 = CARTESIAN_POINT('',(5.300652200706,0.993527508091));
#2086 = CARTESIAN_POINT('',(5.235465796519,0.993527508091));
#2087 = CARTESIAN_POINT('',(5.17027508468,0.993527508091));
#2088 = CARTESIAN_POINT('',(5.03963926076,0.993527508091));
#2089 = CARTESIAN_POINT('',(4.974186694119,0.993527508091));
#2090 = CARTESIAN_POINT('',(4.908738519897,0.993527508091));
#2091 = CARTESIAN_POINT('',(4.843290340512,0.993527508091));
#2092 = CARTESIAN_POINT('',(4.777837780959,0.993527508091));
#2093 = CARTESIAN_POINT('',(4.712388980385,0.993527508091));
#2094 = ( GEOMETRIC_REPRESENTATION_CONTEXT(2) 
PARAMETRIC_REPRESENTATION_CONTEXT() REPRESENTATION_CONTEXT('2D SPACE',''
  ) );
#2095 = ORIENTED_EDGE('',*,*,#2096,.T.);
#2096 = EDGE_CURVE('',#2017,#2097,#2099,.T.);
#2097 = VERTEX_POINT('',#2098);
#2098 = CARTESIAN_POINT('',(-44.59708737864,-56.27508090614,
    2.41473507856E-15));
#2099 = SURFACE_CURVE('',#2100,(#2103,#2109),.PCURVE_S1.);
#2100 = B_SPLINE_CURVE_WITH_KNOTS('',1,(#2101,#2102),.UNSPECIFIED.,.F.,
  .F.,(2,2),(0.,1.),.PIECEWISE_BEZIER_KNOTS.);
#2101 = CARTESIAN_POINT('',(44.597087378641,-56.27508090614,0.));
#2102 = CARTESIAN_POINT('',(-44.59708737864,-56.27508090614,0.));
#2103 = PCURVE('',#114,#2104);
#2104 = DEFINITIONAL_REPRESENTATION('',(#2105),#2108);
#2105 = B_SPLINE_CURVE_WITH_KNOTS('',1,(#2106,#2107),.UNSPECIFIED.,.F.,
  .F.,(2,2),(0.,1.),.PIECEWISE_BEZIER_KNOTS.);
#2106 = CARTESIAN_POINT('',(89.597087378641,-101.2750809061));
#2107 = CARTESIAN_POINT('',(0.402912621359,-101.2750809061));
#2108 = ( GEOMETRIC_REPRESENTATION_CONTEXT(2) 
PARAMETRIC_REPRESENTATION_CONTEXT() REPRESENTATION_CONTEXT('2D SPACE',''
  ) );
#2109 = PCURVE('',#1463,#2110);
#2110 = DEFINITIONAL_REPRESENTATION('',(#2111),#2114);
#2111 = B_SPLINE_CURVE_WITH_KNOTS('',1,(#2112,#2113),.UNSPECIFIED.,.F.,
  .F.,(2,2),(0.,1.),.PIECEWISE_BEZIER_KNOTS.);
#2112 = CARTESIAN_POINT('',(119.,0.993527508091));
#2113 = CARTESIAN_POINT('',(0.,0.993527508091));
#2114 = ( GEOMETRIC_REPRESENTATION_CONTEXT(2) 
PARAMETRIC_REPRESENTATION_CONTEXT() REPRESENTATION_CONTEXT('2D SPACE',''
  ) );
#2115 = ORIENTED_EDGE('',*,*,#2116,.T.);
#2116 = EDGE_CURVE('',#2097,#2117,#2119,.T.);
#2117 = VERTEX_POINT('',#2118);
#2118 = CARTESIAN_POINT('',(-56.21035598705,-44.66181229773,
    -1.08246744901E-15));
#2119 = SURFACE_CURVE('',#2120,(#2143,#2169),.PCURVE_S1.);
#2120 = B_SPLINE_CURVE_WITH_KNOTS('',6,(#2121,#2122,#2123,#2124,#2125,
    #2126,#2127,#2128,#2129,#2130,#2131,#2132,#2133,#2134,#2135,#2136,
    #2137,#2138,#2139,#2140,#2141,#2142),.UNSPECIFIED.,.F.,.F.,(7,5,5,5,
    7),(0.,0.250999936371,0.499999999387,0.749999999889,1.),
  .UNSPECIFIED.);
#2121 = CARTESIAN_POINT('',(-44.59708737864,-56.27508090614,0.));
#2122 = CARTESIAN_POINT('',(-45.36020198388,-56.27508090614,0.));
#2123 = CARTESIAN_POINT('',(-46.12336161662,-56.21490714872,0.));
#2124 = CARTESIAN_POINT('',(-46.88053566911,-56.0945469388,0.));
#2125 = CARTESIAN_POINT('',(-47.62585175288,-55.91481642035,0.));
#2126 = CARTESIAN_POINT('',(-48.35357446017,-55.67721772818,0.));
#2127 = CARTESIAN_POINT('',(-49.75709351219,-55.09327651503,0.));
#2128 = CARTESIAN_POINT('',(-50.43333821673,-54.74778188403,0.));
#2129 = CARTESIAN_POINT('',(-51.08143578599,-54.34984509472,0.));
#2130 = CARTESIAN_POINT('',(-51.69639555392,-53.90239830637,0.));
#2131 = CARTESIAN_POINT('',(-52.2736041983,-53.40893744633,0.));
#2132 = CARTESIAN_POINT('',(-53.34636220823,-52.33617943641,0.));
#2133 = CARTESIAN_POINT('',(-53.84163637361,-51.75648350395,0.));
#2134 = CARTESIAN_POINT('',(-54.29050898514,-51.13874952994,0.));
#2135 = CARTESIAN_POINT('',(-54.68944464807,-50.48764875131,0.));
#2136 = CARTESIAN_POINT('',(-55.03548064325,-49.80823505996,0.));
#2137 = CARTESIAN_POINT('',(-55.61721649552,-48.40380048359,0.));
#2138 = CARTESIAN_POINT('',(-55.85295011921,-47.67869807151,0.));
#2139 = CARTESIAN_POINT('',(-56.03125778156,-46.93621019556,0.));
#2140 = CARTESIAN_POINT('',(-56.15066071728,-46.18200544255,0.));
#2141 = CARTESIAN_POINT('',(-56.21035598705,-45.4218867989,0.));
#2142 = CARTESIAN_POINT('',(-56.21035598705,-44.66181229773,0.));
#2143 = PCURVE('',#114,#2144);
#2144 = DEFINITIONAL_REPRESENTATION('',(#2145),#2168);
#2145 = B_SPLINE_CURVE_WITH_KNOTS('',6,(#2146,#2147,#2148,#2149,#2150,
    #2151,#2152,#2153,#2154,#2155,#2156,#2157,#2158,#2159,#2160,#2161,
    #2162,#2163,#2164,#2165,#2166,#2167),.UNSPECIFIED.,.F.,.F.,(7,5,5,5,
    7),(0.,0.250999936371,0.499999999387,0.749999999889,1.),
  .UNSPECIFIED.);
#2146 = CARTESIAN_POINT('',(0.402912621359,-101.2750809061));
#2147 = CARTESIAN_POINT('',(-0.360201983883,-101.2750809061));
#2148 = CARTESIAN_POINT('',(-1.12336161662,-101.2149071487));
#2149 = CARTESIAN_POINT('',(-1.880535669114,-101.0945469388));
#2150 = CARTESIAN_POINT('',(-2.625851752885,-100.9148164203));
#2151 = CARTESIAN_POINT('',(-3.353574460176,-100.6772177281));
#2152 = CARTESIAN_POINT('',(-4.757093512196,-100.093276515));
#2153 = CARTESIAN_POINT('',(-5.433338216734,-99.74778188403));
#2154 = CARTESIAN_POINT('',(-6.081435785993,-99.34984509472));
#2155 = CARTESIAN_POINT('',(-6.696395553923,-98.90239830637));
#2156 = CARTESIAN_POINT('',(-7.273604198304,-98.40893744633));
#2157 = CARTESIAN_POINT('',(-8.34636220823,-97.33617943641));
#2158 = CARTESIAN_POINT('',(-8.841636373618,-96.75648350395));
#2159 = CARTESIAN_POINT('',(-9.290508985141,-96.13874952994));
#2160 = CARTESIAN_POINT('',(-9.689444648073,-95.48764875131));
#2161 = CARTESIAN_POINT('',(-10.03548064325,-94.80823505996));
#2162 = CARTESIAN_POINT('',(-10.61721649552,-93.40380048359));
#2163 = CARTESIAN_POINT('',(-10.85295011921,-92.67869807151));
#2164 = CARTESIAN_POINT('',(-11.03125778156,-91.93621019556));
#2165 = CARTESIAN_POINT('',(-11.15066071728,-91.18200544255));
#2166 = CARTESIAN_POINT('',(-11.21035598705,-90.4218867989));
#2167 = CARTESIAN_POINT('',(-11.21035598705,-89.66181229773));
#2168 = ( GEOMETRIC_REPRESENTATION_CONTEXT(2) 
PARAMETRIC_REPRESENTATION_CONTEXT() REPRESENTATION_CONTEXT('2D SPACE',''
  ) );
#2169 = PCURVE('',#1528,#2170);
#2170 = DEFINITIONAL_REPRESENTATION('',(#2171),#2194);
#2171 = B_SPLINE_CURVE_WITH_KNOTS('',6,(#2172,#2173,#2174,#2175,#2176,
    #2177,#2178,#2179,#2180,#2181,#2182,#2183,#2184,#2185,#2186,#2187,
    #2188,#2189,#2190,#2191,#2192,#2193),.UNSPECIFIED.,.F.,.F.,(7,5,5,5,
    7),(0.,0.250999936371,0.499999999387,0.749999999889,1.),
  .UNSPECIFIED.);
#2172 = CARTESIAN_POINT('',(4.712388980385,0.993527508091));
#2173 = CARTESIAN_POINT('',(4.646678401307,0.993527508091));
#2174 = CARTESIAN_POINT('',(4.580963988081,0.993527508091));
#2175 = CARTESIAN_POINT('',(4.515254042629,0.993527508091));
#2176 = CARTESIAN_POINT('',(4.449544102487,0.993527508091));
#2177 = CARTESIAN_POINT('',(4.383829682171,0.993527508091));
#2178 = CARTESIAN_POINT('',(4.252932079802,0.993527508091));
#2179 = CARTESIAN_POINT('',(4.187741367986,0.993527508091));
#2180 = CARTESIAN_POINT('',(4.122554963778,0.993527508091));
#2181 = CARTESIAN_POINT('',(4.057368556934,0.993527508091));
#2182 = CARTESIAN_POINT('',(3.992177841624,0.993527508091));
#2183 = CARTESIAN_POINT('',(3.861542013503,0.993527508091));
#2184 = CARTESIAN_POINT('',(3.796089445328,0.993527508091));
#2185 = CARTESIAN_POINT('',(3.730641272027,0.993527508091));
#2186 = CARTESIAN_POINT('',(3.665193101392,0.993527508091));
#2187 = CARTESIAN_POINT('',(3.599740536715,0.993527508091));
#2188 = CARTESIAN_POINT('',(3.468842933965,0.993527508091));
#2189 = CARTESIAN_POINT('',(3.403390367324,0.993527508091));
#2190 = CARTESIAN_POINT('',(3.337942193102,0.993527508091));
#2191 = CARTESIAN_POINT('',(3.272494013718,0.993527508091));
#2192 = CARTESIAN_POINT('',(3.207041454164,0.993527508091));
#2193 = CARTESIAN_POINT('',(3.14159265359,0.993527508091));
#2194 = ( GEOMETRIC_REPRESENTATION_CONTEXT(2) 
PARAMETRIC_REPRESENTATION_CONTEXT() REPRESENTATION_CONTEXT('2D SPACE',''
  ) );
#2195 = ORIENTED_EDGE('',*,*,#2196,.T.);
#2196 = EDGE_CURVE('',#2117,#1815,#2197,.T.);
#2197 = SURFACE_CURVE('',#2198,(#2201,#2207),.PCURVE_S1.);
#2198 = B_SPLINE_CURVE_WITH_KNOTS('',1,(#2199,#2200),.UNSPECIFIED.,.F.,
  .F.,(2,2),(0.,1.),.PIECEWISE_BEZIER_KNOTS.);
#2199 = CARTESIAN_POINT('',(-56.21035598705,-44.66181229773,0.));
#2200 = CARTESIAN_POINT('',(-56.21035598705,44.661812297735,0.));
#2201 = PCURVE('',#114,#2202);
#2202 = DEFINITIONAL_REPRESENTATION('',(#2203),#2206);
#2203 = B_SPLINE_CURVE_WITH_KNOTS('',1,(#2204,#2205),.UNSPECIFIED.,.F.,
  .F.,(2,2),(0.,1.),.PIECEWISE_BEZIER_KNOTS.);
#2204 = CARTESIAN_POINT('',(-11.21035598705,-89.66181229773));
#2205 = CARTESIAN_POINT('',(-11.21035598705,-0.338187702265));
#2206 = ( GEOMETRIC_REPRESENTATION_CONTEXT(2) 
PARAMETRIC_REPRESENTATION_CONTEXT() REPRESENTATION_CONTEXT('2D SPACE',''
  ) );
#2207 = PCURVE('',#1585,#2208);
#2208 = DEFINITIONAL_REPRESENTATION('',(#2209),#2212);
#2209 = B_SPLINE_CURVE_WITH_KNOTS('',1,(#2210,#2211),.UNSPECIFIED.,.F.,
  .F.,(2,2),(0.,1.),.PIECEWISE_BEZIER_KNOTS.);
#2210 = CARTESIAN_POINT('',(0.,0.993527508091));
#2211 = CARTESIAN_POINT('',(-139.,0.993527508091));
#2212 = ( GEOMETRIC_REPRESENTATION_CONTEXT(2) 
PARAMETRIC_REPRESENTATION_CONTEXT() REPRESENTATION_CONTEXT('2D SPACE',''
  ) );
#2213 = ADVANCED_FACE('',(#2214),#255,.T.);
#2214 = FACE_BOUND('',#2215,.T.);
#2215 = EDGE_LOOP('',(#2216,#2239,#2319,#2347,#2366));
#2216 = ORIENTED_EDGE('',*,*,#2217,.F.);
#2217 = EDGE_CURVE('',#2218,#172,#2220,.T.);
#2218 = VERTEX_POINT('',#2219);
#2219 = CARTESIAN_POINT('',(-3.5,74.,-12.88705882352));
#2220 = SURFACE_CURVE('',#2221,(#2225,#2232),.PCURVE_S1.);
#2221 = LINE('',#2222,#2223);
#2222 = CARTESIAN_POINT('',(-3.5,74.,-16.));
#2223 = VECTOR('',#2224,1.);
#2224 = DIRECTION('',(0.,0.,1.));
#2225 = PCURVE('',#255,#2226);
#2226 = DEFINITIONAL_REPRESENTATION('',(#2227),#2231);
#2227 = LINE('',#2228,#2229);
#2228 = CARTESIAN_POINT('',(0.,0.));
#2229 = VECTOR('',#2230,1.);
#2230 = DIRECTION('',(1.,0.));
#2231 = ( GEOMETRIC_REPRESENTATION_CONTEXT(2) 
PARAMETRIC_REPRESENTATION_CONTEXT() REPRESENTATION_CONTEXT('2D SPACE',''
  ) );
#2232 = PCURVE('',#611,#2233);
#2233 = DEFINITIONAL_REPRESENTATION('',(#2234),#2238);
#2234 = LINE('',#2235,#2236);
#2235 = CARTESIAN_POINT('',(0.,0.));
#2236 = VECTOR('',#2237,1.);
#2237 = DIRECTION('',(1.,0.));
#2238 = ( GEOMETRIC_REPRESENTATION_CONTEXT(2) 
PARAMETRIC_REPRESENTATION_CONTEXT() REPRESENTATION_CONTEXT('2D SPACE',''
  ) );
#2239 = ORIENTED_EDGE('',*,*,#2240,.F.);
#2240 = EDGE_CURVE('',#2241,#2218,#2243,.T.);
#2241 = VERTEX_POINT('',#2242);
#2242 = CARTESIAN_POINT('',(-3.5,78.281553398058,-16.));
#2243 = SURFACE_CURVE('',#2244,(#2267,#2293),.PCURVE_S1.);
#2244 = B_SPLINE_CURVE_WITH_KNOTS('',5,(#2245,#2246,#2247,#2248,#2249,
    #2250,#2251,#2252,#2253,#2254,#2255,#2256,#2257,#2258,#2259,#2260,
    #2261,#2262,#2263,#2264,#2265,#2266),.UNSPECIFIED.,.F.,.F.,(6,4,4,4,
    4,6),(0.,0.123988772105,0.55265718635,0.771755546675,0.876541917461,
    1.),.UNSPECIFIED.);
#2245 = CARTESIAN_POINT('',(-3.5,78.281553398058,-16.));
#2246 = CARTESIAN_POINT('',(-3.5,78.224620424658,-15.95860637933));
#2247 = CARTESIAN_POINT('',(-3.5,78.095693005475,-15.86486856162));
#2248 = CARTESIAN_POINT('',(-3.5,77.986428040415,-15.78542650467));
#2249 = CARTESIAN_POINT('',(-3.5,77.907268325031,-15.72787273514));
#2250 = CARTESIAN_POINT('',(-3.5,77.420593189206,-15.37403128344));
#2251 = CARTESIAN_POINT('',(-3.5,77.043104882921,-15.09957507958));
#2252 = CARTESIAN_POINT('',(-3.5,76.665617747253,-14.82511972682));
#2253 = CARTESIAN_POINT('',(-3.5,76.288131807524,-14.55066524358));
#2254 = CARTESIAN_POINT('',(-3.5,75.717709425619,-14.13593461768));
#2255 = CARTESIAN_POINT('',(-3.5,75.524772080504,-13.99565781853));
#2256 = CARTESIAN_POINT('',(-3.5,75.331835058196,-13.85538125407));
#2257 = CARTESIAN_POINT('',(-3.5,75.13889836228,-13.71510492692));
#2258 = CARTESIAN_POINT('',(-3.5,74.853687907541,-13.50774014924));
#2259 = CARTESIAN_POINT('',(-3.5,74.761413851704,-13.44065148276));
#2260 = CARTESIAN_POINT('',(-3.5,74.669139828979,-13.37356284036));
#2261 = CARTESIAN_POINT('',(-3.5,74.576865839442,-13.30647422208));
#2262 = CARTESIAN_POINT('',(-3.5,74.375875781788,-13.16034262722));
#2263 = CARTESIAN_POINT('',(-3.5,74.295560820404,-13.10194892589));
#2264 = CARTESIAN_POINT('',(-3.5,74.186668924897,-13.02277811245));
#2265 = CARTESIAN_POINT('',(-3.5,74.059455670763,-12.93028659356));
#2266 = CARTESIAN_POINT('',(-3.5,74.,-12.88705882352));
#2267 = PCURVE('',#255,#2268);
#2268 = DEFINITIONAL_REPRESENTATION('',(#2269),#2292);
#2269 = B_SPLINE_CURVE_WITH_KNOTS('',5,(#2270,#2271,#2272,#2273,#2274,
    #2275,#2276,#2277,#2278,#2279,#2280,#2281,#2282,#2283,#2284,#2285,
    #2286,#2287,#2288,#2289,#2290,#2291),.UNSPECIFIED.,.F.,.F.,(6,4,4,4,
    4,6),(0.,0.123988772105,0.55265718635,0.771755546675,0.876541917461,
    1.),.UNSPECIFIED.);
#2270 = CARTESIAN_POINT('',(0.,-4.281553398058));
#2271 = CARTESIAN_POINT('',(4.139362066075E-02,-4.224620424658));
#2272 = CARTESIAN_POINT('',(0.135131438372,-4.095693005475));
#2273 = CARTESIAN_POINT('',(0.214573495322,-3.986428040415));
#2274 = CARTESIAN_POINT('',(0.27212726486,-3.907268325031));
#2275 = CARTESIAN_POINT('',(0.625968716554,-3.420593189206));
#2276 = CARTESIAN_POINT('',(0.900424920418,-3.043104882921));
#2277 = CARTESIAN_POINT('',(1.174880273173,-2.665617747253));
#2278 = CARTESIAN_POINT('',(1.449334756412,-2.288131807524));
#2279 = CARTESIAN_POINT('',(1.864065382314,-1.717709425619));
#2280 = CARTESIAN_POINT('',(2.004342181469,-1.524772080504));
#2281 = CARTESIAN_POINT('',(2.144618745923,-1.331835058196));
#2282 = CARTESIAN_POINT('',(2.284895073072,-1.13889836228));
#2283 = CARTESIAN_POINT('',(2.492259850753,-0.853687907541));
#2284 = CARTESIAN_POINT('',(2.559348517232,-0.761413851704));
#2285 = CARTESIAN_POINT('',(2.626437159637,-0.669139828979));
#2286 = CARTESIAN_POINT('',(2.693525777912,-0.576865839442));
#2287 = CARTESIAN_POINT('',(2.839657372771,-0.375875781788));
#2288 = CARTESIAN_POINT('',(2.898051074106,-0.295560820404));
#2289 = CARTESIAN_POINT('',(2.977221887546,-0.186668924897));
#2290 = CARTESIAN_POINT('',(3.069713406434,-5.945567076251E-02));
#2291 = CARTESIAN_POINT('',(3.112941176471,0.));
#2292 = ( GEOMETRIC_REPRESENTATION_CONTEXT(2) 
PARAMETRIC_REPRESENTATION_CONTEXT() REPRESENTATION_CONTEXT('2D SPACE',''
  ) );
#2293 = PCURVE('',#1215,#2294);
#2294 = DEFINITIONAL_REPRESENTATION('',(#2295),#2318);
#2295 = B_SPLINE_CURVE_WITH_KNOTS('',5,(#2296,#2297,#2298,#2299,#2300,
    #2301,#2302,#2303,#2304,#2305,#2306,#2307,#2308,#2309,#2310,#2311,
    #2312,#2313,#2314,#2315,#2316,#2317),.UNSPECIFIED.,.F.,.F.,(6,4,4,4,
    4,6),(0.,0.123988772105,0.55265718635,0.771755546675,0.876541917461,
    1.),.UNSPECIFIED.);
#2296 = CARTESIAN_POINT('',(-55.52303690973,0.47572815534));
#2297 = CARTESIAN_POINT('',(-55.52151080515,0.477067754714));
#2298 = CARTESIAN_POINT('',(-55.51805417639,0.480101341048));
#2299 = CARTESIAN_POINT('',(-55.5151113471,0.482672281402));
#2300 = CARTESIAN_POINT('',(-55.51298097039,0.48453486294));
#2301 = CARTESIAN_POINT('',(-55.499850066,0.495986042607));
#2302 = CARTESIAN_POINT('',(-55.48960011728,0.504868120402));
#2303 = CARTESIAN_POINT('',(-55.47928437483,0.513750170653));
#2304 = CARTESIAN_POINT('',(-55.46890198905,0.522632192764));
#2305 = CARTESIAN_POINT('',(-55.45311099972,0.536053895868));
#2306 = CARTESIAN_POINT('',(-55.44775227353,0.540593598106));
#2307 = CARTESIAN_POINT('',(-55.44237579356,0.545133292748));
#2308 = CARTESIAN_POINT('',(-55.43698144189,0.549672979711));
#2309 = CARTESIAN_POINT('',(-55.42898058231,0.55638381394));
#2310 = CARTESIAN_POINT('',(-55.4263879492,0.558554968195));
#2311 = CARTESIAN_POINT('',(-55.4237911866,0.560726121671));
#2312 = CARTESIAN_POINT('',(-55.42119028135,0.562897274366));
#2313 = CARTESIAN_POINT('',(-55.41551596742,0.567626452193));
#2314 = CARTESIAN_POINT('',(-55.41324275371,0.56951621599));
#2315 = CARTESIAN_POINT('',(-55.41016274967,0.572078378238));
#2316 = CARTESIAN_POINT('',(-55.40654806509,0.575071631276));
#2317 = CARTESIAN_POINT('',(-55.40485821384,0.576470588235));
#2318 = ( GEOMETRIC_REPRESENTATION_CONTEXT(2) 
PARAMETRIC_REPRESENTATION_CONTEXT() REPRESENTATION_CONTEXT('2D SPACE',''
  ) );
#2319 = ORIENTED_EDGE('',*,*,#2320,.T.);
#2320 = EDGE_CURVE('',#2241,#2321,#2323,.T.);
#2321 = VERTEX_POINT('',#2322);
#2322 = CARTESIAN_POINT('',(-3.5,80.,-16.));
#2323 = SURFACE_CURVE('',#2324,(#2328,#2335),.PCURVE_S1.);
#2324 = LINE('',#2325,#2326);
#2325 = CARTESIAN_POINT('',(-3.5,74.,-16.));
#2326 = VECTOR('',#2327,1.);
#2327 = DIRECTION('',(0.,1.,0.));
#2328 = PCURVE('',#255,#2329);
#2329 = DEFINITIONAL_REPRESENTATION('',(#2330),#2334);
#2330 = LINE('',#2331,#2332);
#2331 = CARTESIAN_POINT('',(0.,0.));
#2332 = VECTOR('',#2333,1.);
#2333 = DIRECTION('',(0.,-1.));
#2334 = ( GEOMETRIC_REPRESENTATION_CONTEXT(2) 
PARAMETRIC_REPRESENTATION_CONTEXT() REPRESENTATION_CONTEXT('2D SPACE',''
  ) );
#2335 = PCURVE('',#2336,#2341);
#2336 = PLANE('',#2337);
#2337 = AXIS2_PLACEMENT_3D('',#2338,#2339,#2340);
#2338 = CARTESIAN_POINT('',(-3.5,74.,-16.));
#2339 = DIRECTION('',(0.,0.,1.));
#2340 = DIRECTION('',(1.,0.,0.));
#2341 = DEFINITIONAL_REPRESENTATION('',(#2342),#2346);
#2342 = LINE('',#2343,#2344);
#2343 = CARTESIAN_POINT('',(0.,0.));
#2344 = VECTOR('',#2345,1.);
#2345 = DIRECTION('',(0.,1.));
#2346 = ( GEOMETRIC_REPRESENTATION_CONTEXT(2) 
PARAMETRIC_REPRESENTATION_CONTEXT() REPRESENTATION_CONTEXT('2D SPACE',''
  ) );
#2347 = ORIENTED_EDGE('',*,*,#2348,.T.);
#2348 = EDGE_CURVE('',#2321,#170,#2349,.T.);
#2349 = SURFACE_CURVE('',#2350,(#2354,#2360),.PCURVE_S1.);
#2350 = LINE('',#2351,#2352);
#2351 = CARTESIAN_POINT('',(-3.5,80.,-20.));
#2352 = VECTOR('',#2353,1.);
#2353 = DIRECTION('',(0.,0.,1.));
#2354 = PCURVE('',#255,#2355);
#2355 = DEFINITIONAL_REPRESENTATION('',(#2356),#2359);
#2356 = B_SPLINE_CURVE_WITH_KNOTS('',1,(#2357,#2358),.UNSPECIFIED.,.F.,
  .F.,(2,2),(4.,8.),.PIECEWISE_BEZIER_KNOTS.);
#2357 = CARTESIAN_POINT('',(0.,-6.));
#2358 = CARTESIAN_POINT('',(4.,-6.));
#2359 = ( GEOMETRIC_REPRESENTATION_CONTEXT(2) 
PARAMETRIC_REPRESENTATION_CONTEXT() REPRESENTATION_CONTEXT('2D SPACE',''
  ) );
#2360 = PCURVE('',#315,#2361);
#2361 = DEFINITIONAL_REPRESENTATION('',(#2362),#2365);
#2362 = B_SPLINE_CURVE_WITH_KNOTS('',1,(#2363,#2364),.UNSPECIFIED.,.F.,
  .F.,(2,2),(4.,8.),.PIECEWISE_BEZIER_KNOTS.);
#2363 = CARTESIAN_POINT('',(8.,16.5));
#2364 = CARTESIAN_POINT('',(12.,16.5));
#2365 = ( GEOMETRIC_REPRESENTATION_CONTEXT(2) 
PARAMETRIC_REPRESENTATION_CONTEXT() REPRESENTATION_CONTEXT('2D SPACE',''
  ) );
#2366 = ORIENTED_EDGE('',*,*,#169,.T.);
#2367 = ADVANCED_FACE('',(#2368),#611,.T.);
#2368 = FACE_BOUND('',#2369,.T.);
#2369 = EDGE_LOOP('',(#2370,#2393,#2411,#2412));
#2370 = ORIENTED_EDGE('',*,*,#2371,.F.);
#2371 = EDGE_CURVE('',#2372,#470,#2374,.T.);
#2372 = VERTEX_POINT('',#2373);
#2373 = CARTESIAN_POINT('',(3.5,74.,-12.88705882352));
#2374 = SURFACE_CURVE('',#2375,(#2379,#2386),.PCURVE_S1.);
#2375 = LINE('',#2376,#2377);
#2376 = CARTESIAN_POINT('',(3.5,74.,-16.));
#2377 = VECTOR('',#2378,1.);
#2378 = DIRECTION('',(0.,0.,1.));
#2379 = PCURVE('',#611,#2380);
#2380 = DEFINITIONAL_REPRESENTATION('',(#2381),#2385);
#2381 = LINE('',#2382,#2383);
#2382 = CARTESIAN_POINT('',(0.,7.));
#2383 = VECTOR('',#2384,1.);
#2384 = DIRECTION('',(1.,0.));
#2385 = ( GEOMETRIC_REPRESENTATION_CONTEXT(2) 
PARAMETRIC_REPRESENTATION_CONTEXT() REPRESENTATION_CONTEXT('2D SPACE',''
  ) );
#2386 = PCURVE('',#553,#2387);
#2387 = DEFINITIONAL_REPRESENTATION('',(#2388),#2392);
#2388 = LINE('',#2389,#2390);
#2389 = CARTESIAN_POINT('',(0.,0.));
#2390 = VECTOR('',#2391,1.);
#2391 = DIRECTION('',(1.,0.));
#2392 = ( GEOMETRIC_REPRESENTATION_CONTEXT(2) 
PARAMETRIC_REPRESENTATION_CONTEXT() REPRESENTATION_CONTEXT('2D SPACE',''
  ) );
#2393 = ORIENTED_EDGE('',*,*,#2394,.F.);
#2394 = EDGE_CURVE('',#2218,#2372,#2395,.T.);
#2395 = SURFACE_CURVE('',#2396,(#2399,#2405),.PCURVE_S1.);
#2396 = B_SPLINE_CURVE_WITH_KNOTS('',1,(#2397,#2398),.UNSPECIFIED.,.F.,
  .F.,(2,2),(0.,1.),.PIECEWISE_BEZIER_KNOTS.);
#2397 = CARTESIAN_POINT('',(-3.5,74.,-12.88705882352));
#2398 = CARTESIAN_POINT('',(3.5,74.,-12.88705882352));
#2399 = PCURVE('',#611,#2400);
#2400 = DEFINITIONAL_REPRESENTATION('',(#2401),#2404);
#2401 = B_SPLINE_CURVE_WITH_KNOTS('',1,(#2402,#2403),.UNSPECIFIED.,.F.,
  .F.,(2,2),(0.,1.),.PIECEWISE_BEZIER_KNOTS.);
#2402 = CARTESIAN_POINT('',(3.112941176471,0.));
#2403 = CARTESIAN_POINT('',(3.112941176471,7.));
#2404 = ( GEOMETRIC_REPRESENTATION_CONTEXT(2) 
PARAMETRIC_REPRESENTATION_CONTEXT() REPRESENTATION_CONTEXT('2D SPACE',''
  ) );
#2405 = PCURVE('',#1215,#2406);
#2406 = DEFINITIONAL_REPRESENTATION('',(#2407),#2410);
#2407 = B_SPLINE_CURVE_WITH_KNOTS('',1,(#2408,#2409),.UNSPECIFIED.,.F.,
  .F.,(2,2),(0.,1.),.PIECEWISE_BEZIER_KNOTS.);
#2408 = CARTESIAN_POINT('',(-55.40485829959,0.576470588235));
#2409 = CARTESIAN_POINT('',(-63.5951417004,0.576470588235));
#2410 = ( GEOMETRIC_REPRESENTATION_CONTEXT(2) 
PARAMETRIC_REPRESENTATION_CONTEXT() REPRESENTATION_CONTEXT('2D SPACE',''
  ) );
#2411 = ORIENTED_EDGE('',*,*,#2217,.T.);
#2412 = ORIENTED_EDGE('',*,*,#599,.T.);
#2413 = ADVANCED_FACE('',(#2414),#553,.F.);
#2414 = FACE_BOUND('',#2415,.F.);
#2415 = EDGE_LOOP('',(#2416,#2417,#2497,#2520,#2539));
#2416 = ORIENTED_EDGE('',*,*,#2371,.F.);
#2417 = ORIENTED_EDGE('',*,*,#2418,.F.);
#2418 = EDGE_CURVE('',#2419,#2372,#2421,.T.);
#2419 = VERTEX_POINT('',#2420);
#2420 = CARTESIAN_POINT('',(3.5,78.281553398058,-16.));
#2421 = SURFACE_CURVE('',#2422,(#2445,#2471),.PCURVE_S1.);
#2422 = B_SPLINE_CURVE_WITH_KNOTS('',5,(#2423,#2424,#2425,#2426,#2427,
    #2428,#2429,#2430,#2431,#2432,#2433,#2434,#2435,#2436,#2437,#2438,
    #2439,#2440,#2441,#2442,#2443,#2444),.UNSPECIFIED.,.F.,.F.,(6,4,4,4,
    4,6),(0.,0.123988772105,0.55265718635,0.771755546675,0.876541917461,
    1.),.UNSPECIFIED.);
#2423 = CARTESIAN_POINT('',(3.5,78.281553398058,-16.));
#2424 = CARTESIAN_POINT('',(3.5,78.224620424658,-15.95860637933));
#2425 = CARTESIAN_POINT('',(3.5,78.095693005475,-15.86486856162));
#2426 = CARTESIAN_POINT('',(3.5,77.986428040415,-15.78542650467));
#2427 = CARTESIAN_POINT('',(3.5,77.907268325031,-15.72787273514));
#2428 = CARTESIAN_POINT('',(3.5,77.420593189206,-15.37403128344));
#2429 = CARTESIAN_POINT('',(3.5,77.043104882921,-15.09957507958));
#2430 = CARTESIAN_POINT('',(3.5,76.665617747253,-14.82511972682));
#2431 = CARTESIAN_POINT('',(3.5,76.288131807524,-14.55066524358));
#2432 = CARTESIAN_POINT('',(3.5,75.717709425619,-14.13593461768));
#2433 = CARTESIAN_POINT('',(3.5,75.524772080504,-13.99565781853));
#2434 = CARTESIAN_POINT('',(3.5,75.331835058196,-13.85538125407));
#2435 = CARTESIAN_POINT('',(3.5,75.13889836228,-13.71510492692));
#2436 = CARTESIAN_POINT('',(3.5,74.853687907541,-13.50774014924));
#2437 = CARTESIAN_POINT('',(3.5,74.761413851704,-13.44065148276));
#2438 = CARTESIAN_POINT('',(3.5,74.669139828979,-13.37356284036));
#2439 = CARTESIAN_POINT('',(3.5,74.576865839442,-13.30647422208));
#2440 = CARTESIAN_POINT('',(3.5,74.375875781788,-13.16034262722));
#2441 = CARTESIAN_POINT('',(3.5,74.295560820404,-13.10194892589));
#2442 = CARTESIAN_POINT('',(3.5,74.186668924897,-13.02277811245));
#2443 = CARTESIAN_POINT('',(3.5,74.059455670763,-12.93028659356));
#2444 = CARTESIAN_POINT('',(3.5,74.,-12.88705882352));
#2445 = PCURVE('',#553,#2446);
#2446 = DEFINITIONAL_REPRESENTATION('',(#2447),#2470);
#2447 = B_SPLINE_CURVE_WITH_KNOTS('',5,(#2448,#2449,#2450,#2451,#2452,
    #2453,#2454,#2455,#2456,#2457,#2458,#2459,#2460,#2461,#2462,#2463,
    #2464,#2465,#2466,#2467,#2468,#2469),.UNSPECIFIED.,.F.,.F.,(6,4,4,4,
    4,6),(0.,0.123988772105,0.55265718635,0.771755546675,0.876541917461,
    1.),.UNSPECIFIED.);
#2448 = CARTESIAN_POINT('',(0.,-4.281553398058));
#2449 = CARTESIAN_POINT('',(4.139362066075E-02,-4.224620424658));
#2450 = CARTESIAN_POINT('',(0.135131438372,-4.095693005475));
#2451 = CARTESIAN_POINT('',(0.214573495322,-3.986428040415));
#2452 = CARTESIAN_POINT('',(0.27212726486,-3.907268325031));
#2453 = CARTESIAN_POINT('',(0.625968716554,-3.420593189206));
#2454 = CARTESIAN_POINT('',(0.900424920418,-3.043104882921));
#2455 = CARTESIAN_POINT('',(1.174880273173,-2.665617747253));
#2456 = CARTESIAN_POINT('',(1.449334756412,-2.288131807524));
#2457 = CARTESIAN_POINT('',(1.864065382314,-1.717709425619));
#2458 = CARTESIAN_POINT('',(2.004342181469,-1.524772080504));
#2459 = CARTESIAN_POINT('',(2.144618745923,-1.331835058196));
#2460 = CARTESIAN_POINT('',(2.284895073072,-1.13889836228));
#2461 = CARTESIAN_POINT('',(2.492259850753,-0.853687907541));
#2462 = CARTESIAN_POINT('',(2.559348517232,-0.761413851704));
#2463 = CARTESIAN_POINT('',(2.626437159637,-0.669139828979));
#2464 = CARTESIAN_POINT('',(2.693525777912,-0.576865839442));
#2465 = CARTESIAN_POINT('',(2.839657372771,-0.375875781788));
#2466 = CARTESIAN_POINT('',(2.898051074106,-0.295560820404));
#2467 = CARTESIAN_POINT('',(2.977221887546,-0.186668924897));
#2468 = CARTESIAN_POINT('',(3.069713406434,-5.945567076251E-02));
#2469 = CARTESIAN_POINT('',(3.112941176471,0.));
#2470 = ( GEOMETRIC_REPRESENTATION_CONTEXT(2) 
PARAMETRIC_REPRESENTATION_CONTEXT() REPRESENTATION_CONTEXT('2D SPACE',''
  ) );
#2471 = PCURVE('',#1215,#2472);
#2472 = DEFINITIONAL_REPRESENTATION('',(#2473),#2496);
#2473 = B_SPLINE_CURVE_WITH_KNOTS('',5,(#2474,#2475,#2476,#2477,#2478,
    #2479,#2480,#2481,#2482,#2483,#2484,#2485,#2486,#2487,#2488,#2489,
    #2490,#2491,#2492,#2493,#2494,#2495),.UNSPECIFIED.,.F.,.F.,(6,4,4,4,
    4,6),(0.,0.123988772105,0.55265718635,0.771755546675,0.876541917461,
    1.),.UNSPECIFIED.);
#2474 = CARTESIAN_POINT('',(-63.47696309026,0.47572815534));
#2475 = CARTESIAN_POINT('',(-63.47848919485,0.477067754714));
#2476 = CARTESIAN_POINT('',(-63.4819458236,0.480101341048));
#2477 = CARTESIAN_POINT('',(-63.48488865289,0.482672281402));
#2478 = CARTESIAN_POINT('',(-63.4870190296,0.48453486294));
#2479 = CARTESIAN_POINT('',(-63.50014993399,0.495986042607));
#2480 = CARTESIAN_POINT('',(-63.51039988271,0.504868120402));
#2481 = CARTESIAN_POINT('',(-63.52071562516,0.513750170653));
#2482 = CARTESIAN_POINT('',(-63.53109801094,0.522632192764));
#2483 = CARTESIAN_POINT('',(-63.54688900027,0.536053895868));
#2484 = CARTESIAN_POINT('',(-63.55224772647,0.540593598106));
#2485 = CARTESIAN_POINT('',(-63.55762420643,0.545133292748));
#2486 = CARTESIAN_POINT('',(-63.5630185581,0.549672979711));
#2487 = CARTESIAN_POINT('',(-63.57101941768,0.55638381394));
#2488 = CARTESIAN_POINT('',(-63.57361205079,0.558554968195));
#2489 = CARTESIAN_POINT('',(-63.57620881339,0.560726121671));
#2490 = CARTESIAN_POINT('',(-63.57880971864,0.562897274366));
#2491 = CARTESIAN_POINT('',(-63.58448403257,0.567626452193));
#2492 = CARTESIAN_POINT('',(-63.58675724628,0.56951621599));
#2493 = CARTESIAN_POINT('',(-63.58983725032,0.572078378238));
#2494 = CARTESIAN_POINT('',(-63.5934519349,0.575071631276));
#2495 = CARTESIAN_POINT('',(-63.59514178615,0.576470588235));
#2496 = ( GEOMETRIC_REPRESENTATION_CONTEXT(2) 
PARAMETRIC_REPRESENTATION_CONTEXT() REPRESENTATION_CONTEXT('2D SPACE',''
  ) );
#2497 = ORIENTED_EDGE('',*,*,#2498,.T.);
#2498 = EDGE_CURVE('',#2419,#2499,#2501,.T.);
#2499 = VERTEX_POINT('',#2500);
#2500 = CARTESIAN_POINT('',(3.5,80.,-16.));
#2501 = SURFACE_CURVE('',#2502,(#2506,#2513),.PCURVE_S1.);
#2502 = LINE('',#2503,#2504);
#2503 = CARTESIAN_POINT('',(3.5,74.,-16.));
#2504 = VECTOR('',#2505,1.);
#2505 = DIRECTION('',(0.,1.,0.));
#2506 = PCURVE('',#553,#2507);
#2507 = DEFINITIONAL_REPRESENTATION('',(#2508),#2512);
#2508 = LINE('',#2509,#2510);
#2509 = CARTESIAN_POINT('',(0.,0.));
#2510 = VECTOR('',#2511,1.);
#2511 = DIRECTION('',(0.,-1.));
#2512 = ( GEOMETRIC_REPRESENTATION_CONTEXT(2) 
PARAMETRIC_REPRESENTATION_CONTEXT() REPRESENTATION_CONTEXT('2D SPACE',''
  ) );
#2513 = PCURVE('',#2336,#2514);
#2514 = DEFINITIONAL_REPRESENTATION('',(#2515),#2519);
#2515 = LINE('',#2516,#2517);
#2516 = CARTESIAN_POINT('',(7.,0.));
#2517 = VECTOR('',#2518,1.);
#2518 = DIRECTION('',(0.,1.));
#2519 = ( GEOMETRIC_REPRESENTATION_CONTEXT(2) 
PARAMETRIC_REPRESENTATION_CONTEXT() REPRESENTATION_CONTEXT('2D SPACE',''
  ) );
#2520 = ORIENTED_EDGE('',*,*,#2521,.T.);
#2521 = EDGE_CURVE('',#2499,#450,#2522,.T.);
#2522 = SURFACE_CURVE('',#2523,(#2527,#2533),.PCURVE_S1.);
#2523 = LINE('',#2524,#2525);
#2524 = CARTESIAN_POINT('',(3.5,80.,-20.));
#2525 = VECTOR('',#2526,1.);
#2526 = DIRECTION('',(0.,0.,1.));
#2527 = PCURVE('',#553,#2528);
#2528 = DEFINITIONAL_REPRESENTATION('',(#2529),#2532);
#2529 = B_SPLINE_CURVE_WITH_KNOTS('',1,(#2530,#2531),.UNSPECIFIED.,.F.,
  .F.,(2,2),(4.,8.),.PIECEWISE_BEZIER_KNOTS.);
#2530 = CARTESIAN_POINT('',(0.,-6.));
#2531 = CARTESIAN_POINT('',(4.,-6.));
#2532 = ( GEOMETRIC_REPRESENTATION_CONTEXT(2) 
PARAMETRIC_REPRESENTATION_CONTEXT() REPRESENTATION_CONTEXT('2D SPACE',''
  ) );
#2533 = PCURVE('',#315,#2534);
#2534 = DEFINITIONAL_REPRESENTATION('',(#2535),#2538);
#2535 = B_SPLINE_CURVE_WITH_KNOTS('',1,(#2536,#2537),.UNSPECIFIED.,.F.,
  .F.,(2,2),(4.,8.),.PIECEWISE_BEZIER_KNOTS.);
#2536 = CARTESIAN_POINT('',(8.,23.5));
#2537 = CARTESIAN_POINT('',(12.,23.5));
#2538 = ( GEOMETRIC_REPRESENTATION_CONTEXT(2) 
PARAMETRIC_REPRESENTATION_CONTEXT() REPRESENTATION_CONTEXT('2D SPACE',''
  ) );
#2539 = ORIENTED_EDGE('',*,*,#469,.T.);
#2540 = ADVANCED_FACE('',(#2541),#315,.T.);
#2541 = FACE_BOUND('',#2542,.T.);
#2542 = EDGE_LOOP('',(#2543,#2566,#2586,#2612,#2638,#2664,#2684,#2705,
    #2706,#2707,#2726,#2727));
#2543 = ORIENTED_EDGE('',*,*,#2544,.F.);
#2544 = EDGE_CURVE('',#2545,#401,#2547,.T.);
#2545 = VERTEX_POINT('',#2546);
#2546 = CARTESIAN_POINT('',(20.,80.,-17.2494117647));
#2547 = SURFACE_CURVE('',#2548,(#2552,#2559),.PCURVE_S1.);
#2548 = LINE('',#2549,#2550);
#2549 = CARTESIAN_POINT('',(20.,80.,-24.));
#2550 = VECTOR('',#2551,1.);
#2551 = DIRECTION('',(0.,0.,1.));
#2552 = PCURVE('',#315,#2553);
#2553 = DEFINITIONAL_REPRESENTATION('',(#2554),#2558);
#2554 = LINE('',#2555,#2556);
#2555 = CARTESIAN_POINT('',(0.,40.));
#2556 = VECTOR('',#2557,1.);
#2557 = DIRECTION('',(1.,0.));
#2558 = ( GEOMETRIC_REPRESENTATION_CONTEXT(2) 
PARAMETRIC_REPRESENTATION_CONTEXT() REPRESENTATION_CONTEXT('2D SPACE',''
  ) );
#2559 = PCURVE('',#430,#2560);
#2560 = DEFINITIONAL_REPRESENTATION('',(#2561),#2565);
#2561 = LINE('',#2562,#2563);
#2562 = CARTESIAN_POINT('',(0.,0.));
#2563 = VECTOR('',#2564,1.);
#2564 = DIRECTION('',(1.,0.));
#2565 = ( GEOMETRIC_REPRESENTATION_CONTEXT(2) 
PARAMETRIC_REPRESENTATION_CONTEXT() REPRESENTATION_CONTEXT('2D SPACE',''
  ) );
#2566 = ORIENTED_EDGE('',*,*,#2567,.F.);
#2567 = EDGE_CURVE('',#2568,#2545,#2570,.T.);
#2568 = VERTEX_POINT('',#2569);
#2569 = CARTESIAN_POINT('',(5.,80.,-17.2494117647));
#2570 = SURFACE_CURVE('',#2571,(#2574,#2580),.PCURVE_S1.);
#2571 = B_SPLINE_CURVE_WITH_KNOTS('',1,(#2572,#2573),.UNSPECIFIED.,.F.,
  .F.,(2,2),(0.,1.),.PIECEWISE_BEZIER_KNOTS.);
#2572 = CARTESIAN_POINT('',(-20.,80.,-17.2494117647));
#2573 = CARTESIAN_POINT('',(20.,80.,-17.2494117647));
#2574 = PCURVE('',#315,#2575);
#2575 = DEFINITIONAL_REPRESENTATION('',(#2576),#2579);
#2576 = B_SPLINE_CURVE_WITH_KNOTS('',1,(#2577,#2578),.UNSPECIFIED.,.F.,
  .F.,(2,2),(0.,1.),.PIECEWISE_BEZIER_KNOTS.);
#2577 = CARTESIAN_POINT('',(6.750588235294,0.));
#2578 = CARTESIAN_POINT('',(6.750588235294,40.));
#2579 = ( GEOMETRIC_REPRESENTATION_CONTEXT(2) 
PARAMETRIC_REPRESENTATION_CONTEXT() REPRESENTATION_CONTEXT('2D SPACE',''
  ) );
#2580 = PCURVE('',#1215,#2581);
#2581 = DEFINITIONAL_REPRESENTATION('',(#2582),#2585);
#2582 = B_SPLINE_CURVE_WITH_KNOTS('',1,(#2583,#2584),.UNSPECIFIED.,.F.,
  .F.,(2,2),(0.,1.),.PIECEWISE_BEZIER_KNOTS.);
#2583 = CARTESIAN_POINT('',(-37.03470294281,0.435294117647));
#2584 = CARTESIAN_POINT('',(-81.96529705719,0.435294117647));
#2585 = ( GEOMETRIC_REPRESENTATION_CONTEXT(2) 
PARAMETRIC_REPRESENTATION_CONTEXT() REPRESENTATION_CONTEXT('2D SPACE',''
  ) );
#2586 = ORIENTED_EDGE('',*,*,#2587,.F.);
#2587 = EDGE_CURVE('',#2588,#2568,#2590,.T.);
#2588 = VERTEX_POINT('',#2589);
#2589 = CARTESIAN_POINT('',(5.,80.,-16.5));
#2590 = SURFACE_CURVE('',#2591,(#2595,#2601),.PCURVE_S1.);
#2591 = LINE('',#2592,#2593);
#2592 = CARTESIAN_POINT('',(5.,80.,-21.75));
#2593 = VECTOR('',#2594,1.);
#2594 = DIRECTION('',(0.,0.,-1.));
#2595 = PCURVE('',#315,#2596);
#2596 = DEFINITIONAL_REPRESENTATION('',(#2597),#2600);
#2597 = B_SPLINE_CURVE_WITH_KNOTS('',1,(#2598,#2599),.UNSPECIFIED.,.F.,
  .F.,(2,2),(-5.25,-4.500588235294),.PIECEWISE_BEZIER_KNOTS.);
#2598 = CARTESIAN_POINT('',(7.5,25.));
#2599 = CARTESIAN_POINT('',(6.750588235294,25.));
#2600 = ( GEOMETRIC_REPRESENTATION_CONTEXT(2) 
PARAMETRIC_REPRESENTATION_CONTEXT() REPRESENTATION_CONTEXT('2D SPACE',''
  ) );
#2601 = PCURVE('',#2602,#2607);
#2602 = PLANE('',#2603);
#2603 = AXIS2_PLACEMENT_3D('',#2604,#2605,#2606);
#2604 = CARTESIAN_POINT('',(5.,64.,-19.5));
#2605 = DIRECTION('',(1.,0.,0.));
#2606 = DIRECTION('',(0.,0.,1.));
#2607 = DEFINITIONAL_REPRESENTATION('',(#2608),#2611);
#2608 = B_SPLINE_CURVE_WITH_KNOTS('',1,(#2609,#2610),.UNSPECIFIED.,.F.,
  .F.,(2,2),(-5.25,-4.500588235294),.PIECEWISE_BEZIER_KNOTS.);
#2609 = CARTESIAN_POINT('',(3.,-16.));
#2610 = CARTESIAN_POINT('',(2.250588235294,-16.));
#2611 = ( GEOMETRIC_REPRESENTATION_CONTEXT(2) 
PARAMETRIC_REPRESENTATION_CONTEXT() REPRESENTATION_CONTEXT('2D SPACE',''
  ) );
#2612 = ORIENTED_EDGE('',*,*,#2613,.F.);
#2613 = EDGE_CURVE('',#2614,#2588,#2616,.T.);
#2614 = VERTEX_POINT('',#2615);
#2615 = CARTESIAN_POINT('',(-5.,80.,-16.5));
#2616 = SURFACE_CURVE('',#2617,(#2621,#2627),.PCURVE_S1.);
#2617 = LINE('',#2618,#2619);
#2618 = CARTESIAN_POINT('',(-12.5,80.,-16.5));
#2619 = VECTOR('',#2620,1.);
#2620 = DIRECTION('',(1.,0.,0.));
#2621 = PCURVE('',#315,#2622);
#2622 = DEFINITIONAL_REPRESENTATION('',(#2623),#2626);
#2623 = B_SPLINE_CURVE_WITH_KNOTS('',1,(#2624,#2625),.UNSPECIFIED.,.F.,
  .F.,(2,2),(7.5,17.5),.PIECEWISE_BEZIER_KNOTS.);
#2624 = CARTESIAN_POINT('',(7.5,15.));
#2625 = CARTESIAN_POINT('',(7.5,25.));
#2626 = ( GEOMETRIC_REPRESENTATION_CONTEXT(2) 
PARAMETRIC_REPRESENTATION_CONTEXT() REPRESENTATION_CONTEXT('2D SPACE',''
  ) );
#2627 = PCURVE('',#2628,#2633);
#2628 = PLANE('',#2629);
#2629 = AXIS2_PLACEMENT_3D('',#2630,#2631,#2632);
#2630 = CARTESIAN_POINT('',(-5.,64.,-16.5));
#2631 = DIRECTION('',(0.,0.,1.));
#2632 = DIRECTION('',(1.,0.,0.));
#2633 = DEFINITIONAL_REPRESENTATION('',(#2634),#2637);
#2634 = B_SPLINE_CURVE_WITH_KNOTS('',1,(#2635,#2636),.UNSPECIFIED.,.F.,
  .F.,(2,2),(7.5,17.5),.PIECEWISE_BEZIER_KNOTS.);
#2635 = CARTESIAN_POINT('',(0.,16.));
#2636 = CARTESIAN_POINT('',(10.,16.));
#2637 = ( GEOMETRIC_REPRESENTATION_CONTEXT(2) 
PARAMETRIC_REPRESENTATION_CONTEXT() REPRESENTATION_CONTEXT('2D SPACE',''
  ) );
#2638 = ORIENTED_EDGE('',*,*,#2639,.T.);
#2639 = EDGE_CURVE('',#2614,#2640,#2642,.T.);
#2640 = VERTEX_POINT('',#2641);
#2641 = CARTESIAN_POINT('',(-5.,80.,-17.2494117647));
#2642 = SURFACE_CURVE('',#2643,(#2647,#2653),.PCURVE_S1.);
#2643 = LINE('',#2644,#2645);
#2644 = CARTESIAN_POINT('',(-5.,80.,-21.75));
#2645 = VECTOR('',#2646,1.);
#2646 = DIRECTION('',(0.,0.,-1.));
#2647 = PCURVE('',#315,#2648);
#2648 = DEFINITIONAL_REPRESENTATION('',(#2649),#2652);
#2649 = B_SPLINE_CURVE_WITH_KNOTS('',1,(#2650,#2651),.UNSPECIFIED.,.F.,
  .F.,(2,2),(-5.25,-4.500588235294),.PIECEWISE_BEZIER_KNOTS.);
#2650 = CARTESIAN_POINT('',(7.5,15.));
#2651 = CARTESIAN_POINT('',(6.750588235294,15.));
#2652 = ( GEOMETRIC_REPRESENTATION_CONTEXT(2) 
PARAMETRIC_REPRESENTATION_CONTEXT() REPRESENTATION_CONTEXT('2D SPACE',''
  ) );
#2653 = PCURVE('',#2654,#2659);
#2654 = PLANE('',#2655);
#2655 = AXIS2_PLACEMENT_3D('',#2656,#2657,#2658);
#2656 = CARTESIAN_POINT('',(-5.,64.,-19.5));
#2657 = DIRECTION('',(1.,0.,0.));
#2658 = DIRECTION('',(0.,0.,1.));
#2659 = DEFINITIONAL_REPRESENTATION('',(#2660),#2663);
#2660 = B_SPLINE_CURVE_WITH_KNOTS('',1,(#2661,#2662),.UNSPECIFIED.,.F.,
  .F.,(2,2),(-5.25,-4.500588235294),.PIECEWISE_BEZIER_KNOTS.);
#2661 = CARTESIAN_POINT('',(3.,-16.));
#2662 = CARTESIAN_POINT('',(2.250588235294,-16.));
#2663 = ( GEOMETRIC_REPRESENTATION_CONTEXT(2) 
PARAMETRIC_REPRESENTATION_CONTEXT() REPRESENTATION_CONTEXT('2D SPACE',''
  ) );
#2664 = ORIENTED_EDGE('',*,*,#2665,.F.);
#2665 = EDGE_CURVE('',#2666,#2640,#2668,.T.);
#2666 = VERTEX_POINT('',#2667);
#2667 = CARTESIAN_POINT('',(-20.,80.,-17.2494117647));
#2668 = SURFACE_CURVE('',#2669,(#2672,#2678),.PCURVE_S1.);
#2669 = B_SPLINE_CURVE_WITH_KNOTS('',1,(#2670,#2671),.UNSPECIFIED.,.F.,
  .F.,(2,2),(0.,1.),.PIECEWISE_BEZIER_KNOTS.);
#2670 = CARTESIAN_POINT('',(-20.,80.,-17.2494117647));
#2671 = CARTESIAN_POINT('',(20.,80.,-17.2494117647));
#2672 = PCURVE('',#315,#2673);
#2673 = DEFINITIONAL_REPRESENTATION('',(#2674),#2677);
#2674 = B_SPLINE_CURVE_WITH_KNOTS('',1,(#2675,#2676),.UNSPECIFIED.,.F.,
  .F.,(2,2),(0.,1.),.PIECEWISE_BEZIER_KNOTS.);
#2675 = CARTESIAN_POINT('',(6.750588235294,0.));
#2676 = CARTESIAN_POINT('',(6.750588235294,40.));
#2677 = ( GEOMETRIC_REPRESENTATION_CONTEXT(2) 
PARAMETRIC_REPRESENTATION_CONTEXT() REPRESENTATION_CONTEXT('2D SPACE',''
  ) );
#2678 = PCURVE('',#1215,#2679);
#2679 = DEFINITIONAL_REPRESENTATION('',(#2680),#2683);
#2680 = B_SPLINE_CURVE_WITH_KNOTS('',1,(#2681,#2682),.UNSPECIFIED.,.F.,
  .F.,(2,2),(0.,1.),.PIECEWISE_BEZIER_KNOTS.);
#2681 = CARTESIAN_POINT('',(-37.03470294281,0.435294117647));
#2682 = CARTESIAN_POINT('',(-81.96529705719,0.435294117647));
#2683 = ( GEOMETRIC_REPRESENTATION_CONTEXT(2) 
PARAMETRIC_REPRESENTATION_CONTEXT() REPRESENTATION_CONTEXT('2D SPACE',''
  ) );
#2684 = ORIENTED_EDGE('',*,*,#2685,.T.);
#2685 = EDGE_CURVE('',#2666,#302,#2686,.T.);
#2686 = SURFACE_CURVE('',#2687,(#2691,#2698),.PCURVE_S1.);
#2687 = LINE('',#2688,#2689);
#2688 = CARTESIAN_POINT('',(-20.,80.,-24.));
#2689 = VECTOR('',#2690,1.);
#2690 = DIRECTION('',(0.,0.,1.));
#2691 = PCURVE('',#315,#2692);
#2692 = DEFINITIONAL_REPRESENTATION('',(#2693),#2697);
#2693 = LINE('',#2694,#2695);
#2694 = CARTESIAN_POINT('',(0.,0.));
#2695 = VECTOR('',#2696,1.);
#2696 = DIRECTION('',(1.,0.));
#2697 = ( GEOMETRIC_REPRESENTATION_CONTEXT(2) 
PARAMETRIC_REPRESENTATION_CONTEXT() REPRESENTATION_CONTEXT('2D SPACE',''
  ) );
#2698 = PCURVE('',#356,#2699);
#2699 = DEFINITIONAL_REPRESENTATION('',(#2700),#2704);
#2700 = LINE('',#2701,#2702);
#2701 = CARTESIAN_POINT('',(0.,0.));
#2702 = VECTOR('',#2703,1.);
#2703 = DIRECTION('',(1.,0.));
#2704 = ( GEOMETRIC_REPRESENTATION_CONTEXT(2) 
PARAMETRIC_REPRESENTATION_CONTEXT() REPRESENTATION_CONTEXT('2D SPACE',''
  ) );
#2705 = ORIENTED_EDGE('',*,*,#301,.T.);
#2706 = ORIENTED_EDGE('',*,*,#2348,.F.);
#2707 = ORIENTED_EDGE('',*,*,#2708,.F.);
#2708 = EDGE_CURVE('',#2499,#2321,#2709,.T.);
#2709 = SURFACE_CURVE('',#2710,(#2714,#2720),.PCURVE_S1.);
#2710 = LINE('',#2711,#2712);
#2711 = CARTESIAN_POINT('',(-11.75,80.,-16.));
#2712 = VECTOR('',#2713,1.);
#2713 = DIRECTION('',(-1.,0.,0.));
#2714 = PCURVE('',#315,#2715);
#2715 = DEFINITIONAL_REPRESENTATION('',(#2716),#2719);
#2716 = B_SPLINE_CURVE_WITH_KNOTS('',1,(#2717,#2718),.UNSPECIFIED.,.F.,
  .F.,(2,2),(-15.25,-8.25),.PIECEWISE_BEZIER_KNOTS.);
#2717 = CARTESIAN_POINT('',(8.,23.5));
#2718 = CARTESIAN_POINT('',(8.,16.5));
#2719 = ( GEOMETRIC_REPRESENTATION_CONTEXT(2) 
PARAMETRIC_REPRESENTATION_CONTEXT() REPRESENTATION_CONTEXT('2D SPACE',''
  ) );
#2720 = PCURVE('',#2336,#2721);
#2721 = DEFINITIONAL_REPRESENTATION('',(#2722),#2725);
#2722 = B_SPLINE_CURVE_WITH_KNOTS('',1,(#2723,#2724),.UNSPECIFIED.,.F.,
  .F.,(2,2),(-15.25,-8.25),.PIECEWISE_BEZIER_KNOTS.);
#2723 = CARTESIAN_POINT('',(7.,6.));
#2724 = CARTESIAN_POINT('',(0.,6.));
#2725 = ( GEOMETRIC_REPRESENTATION_CONTEXT(2) 
PARAMETRIC_REPRESENTATION_CONTEXT() REPRESENTATION_CONTEXT('2D SPACE',''
  ) );
#2726 = ORIENTED_EDGE('',*,*,#2521,.T.);
#2727 = ORIENTED_EDGE('',*,*,#449,.T.);
#2728 = ADVANCED_FACE('',(#2729),#430,.F.);
#2729 = FACE_BOUND('',#2730,.F.);
#2730 = EDGE_LOOP('',(#2731,#2732,#2776,#2797));
#2731 = ORIENTED_EDGE('',*,*,#2544,.F.);
#2732 = ORIENTED_EDGE('',*,*,#2733,.F.);
#2733 = EDGE_CURVE('',#2734,#2545,#2736,.T.);
#2734 = VERTEX_POINT('',#2735);
#2735 = CARTESIAN_POINT('',(20.,89.284789644013,-24.));
#2736 = SURFACE_CURVE('',#2737,(#2748,#2762),.PCURVE_S1.);
#2737 = B_SPLINE_CURVE_WITH_KNOTS('',5,(#2738,#2739,#2740,#2741,#2742,
    #2743,#2744,#2745,#2746,#2747),.UNSPECIFIED.,.F.,.F.,(6,4,6),(0.,
    2.632493018602E-02,1.),.UNSPECIFIED.);
#2738 = CARTESIAN_POINT('',(20.,89.284789644013,-24.));
#2739 = CARTESIAN_POINT('',(20.,89.235869474051,-23.96443215878));
#2740 = CARTESIAN_POINT('',(20.,89.186949708168,-23.92886461135));
#2741 = CARTESIAN_POINT('',(20.,89.138030387736,-23.89329738778));
#2742 = CARTESIAN_POINT('',(20.,89.089111517364,-23.85773049144));
#2743 = CARTESIAN_POINT('',(20.,87.230855783399,-22.50666926369));
#2744 = CARTESIAN_POINT('',(20.,85.422108304001,-21.19160344926));
#2745 = CARTESIAN_POINT('',(20.,83.614004821776,-19.87700585865));
#2746 = CARTESIAN_POINT('',(20.,81.806609980374,-18.56292349161));
#2747 = CARTESIAN_POINT('',(20.,80.,-17.2494117647));
#2748 = PCURVE('',#430,#2749);
#2749 = DEFINITIONAL_REPRESENTATION('',(#2750),#2761);
#2750 = B_SPLINE_CURVE_WITH_KNOTS('',5,(#2751,#2752,#2753,#2754,#2755,
    #2756,#2757,#2758,#2759,#2760),.UNSPECIFIED.,.F.,.F.,(6,4,6),(0.,
    2.632493018602E-02,1.),.UNSPECIFIED.);
#2751 = CARTESIAN_POINT('',(0.,-9.284789644013));
#2752 = CARTESIAN_POINT('',(3.556784121954E-02,-9.235869474051));
#2753 = CARTESIAN_POINT('',(7.113538864935E-02,-9.186949708168));
#2754 = CARTESIAN_POINT('',(0.106702612211,-9.138030387736));
#2755 = CARTESIAN_POINT('',(0.142269508552,-9.089111517364));
#2756 = CARTESIAN_POINT('',(1.493330736305,-7.230855783399));
#2757 = CARTESIAN_POINT('',(2.808396550738,-5.422108304001));
#2758 = CARTESIAN_POINT('',(4.122994141344,-3.614004821776));
#2759 = CARTESIAN_POINT('',(5.437076508387,-1.806609980374));
#2760 = CARTESIAN_POINT('',(6.750588235294,0.));
#2761 = ( GEOMETRIC_REPRESENTATION_CONTEXT(2) 
PARAMETRIC_REPRESENTATION_CONTEXT() REPRESENTATION_CONTEXT('2D SPACE',''
  ) );
#2762 = PCURVE('',#1215,#2763);
#2763 = DEFINITIONAL_REPRESENTATION('',(#2764),#2775);
#2764 = B_SPLINE_CURVE_WITH_KNOTS('',5,(#2765,#2766,#2767,#2768,#2769,
    #2770,#2771,#2772,#2773,#2774),.UNSPECIFIED.,.F.,.F.,(6,4,6),(0.,
    2.632493018602E-02,1.),.UNSPECIFIED.);
#2765 = CARTESIAN_POINT('',(-80.65646866068,0.216828478964));
#2766 = CARTESIAN_POINT('',(-80.66296292078,0.217979541787));
#2767 = CARTESIAN_POINT('',(-80.66946183363,0.219130595102));
#2768 = CARTESIAN_POINT('',(-80.67596587397,0.220281637936));
#2769 = CARTESIAN_POINT('',(-80.68247508966,0.22143267018));
#2770 = CARTESIAN_POINT('',(-80.92992159482,0.265156334508));
#2771 = CARTESIAN_POINT('',(-81.17762443036,0.307715098729));
#2772 = CARTESIAN_POINT('',(-81.43247093449,0.350258710076));
#2773 = CARTESIAN_POINT('',(-81.69487375985,0.392785647521));
#2774 = CARTESIAN_POINT('',(-81.96529705719,0.435294117647));
#2775 = ( GEOMETRIC_REPRESENTATION_CONTEXT(2) 
PARAMETRIC_REPRESENTATION_CONTEXT() REPRESENTATION_CONTEXT('2D SPACE',''
  ) );
#2776 = ORIENTED_EDGE('',*,*,#2777,.T.);
#2777 = EDGE_CURVE('',#2734,#376,#2778,.T.);
#2778 = SURFACE_CURVE('',#2779,(#2783,#2790),.PCURVE_S1.);
#2779 = LINE('',#2780,#2781);
#2780 = CARTESIAN_POINT('',(20.,80.,-24.));
#2781 = VECTOR('',#2782,1.);
#2782 = DIRECTION('',(0.,1.,0.));
#2783 = PCURVE('',#430,#2784);
#2784 = DEFINITIONAL_REPRESENTATION('',(#2785),#2789);
#2785 = LINE('',#2786,#2787);
#2786 = CARTESIAN_POINT('',(0.,0.));
#2787 = VECTOR('',#2788,1.);
#2788 = DIRECTION('',(0.,-1.));
#2789 = ( GEOMETRIC_REPRESENTATION_CONTEXT(2) 
PARAMETRIC_REPRESENTATION_CONTEXT() REPRESENTATION_CONTEXT('2D SPACE',''
  ) );
#2790 = PCURVE('',#389,#2791);
#2791 = DEFINITIONAL_REPRESENTATION('',(#2792),#2796);
#2792 = LINE('',#2793,#2794);
#2793 = CARTESIAN_POINT('',(40.,0.));
#2794 = VECTOR('',#2795,1.);
#2795 = DIRECTION('',(0.,1.));
#2796 = ( GEOMETRIC_REPRESENTATION_CONTEXT(2) 
PARAMETRIC_REPRESENTATION_CONTEXT() REPRESENTATION_CONTEXT('2D SPACE',''
  ) );
#2797 = ORIENTED_EDGE('',*,*,#400,.T.);
#2798 = ADVANCED_FACE('',(#2799),#389,.T.);
#2799 = FACE_BOUND('',#2800,.T.);
#2800 = EDGE_LOOP('',(#2801,#2824,#2842,#2843));
#2801 = ORIENTED_EDGE('',*,*,#2802,.F.);
#2802 = EDGE_CURVE('',#2803,#327,#2805,.T.);
#2803 = VERTEX_POINT('',#2804);
#2804 = CARTESIAN_POINT('',(-20.,89.284789644013,-24.));
#2805 = SURFACE_CURVE('',#2806,(#2810,#2817),.PCURVE_S1.);
#2806 = LINE('',#2807,#2808);
#2807 = CARTESIAN_POINT('',(-20.,80.,-24.));
#2808 = VECTOR('',#2809,1.);
#2809 = DIRECTION('',(0.,1.,0.));
#2810 = PCURVE('',#389,#2811);
#2811 = DEFINITIONAL_REPRESENTATION('',(#2812),#2816);
#2812 = LINE('',#2813,#2814);
#2813 = CARTESIAN_POINT('',(0.,0.));
#2814 = VECTOR('',#2815,1.);
#2815 = DIRECTION('',(0.,1.));
#2816 = ( GEOMETRIC_REPRESENTATION_CONTEXT(2) 
PARAMETRIC_REPRESENTATION_CONTEXT() REPRESENTATION_CONTEXT('2D SPACE',''
  ) );
#2817 = PCURVE('',#356,#2818);
#2818 = DEFINITIONAL_REPRESENTATION('',(#2819),#2823);
#2819 = LINE('',#2820,#2821);
#2820 = CARTESIAN_POINT('',(0.,0.));
#2821 = VECTOR('',#2822,1.);
#2822 = DIRECTION('',(0.,-1.));
#2823 = ( GEOMETRIC_REPRESENTATION_CONTEXT(2) 
PARAMETRIC_REPRESENTATION_CONTEXT() REPRESENTATION_CONTEXT('2D SPACE',''
  ) );
#2824 = ORIENTED_EDGE('',*,*,#2825,.T.);
#2825 = EDGE_CURVE('',#2803,#2734,#2826,.T.);
#2826 = SURFACE_CURVE('',#2827,(#2830,#2836),.PCURVE_S1.);
#2827 = B_SPLINE_CURVE_WITH_KNOTS('',1,(#2828,#2829),.UNSPECIFIED.,.F.,
  .F.,(2,2),(0.,1.),.PIECEWISE_BEZIER_KNOTS.);
#2828 = CARTESIAN_POINT('',(-20.,89.284789644013,-24.));
#2829 = CARTESIAN_POINT('',(20.,89.284789644013,-24.));
#2830 = PCURVE('',#389,#2831);
#2831 = DEFINITIONAL_REPRESENTATION('',(#2832),#2835);
#2832 = B_SPLINE_CURVE_WITH_KNOTS('',1,(#2833,#2834),.UNSPECIFIED.,.F.,
  .F.,(2,2),(0.,1.),.PIECEWISE_BEZIER_KNOTS.);
#2833 = CARTESIAN_POINT('',(0.,9.284789644013));
#2834 = CARTESIAN_POINT('',(40.,9.284789644013));
#2835 = ( GEOMETRIC_REPRESENTATION_CONTEXT(2) 
PARAMETRIC_REPRESENTATION_CONTEXT() REPRESENTATION_CONTEXT('2D SPACE',''
  ) );
#2836 = PCURVE('',#1215,#2837);
#2837 = DEFINITIONAL_REPRESENTATION('',(#2838),#2841);
#2838 = B_SPLINE_CURVE_WITH_KNOTS('',1,(#2839,#2840),.UNSPECIFIED.,.F.,
  .F.,(2,2),(0.,1.),.PIECEWISE_BEZIER_KNOTS.);
#2839 = CARTESIAN_POINT('',(-38.34353154397,0.216828478964));
#2840 = CARTESIAN_POINT('',(-80.65646845602,0.216828478964));
#2841 = ( GEOMETRIC_REPRESENTATION_CONTEXT(2) 
PARAMETRIC_REPRESENTATION_CONTEXT() REPRESENTATION_CONTEXT('2D SPACE',''
  ) );
#2842 = ORIENTED_EDGE('',*,*,#2777,.T.);
#2843 = ORIENTED_EDGE('',*,*,#375,.F.);
#2844 = ADVANCED_FACE('',(#2845),#356,.T.);
#2845 = FACE_BOUND('',#2846,.T.);
#2846 = EDGE_LOOP('',(#2847,#2848,#2890,#2891));
#2847 = ORIENTED_EDGE('',*,*,#2685,.F.);
#2848 = ORIENTED_EDGE('',*,*,#2849,.F.);
#2849 = EDGE_CURVE('',#2803,#2666,#2850,.T.);
#2850 = SURFACE_CURVE('',#2851,(#2862,#2876),.PCURVE_S1.);
#2851 = B_SPLINE_CURVE_WITH_KNOTS('',5,(#2852,#2853,#2854,#2855,#2856,
    #2857,#2858,#2859,#2860,#2861),.UNSPECIFIED.,.F.,.F.,(6,4,6),(0.,
    2.632493018601E-02,1.),.UNSPECIFIED.);
#2852 = CARTESIAN_POINT('',(-20.,89.284789644013,-24.));
#2853 = CARTESIAN_POINT('',(-20.,89.235869474051,-23.96443215878));
#2854 = CARTESIAN_POINT('',(-20.,89.186949708169,-23.92886461135));
#2855 = CARTESIAN_POINT('',(-20.,89.138030387736,-23.89329738778));
#2856 = CARTESIAN_POINT('',(-20.,89.089111517364,-23.85773049144));
#2857 = CARTESIAN_POINT('',(-20.,87.230855783399,-22.50666926369));
#2858 = CARTESIAN_POINT('',(-20.,85.422108304002,-21.19160344926));
#2859 = CARTESIAN_POINT('',(-20.,83.614004821776,-19.87700585865));
#2860 = CARTESIAN_POINT('',(-20.,81.806609980374,-18.56292349161));
#2861 = CARTESIAN_POINT('',(-20.,80.,-17.2494117647));
#2862 = PCURVE('',#356,#2863);
#2863 = DEFINITIONAL_REPRESENTATION('',(#2864),#2875);
#2864 = B_SPLINE_CURVE_WITH_KNOTS('',5,(#2865,#2866,#2867,#2868,#2869,
    #2870,#2871,#2872,#2873,#2874),.UNSPECIFIED.,.F.,.F.,(6,4,6),(0.,
    2.632493018601E-02,1.),.UNSPECIFIED.);
#2865 = CARTESIAN_POINT('',(0.,-9.284789644013));
#2866 = CARTESIAN_POINT('',(3.556784121949E-02,-9.235869474051));
#2867 = CARTESIAN_POINT('',(7.113538864924E-02,-9.186949708169));
#2868 = CARTESIAN_POINT('',(0.106702612211,-9.138030387736));
#2869 = CARTESIAN_POINT('',(0.142269508552,-9.089111517364));
#2870 = CARTESIAN_POINT('',(1.493330736305,-7.230855783399));
#2871 = CARTESIAN_POINT('',(2.808396550738,-5.422108304002));
#2872 = CARTESIAN_POINT('',(4.122994141344,-3.614004821776));
#2873 = CARTESIAN_POINT('',(5.437076508387,-1.806609980374));
#2874 = CARTESIAN_POINT('',(6.750588235294,0.));
#2875 = ( GEOMETRIC_REPRESENTATION_CONTEXT(2) 
PARAMETRIC_REPRESENTATION_CONTEXT() REPRESENTATION_CONTEXT('2D SPACE',''
  ) );
#2876 = PCURVE('',#1215,#2877);
#2877 = DEFINITIONAL_REPRESENTATION('',(#2878),#2889);
#2878 = B_SPLINE_CURVE_WITH_KNOTS('',5,(#2879,#2880,#2881,#2882,#2883,
    #2884,#2885,#2886,#2887,#2888),.UNSPECIFIED.,.F.,.F.,(6,4,6),(0.,
    2.632493018601E-02,1.),.UNSPECIFIED.);
#2879 = CARTESIAN_POINT('',(-38.34353133931,0.216828478964));
#2880 = CARTESIAN_POINT('',(-38.33703707921,0.217979541787));
#2881 = CARTESIAN_POINT('',(-38.33053816636,0.219130595102));
#2882 = CARTESIAN_POINT('',(-38.32403412602,0.220281637936));
#2883 = CARTESIAN_POINT('',(-38.31752491033,0.22143267018));
#2884 = CARTESIAN_POINT('',(-38.07007840517,0.265156334508));
#2885 = CARTESIAN_POINT('',(-37.82237556963,0.307715098729));
#2886 = CARTESIAN_POINT('',(-37.5675290655,0.350258710076));
#2887 = CARTESIAN_POINT('',(-37.30512624014,0.392785647521));
#2888 = CARTESIAN_POINT('',(-37.03470294281,0.435294117647));
#2889 = ( GEOMETRIC_REPRESENTATION_CONTEXT(2) 
PARAMETRIC_REPRESENTATION_CONTEXT() REPRESENTATION_CONTEXT('2D SPACE',''
  ) );
#2890 = ORIENTED_EDGE('',*,*,#2802,.T.);
#2891 = ORIENTED_EDGE('',*,*,#326,.T.);
#2892 = ADVANCED_FACE('',(#2893),#648,.T.);
#2893 = FACE_BOUND('',#2894,.T.);
#2894 = EDGE_LOOP('',(#2895,#2918,#2947,#2968));
#2895 = ORIENTED_EDGE('',*,*,#2896,.F.);
#2896 = EDGE_CURVE('',#2897,#627,#2899,.T.);
#2897 = VERTEX_POINT('',#2898);
#2898 = CARTESIAN_POINT('',(26.5,74.,-12.88705882352));
#2899 = SURFACE_CURVE('',#2900,(#2904,#2911),.PCURVE_S1.);
#2900 = LINE('',#2901,#2902);
#2901 = CARTESIAN_POINT('',(26.5,74.,-16.));
#2902 = VECTOR('',#2903,1.);
#2903 = DIRECTION('',(0.,0.,1.));
#2904 = PCURVE('',#648,#2905);
#2905 = DEFINITIONAL_REPRESENTATION('',(#2906),#2910);
#2906 = LINE('',#2907,#2908);
#2907 = CARTESIAN_POINT('',(0.,0.));
#2908 = VECTOR('',#2909,1.);
#2909 = DIRECTION('',(1.,0.));
#2910 = ( GEOMETRIC_REPRESENTATION_CONTEXT(2) 
PARAMETRIC_REPRESENTATION_CONTEXT() REPRESENTATION_CONTEXT('2D SPACE',''
  ) );
#2911 = PCURVE('',#737,#2912);
#2912 = DEFINITIONAL_REPRESENTATION('',(#2913),#2917);
#2913 = LINE('',#2914,#2915);
#2914 = CARTESIAN_POINT('',(0.,0.));
#2915 = VECTOR('',#2916,1.);
#2916 = DIRECTION('',(1.,0.));
#2917 = ( GEOMETRIC_REPRESENTATION_CONTEXT(2) 
PARAMETRIC_REPRESENTATION_CONTEXT() REPRESENTATION_CONTEXT('2D SPACE',''
  ) );
#2918 = ORIENTED_EDGE('',*,*,#2919,.F.);
#2919 = EDGE_CURVE('',#2920,#2897,#2922,.T.);
#2920 = VERTEX_POINT('',#2921);
#2921 = CARTESIAN_POINT('',(26.5,78.281553398058,-16.));
#2922 = SURFACE_CURVE('',#2923,(#2929,#2938),.PCURVE_S1.);
#2923 = B_SPLINE_CURVE_WITH_KNOTS('',4,(#2924,#2925,#2926,#2927,#2928),
  .UNSPECIFIED.,.F.,.F.,(5,5),(0.,1.),.PIECEWISE_BEZIER_KNOTS.);
#2924 = CARTESIAN_POINT('',(26.5,78.281553398058,-16.));
#2925 = CARTESIAN_POINT('',(26.5,77.210314541347,-15.22114633712));
#2926 = CARTESIAN_POINT('',(26.5,76.139616725663,-14.44268604289));
#2927 = CARTESIAN_POINT('',(26.5,75.069497248931,-13.6646462351));
#2928 = CARTESIAN_POINT('',(26.5,74.,-12.88705882352));
#2929 = PCURVE('',#648,#2930);
#2930 = DEFINITIONAL_REPRESENTATION('',(#2931),#2937);
#2931 = B_SPLINE_CURVE_WITH_KNOTS('',4,(#2932,#2933,#2934,#2935,#2936),
  .UNSPECIFIED.,.F.,.F.,(5,5),(0.,1.),.PIECEWISE_BEZIER_KNOTS.);
#2932 = CARTESIAN_POINT('',(0.,-4.281553398058));
#2933 = CARTESIAN_POINT('',(0.77885366288,-3.210314541347));
#2934 = CARTESIAN_POINT('',(1.557313957106,-2.139616725663));
#2935 = CARTESIAN_POINT('',(2.335353764895,-1.069497248931));
#2936 = CARTESIAN_POINT('',(3.112941176471,0.));
#2937 = ( GEOMETRIC_REPRESENTATION_CONTEXT(2) 
PARAMETRIC_REPRESENTATION_CONTEXT() REPRESENTATION_CONTEXT('2D SPACE',''
  ) );
#2938 = PCURVE('',#1215,#2939);
#2939 = DEFINITIONAL_REPRESENTATION('',(#2940),#2946);
#2940 = B_SPLINE_CURVE_WITH_KNOTS('',4,(#2941,#2942,#2943,#2944,#2945),
  .UNSPECIFIED.,.F.,.F.,(5,5),(0.,1.),.PIECEWISE_BEZIER_KNOTS.);
#2941 = CARTESIAN_POINT('',(-89.61129136924,0.47572815534));
#2942 = CARTESIAN_POINT('',(-89.82870389892,0.500933775498));
#2943 = CARTESIAN_POINT('',(-90.05019274593,0.526126665279));
#2944 = CARTESIAN_POINT('',(-90.27592196895,0.551305947084));
#2945 = CARTESIAN_POINT('',(-90.50607287449,0.576470588235));
#2946 = ( GEOMETRIC_REPRESENTATION_CONTEXT(2) 
PARAMETRIC_REPRESENTATION_CONTEXT() REPRESENTATION_CONTEXT('2D SPACE',''
  ) );
#2947 = ORIENTED_EDGE('',*,*,#2948,.T.);
#2948 = EDGE_CURVE('',#2920,#625,#2949,.T.);
#2949 = SURFACE_CURVE('',#2950,(#2954,#2961),.PCURVE_S1.);
#2950 = LINE('',#2951,#2952);
#2951 = CARTESIAN_POINT('',(26.5,74.,-16.));
#2952 = VECTOR('',#2953,1.);
#2953 = DIRECTION('',(0.,1.,0.));
#2954 = PCURVE('',#648,#2955);
#2955 = DEFINITIONAL_REPRESENTATION('',(#2956),#2960);
#2956 = LINE('',#2957,#2958);
#2957 = CARTESIAN_POINT('',(0.,0.));
#2958 = VECTOR('',#2959,1.);
#2959 = DIRECTION('',(0.,-1.));
#2960 = ( GEOMETRIC_REPRESENTATION_CONTEXT(2) 
PARAMETRIC_REPRESENTATION_CONTEXT() REPRESENTATION_CONTEXT('2D SPACE',''
  ) );
#2961 = PCURVE('',#677,#2962);
#2962 = DEFINITIONAL_REPRESENTATION('',(#2963),#2967);
#2963 = LINE('',#2964,#2965);
#2964 = CARTESIAN_POINT('',(0.,0.));
#2965 = VECTOR('',#2966,1.);
#2966 = DIRECTION('',(0.,1.));
#2967 = ( GEOMETRIC_REPRESENTATION_CONTEXT(2) 
PARAMETRIC_REPRESENTATION_CONTEXT() REPRESENTATION_CONTEXT('2D SPACE',''
  ) );
#2968 = ORIENTED_EDGE('',*,*,#624,.T.);
#2969 = ADVANCED_FACE('',(#2970),#677,.T.);
#2970 = FACE_BOUND('',#2971,.T.);
#2971 = EDGE_LOOP('',(#2972,#2973,#2993,#3014));
#2972 = ORIENTED_EDGE('',*,*,#2948,.F.);
#2973 = ORIENTED_EDGE('',*,*,#2974,.T.);
#2974 = EDGE_CURVE('',#2920,#2975,#2977,.T.);
#2975 = VERTEX_POINT('',#2976);
#2976 = CARTESIAN_POINT('',(33.5,78.281553398058,-16.));
#2977 = SURFACE_CURVE('',#2978,(#2981,#2987),.PCURVE_S1.);
#2978 = B_SPLINE_CURVE_WITH_KNOTS('',1,(#2979,#2980),.UNSPECIFIED.,.F.,
  .F.,(2,2),(0.,1.),.PIECEWISE_BEZIER_KNOTS.);
#2979 = CARTESIAN_POINT('',(26.5,78.281553398058,-16.));
#2980 = CARTESIAN_POINT('',(33.5,78.281553398058,-16.));
#2981 = PCURVE('',#677,#2982);
#2982 = DEFINITIONAL_REPRESENTATION('',(#2983),#2986);
#2983 = B_SPLINE_CURVE_WITH_KNOTS('',1,(#2984,#2985),.UNSPECIFIED.,.F.,
  .F.,(2,2),(0.,1.),.PIECEWISE_BEZIER_KNOTS.);
#2984 = CARTESIAN_POINT('',(0.,4.281553398058));
#2985 = CARTESIAN_POINT('',(7.,4.281553398058));
#2986 = ( GEOMETRIC_REPRESENTATION_CONTEXT(2) 
PARAMETRIC_REPRESENTATION_CONTEXT() REPRESENTATION_CONTEXT('2D SPACE',''
  ) );
#2987 = PCURVE('',#1215,#2988);
#2988 = DEFINITIONAL_REPRESENTATION('',(#2989),#2992);
#2989 = B_SPLINE_CURVE_WITH_KNOTS('',1,(#2990,#2991),.UNSPECIFIED.,.F.,
  .F.,(2,2),(0.,1.),.PIECEWISE_BEZIER_KNOTS.);
#2990 = CARTESIAN_POINT('',(-89.61129136924,0.47572815534));
#2991 = CARTESIAN_POINT('',(-97.5652173913,0.47572815534));
#2992 = ( GEOMETRIC_REPRESENTATION_CONTEXT(2) 
PARAMETRIC_REPRESENTATION_CONTEXT() REPRESENTATION_CONTEXT('2D SPACE',''
  ) );
#2993 = ORIENTED_EDGE('',*,*,#2994,.T.);
#2994 = EDGE_CURVE('',#2975,#664,#2995,.T.);
#2995 = SURFACE_CURVE('',#2996,(#3000,#3007),.PCURVE_S1.);
#2996 = LINE('',#2997,#2998);
#2997 = CARTESIAN_POINT('',(33.5,74.,-16.));
#2998 = VECTOR('',#2999,1.);
#2999 = DIRECTION('',(0.,1.,0.));
#3000 = PCURVE('',#677,#3001);
#3001 = DEFINITIONAL_REPRESENTATION('',(#3002),#3006);
#3002 = LINE('',#3003,#3004);
#3003 = CARTESIAN_POINT('',(7.,0.));
#3004 = VECTOR('',#3005,1.);
#3005 = DIRECTION('',(0.,1.));
#3006 = ( GEOMETRIC_REPRESENTATION_CONTEXT(2) 
PARAMETRIC_REPRESENTATION_CONTEXT() REPRESENTATION_CONTEXT('2D SPACE',''
  ) );
#3007 = PCURVE('',#710,#3008);
#3008 = DEFINITIONAL_REPRESENTATION('',(#3009),#3013);
#3009 = LINE('',#3010,#3011);
#3010 = CARTESIAN_POINT('',(0.,0.));
#3011 = VECTOR('',#3012,1.);
#3012 = DIRECTION('',(0.,-1.));
#3013 = ( GEOMETRIC_REPRESENTATION_CONTEXT(2) 
PARAMETRIC_REPRESENTATION_CONTEXT() REPRESENTATION_CONTEXT('2D SPACE',''
  ) );
#3014 = ORIENTED_EDGE('',*,*,#663,.F.);
#3015 = ADVANCED_FACE('',(#3016),#737,.T.);
#3016 = FACE_BOUND('',#3017,.T.);
#3017 = EDGE_LOOP('',(#3018,#3041,#3059,#3060));
#3018 = ORIENTED_EDGE('',*,*,#3019,.F.);
#3019 = EDGE_CURVE('',#3020,#689,#3022,.T.);
#3020 = VERTEX_POINT('',#3021);
#3021 = CARTESIAN_POINT('',(33.5,74.,-12.88705882352));
#3022 = SURFACE_CURVE('',#3023,(#3027,#3034),.PCURVE_S1.);
#3023 = LINE('',#3024,#3025);
#3024 = CARTESIAN_POINT('',(33.5,74.,-16.));
#3025 = VECTOR('',#3026,1.);
#3026 = DIRECTION('',(0.,0.,1.));
#3027 = PCURVE('',#737,#3028);
#3028 = DEFINITIONAL_REPRESENTATION('',(#3029),#3033);
#3029 = LINE('',#3030,#3031);
#3030 = CARTESIAN_POINT('',(0.,7.));
#3031 = VECTOR('',#3032,1.);
#3032 = DIRECTION('',(1.,0.));
#3033 = ( GEOMETRIC_REPRESENTATION_CONTEXT(2) 
PARAMETRIC_REPRESENTATION_CONTEXT() REPRESENTATION_CONTEXT('2D SPACE',''
  ) );
#3034 = PCURVE('',#710,#3035);
#3035 = DEFINITIONAL_REPRESENTATION('',(#3036),#3040);
#3036 = LINE('',#3037,#3038);
#3037 = CARTESIAN_POINT('',(0.,0.));
#3038 = VECTOR('',#3039,1.);
#3039 = DIRECTION('',(1.,0.));
#3040 = ( GEOMETRIC_REPRESENTATION_CONTEXT(2) 
PARAMETRIC_REPRESENTATION_CONTEXT() REPRESENTATION_CONTEXT('2D SPACE',''
  ) );
#3041 = ORIENTED_EDGE('',*,*,#3042,.F.);
#3042 = EDGE_CURVE('',#2897,#3020,#3043,.T.);
#3043 = SURFACE_CURVE('',#3044,(#3047,#3053),.PCURVE_S1.);
#3044 = B_SPLINE_CURVE_WITH_KNOTS('',1,(#3045,#3046),.UNSPECIFIED.,.F.,
  .F.,(2,2),(0.,1.),.PIECEWISE_BEZIER_KNOTS.);
#3045 = CARTESIAN_POINT('',(26.5,74.,-12.88705882352));
#3046 = CARTESIAN_POINT('',(33.5,74.,-12.88705882352));
#3047 = PCURVE('',#737,#3048);
#3048 = DEFINITIONAL_REPRESENTATION('',(#3049),#3052);
#3049 = B_SPLINE_CURVE_WITH_KNOTS('',1,(#3050,#3051),.UNSPECIFIED.,.F.,
  .F.,(2,2),(0.,1.),.PIECEWISE_BEZIER_KNOTS.);
#3050 = CARTESIAN_POINT('',(3.112941176471,0.));
#3051 = CARTESIAN_POINT('',(3.112941176471,7.));
#3052 = ( GEOMETRIC_REPRESENTATION_CONTEXT(2) 
PARAMETRIC_REPRESENTATION_CONTEXT() REPRESENTATION_CONTEXT('2D SPACE',''
  ) );
#3053 = PCURVE('',#1215,#3054);
#3054 = DEFINITIONAL_REPRESENTATION('',(#3055),#3058);
#3055 = B_SPLINE_CURVE_WITH_KNOTS('',1,(#3056,#3057),.UNSPECIFIED.,.F.,
  .F.,(2,2),(0.,1.),.PIECEWISE_BEZIER_KNOTS.);
#3056 = CARTESIAN_POINT('',(-90.50607287449,0.576470588235));
#3057 = CARTESIAN_POINT('',(-98.6963562753,0.576470588235));
#3058 = ( GEOMETRIC_REPRESENTATION_CONTEXT(2) 
PARAMETRIC_REPRESENTATION_CONTEXT() REPRESENTATION_CONTEXT('2D SPACE',''
  ) );
#3059 = ORIENTED_EDGE('',*,*,#2896,.T.);
#3060 = ORIENTED_EDGE('',*,*,#725,.T.);
#3061 = ADVANCED_FACE('',(#3062),#710,.F.);
#3062 = FACE_BOUND('',#3063,.F.);
#3063 = EDGE_LOOP('',(#3064,#3065,#3092,#3093));
#3064 = ORIENTED_EDGE('',*,*,#3019,.F.);
#3065 = ORIENTED_EDGE('',*,*,#3066,.F.);
#3066 = EDGE_CURVE('',#2975,#3020,#3067,.T.);
#3067 = SURFACE_CURVE('',#3068,(#3074,#3083),.PCURVE_S1.);
#3068 = B_SPLINE_CURVE_WITH_KNOTS('',4,(#3069,#3070,#3071,#3072,#3073),
  .UNSPECIFIED.,.F.,.F.,(5,5),(0.,1.),.PIECEWISE_BEZIER_KNOTS.);
#3069 = CARTESIAN_POINT('',(33.5,78.281553398058,-16.));
#3070 = CARTESIAN_POINT('',(33.5,77.209827276304,-15.22079206677));
#3071 = CARTESIAN_POINT('',(33.5,76.138953194108,-14.44220361642));
#3072 = CARTESIAN_POINT('',(33.5,75.068988464208,-13.66427631868));
#3073 = CARTESIAN_POINT('',(33.5,74.,-12.88705882352));
#3074 = PCURVE('',#710,#3075);
#3075 = DEFINITIONAL_REPRESENTATION('',(#3076),#3082);
#3076 = B_SPLINE_CURVE_WITH_KNOTS('',4,(#3077,#3078,#3079,#3080,#3081),
  .UNSPECIFIED.,.F.,.F.,(5,5),(0.,1.),.PIECEWISE_BEZIER_KNOTS.);
#3077 = CARTESIAN_POINT('',(0.,-4.281553398058));
#3078 = CARTESIAN_POINT('',(0.779207933228,-3.209827276304));
#3079 = CARTESIAN_POINT('',(1.557796383578,-2.138953194108));
#3080 = CARTESIAN_POINT('',(2.335723681317,-1.068988464208));
#3081 = CARTESIAN_POINT('',(3.112941176471,0.));
#3082 = ( GEOMETRIC_REPRESENTATION_CONTEXT(2) 
PARAMETRIC_REPRESENTATION_CONTEXT() REPRESENTATION_CONTEXT('2D SPACE',''
  ) );
#3083 = PCURVE('',#1215,#3084);
#3084 = DEFINITIONAL_REPRESENTATION('',(#3085),#3091);
#3085 = B_SPLINE_CURVE_WITH_KNOTS('',4,(#3086,#3087,#3088,#3089,#3090),
  .UNSPECIFIED.,.F.,.F.,(5,5),(0.,1.),.PIECEWISE_BEZIER_KNOTS.);
#3086 = CARTESIAN_POINT('',(-97.5652173913,0.47572815534));
#3087 = CARTESIAN_POINT('',(-97.8401846609,0.500945240558));
#3088 = CARTESIAN_POINT('',(-98.12023002232,0.526142277786));
#3089 = CARTESIAN_POINT('',(-98.40554920048,0.551317918489));
#3090 = CARTESIAN_POINT('',(-98.6963562753,0.576470588235));
#3091 = ( GEOMETRIC_REPRESENTATION_CONTEXT(2) 
PARAMETRIC_REPRESENTATION_CONTEXT() REPRESENTATION_CONTEXT('2D SPACE',''
  ) );
#3092 = ORIENTED_EDGE('',*,*,#2994,.T.);
#3093 = ORIENTED_EDGE('',*,*,#688,.T.);
#3094 = ADVANCED_FACE('',(#3095),#774,.T.);
#3095 = FACE_BOUND('',#3096,.T.);
#3096 = EDGE_LOOP('',(#3097,#3120,#3149,#3170));
#3097 = ORIENTED_EDGE('',*,*,#3098,.F.);
#3098 = EDGE_CURVE('',#3099,#753,#3101,.T.);
#3099 = VERTEX_POINT('',#3100);
#3100 = CARTESIAN_POINT('',(-33.5,74.,-12.88705882352));
#3101 = SURFACE_CURVE('',#3102,(#3106,#3113),.PCURVE_S1.);
#3102 = LINE('',#3103,#3104);
#3103 = CARTESIAN_POINT('',(-33.5,74.,-16.));
#3104 = VECTOR('',#3105,1.);
#3105 = DIRECTION('',(0.,0.,1.));
#3106 = PCURVE('',#774,#3107);
#3107 = DEFINITIONAL_REPRESENTATION('',(#3108),#3112);
#3108 = LINE('',#3109,#3110);
#3109 = CARTESIAN_POINT('',(0.,0.));
#3110 = VECTOR('',#3111,1.);
#3111 = DIRECTION('',(1.,0.));
#3112 = ( GEOMETRIC_REPRESENTATION_CONTEXT(2) 
PARAMETRIC_REPRESENTATION_CONTEXT() REPRESENTATION_CONTEXT('2D SPACE',''
  ) );
#3113 = PCURVE('',#863,#3114);
#3114 = DEFINITIONAL_REPRESENTATION('',(#3115),#3119);
#3115 = LINE('',#3116,#3117);
#3116 = CARTESIAN_POINT('',(0.,0.));
#3117 = VECTOR('',#3118,1.);
#3118 = DIRECTION('',(1.,0.));
#3119 = ( GEOMETRIC_REPRESENTATION_CONTEXT(2) 
PARAMETRIC_REPRESENTATION_CONTEXT() REPRESENTATION_CONTEXT('2D SPACE',''
  ) );
#3120 = ORIENTED_EDGE('',*,*,#3121,.F.);
#3121 = EDGE_CURVE('',#3122,#3099,#3124,.T.);
#3122 = VERTEX_POINT('',#3123);
#3123 = CARTESIAN_POINT('',(-33.5,78.281553398058,-16.));
#3124 = SURFACE_CURVE('',#3125,(#3131,#3140),.PCURVE_S1.);
#3125 = B_SPLINE_CURVE_WITH_KNOTS('',4,(#3126,#3127,#3128,#3129,#3130),
  .UNSPECIFIED.,.F.,.F.,(5,5),(0.,1.),.PIECEWISE_BEZIER_KNOTS.);
#3126 = CARTESIAN_POINT('',(-33.5,78.281553398058,-16.));
#3127 = CARTESIAN_POINT('',(-33.5,77.209827276304,-15.22079206677));
#3128 = CARTESIAN_POINT('',(-33.5,76.138953194108,-14.44220361642));
#3129 = CARTESIAN_POINT('',(-33.5,75.068988464208,-13.66427631868));
#3130 = CARTESIAN_POINT('',(-33.5,74.,-12.88705882352));
#3131 = PCURVE('',#774,#3132);
#3132 = DEFINITIONAL_REPRESENTATION('',(#3133),#3139);
#3133 = B_SPLINE_CURVE_WITH_KNOTS('',4,(#3134,#3135,#3136,#3137,#3138),
  .UNSPECIFIED.,.F.,.F.,(5,5),(0.,1.),.PIECEWISE_BEZIER_KNOTS.);
#3134 = CARTESIAN_POINT('',(0.,-4.281553398058));
#3135 = CARTESIAN_POINT('',(0.779207933228,-3.209827276304));
#3136 = CARTESIAN_POINT('',(1.557796383578,-2.138953194108));
#3137 = CARTESIAN_POINT('',(2.335723681317,-1.068988464208));
#3138 = CARTESIAN_POINT('',(3.112941176471,0.));
#3139 = ( GEOMETRIC_REPRESENTATION_CONTEXT(2) 
PARAMETRIC_REPRESENTATION_CONTEXT() REPRESENTATION_CONTEXT('2D SPACE',''
  ) );
#3140 = PCURVE('',#1215,#3141);
#3141 = DEFINITIONAL_REPRESENTATION('',(#3142),#3148);
#3142 = B_SPLINE_CURVE_WITH_KNOTS('',4,(#3143,#3144,#3145,#3146,#3147),
  .UNSPECIFIED.,.F.,.F.,(5,5),(0.,1.),.PIECEWISE_BEZIER_KNOTS.);
#3143 = CARTESIAN_POINT('',(-21.43478260869,0.47572815534));
#3144 = CARTESIAN_POINT('',(-21.15981533909,0.500945240558));
#3145 = CARTESIAN_POINT('',(-20.87976997767,0.526142277786));
#3146 = CARTESIAN_POINT('',(-20.59445079951,0.551317918489));
#3147 = CARTESIAN_POINT('',(-20.30364372469,0.576470588235));
#3148 = ( GEOMETRIC_REPRESENTATION_CONTEXT(2) 
PARAMETRIC_REPRESENTATION_CONTEXT() REPRESENTATION_CONTEXT('2D SPACE',''
  ) );
#3149 = ORIENTED_EDGE('',*,*,#3150,.T.);
#3150 = EDGE_CURVE('',#3122,#751,#3151,.T.);
#3151 = SURFACE_CURVE('',#3152,(#3156,#3163),.PCURVE_S1.);
#3152 = LINE('',#3153,#3154);
#3153 = CARTESIAN_POINT('',(-33.5,74.,-16.));
#3154 = VECTOR('',#3155,1.);
#3155 = DIRECTION('',(0.,1.,0.));
#3156 = PCURVE('',#774,#3157);
#3157 = DEFINITIONAL_REPRESENTATION('',(#3158),#3162);
#3158 = LINE('',#3159,#3160);
#3159 = CARTESIAN_POINT('',(0.,0.));
#3160 = VECTOR('',#3161,1.);
#3161 = DIRECTION('',(0.,-1.));
#3162 = ( GEOMETRIC_REPRESENTATION_CONTEXT(2) 
PARAMETRIC_REPRESENTATION_CONTEXT() REPRESENTATION_CONTEXT('2D SPACE',''
  ) );
#3163 = PCURVE('',#803,#3164);
#3164 = DEFINITIONAL_REPRESENTATION('',(#3165),#3169);
#3165 = LINE('',#3166,#3167);
#3166 = CARTESIAN_POINT('',(0.,0.));
#3167 = VECTOR('',#3168,1.);
#3168 = DIRECTION('',(0.,1.));
#3169 = ( GEOMETRIC_REPRESENTATION_CONTEXT(2) 
PARAMETRIC_REPRESENTATION_CONTEXT() REPRESENTATION_CONTEXT('2D SPACE',''
  ) );
#3170 = ORIENTED_EDGE('',*,*,#750,.T.);
#3171 = ADVANCED_FACE('',(#3172),#803,.T.);
#3172 = FACE_BOUND('',#3173,.T.);
#3173 = EDGE_LOOP('',(#3174,#3175,#3195,#3216));
#3174 = ORIENTED_EDGE('',*,*,#3150,.F.);
#3175 = ORIENTED_EDGE('',*,*,#3176,.T.);
#3176 = EDGE_CURVE('',#3122,#3177,#3179,.T.);
#3177 = VERTEX_POINT('',#3178);
#3178 = CARTESIAN_POINT('',(-26.5,78.281553398058,-16.));
#3179 = SURFACE_CURVE('',#3180,(#3183,#3189),.PCURVE_S1.);
#3180 = B_SPLINE_CURVE_WITH_KNOTS('',1,(#3181,#3182),.UNSPECIFIED.,.F.,
  .F.,(2,2),(0.,1.),.PIECEWISE_BEZIER_KNOTS.);
#3181 = CARTESIAN_POINT('',(-33.5,78.281553398058,-16.));
#3182 = CARTESIAN_POINT('',(-26.5,78.281553398058,-16.));
#3183 = PCURVE('',#803,#3184);
#3184 = DEFINITIONAL_REPRESENTATION('',(#3185),#3188);
#3185 = B_SPLINE_CURVE_WITH_KNOTS('',1,(#3186,#3187),.UNSPECIFIED.,.F.,
  .F.,(2,2),(0.,1.),.PIECEWISE_BEZIER_KNOTS.);
#3186 = CARTESIAN_POINT('',(0.,4.281553398058));
#3187 = CARTESIAN_POINT('',(7.,4.281553398058));
#3188 = ( GEOMETRIC_REPRESENTATION_CONTEXT(2) 
PARAMETRIC_REPRESENTATION_CONTEXT() REPRESENTATION_CONTEXT('2D SPACE',''
  ) );
#3189 = PCURVE('',#1215,#3190);
#3190 = DEFINITIONAL_REPRESENTATION('',(#3191),#3194);
#3191 = B_SPLINE_CURVE_WITH_KNOTS('',1,(#3192,#3193),.UNSPECIFIED.,.F.,
  .F.,(2,2),(0.,1.),.PIECEWISE_BEZIER_KNOTS.);
#3192 = CARTESIAN_POINT('',(-21.43478260869,0.47572815534));
#3193 = CARTESIAN_POINT('',(-29.38870863075,0.47572815534));
#3194 = ( GEOMETRIC_REPRESENTATION_CONTEXT(2) 
PARAMETRIC_REPRESENTATION_CONTEXT() REPRESENTATION_CONTEXT('2D SPACE',''
  ) );
#3195 = ORIENTED_EDGE('',*,*,#3196,.T.);
#3196 = EDGE_CURVE('',#3177,#790,#3197,.T.);
#3197 = SURFACE_CURVE('',#3198,(#3202,#3209),.PCURVE_S1.);
#3198 = LINE('',#3199,#3200);
#3199 = CARTESIAN_POINT('',(-26.5,74.,-16.));
#3200 = VECTOR('',#3201,1.);
#3201 = DIRECTION('',(0.,1.,0.));
#3202 = PCURVE('',#803,#3203);
#3203 = DEFINITIONAL_REPRESENTATION('',(#3204),#3208);
#3204 = LINE('',#3205,#3206);
#3205 = CARTESIAN_POINT('',(7.,0.));
#3206 = VECTOR('',#3207,1.);
#3207 = DIRECTION('',(0.,1.));
#3208 = ( GEOMETRIC_REPRESENTATION_CONTEXT(2) 
PARAMETRIC_REPRESENTATION_CONTEXT() REPRESENTATION_CONTEXT('2D SPACE',''
  ) );
#3209 = PCURVE('',#836,#3210);
#3210 = DEFINITIONAL_REPRESENTATION('',(#3211),#3215);
#3211 = LINE('',#3212,#3213);
#3212 = CARTESIAN_POINT('',(0.,0.));
#3213 = VECTOR('',#3214,1.);
#3214 = DIRECTION('',(0.,-1.));
#3215 = ( GEOMETRIC_REPRESENTATION_CONTEXT(2) 
PARAMETRIC_REPRESENTATION_CONTEXT() REPRESENTATION_CONTEXT('2D SPACE',''
  ) );
#3216 = ORIENTED_EDGE('',*,*,#789,.F.);
#3217 = ADVANCED_FACE('',(#3218),#863,.T.);
#3218 = FACE_BOUND('',#3219,.T.);
#3219 = EDGE_LOOP('',(#3220,#3243,#3261,#3262));
#3220 = ORIENTED_EDGE('',*,*,#3221,.F.);
#3221 = EDGE_CURVE('',#3222,#815,#3224,.T.);
#3222 = VERTEX_POINT('',#3223);
#3223 = CARTESIAN_POINT('',(-26.5,74.,-12.88705882352));
#3224 = SURFACE_CURVE('',#3225,(#3229,#3236),.PCURVE_S1.);
#3225 = LINE('',#3226,#3227);
#3226 = CARTESIAN_POINT('',(-26.5,74.,-16.));
#3227 = VECTOR('',#3228,1.);
#3228 = DIRECTION('',(0.,0.,1.));
#3229 = PCURVE('',#863,#3230);
#3230 = DEFINITIONAL_REPRESENTATION('',(#3231),#3235);
#3231 = LINE('',#3232,#3233);
#3232 = CARTESIAN_POINT('',(0.,7.));
#3233 = VECTOR('',#3234,1.);
#3234 = DIRECTION('',(1.,0.));
#3235 = ( GEOMETRIC_REPRESENTATION_CONTEXT(2) 
PARAMETRIC_REPRESENTATION_CONTEXT() REPRESENTATION_CONTEXT('2D SPACE',''
  ) );
#3236 = PCURVE('',#836,#3237);
#3237 = DEFINITIONAL_REPRESENTATION('',(#3238),#3242);
#3238 = LINE('',#3239,#3240);
#3239 = CARTESIAN_POINT('',(0.,0.));
#3240 = VECTOR('',#3241,1.);
#3241 = DIRECTION('',(1.,0.));
#3242 = ( GEOMETRIC_REPRESENTATION_CONTEXT(2) 
PARAMETRIC_REPRESENTATION_CONTEXT() REPRESENTATION_CONTEXT('2D SPACE',''
  ) );
#3243 = ORIENTED_EDGE('',*,*,#3244,.F.);
#3244 = EDGE_CURVE('',#3099,#3222,#3245,.T.);
#3245 = SURFACE_CURVE('',#3246,(#3249,#3255),.PCURVE_S1.);
#3246 = B_SPLINE_CURVE_WITH_KNOTS('',1,(#3247,#3248),.UNSPECIFIED.,.F.,
  .F.,(2,2),(0.,1.),.PIECEWISE_BEZIER_KNOTS.);
#3247 = CARTESIAN_POINT('',(-33.5,74.,-12.88705882352));
#3248 = CARTESIAN_POINT('',(-26.5,74.,-12.88705882352));
#3249 = PCURVE('',#863,#3250);
#3250 = DEFINITIONAL_REPRESENTATION('',(#3251),#3254);
#3251 = B_SPLINE_CURVE_WITH_KNOTS('',1,(#3252,#3253),.UNSPECIFIED.,.F.,
  .F.,(2,2),(0.,1.),.PIECEWISE_BEZIER_KNOTS.);
#3252 = CARTESIAN_POINT('',(3.112941176471,0.));
#3253 = CARTESIAN_POINT('',(3.112941176471,7.));
#3254 = ( GEOMETRIC_REPRESENTATION_CONTEXT(2) 
PARAMETRIC_REPRESENTATION_CONTEXT() REPRESENTATION_CONTEXT('2D SPACE',''
  ) );
#3255 = PCURVE('',#1215,#3256);
#3256 = DEFINITIONAL_REPRESENTATION('',(#3257),#3260);
#3257 = B_SPLINE_CURVE_WITH_KNOTS('',1,(#3258,#3259),.UNSPECIFIED.,.F.,
  .F.,(2,2),(0.,1.),.PIECEWISE_BEZIER_KNOTS.);
#3258 = CARTESIAN_POINT('',(-20.30364372469,0.576470588235));
#3259 = CARTESIAN_POINT('',(-28.4939271255,0.576470588235));
#3260 = ( GEOMETRIC_REPRESENTATION_CONTEXT(2) 
PARAMETRIC_REPRESENTATION_CONTEXT() REPRESENTATION_CONTEXT('2D SPACE',''
  ) );
#3261 = ORIENTED_EDGE('',*,*,#3098,.T.);
#3262 = ORIENTED_EDGE('',*,*,#851,.T.);
#3263 = ADVANCED_FACE('',(#3264),#836,.F.);
#3264 = FACE_BOUND('',#3265,.F.);
#3265 = EDGE_LOOP('',(#3266,#3267,#3294,#3295));
#3266 = ORIENTED_EDGE('',*,*,#3221,.F.);
#3267 = ORIENTED_EDGE('',*,*,#3268,.F.);
#3268 = EDGE_CURVE('',#3177,#3222,#3269,.T.);
#3269 = SURFACE_CURVE('',#3270,(#3276,#3285),.PCURVE_S1.);
#3270 = B_SPLINE_CURVE_WITH_KNOTS('',4,(#3271,#3272,#3273,#3274,#3275),
  .UNSPECIFIED.,.F.,.F.,(5,5),(0.,1.),.PIECEWISE_BEZIER_KNOTS.);
#3271 = CARTESIAN_POINT('',(-26.5,78.281553398058,-16.));
#3272 = CARTESIAN_POINT('',(-26.5,77.210314541347,-15.22114633712));
#3273 = CARTESIAN_POINT('',(-26.5,76.139616725663,-14.44268604289));
#3274 = CARTESIAN_POINT('',(-26.5,75.069497248931,-13.6646462351));
#3275 = CARTESIAN_POINT('',(-26.5,74.,-12.88705882352));
#3276 = PCURVE('',#836,#3277);
#3277 = DEFINITIONAL_REPRESENTATION('',(#3278),#3284);
#3278 = B_SPLINE_CURVE_WITH_KNOTS('',4,(#3279,#3280,#3281,#3282,#3283),
  .UNSPECIFIED.,.F.,.F.,(5,5),(0.,1.),.PIECEWISE_BEZIER_KNOTS.);
#3279 = CARTESIAN_POINT('',(0.,-4.281553398058));
#3280 = CARTESIAN_POINT('',(0.778853662879,-3.210314541347));
#3281 = CARTESIAN_POINT('',(1.557313957106,-2.139616725663));
#3282 = CARTESIAN_POINT('',(2.335353764895,-1.069497248931));
#3283 = CARTESIAN_POINT('',(3.112941176471,0.));
#3284 = ( GEOMETRIC_REPRESENTATION_CONTEXT(2) 
PARAMETRIC_REPRESENTATION_CONTEXT() REPRESENTATION_CONTEXT('2D SPACE',''
  ) );
#3285 = PCURVE('',#1215,#3286);
#3286 = DEFINITIONAL_REPRESENTATION('',(#3287),#3293);
#3287 = B_SPLINE_CURVE_WITH_KNOTS('',4,(#3288,#3289,#3290,#3291,#3292),
  .UNSPECIFIED.,.F.,.F.,(5,5),(0.,1.),.PIECEWISE_BEZIER_KNOTS.);
#3288 = CARTESIAN_POINT('',(-29.38870863075,0.47572815534));
#3289 = CARTESIAN_POINT('',(-29.17129610107,0.500933775498));
#3290 = CARTESIAN_POINT('',(-28.94980725406,0.526126665279));
#3291 = CARTESIAN_POINT('',(-28.72407803104,0.551305947084));
#3292 = CARTESIAN_POINT('',(-28.4939271255,0.576470588235));
#3293 = ( GEOMETRIC_REPRESENTATION_CONTEXT(2) 
PARAMETRIC_REPRESENTATION_CONTEXT() REPRESENTATION_CONTEXT('2D SPACE',''
  ) );
#3294 = ORIENTED_EDGE('',*,*,#3196,.T.);
#3295 = ORIENTED_EDGE('',*,*,#814,.T.);
#3296 = ADVANCED_FACE('',(#3297,#3322),#1064,.T.);
#3297 = FACE_BOUND('',#3298,.T.);
#3298 = EDGE_LOOP('',(#3299,#3300,#3301,#3302));
#3299 = ORIENTED_EDGE('',*,*,#1048,.T.);
#3300 = ORIENTED_EDGE('',*,*,#1625,.T.);
#3301 = ORIENTED_EDGE('',*,*,#1791,.F.);
#3302 = ORIENTED_EDGE('',*,*,#3303,.F.);
#3303 = EDGE_CURVE('',#1004,#1768,#3304,.T.);
#3304 = SURFACE_CURVE('',#3305,(#3308,#3315),.PCURVE_S1.);
#3305 = B_SPLINE_CURVE_WITH_KNOTS('',1,(#3306,#3307),.UNSPECIFIED.,.F.,
  .F.,(2,2),(0.,1.),.PIECEWISE_BEZIER_KNOTS.);
#3306 = CARTESIAN_POINT('',(92.5,-69.5,-30.5));
#3307 = CARTESIAN_POINT('',(60.,-45.,0.));
#3308 = PCURVE('',#1064,#3309);
#3309 = DEFINITIONAL_REPRESENTATION('',(#3310),#3314);
#3310 = LINE('',#3311,#3312);
#3311 = CARTESIAN_POINT('',(0.,0.));
#3312 = VECTOR('',#3313,1.);
#3313 = DIRECTION('',(0.,1.));
#3314 = ( GEOMETRIC_REPRESENTATION_CONTEXT(2) 
PARAMETRIC_REPRESENTATION_CONTEXT() REPRESENTATION_CONTEXT('2D SPACE',''
  ) );
#3315 = PCURVE('',#1020,#3316);
#3316 = DEFINITIONAL_REPRESENTATION('',(#3317),#3321);
#3317 = LINE('',#3318,#3319);
#3318 = CARTESIAN_POINT('',(6.28318530718,0.));
#3319 = VECTOR('',#3320,1.);
#3320 = DIRECTION('',(0.,1.));
#3321 = ( GEOMETRIC_REPRESENTATION_CONTEXT(2) 
PARAMETRIC_REPRESENTATION_CONTEXT() REPRESENTATION_CONTEXT('2D SPACE',''
  ) );
#3322 = FACE_BOUND('',#3323,.T.);
#3323 = EDGE_LOOP('',(#3324,#3351,#3476,#3496));
#3324 = ORIENTED_EDGE('',*,*,#3325,.T.);
#3325 = EDGE_CURVE('',#3326,#3328,#3330,.T.);
#3326 = VERTEX_POINT('',#3327);
#3327 = CARTESIAN_POINT('',(80.77868852459,5.,-19.5));
#3328 = VERTEX_POINT('',#3329);
#3329 = CARTESIAN_POINT('',(80.77868852459,-5.,-19.5));
#3330 = SURFACE_CURVE('',#3331,(#3334,#3340),.PCURVE_S1.);
#3331 = B_SPLINE_CURVE_WITH_KNOTS('',1,(#3332,#3333),.UNSPECIFIED.,.F.,
  .F.,(2,2),(0.,1.),.PIECEWISE_BEZIER_KNOTS.);
#3332 = CARTESIAN_POINT('',(80.77868852459,5.,-19.5));
#3333 = CARTESIAN_POINT('',(80.77868852459,-5.,-19.5));
#3334 = PCURVE('',#1064,#3335);
#3335 = DEFINITIONAL_REPRESENTATION('',(#3336),#3339);
#3336 = B_SPLINE_CURVE_WITH_KNOTS('',1,(#3337,#3338),.UNSPECIFIED.,.F.,
  .F.,(2,2),(0.,1.),.PIECEWISE_BEZIER_KNOTS.);
#3337 = CARTESIAN_POINT('',(75.228279962167,0.360655737705));
#3338 = CARTESIAN_POINT('',(63.771720037833,0.360655737705));
#3339 = ( GEOMETRIC_REPRESENTATION_CONTEXT(2) 
PARAMETRIC_REPRESENTATION_CONTEXT() REPRESENTATION_CONTEXT('2D SPACE',''
  ) );
#3340 = PCURVE('',#3341,#3346);
#3341 = B_SPLINE_SURFACE_WITH_KNOTS('',1,1,(
    (#3342,#3343)
    ,(#3344,#3345
    )),.UNSPECIFIED.,.F.,.F.,.F.,(2,2),(2,2),(0.,139.),(0.,1.),
  .PIECEWISE_BEZIER_KNOTS.);
#3342 = CARTESIAN_POINT('',(92.5,-69.5,-30.5));
#3343 = CARTESIAN_POINT('',(60.,-45.,0.));
#3344 = CARTESIAN_POINT('',(92.5,69.5,-30.5));
#3345 = CARTESIAN_POINT('',(60.,45.,0.));
#3346 = DEFINITIONAL_REPRESENTATION('',(#3347),#3350);
#3347 = B_SPLINE_CURVE_WITH_KNOTS('',1,(#3348,#3349),.UNSPECIFIED.,.F.,
  .F.,(2,2),(0.,1.),.PIECEWISE_BEZIER_KNOTS.);
#3348 = CARTESIAN_POINT('',(75.228279962167,0.360655737705));
#3349 = CARTESIAN_POINT('',(63.771720037833,0.360655737705));
#3350 = ( GEOMETRIC_REPRESENTATION_CONTEXT(2) 
PARAMETRIC_REPRESENTATION_CONTEXT() REPRESENTATION_CONTEXT('2D SPACE',''
  ) );
#3351 = ORIENTED_EDGE('',*,*,#3352,.T.);
#3352 = EDGE_CURVE('',#3328,#3353,#3355,.T.);
#3353 = VERTEX_POINT('',#3354);
#3354 = CARTESIAN_POINT('',(77.581967213115,-5.,-16.5));
#3355 = SURFACE_CURVE('',#3356,(#3394,#3435),.PCURVE_S1.);
#3356 = B_SPLINE_CURVE_WITH_KNOTS('',8,(#3357,#3358,#3359,#3360,#3361,
    #3362,#3363,#3364,#3365,#3366,#3367,#3368,#3369,#3370,#3371,#3372,
    #3373,#3374,#3375,#3376,#3377,#3378,#3379,#3380,#3381,#3382,#3383,
    #3384,#3385,#3386,#3387,#3388,#3389,#3390,#3391,#3392,#3393),
  .UNSPECIFIED.,.F.,.F.,(9,7,7,7,7,9),(0.,0.131493072711,0.557753466864,
    0.770898869787,0.877474231398,1.),.UNSPECIFIED.);
#3357 = CARTESIAN_POINT('',(80.77868852459,-5.,-19.5));
#3358 = CARTESIAN_POINT('',(80.764897068623,-5.,-19.48705724901));
#3359 = CARTESIAN_POINT('',(80.717388012877,-5.,-19.44247182746));
#3360 = CARTESIAN_POINT('',(80.658593979411,-5.,-19.38729588837));
#3361 = CARTESIAN_POINT('',(80.602030869276,-5.,-19.33421358501));
#3362 = CARTESIAN_POINT('',(80.553343883716,-5.,-19.28852272164));
#3363 = CARTESIAN_POINT('',(80.511308824376,-5.,-19.24907443518));
#3364 = CARTESIAN_POINT('',(80.468792487543,-5.,-19.20917448831));
#3365 = CARTESIAN_POINT('',(80.234971125179,-5.,-18.98974213286));
#3366 = CARTESIAN_POINT('',(80.056276769685,-5.,-18.82204435308));
#3367 = CARTESIAN_POINT('',(79.877584942807,-5.,-18.65434894632));
#3368 = CARTESIAN_POINT('',(79.698895682219,-5.,-18.48665594792));
#3369 = CARTESIAN_POINT('',(79.52020902643,-5.,-18.31896539403));
#3370 = CARTESIAN_POINT('',(79.341525014781,-5.,-18.15127732156));
#3371 = CARTESIAN_POINT('',(79.162843687452,-5.,-17.98359176822));
#3372 = CARTESIAN_POINT('',(78.894819410514,-5.,-17.73206129294));
#3373 = CARTESIAN_POINT('',(78.805474417013,-5.,-17.64821445288));
#3374 = CARTESIAN_POINT('',(78.716130110085,-5.,-17.56436825715));
#3375 = CARTESIAN_POINT('',(78.62678649492,-5.,-17.48052271061));
#3376 = CARTESIAN_POINT('',(78.537443576765,-5.,-17.39667781819));
#3377 = CARTESIAN_POINT('',(78.448101360926,-5.,-17.31283358486));
#3378 = CARTESIAN_POINT('',(78.358759852763,-5.,-17.22899001567));
#3379 = CARTESIAN_POINT('',(78.22474754515,-5.,-17.10322461929));
#3380 = CARTESIAN_POINT('',(78.180076048983,-5.,-17.06130213827));
#3381 = CARTESIAN_POINT('',(78.13540456921,-5.,-17.01937967264));
#3382 = CARTESIAN_POINT('',(78.090733105849,-5.,-16.97745722241));
#3383 = CARTESIAN_POINT('',(78.046061658917,-5.,-16.93553478759));
#3384 = CARTESIAN_POINT('',(78.001390228429,-5.,-16.89361236821));
#3385 = CARTESIAN_POINT('',(77.956718814403,-5.,-16.85168996428));
#3386 = CARTESIAN_POINT('',(77.860690356121,-5.,-16.76157094959));
#3387 = CARTESIAN_POINT('',(77.822393104113,-5.,-16.72563045155));
#3388 = CARTESIAN_POINT('',(77.784870529528,-5.,-16.69041695848));
#3389 = CARTESIAN_POINT('',(77.740471018793,-5.,-16.64874972532));
#3390 = CARTESIAN_POINT('',(77.687525940917,-5.,-16.59906280609));
#3391 = CARTESIAN_POINT('',(77.631811709413,-5.,-16.54677714267));
#3392 = CARTESIAN_POINT('',(77.588124441289,-5.,-16.50577832182));
#3393 = CARTESIAN_POINT('',(77.581967213115,-5.,-16.5));
#3394 = PCURVE('',#1064,#3395);
#3395 = DEFINITIONAL_REPRESENTATION('',(#3396),#3434);
#3396 = B_SPLINE_CURVE_WITH_KNOTS('',8,(#3397,#3398,#3399,#3400,#3401,
    #3402,#3403,#3404,#3405,#3406,#3407,#3408,#3409,#3410,#3411,#3412,
    #3413,#3414,#3415,#3416,#3417,#3418,#3419,#3420,#3421,#3422,#3423,
    #3424,#3425,#3426,#3427,#3428,#3429,#3430,#3431,#3432,#3433),
  .UNSPECIFIED.,.F.,.F.,(9,7,7,7,7,9),(0.,0.131493072711,0.557753466864,
    0.770898869787,0.877474231398,1.),.UNSPECIFIED.);
#3397 = CARTESIAN_POINT('',(63.771719869898,0.360655737705));
#3398 = CARTESIAN_POINT('',(63.770738152438,0.361080090196));
#3399 = CARTESIAN_POINT('',(63.76735739152,0.362541907296));
#3400 = CARTESIAN_POINT('',(63.763164329505,0.36435095448));
#3401 = CARTESIAN_POINT('',(63.759124622227,0.366091357868));
#3402 = CARTESIAN_POINT('',(63.755636769011,0.367589418963));
#3403 = CARTESIAN_POINT('',(63.75262634535,0.368882805404));
#3404 = CARTESIAN_POINT('',(63.749578148371,0.370191000383));
#3405 = CARTESIAN_POINT('',(63.732782010858,0.377385503841));
#3406 = CARTESIAN_POINT('',(63.719880372982,0.382883791702));
#3407 = CARTESIAN_POINT('',(63.706912886445,0.38838200176));
#3408 = CARTESIAN_POINT('',(63.693878964961,0.393880132855));
#3409 = CARTESIAN_POINT('',(63.680778013741,0.399378183802));
#3410 = CARTESIAN_POINT('',(63.667609429493,0.404876153391));
#3411 = CARTESIAN_POINT('',(63.654372600425,0.410374040386));
#3412 = CARTESIAN_POINT('',(63.634413584498,0.418620941215));
#3413 = CARTESIAN_POINT('',(63.627743043967,0.421370017938));
#3414 = CARTESIAN_POINT('',(63.621055207059,0.424119073536));
#3415 = CARTESIAN_POINT('',(63.614349995618,0.426868107849));
#3416 = CARTESIAN_POINT('',(63.607627330919,0.429617120715));
#3417 = CARTESIAN_POINT('',(63.600887133671,0.432366111972));
#3418 = CARTESIAN_POINT('',(63.594129324015,0.435115081453));
#3419 = CARTESIAN_POINT('',(63.583965985714,0.439238537072));
#3420 = CARTESIAN_POINT('',(63.580573714196,0.440613044647));
#3421 = CARTESIAN_POINT('',(63.577176996805,0.441987551717));
#3422 = CARTESIAN_POINT('',(63.573775823343,0.443362058282));
#3423 = CARTESIAN_POINT('',(63.570370183573,0.444736564341));
#3424 = CARTESIAN_POINT('',(63.566960067218,0.446111069894));
#3425 = CARTESIAN_POINT('',(63.563545463968,0.447485574941));
#3426 = CARTESIAN_POINT('',(63.556195549539,0.450440296735));
#3427 = CARTESIAN_POINT('',(63.553258180473,0.45161867372));
#3428 = CARTESIAN_POINT('',(63.550379735326,0.452773214476));
#3429 = CARTESIAN_POINT('',(63.546970815309,0.454139353268));
#3430 = CARTESIAN_POINT('',(63.542898203435,0.455768432587));
#3431 = CARTESIAN_POINT('',(63.538603542,0.457482716633));
#3432 = CARTESIAN_POINT('',(63.535229627884,0.458826940268));
#3433 = CARTESIAN_POINT('',(63.534754325688,0.459016393443));
#3434 = ( GEOMETRIC_REPRESENTATION_CONTEXT(2) 
PARAMETRIC_REPRESENTATION_CONTEXT() REPRESENTATION_CONTEXT('2D SPACE',''
  ) );
#3435 = PCURVE('',#3341,#3436);
#3436 = DEFINITIONAL_REPRESENTATION('',(#3437),#3475);
#3437 = B_SPLINE_CURVE_WITH_KNOTS('',8,(#3438,#3439,#3440,#3441,#3442,
    #3443,#3444,#3445,#3446,#3447,#3448,#3449,#3450,#3451,#3452,#3453,
    #3454,#3455,#3456,#3457,#3458,#3459,#3460,#3461,#3462,#3463,#3464,
    #3465,#3466,#3467,#3468,#3469,#3470,#3471,#3472,#3473,#3474),
  .UNSPECIFIED.,.F.,.F.,(9,7,7,7,7,9),(0.,0.131493072711,0.557753466864,
    0.770898869787,0.877474231398,1.),.UNSPECIFIED.);
#3438 = CARTESIAN_POINT('',(63.771719869898,0.360655737705));
#3439 = CARTESIAN_POINT('',(63.770738152438,0.361080090196));
#3440 = CARTESIAN_POINT('',(63.76735739152,0.362541907296));
#3441 = CARTESIAN_POINT('',(63.763164329505,0.36435095448));
#3442 = CARTESIAN_POINT('',(63.759124622227,0.366091357868));
#3443 = CARTESIAN_POINT('',(63.755636769011,0.367589418963));
#3444 = CARTESIAN_POINT('',(63.75262634535,0.368882805404));
#3445 = CARTESIAN_POINT('',(63.749578148371,0.370191000383));
#3446 = CARTESIAN_POINT('',(63.732782010858,0.377385503841));
#3447 = CARTESIAN_POINT('',(63.719880372982,0.382883791702));
#3448 = CARTESIAN_POINT('',(63.706912886445,0.38838200176));
#3449 = CARTESIAN_POINT('',(63.693878964961,0.393880132855));
#3450 = CARTESIAN_POINT('',(63.680778013741,0.399378183802));
#3451 = CARTESIAN_POINT('',(63.667609429493,0.404876153391));
#3452 = CARTESIAN_POINT('',(63.654372600425,0.410374040386));
#3453 = CARTESIAN_POINT('',(63.634413584498,0.418620941215));
#3454 = CARTESIAN_POINT('',(63.627743043967,0.421370017938));
#3455 = CARTESIAN_POINT('',(63.621055207059,0.424119073536));
#3456 = CARTESIAN_POINT('',(63.614349995618,0.426868107849));
#3457 = CARTESIAN_POINT('',(63.607627330919,0.429617120715));
#3458 = CARTESIAN_POINT('',(63.600887133671,0.432366111972));
#3459 = CARTESIAN_POINT('',(63.594129324015,0.435115081453));
#3460 = CARTESIAN_POINT('',(63.583965985714,0.439238537072));
#3461 = CARTESIAN_POINT('',(63.580573714196,0.440613044647));
#3462 = CARTESIAN_POINT('',(63.577176996805,0.441987551717));
#3463 = CARTESIAN_POINT('',(63.573775823343,0.443362058282));
#3464 = CARTESIAN_POINT('',(63.570370183573,0.444736564341));
#3465 = CARTESIAN_POINT('',(63.566960067218,0.446111069894));
#3466 = CARTESIAN_POINT('',(63.563545463968,0.447485574941));
#3467 = CARTESIAN_POINT('',(63.556195549539,0.450440296735));
#3468 = CARTESIAN_POINT('',(63.553258180473,0.45161867372));
#3469 = CARTESIAN_POINT('',(63.550379735326,0.452773214476));
#3470 = CARTESIAN_POINT('',(63.546970815309,0.454139353268));
#3471 = CARTESIAN_POINT('',(63.542898203435,0.455768432587));
#3472 = CARTESIAN_POINT('',(63.538603542,0.457482716633));
#3473 = CARTESIAN_POINT('',(63.535229627884,0.458826940268));
#3474 = CARTESIAN_POINT('',(63.534754325688,0.459016393443));
#3475 = ( GEOMETRIC_REPRESENTATION_CONTEXT(2) 
PARAMETRIC_REPRESENTATION_CONTEXT() REPRESENTATION_CONTEXT('2D SPACE',''
  ) );
#3476 = ORIENTED_EDGE('',*,*,#3477,.F.);
#3477 = EDGE_CURVE('',#3478,#3353,#3480,.T.);
#3478 = VERTEX_POINT('',#3479);
#3479 = CARTESIAN_POINT('',(77.581967213115,5.,-16.5));
#3480 = SURFACE_CURVE('',#3481,(#3484,#3490),.PCURVE_S1.);
#3481 = B_SPLINE_CURVE_WITH_KNOTS('',1,(#3482,#3483),.UNSPECIFIED.,.F.,
  .F.,(2,2),(0.,1.),.PIECEWISE_BEZIER_KNOTS.);
#3482 = CARTESIAN_POINT('',(77.581967213115,5.,-16.5));
#3483 = CARTESIAN_POINT('',(77.581967213115,-5.,-16.5));
#3484 = PCURVE('',#1064,#3485);
#3485 = DEFINITIONAL_REPRESENTATION('',(#3486),#3489);
#3486 = B_SPLINE_CURVE_WITH_KNOTS('',1,(#3487,#3488),.UNSPECIFIED.,.F.,
  .F.,(2,2),(0.,1.),.PIECEWISE_BEZIER_KNOTS.);
#3487 = CARTESIAN_POINT('',(75.465245532574,0.459016393443));
#3488 = CARTESIAN_POINT('',(63.534754467426,0.459016393443));
#3489 = ( GEOMETRIC_REPRESENTATION_CONTEXT(2) 
PARAMETRIC_REPRESENTATION_CONTEXT() REPRESENTATION_CONTEXT('2D SPACE',''
  ) );
#3490 = PCURVE('',#3341,#3491);
#3491 = DEFINITIONAL_REPRESENTATION('',(#3492),#3495);
#3492 = B_SPLINE_CURVE_WITH_KNOTS('',1,(#3493,#3494),.UNSPECIFIED.,.F.,
  .F.,(2,2),(0.,1.),.PIECEWISE_BEZIER_KNOTS.);
#3493 = CARTESIAN_POINT('',(75.465245532574,0.459016393443));
#3494 = CARTESIAN_POINT('',(63.534754467426,0.459016393443));
#3495 = ( GEOMETRIC_REPRESENTATION_CONTEXT(2) 
PARAMETRIC_REPRESENTATION_CONTEXT() REPRESENTATION_CONTEXT('2D SPACE',''
  ) );
#3496 = ORIENTED_EDGE('',*,*,#3497,.F.);
#3497 = EDGE_CURVE('',#3326,#3478,#3498,.T.);
#3498 = SURFACE_CURVE('',#3499,(#3537,#3578),.PCURVE_S1.);
#3499 = B_SPLINE_CURVE_WITH_KNOTS('',8,(#3500,#3501,#3502,#3503,#3504,
    #3505,#3506,#3507,#3508,#3509,#3510,#3511,#3512,#3513,#3514,#3515,
    #3516,#3517,#3518,#3519,#3520,#3521,#3522,#3523,#3524,#3525,#3526,
    #3527,#3528,#3529,#3530,#3531,#3532,#3533,#3534,#3535,#3536),
  .UNSPECIFIED.,.F.,.F.,(9,7,7,7,7,9),(0.,0.131493072709,0.557753466863,
    0.770898869786,0.877474231397,1.),.UNSPECIFIED.);
#3500 = CARTESIAN_POINT('',(80.77868852459,5.,-19.5));
#3501 = CARTESIAN_POINT('',(80.764897068621,5.,-19.48705724901));
#3502 = CARTESIAN_POINT('',(80.717388012875,5.,-19.44247182746));
#3503 = CARTESIAN_POINT('',(80.658593979409,5.,-19.38729588836));
#3504 = CARTESIAN_POINT('',(80.602030869275,5.,-19.33421358501));
#3505 = CARTESIAN_POINT('',(80.553343883715,5.,-19.28852272164));
#3506 = CARTESIAN_POINT('',(80.511308824374,5.,-19.24907443518));
#3507 = CARTESIAN_POINT('',(80.468792487541,5.,-19.2091744883));
#3508 = CARTESIAN_POINT('',(80.234971125177,5.,-18.98974213285));
#3509 = CARTESIAN_POINT('',(80.056276769683,5.,-18.82204435308));
#3510 = CARTESIAN_POINT('',(79.877584942806,5.,-18.65434894632));
#3511 = CARTESIAN_POINT('',(79.698895682218,5.,-18.48665594792));
#3512 = CARTESIAN_POINT('',(79.520209026428,5.,-18.31896539403));
#3513 = CARTESIAN_POINT('',(79.341525014779,5.,-18.15127732156));
#3514 = CARTESIAN_POINT('',(79.16284368745,5.,-17.98359176822));
#3515 = CARTESIAN_POINT('',(78.894819410512,5.,-17.73206129294));
#3516 = CARTESIAN_POINT('',(78.805474417011,5.,-17.64821445288));
#3517 = CARTESIAN_POINT('',(78.716130110083,5.,-17.56436825715));
#3518 = CARTESIAN_POINT('',(78.626786494918,5.,-17.48052271061));
#3519 = CARTESIAN_POINT('',(78.537443576764,5.,-17.39667781819));
#3520 = CARTESIAN_POINT('',(78.448101360924,5.,-17.31283358486));
#3521 = CARTESIAN_POINT('',(78.358759852761,5.,-17.22899001566));
#3522 = CARTESIAN_POINT('',(78.224747545149,5.,-17.10322461929));
#3523 = CARTESIAN_POINT('',(78.180076048981,5.,-17.06130213827));
#3524 = CARTESIAN_POINT('',(78.135404569209,5.,-17.01937967264));
#3525 = CARTESIAN_POINT('',(78.090733105848,5.,-16.97745722241));
#3526 = CARTESIAN_POINT('',(78.046061658915,5.,-16.93553478759));
#3527 = CARTESIAN_POINT('',(78.001390228428,5.,-16.89361236821));
#3528 = CARTESIAN_POINT('',(77.956718814402,5.,-16.85168996428));
#3529 = CARTESIAN_POINT('',(77.860690356119,5.,-16.76157094958));
#3530 = CARTESIAN_POINT('',(77.822393104112,5.,-16.72563045155));
#3531 = CARTESIAN_POINT('',(77.784870529528,5.,-16.69041695848));
#3532 = CARTESIAN_POINT('',(77.740471018793,5.,-16.64874972532));
#3533 = CARTESIAN_POINT('',(77.687525940916,5.,-16.59906280609));
#3534 = CARTESIAN_POINT('',(77.631811709411,5.,-16.54677714267));
#3535 = CARTESIAN_POINT('',(77.588124441287,5.,-16.50577832182));
#3536 = CARTESIAN_POINT('',(77.581967213115,5.,-16.5));
#3537 = PCURVE('',#1064,#3538);
#3538 = DEFINITIONAL_REPRESENTATION('',(#3539),#3577);
#3539 = B_SPLINE_CURVE_WITH_KNOTS('',8,(#3540,#3541,#3542,#3543,#3544,
    #3545,#3546,#3547,#3548,#3549,#3550,#3551,#3552,#3553,#3554,#3555,
    #3556,#3557,#3558,#3559,#3560,#3561,#3562,#3563,#3564,#3565,#3566,
    #3567,#3568,#3569,#3570,#3571,#3572,#3573,#3574,#3575,#3576),
  .UNSPECIFIED.,.F.,.F.,(9,7,7,7,7,9),(0.,0.131493072709,0.557753466863,
    0.770898869786,0.877474231397,1.),.UNSPECIFIED.);
#3540 = CARTESIAN_POINT('',(75.228280130102,0.360655737705));
#3541 = CARTESIAN_POINT('',(75.229261847562,0.361080090196));
#3542 = CARTESIAN_POINT('',(75.23264260848,0.362541907296));
#3543 = CARTESIAN_POINT('',(75.236835670495,0.36435095448));
#3544 = CARTESIAN_POINT('',(75.240875377773,0.366091357868));
#3545 = CARTESIAN_POINT('',(75.244363230989,0.367589418963));
#3546 = CARTESIAN_POINT('',(75.24737365465,0.368882805404));
#3547 = CARTESIAN_POINT('',(75.250421851629,0.370191000383));
#3548 = CARTESIAN_POINT('',(75.267217989142,0.377385503841));
#3549 = CARTESIAN_POINT('',(75.280119627018,0.382883791702));
#3550 = CARTESIAN_POINT('',(75.293087113555,0.38838200176));
#3551 = CARTESIAN_POINT('',(75.306121035039,0.393880132855));
#3552 = CARTESIAN_POINT('',(75.319221986259,0.399378183802));
#3553 = CARTESIAN_POINT('',(75.332390570507,0.404876153391));
#3554 = CARTESIAN_POINT('',(75.345627399575,0.410374040386));
#3555 = CARTESIAN_POINT('',(75.365586415502,0.418620941215));
#3556 = CARTESIAN_POINT('',(75.372256956033,0.421370017938));
#3557 = CARTESIAN_POINT('',(75.378944792941,0.424119073536));
#3558 = CARTESIAN_POINT('',(75.385650004383,0.426868107849));
#3559 = CARTESIAN_POINT('',(75.392372669081,0.429617120715));
#3560 = CARTESIAN_POINT('',(75.399112866329,0.432366111972));
#3561 = CARTESIAN_POINT('',(75.405870675985,0.435115081453));
#3562 = CARTESIAN_POINT('',(75.416034014286,0.439238537072));
#3563 = CARTESIAN_POINT('',(75.419426285804,0.440613044647));
#3564 = CARTESIAN_POINT('',(75.422823003195,0.441987551717));
#3565 = CARTESIAN_POINT('',(75.426224176657,0.443362058282));
#3566 = CARTESIAN_POINT('',(75.429629816427,0.444736564341));
#3567 = CARTESIAN_POINT('',(75.433039932782,0.446111069895));
#3568 = CARTESIAN_POINT('',(75.436454536032,0.447485574941));
#3569 = CARTESIAN_POINT('',(75.443804450461,0.450440296735));
#3570 = CARTESIAN_POINT('',(75.446741819527,0.45161867372));
#3571 = CARTESIAN_POINT('',(75.449620264674,0.452773214476));
#3572 = CARTESIAN_POINT('',(75.453029184691,0.454139353268));
#3573 = CARTESIAN_POINT('',(75.457101796565,0.455768432587));
#3574 = CARTESIAN_POINT('',(75.461396458,0.457482716634));
#3575 = CARTESIAN_POINT('',(75.464770372116,0.458826940268));
#3576 = CARTESIAN_POINT('',(75.465245674312,0.459016393443));
#3577 = ( GEOMETRIC_REPRESENTATION_CONTEXT(2) 
PARAMETRIC_REPRESENTATION_CONTEXT() REPRESENTATION_CONTEXT('2D SPACE',''
  ) );
#3578 = PCURVE('',#3341,#3579);
#3579 = DEFINITIONAL_REPRESENTATION('',(#3580),#3618);
#3580 = B_SPLINE_CURVE_WITH_KNOTS('',8,(#3581,#3582,#3583,#3584,#3585,
    #3586,#3587,#3588,#3589,#3590,#3591,#3592,#3593,#3594,#3595,#3596,
    #3597,#3598,#3599,#3600,#3601,#3602,#3603,#3604,#3605,#3606,#3607,
    #3608,#3609,#3610,#3611,#3612,#3613,#3614,#3615,#3616,#3617),
  .UNSPECIFIED.,.F.,.F.,(9,7,7,7,7,9),(0.,0.131493072709,0.557753466863,
    0.770898869786,0.877474231397,1.),.UNSPECIFIED.);
#3581 = CARTESIAN_POINT('',(75.228280130102,0.360655737705));
#3582 = CARTESIAN_POINT('',(75.229261847562,0.361080090196));
#3583 = CARTESIAN_POINT('',(75.23264260848,0.362541907296));
#3584 = CARTESIAN_POINT('',(75.236835670495,0.36435095448));
#3585 = CARTESIAN_POINT('',(75.240875377773,0.366091357868));
#3586 = CARTESIAN_POINT('',(75.244363230989,0.367589418963));
#3587 = CARTESIAN_POINT('',(75.24737365465,0.368882805404));
#3588 = CARTESIAN_POINT('',(75.250421851629,0.370191000383));
#3589 = CARTESIAN_POINT('',(75.267217989142,0.377385503841));
#3590 = CARTESIAN_POINT('',(75.280119627018,0.382883791702));
#3591 = CARTESIAN_POINT('',(75.293087113555,0.38838200176));
#3592 = CARTESIAN_POINT('',(75.306121035039,0.393880132855));
#3593 = CARTESIAN_POINT('',(75.319221986259,0.399378183802));
#3594 = CARTESIAN_POINT('',(75.332390570507,0.404876153391));
#3595 = CARTESIAN_POINT('',(75.345627399575,0.410374040386));
#3596 = CARTESIAN_POINT('',(75.365586415502,0.418620941215));
#3597 = CARTESIAN_POINT('',(75.372256956033,0.421370017938));
#3598 = CARTESIAN_POINT('',(75.378944792941,0.424119073536));
#3599 = CARTESIAN_POINT('',(75.385650004383,0.426868107849));
#3600 = CARTESIAN_POINT('',(75.392372669081,0.429617120715));
#3601 = CARTESIAN_POINT('',(75.399112866329,0.432366111972));
#3602 = CARTESIAN_POINT('',(75.405870675985,0.435115081453));
#3603 = CARTESIAN_POINT('',(75.416034014286,0.439238537072));
#3604 = CARTESIAN_POINT('',(75.419426285804,0.440613044647));
#3605 = CARTESIAN_POINT('',(75.422823003195,0.441987551717));
#3606 = CARTESIAN_POINT('',(75.426224176657,0.443362058282));
#3607 = CARTESIAN_POINT('',(75.429629816427,0.444736564341));
#3608 = CARTESIAN_POINT('',(75.433039932782,0.446111069895));
#3609 = CARTESIAN_POINT('',(75.436454536032,0.447485574941));
#3610 = CARTESIAN_POINT('',(75.443804450461,0.450440296735));
#3611 = CARTESIAN_POINT('',(75.446741819527,0.45161867372));
#3612 = CARTESIAN_POINT('',(75.449620264674,0.452773214476));
#3613 = CARTESIAN_POINT('',(75.453029184691,0.454139353268));
#3614 = CARTESIAN_POINT('',(75.457101796565,0.455768432587));
#3615 = CARTESIAN_POINT('',(75.461396458,0.457482716634));
#3616 = CARTESIAN_POINT('',(75.464770372116,0.458826940268));
#3617 = CARTESIAN_POINT('',(75.465245674312,0.459016393443));
#3618 = ( GEOMETRIC_REPRESENTATION_CONTEXT(2) 
PARAMETRIC_REPRESENTATION_CONTEXT() REPRESENTATION_CONTEXT('2D SPACE',''
  ) );
#3619 = ADVANCED_FACE('',(#3620,#3645),#918,.T.);
#3620 = FACE_BOUND('',#3621,.T.);
#3621 = EDGE_LOOP('',(#3622,#3623,#3643,#3644));
#3622 = ORIENTED_EDGE('',*,*,#902,.F.);
#3623 = ORIENTED_EDGE('',*,*,#3624,.T.);
#3624 = EDGE_CURVE('',#903,#1700,#3625,.T.);
#3625 = SURFACE_CURVE('',#3626,(#3629,#3636),.PCURVE_S1.);
#3626 = B_SPLINE_CURVE_WITH_KNOTS('',1,(#3627,#3628),.UNSPECIFIED.,.F.,
  .F.,(2,2),(0.,1.),.PIECEWISE_BEZIER_KNOTS.);
#3627 = CARTESIAN_POINT('',(-92.5,-69.5,-30.5));
#3628 = CARTESIAN_POINT('',(-60.,-45.,0.));
#3629 = PCURVE('',#918,#3630);
#3630 = DEFINITIONAL_REPRESENTATION('',(#3631),#3635);
#3631 = LINE('',#3632,#3633);
#3632 = CARTESIAN_POINT('',(0.,0.));
#3633 = VECTOR('',#3634,1.);
#3634 = DIRECTION('',(0.,1.));
#3635 = ( GEOMETRIC_REPRESENTATION_CONTEXT(2) 
PARAMETRIC_REPRESENTATION_CONTEXT() REPRESENTATION_CONTEXT('2D SPACE',''
  ) );
#3636 = PCURVE('',#947,#3637);
#3637 = DEFINITIONAL_REPRESENTATION('',(#3638),#3642);
#3638 = LINE('',#3639,#3640);
#3639 = CARTESIAN_POINT('',(3.14159265359,0.));
#3640 = VECTOR('',#3641,1.);
#3641 = DIRECTION('',(0.,1.));
#3642 = ( GEOMETRIC_REPRESENTATION_CONTEXT(2) 
PARAMETRIC_REPRESENTATION_CONTEXT() REPRESENTATION_CONTEXT('2D SPACE',''
  ) );
#3643 = ORIENTED_EDGE('',*,*,#1699,.T.);
#3644 = ORIENTED_EDGE('',*,*,#1649,.F.);
#3645 = FACE_BOUND('',#3646,.T.);
#3646 = EDGE_LOOP('',(#3647,#3779,#3799,#3924));
#3647 = ORIENTED_EDGE('',*,*,#3648,.F.);
#3648 = EDGE_CURVE('',#3649,#3651,#3653,.T.);
#3649 = VERTEX_POINT('',#3650);
#3650 = CARTESIAN_POINT('',(-80.77868852459,-5.,-19.5));
#3651 = VERTEX_POINT('',#3652);
#3652 = CARTESIAN_POINT('',(-77.58196721311,-5.,-16.5));
#3653 = SURFACE_CURVE('',#3654,(#3692,#3733),.PCURVE_S1.);
#3654 = B_SPLINE_CURVE_WITH_KNOTS('',8,(#3655,#3656,#3657,#3658,#3659,
    #3660,#3661,#3662,#3663,#3664,#3665,#3666,#3667,#3668,#3669,#3670,
    #3671,#3672,#3673,#3674,#3675,#3676,#3677,#3678,#3679,#3680,#3681,
    #3682,#3683,#3684,#3685,#3686,#3687,#3688,#3689,#3690,#3691),
  .UNSPECIFIED.,.F.,.F.,(9,7,7,7,7,9),(0.,0.131493072711,0.557753466863,
    0.770898869786,0.877474231397,1.),.UNSPECIFIED.);
#3655 = CARTESIAN_POINT('',(-80.77868852459,-5.,-19.5));
#3656 = CARTESIAN_POINT('',(-80.76489706862,-5.,-19.48705724901));
#3657 = CARTESIAN_POINT('',(-80.71738801287,-5.,-19.44247182746));
#3658 = CARTESIAN_POINT('',(-80.65859397941,-5.,-19.38729588837));
#3659 = CARTESIAN_POINT('',(-80.60203086927,-5.,-19.33421358501));
#3660 = CARTESIAN_POINT('',(-80.55334388371,-5.,-19.28852272164));
#3661 = CARTESIAN_POINT('',(-80.51130882437,-5.,-19.24907443518));
#3662 = CARTESIAN_POINT('',(-80.46879248754,-5.,-19.20917448831));
#3663 = CARTESIAN_POINT('',(-80.23497112517,-5.,-18.98974213286));
#3664 = CARTESIAN_POINT('',(-80.05627676968,-5.,-18.82204435308));
#3665 = CARTESIAN_POINT('',(-79.8775849428,-5.,-18.65434894632));
#3666 = CARTESIAN_POINT('',(-79.69889568222,-5.,-18.48665594792));
#3667 = CARTESIAN_POINT('',(-79.52020902643,-5.,-18.31896539403));
#3668 = CARTESIAN_POINT('',(-79.34152501478,-5.,-18.15127732156));
#3669 = CARTESIAN_POINT('',(-79.16284368745,-5.,-17.98359176822));
#3670 = CARTESIAN_POINT('',(-78.89481941051,-5.,-17.73206129294));
#3671 = CARTESIAN_POINT('',(-78.80547441701,-5.,-17.64821445289));
#3672 = CARTESIAN_POINT('',(-78.71613011008,-5.,-17.56436825715));
#3673 = CARTESIAN_POINT('',(-78.62678649492,-5.,-17.48052271061));
#3674 = CARTESIAN_POINT('',(-78.53744357676,-5.,-17.39667781819));
#3675 = CARTESIAN_POINT('',(-78.44810136092,-5.,-17.31283358486));
#3676 = CARTESIAN_POINT('',(-78.35875985276,-5.,-17.22899001567));
#3677 = CARTESIAN_POINT('',(-78.22474754515,-5.,-17.10322461929));
#3678 = CARTESIAN_POINT('',(-78.18007604898,-5.,-17.06130213827));
#3679 = CARTESIAN_POINT('',(-78.13540456921,-5.,-17.01937967264));
#3680 = CARTESIAN_POINT('',(-78.09073310585,-5.,-16.97745722241));
#3681 = CARTESIAN_POINT('',(-78.04606165891,-5.,-16.93553478759));
#3682 = CARTESIAN_POINT('',(-78.00139022843,-5.,-16.89361236821));
#3683 = CARTESIAN_POINT('',(-77.9567188144,-5.,-16.85168996428));
#3684 = CARTESIAN_POINT('',(-77.86069035612,-5.,-16.76157094959));
#3685 = CARTESIAN_POINT('',(-77.82239310411,-5.,-16.72563045155));
#3686 = CARTESIAN_POINT('',(-77.78487052952,-5.,-16.69041695848));
#3687 = CARTESIAN_POINT('',(-77.74047101879,-5.,-16.64874972532));
#3688 = CARTESIAN_POINT('',(-77.68752594091,-5.,-16.59906280609));
#3689 = CARTESIAN_POINT('',(-77.63181170941,-5.,-16.54677714268));
#3690 = CARTESIAN_POINT('',(-77.58812444129,-5.,-16.50577832182));
#3691 = CARTESIAN_POINT('',(-77.58196721311,-5.,-16.5));
#3692 = PCURVE('',#918,#3693);
#3693 = DEFINITIONAL_REPRESENTATION('',(#3694),#3732);
#3694 = B_SPLINE_CURVE_WITH_KNOTS('',8,(#3695,#3696,#3697,#3698,#3699,
    #3700,#3701,#3702,#3703,#3704,#3705,#3706,#3707,#3708,#3709,#3710,
    #3711,#3712,#3713,#3714,#3715,#3716,#3717,#3718,#3719,#3720,#3721,
    #3722,#3723,#3724,#3725,#3726,#3727,#3728,#3729,#3730,#3731),
  .UNSPECIFIED.,.F.,.F.,(9,7,7,7,7,9),(0.,0.131493072711,0.557753466863,
    0.770898869786,0.877474231397,1.),.UNSPECIFIED.);
#3695 = CARTESIAN_POINT('',(-63.77171986989,0.360655737705));
#3696 = CARTESIAN_POINT('',(-63.77073815243,0.361080090196));
#3697 = CARTESIAN_POINT('',(-63.76735739152,0.362541907296));
#3698 = CARTESIAN_POINT('',(-63.7631643295,0.36435095448));
#3699 = CARTESIAN_POINT('',(-63.75912462222,0.366091357868));
#3700 = CARTESIAN_POINT('',(-63.75563676901,0.367589418963));
#3701 = CARTESIAN_POINT('',(-63.75262634535,0.368882805404));
#3702 = CARTESIAN_POINT('',(-63.74957814837,0.370191000383));
#3703 = CARTESIAN_POINT('',(-63.73278201085,0.377385503841));
#3704 = CARTESIAN_POINT('',(-63.71988037298,0.382883791702));
#3705 = CARTESIAN_POINT('',(-63.70691288644,0.38838200176));
#3706 = CARTESIAN_POINT('',(-63.69387896496,0.393880132855));
#3707 = CARTESIAN_POINT('',(-63.68077801374,0.399378183802));
#3708 = CARTESIAN_POINT('',(-63.66760942949,0.404876153391));
#3709 = CARTESIAN_POINT('',(-63.65437260042,0.410374040386));
#3710 = CARTESIAN_POINT('',(-63.63441358449,0.418620941215));
#3711 = CARTESIAN_POINT('',(-63.62774304396,0.421370017938));
#3712 = CARTESIAN_POINT('',(-63.62105520705,0.424119073536));
#3713 = CARTESIAN_POINT('',(-63.61434999561,0.426868107849));
#3714 = CARTESIAN_POINT('',(-63.60762733091,0.429617120715));
#3715 = CARTESIAN_POINT('',(-63.60088713367,0.432366111972));
#3716 = CARTESIAN_POINT('',(-63.59412932401,0.435115081453));
#3717 = CARTESIAN_POINT('',(-63.58396598571,0.439238537072));
#3718 = CARTESIAN_POINT('',(-63.58057371419,0.440613044647));
#3719 = CARTESIAN_POINT('',(-63.5771769968,0.441987551717));
#3720 = CARTESIAN_POINT('',(-63.57377582334,0.443362058282));
#3721 = CARTESIAN_POINT('',(-63.57037018357,0.444736564341));
#3722 = CARTESIAN_POINT('',(-63.56696006721,0.446111069894));
#3723 = CARTESIAN_POINT('',(-63.56354546396,0.447485574941));
#3724 = CARTESIAN_POINT('',(-63.55619554953,0.450440296735));
#3725 = CARTESIAN_POINT('',(-63.55325818047,0.45161867372));
#3726 = CARTESIAN_POINT('',(-63.55037973532,0.452773214476));
#3727 = CARTESIAN_POINT('',(-63.5469708153,0.454139353268));
#3728 = CARTESIAN_POINT('',(-63.54289820343,0.455768432587));
#3729 = CARTESIAN_POINT('',(-63.538603542,0.457482716633));
#3730 = CARTESIAN_POINT('',(-63.53522962788,0.458826940268));
#3731 = CARTESIAN_POINT('',(-63.53475432568,0.459016393443));
#3732 = ( GEOMETRIC_REPRESENTATION_CONTEXT(2) 
PARAMETRIC_REPRESENTATION_CONTEXT() REPRESENTATION_CONTEXT('2D SPACE',''
  ) );
#3733 = PCURVE('',#3734,#3739);
#3734 = B_SPLINE_SURFACE_WITH_KNOTS('',1,1,(
    (#3735,#3736)
    ,(#3737,#3738
    )),.UNSPECIFIED.,.F.,.F.,.F.,(2,2),(2,2),(-139.,0.),(0.,1.),
  .PIECEWISE_BEZIER_KNOTS.);
#3735 = CARTESIAN_POINT('',(-92.5,69.5,-30.5));
#3736 = CARTESIAN_POINT('',(-60.,45.,0.));
#3737 = CARTESIAN_POINT('',(-92.5,-69.5,-30.5));
#3738 = CARTESIAN_POINT('',(-60.,-45.,0.));
#3739 = DEFINITIONAL_REPRESENTATION('',(#3740),#3778);
#3740 = B_SPLINE_CURVE_WITH_KNOTS('',8,(#3741,#3742,#3743,#3744,#3745,
    #3746,#3747,#3748,#3749,#3750,#3751,#3752,#3753,#3754,#3755,#3756,
    #3757,#3758,#3759,#3760,#3761,#3762,#3763,#3764,#3765,#3766,#3767,
    #3768,#3769,#3770,#3771,#3772,#3773,#3774,#3775,#3776,#3777),
  .UNSPECIFIED.,.F.,.F.,(9,7,7,7,7,9),(0.,0.131493072711,0.557753466863,
    0.770898869786,0.877474231397,1.),.UNSPECIFIED.);
#3741 = CARTESIAN_POINT('',(-63.77171986989,0.360655737705));
#3742 = CARTESIAN_POINT('',(-63.77073815243,0.361080090196));
#3743 = CARTESIAN_POINT('',(-63.76735739152,0.362541907296));
#3744 = CARTESIAN_POINT('',(-63.7631643295,0.36435095448));
#3745 = CARTESIAN_POINT('',(-63.75912462222,0.366091357868));
#3746 = CARTESIAN_POINT('',(-63.75563676901,0.367589418963));
#3747 = CARTESIAN_POINT('',(-63.75262634535,0.368882805404));
#3748 = CARTESIAN_POINT('',(-63.74957814837,0.370191000383));
#3749 = CARTESIAN_POINT('',(-63.73278201085,0.377385503841));
#3750 = CARTESIAN_POINT('',(-63.71988037298,0.382883791702));
#3751 = CARTESIAN_POINT('',(-63.70691288644,0.38838200176));
#3752 = CARTESIAN_POINT('',(-63.69387896496,0.393880132855));
#3753 = CARTESIAN_POINT('',(-63.68077801374,0.399378183802));
#3754 = CARTESIAN_POINT('',(-63.66760942949,0.404876153391));
#3755 = CARTESIAN_POINT('',(-63.65437260042,0.410374040386));
#3756 = CARTESIAN_POINT('',(-63.63441358449,0.418620941215));
#3757 = CARTESIAN_POINT('',(-63.62774304396,0.421370017938));
#3758 = CARTESIAN_POINT('',(-63.62105520705,0.424119073536));
#3759 = CARTESIAN_POINT('',(-63.61434999561,0.426868107849));
#3760 = CARTESIAN_POINT('',(-63.60762733091,0.429617120715));
#3761 = CARTESIAN_POINT('',(-63.60088713367,0.432366111972));
#3762 = CARTESIAN_POINT('',(-63.59412932401,0.435115081453));
#3763 = CARTESIAN_POINT('',(-63.58396598571,0.439238537072));
#3764 = CARTESIAN_POINT('',(-63.58057371419,0.440613044647));
#3765 = CARTESIAN_POINT('',(-63.5771769968,0.441987551717));
#3766 = CARTESIAN_POINT('',(-63.57377582334,0.443362058282));
#3767 = CARTESIAN_POINT('',(-63.57037018357,0.444736564341));
#3768 = CARTESIAN_POINT('',(-63.56696006721,0.446111069894));
#3769 = CARTESIAN_POINT('',(-63.56354546396,0.447485574941));
#3770 = CARTESIAN_POINT('',(-63.55619554953,0.450440296735));
#3771 = CARTESIAN_POINT('',(-63.55325818047,0.45161867372));
#3772 = CARTESIAN_POINT('',(-63.55037973532,0.452773214476));
#3773 = CARTESIAN_POINT('',(-63.5469708153,0.454139353268));
#3774 = CARTESIAN_POINT('',(-63.54289820343,0.455768432587));
#3775 = CARTESIAN_POINT('',(-63.538603542,0.457482716633));
#3776 = CARTESIAN_POINT('',(-63.53522962788,0.458826940268));
#3777 = CARTESIAN_POINT('',(-63.53475432568,0.459016393443));
#3778 = ( GEOMETRIC_REPRESENTATION_CONTEXT(2) 
PARAMETRIC_REPRESENTATION_CONTEXT() REPRESENTATION_CONTEXT('2D SPACE',''
  ) );
#3779 = ORIENTED_EDGE('',*,*,#3780,.T.);
#3780 = EDGE_CURVE('',#3649,#3781,#3783,.T.);
#3781 = VERTEX_POINT('',#3782);
#3782 = CARTESIAN_POINT('',(-80.77868852459,5.,-19.5));
#3783 = SURFACE_CURVE('',#3784,(#3787,#3793),.PCURVE_S1.);
#3784 = B_SPLINE_CURVE_WITH_KNOTS('',1,(#3785,#3786),.UNSPECIFIED.,.F.,
  .F.,(2,2),(0.,1.),.PIECEWISE_BEZIER_KNOTS.);
#3785 = CARTESIAN_POINT('',(-80.77868852459,-5.,-19.5));
#3786 = CARTESIAN_POINT('',(-80.77868852459,5.,-19.5));
#3787 = PCURVE('',#918,#3788);
#3788 = DEFINITIONAL_REPRESENTATION('',(#3789),#3792);
#3789 = B_SPLINE_CURVE_WITH_KNOTS('',1,(#3790,#3791),.UNSPECIFIED.,.F.,
  .F.,(2,2),(0.,1.),.PIECEWISE_BEZIER_KNOTS.);
#3790 = CARTESIAN_POINT('',(-63.77172003783,0.360655737705));
#3791 = CARTESIAN_POINT('',(-75.22827996216,0.360655737705));
#3792 = ( GEOMETRIC_REPRESENTATION_CONTEXT(2) 
PARAMETRIC_REPRESENTATION_CONTEXT() REPRESENTATION_CONTEXT('2D SPACE',''
  ) );
#3793 = PCURVE('',#3734,#3794);
#3794 = DEFINITIONAL_REPRESENTATION('',(#3795),#3798);
#3795 = B_SPLINE_CURVE_WITH_KNOTS('',1,(#3796,#3797),.UNSPECIFIED.,.F.,
  .F.,(2,2),(0.,1.),.PIECEWISE_BEZIER_KNOTS.);
#3796 = CARTESIAN_POINT('',(-63.77172003783,0.360655737705));
#3797 = CARTESIAN_POINT('',(-75.22827996216,0.360655737705));
#3798 = ( GEOMETRIC_REPRESENTATION_CONTEXT(2) 
PARAMETRIC_REPRESENTATION_CONTEXT() REPRESENTATION_CONTEXT('2D SPACE',''
  ) );
#3799 = ORIENTED_EDGE('',*,*,#3800,.T.);
#3800 = EDGE_CURVE('',#3781,#3801,#3803,.T.);
#3801 = VERTEX_POINT('',#3802);
#3802 = CARTESIAN_POINT('',(-77.58196721311,5.,-16.5));
#3803 = SURFACE_CURVE('',#3804,(#3842,#3883),.PCURVE_S1.);
#3804 = B_SPLINE_CURVE_WITH_KNOTS('',8,(#3805,#3806,#3807,#3808,#3809,
    #3810,#3811,#3812,#3813,#3814,#3815,#3816,#3817,#3818,#3819,#3820,
    #3821,#3822,#3823,#3824,#3825,#3826,#3827,#3828,#3829,#3830,#3831,
    #3832,#3833,#3834,#3835,#3836,#3837,#3838,#3839,#3840,#3841),
  .UNSPECIFIED.,.F.,.F.,(9,7,7,7,7,9),(0.,0.13149307271,0.557753466863,
    0.770898869785,0.877474231396,1.),.UNSPECIFIED.);
#3805 = CARTESIAN_POINT('',(-80.77868852459,5.,-19.5));
#3806 = CARTESIAN_POINT('',(-80.76489706862,5.,-19.48705724901));
#3807 = CARTESIAN_POINT('',(-80.71738801287,5.,-19.44247182746));
#3808 = CARTESIAN_POINT('',(-80.65859397941,5.,-19.38729588836));
#3809 = CARTESIAN_POINT('',(-80.60203086927,5.,-19.33421358501));
#3810 = CARTESIAN_POINT('',(-80.55334388371,5.,-19.28852272164));
#3811 = CARTESIAN_POINT('',(-80.51130882437,5.,-19.24907443518));
#3812 = CARTESIAN_POINT('',(-80.46879248754,5.,-19.2091744883));
#3813 = CARTESIAN_POINT('',(-80.23497112517,5.,-18.98974213285));
#3814 = CARTESIAN_POINT('',(-80.05627676968,5.,-18.82204435308));
#3815 = CARTESIAN_POINT('',(-79.8775849428,5.,-18.65434894632));
#3816 = CARTESIAN_POINT('',(-79.69889568221,5.,-18.48665594792));
#3817 = CARTESIAN_POINT('',(-79.52020902642,5.,-18.31896539403));
#3818 = CARTESIAN_POINT('',(-79.34152501477,5.,-18.15127732156));
#3819 = CARTESIAN_POINT('',(-79.16284368745,5.,-17.98359176822));
#3820 = CARTESIAN_POINT('',(-78.89481941051,5.,-17.73206129294));
#3821 = CARTESIAN_POINT('',(-78.80547441701,5.,-17.64821445288));
#3822 = CARTESIAN_POINT('',(-78.71613011008,5.,-17.56436825715));
#3823 = CARTESIAN_POINT('',(-78.62678649491,5.,-17.48052271061));
#3824 = CARTESIAN_POINT('',(-78.53744357676,5.,-17.39667781819));
#3825 = CARTESIAN_POINT('',(-78.44810136092,5.,-17.31283358486));
#3826 = CARTESIAN_POINT('',(-78.35875985276,5.,-17.22899001566));
#3827 = CARTESIAN_POINT('',(-78.22474754514,5.,-17.10322461929));
#3828 = CARTESIAN_POINT('',(-78.18007604898,5.,-17.06130213827));
#3829 = CARTESIAN_POINT('',(-78.1354045692,5.,-17.01937967264));
#3830 = CARTESIAN_POINT('',(-78.09073310584,5.,-16.97745722241));
#3831 = CARTESIAN_POINT('',(-78.04606165891,5.,-16.93553478759));
#3832 = CARTESIAN_POINT('',(-78.00139022842,5.,-16.89361236821));
#3833 = CARTESIAN_POINT('',(-77.9567188144,5.,-16.85168996428));
#3834 = CARTESIAN_POINT('',(-77.86069035611,5.,-16.76157094958));
#3835 = CARTESIAN_POINT('',(-77.82239310411,5.,-16.72563045155));
#3836 = CARTESIAN_POINT('',(-77.78487052952,5.,-16.69041695848));
#3837 = CARTESIAN_POINT('',(-77.74047101879,5.,-16.64874972532));
#3838 = CARTESIAN_POINT('',(-77.68752594091,5.,-16.59906280609));
#3839 = CARTESIAN_POINT('',(-77.63181170941,5.,-16.54677714267));
#3840 = CARTESIAN_POINT('',(-77.58812444128,5.,-16.50577832182));
#3841 = CARTESIAN_POINT('',(-77.58196721311,5.,-16.5));
#3842 = PCURVE('',#918,#3843);
#3843 = DEFINITIONAL_REPRESENTATION('',(#3844),#3882);
#3844 = B_SPLINE_CURVE_WITH_KNOTS('',8,(#3845,#3846,#3847,#3848,#3849,
    #3850,#3851,#3852,#3853,#3854,#3855,#3856,#3857,#3858,#3859,#3860,
    #3861,#3862,#3863,#3864,#3865,#3866,#3867,#3868,#3869,#3870,#3871,
    #3872,#3873,#3874,#3875,#3876,#3877,#3878,#3879,#3880,#3881),
  .UNSPECIFIED.,.F.,.F.,(9,7,7,7,7,9),(0.,0.13149307271,0.557753466863,
    0.770898869785,0.877474231396,1.),.UNSPECIFIED.);
#3845 = CARTESIAN_POINT('',(-75.2282801301,0.360655737705));
#3846 = CARTESIAN_POINT('',(-75.22926184756,0.361080090196));
#3847 = CARTESIAN_POINT('',(-75.23264260848,0.362541907296));
#3848 = CARTESIAN_POINT('',(-75.23683567049,0.36435095448));
#3849 = CARTESIAN_POINT('',(-75.24087537777,0.366091357868));
#3850 = CARTESIAN_POINT('',(-75.24436323098,0.367589418963));
#3851 = CARTESIAN_POINT('',(-75.24737365465,0.368882805404));
#3852 = CARTESIAN_POINT('',(-75.25042185162,0.370191000383));
#3853 = CARTESIAN_POINT('',(-75.26721798914,0.377385503841));
#3854 = CARTESIAN_POINT('',(-75.28011962701,0.382883791702));
#3855 = CARTESIAN_POINT('',(-75.29308711355,0.38838200176));
#3856 = CARTESIAN_POINT('',(-75.30612103503,0.393880132855));
#3857 = CARTESIAN_POINT('',(-75.31922198625,0.399378183802));
#3858 = CARTESIAN_POINT('',(-75.3323905705,0.404876153391));
#3859 = CARTESIAN_POINT('',(-75.34562739957,0.410374040386));
#3860 = CARTESIAN_POINT('',(-75.3655864155,0.418620941215));
#3861 = CARTESIAN_POINT('',(-75.37225695603,0.421370017938));
#3862 = CARTESIAN_POINT('',(-75.37894479294,0.424119073536));
#3863 = CARTESIAN_POINT('',(-75.38565000438,0.426868107849));
#3864 = CARTESIAN_POINT('',(-75.39237266908,0.429617120715));
#3865 = CARTESIAN_POINT('',(-75.39911286632,0.432366111972));
#3866 = CARTESIAN_POINT('',(-75.40587067598,0.435115081453));
#3867 = CARTESIAN_POINT('',(-75.41603401428,0.439238537072));
#3868 = CARTESIAN_POINT('',(-75.4194262858,0.440613044647));
#3869 = CARTESIAN_POINT('',(-75.42282300319,0.441987551717));
#3870 = CARTESIAN_POINT('',(-75.42622417665,0.443362058282));
#3871 = CARTESIAN_POINT('',(-75.42962981642,0.444736564341));
#3872 = CARTESIAN_POINT('',(-75.43303993278,0.446111069895));
#3873 = CARTESIAN_POINT('',(-75.43645453603,0.447485574941));
#3874 = CARTESIAN_POINT('',(-75.44380445046,0.450440296735));
#3875 = CARTESIAN_POINT('',(-75.44674181952,0.45161867372));
#3876 = CARTESIAN_POINT('',(-75.44962026467,0.452773214476));
#3877 = CARTESIAN_POINT('',(-75.45302918469,0.454139353268));
#3878 = CARTESIAN_POINT('',(-75.45710179656,0.455768432587));
#3879 = CARTESIAN_POINT('',(-75.461396458,0.457482716634));
#3880 = CARTESIAN_POINT('',(-75.46477037211,0.458826940268));
#3881 = CARTESIAN_POINT('',(-75.46524567431,0.459016393443));
#3882 = ( GEOMETRIC_REPRESENTATION_CONTEXT(2) 
PARAMETRIC_REPRESENTATION_CONTEXT() REPRESENTATION_CONTEXT('2D SPACE',''
  ) );
#3883 = PCURVE('',#3734,#3884);
#3884 = DEFINITIONAL_REPRESENTATION('',(#3885),#3923);
#3885 = B_SPLINE_CURVE_WITH_KNOTS('',8,(#3886,#3887,#3888,#3889,#3890,
    #3891,#3892,#3893,#3894,#3895,#3896,#3897,#3898,#3899,#3900,#3901,
    #3902,#3903,#3904,#3905,#3906,#3907,#3908,#3909,#3910,#3911,#3912,
    #3913,#3914,#3915,#3916,#3917,#3918,#3919,#3920,#3921,#3922),
  .UNSPECIFIED.,.F.,.F.,(9,7,7,7,7,9),(0.,0.13149307271,0.557753466863,
    0.770898869785,0.877474231396,1.),.UNSPECIFIED.);
#3886 = CARTESIAN_POINT('',(-75.2282801301,0.360655737705));
#3887 = CARTESIAN_POINT('',(-75.22926184756,0.361080090196));
#3888 = CARTESIAN_POINT('',(-75.23264260848,0.362541907296));
#3889 = CARTESIAN_POINT('',(-75.23683567049,0.36435095448));
#3890 = CARTESIAN_POINT('',(-75.24087537777,0.366091357868));
#3891 = CARTESIAN_POINT('',(-75.24436323098,0.367589418963));
#3892 = CARTESIAN_POINT('',(-75.24737365465,0.368882805404));
#3893 = CARTESIAN_POINT('',(-75.25042185162,0.370191000383));
#3894 = CARTESIAN_POINT('',(-75.26721798914,0.377385503841));
#3895 = CARTESIAN_POINT('',(-75.28011962701,0.382883791702));
#3896 = CARTESIAN_POINT('',(-75.29308711355,0.38838200176));
#3897 = CARTESIAN_POINT('',(-75.30612103503,0.393880132855));
#3898 = CARTESIAN_POINT('',(-75.31922198625,0.399378183802));
#3899 = CARTESIAN_POINT('',(-75.3323905705,0.404876153391));
#3900 = CARTESIAN_POINT('',(-75.34562739957,0.410374040386));
#3901 = CARTESIAN_POINT('',(-75.3655864155,0.418620941215));
#3902 = CARTESIAN_POINT('',(-75.37225695603,0.421370017938));
#3903 = CARTESIAN_POINT('',(-75.37894479294,0.424119073536));
#3904 = CARTESIAN_POINT('',(-75.38565000438,0.426868107849));
#3905 = CARTESIAN_POINT('',(-75.39237266908,0.429617120715));
#3906 = CARTESIAN_POINT('',(-75.39911286632,0.432366111972));
#3907 = CARTESIAN_POINT('',(-75.40587067598,0.435115081453));
#3908 = CARTESIAN_POINT('',(-75.41603401428,0.439238537072));
#3909 = CARTESIAN_POINT('',(-75.4194262858,0.440613044647));
#3910 = CARTESIAN_POINT('',(-75.42282300319,0.441987551717));
#3911 = CARTESIAN_POINT('',(-75.42622417665,0.443362058282));
#3912 = CARTESIAN_POINT('',(-75.42962981642,0.444736564341));
#3913 = CARTESIAN_POINT('',(-75.43303993278,0.446111069895));
#3914 = CARTESIAN_POINT('',(-75.43645453603,0.447485574941));
#3915 = CARTESIAN_POINT('',(-75.44380445046,0.450440296735));
#3916 = CARTESIAN_POINT('',(-75.44674181952,0.45161867372));
#3917 = CARTESIAN_POINT('',(-75.44962026467,0.452773214476));
#3918 = CARTESIAN_POINT('',(-75.45302918469,0.454139353268));
#3919 = CARTESIAN_POINT('',(-75.45710179656,0.455768432587));
#3920 = CARTESIAN_POINT('',(-75.461396458,0.457482716634));
#3921 = CARTESIAN_POINT('',(-75.46477037211,0.458826940268));
#3922 = CARTESIAN_POINT('',(-75.46524567431,0.459016393443));
#3923 = ( GEOMETRIC_REPRESENTATION_CONTEXT(2) 
PARAMETRIC_REPRESENTATION_CONTEXT() REPRESENTATION_CONTEXT('2D SPACE',''
  ) );
#3924 = ORIENTED_EDGE('',*,*,#3925,.F.);
#3925 = EDGE_CURVE('',#3651,#3801,#3926,.T.);
#3926 = SURFACE_CURVE('',#3927,(#3930,#3936),.PCURVE_S1.);
#3927 = B_SPLINE_CURVE_WITH_KNOTS('',1,(#3928,#3929),.UNSPECIFIED.,.F.,
  .F.,(2,2),(0.,1.),.PIECEWISE_BEZIER_KNOTS.);
#3928 = CARTESIAN_POINT('',(-77.58196721311,-5.,-16.5));
#3929 = CARTESIAN_POINT('',(-77.58196721311,5.,-16.5));
#3930 = PCURVE('',#918,#3931);
#3931 = DEFINITIONAL_REPRESENTATION('',(#3932),#3935);
#3932 = B_SPLINE_CURVE_WITH_KNOTS('',1,(#3933,#3934),.UNSPECIFIED.,.F.,
  .F.,(2,2),(0.,1.),.PIECEWISE_BEZIER_KNOTS.);
#3933 = CARTESIAN_POINT('',(-63.53475446742,0.459016393443));
#3934 = CARTESIAN_POINT('',(-75.46524553257,0.459016393443));
#3935 = ( GEOMETRIC_REPRESENTATION_CONTEXT(2) 
PARAMETRIC_REPRESENTATION_CONTEXT() REPRESENTATION_CONTEXT('2D SPACE',''
  ) );
#3936 = PCURVE('',#3734,#3937);
#3937 = DEFINITIONAL_REPRESENTATION('',(#3938),#3941);
#3938 = B_SPLINE_CURVE_WITH_KNOTS('',1,(#3939,#3940),.UNSPECIFIED.,.F.,
  .F.,(2,2),(0.,1.),.PIECEWISE_BEZIER_KNOTS.);
#3939 = CARTESIAN_POINT('',(-63.53475446742,0.459016393443));
#3940 = CARTESIAN_POINT('',(-75.46524553257,0.459016393443));
#3941 = ( GEOMETRIC_REPRESENTATION_CONTEXT(2) 
PARAMETRIC_REPRESENTATION_CONTEXT() REPRESENTATION_CONTEXT('2D SPACE',''
  ) );
#3942 = ADVANCED_FACE('',(#3943),#1020,.T.);
#3943 = FACE_BOUND('',#3944,.T.);
#3944 = EDGE_LOOP('',(#3945,#3946,#3947,#3948));
#3945 = ORIENTED_EDGE('',*,*,#1003,.T.);
#3946 = ORIENTED_EDGE('',*,*,#3303,.T.);
#3947 = ORIENTED_EDGE('',*,*,#1767,.F.);
#3948 = ORIENTED_EDGE('',*,*,#3949,.F.);
#3949 = EDGE_CURVE('',#976,#1746,#3950,.T.);
#3950 = SURFACE_CURVE('',#3951,(#3954,#3961),.PCURVE_S1.);
#3951 = B_SPLINE_CURVE_WITH_KNOTS('',1,(#3952,#3953),.UNSPECIFIED.,.F.,
  .F.,(2,2),(0.,1.),.PIECEWISE_BEZIER_KNOTS.);
#3952 = CARTESIAN_POINT('',(59.5,-102.5,-30.5));
#3953 = CARTESIAN_POINT('',(45.,-60.,0.));
#3954 = PCURVE('',#1020,#3955);
#3955 = DEFINITIONAL_REPRESENTATION('',(#3956),#3960);
#3956 = LINE('',#3957,#3958);
#3957 = CARTESIAN_POINT('',(4.712388980385,0.));
#3958 = VECTOR('',#3959,1.);
#3959 = DIRECTION('',(0.,1.));
#3960 = ( GEOMETRIC_REPRESENTATION_CONTEXT(2) 
PARAMETRIC_REPRESENTATION_CONTEXT() REPRESENTATION_CONTEXT('2D SPACE',''
  ) );
#3961 = PCURVE('',#991,#3962);
#3962 = DEFINITIONAL_REPRESENTATION('',(#3963),#3967);
#3963 = LINE('',#3964,#3965);
#3964 = CARTESIAN_POINT('',(119.,0.));
#3965 = VECTOR('',#3966,1.);
#3966 = DIRECTION('',(0.,1.));
#3967 = ( GEOMETRIC_REPRESENTATION_CONTEXT(2) 
PARAMETRIC_REPRESENTATION_CONTEXT() REPRESENTATION_CONTEXT('2D SPACE',''
  ) );
#3968 = ADVANCED_FACE('',(#3969),#947,.T.);
#3969 = FACE_BOUND('',#3970,.T.);
#3970 = EDGE_LOOP('',(#3971,#3972,#3992,#3993));
#3971 = ORIENTED_EDGE('',*,*,#930,.T.);
#3972 = ORIENTED_EDGE('',*,*,#3973,.T.);
#3973 = EDGE_CURVE('',#931,#1722,#3974,.T.);
#3974 = SURFACE_CURVE('',#3975,(#3978,#3985),.PCURVE_S1.);
#3975 = B_SPLINE_CURVE_WITH_KNOTS('',1,(#3976,#3977),.UNSPECIFIED.,.F.,
  .F.,(2,2),(0.,1.),.PIECEWISE_BEZIER_KNOTS.);
#3976 = CARTESIAN_POINT('',(-59.5,-102.5,-30.5));
#3977 = CARTESIAN_POINT('',(-45.,-60.,0.));
#3978 = PCURVE('',#947,#3979);
#3979 = DEFINITIONAL_REPRESENTATION('',(#3980),#3984);
#3980 = LINE('',#3981,#3982);
#3981 = CARTESIAN_POINT('',(4.712388980385,0.));
#3982 = VECTOR('',#3983,1.);
#3983 = DIRECTION('',(0.,1.));
#3984 = ( GEOMETRIC_REPRESENTATION_CONTEXT(2) 
PARAMETRIC_REPRESENTATION_CONTEXT() REPRESENTATION_CONTEXT('2D SPACE',''
  ) );
#3985 = PCURVE('',#991,#3986);
#3986 = DEFINITIONAL_REPRESENTATION('',(#3987),#3991);
#3987 = LINE('',#3988,#3989);
#3988 = CARTESIAN_POINT('',(0.,0.));
#3989 = VECTOR('',#3990,1.);
#3990 = DIRECTION('',(0.,1.));
#3991 = ( GEOMETRIC_REPRESENTATION_CONTEXT(2) 
PARAMETRIC_REPRESENTATION_CONTEXT() REPRESENTATION_CONTEXT('2D SPACE',''
  ) );
#3992 = ORIENTED_EDGE('',*,*,#1721,.F.);
#3993 = ORIENTED_EDGE('',*,*,#3624,.F.);
#3994 = ADVANCED_FACE('',(#3995,#4001),#991,.T.);
#3995 = FACE_BOUND('',#3996,.T.);
#3996 = EDGE_LOOP('',(#3997,#3998,#3999,#4000));
#3997 = ORIENTED_EDGE('',*,*,#975,.T.);
#3998 = ORIENTED_EDGE('',*,*,#3949,.T.);
#3999 = ORIENTED_EDGE('',*,*,#1745,.F.);
#4000 = ORIENTED_EDGE('',*,*,#3973,.F.);
#4001 = FACE_BOUND('',#4002,.T.);
#4002 = EDGE_LOOP('',(#4003,#4030,#4080,#4100));
#4003 = ORIENTED_EDGE('',*,*,#4004,.T.);
#4004 = EDGE_CURVE('',#4005,#4007,#4009,.T.);
#4005 = VERTEX_POINT('',#4006);
#4006 = CARTESIAN_POINT('',(5.,-87.17213114754,-19.5));
#4007 = VERTEX_POINT('',#4008);
#4008 = CARTESIAN_POINT('',(-5.,-87.17213114754,-19.5));
#4009 = SURFACE_CURVE('',#4010,(#4013,#4019),.PCURVE_S1.);
#4010 = B_SPLINE_CURVE_WITH_KNOTS('',1,(#4011,#4012),.UNSPECIFIED.,.F.,
  .F.,(2,2),(0.,1.),.PIECEWISE_BEZIER_KNOTS.);
#4011 = CARTESIAN_POINT('',(5.,-87.17213114754,-19.5));
#4012 = CARTESIAN_POINT('',(-5.,-87.17213114754,-19.5));
#4013 = PCURVE('',#991,#4014);
#4014 = DEFINITIONAL_REPRESENTATION('',(#4015),#4018);
#4015 = B_SPLINE_CURVE_WITH_KNOTS('',1,(#4016,#4017),.UNSPECIFIED.,.F.,
  .F.,(2,2),(0.,1.),.PIECEWISE_BEZIER_KNOTS.);
#4016 = CARTESIAN_POINT('',(64.981800332276,0.360655737705));
#4017 = CARTESIAN_POINT('',(54.018199667724,0.360655737705));
#4018 = ( GEOMETRIC_REPRESENTATION_CONTEXT(2) 
PARAMETRIC_REPRESENTATION_CONTEXT() REPRESENTATION_CONTEXT('2D SPACE',''
  ) );
#4019 = PCURVE('',#4020,#4025);
#4020 = B_SPLINE_SURFACE_WITH_KNOTS('',1,1,(
    (#4021,#4022)
    ,(#4023,#4024
    )),.UNSPECIFIED.,.F.,.F.,.F.,(2,2),(2,2),(0.,119.),(0.,1.),
  .PIECEWISE_BEZIER_KNOTS.);
#4021 = CARTESIAN_POINT('',(-59.5,-102.5,-30.5));
#4022 = CARTESIAN_POINT('',(-45.,-60.,0.));
#4023 = CARTESIAN_POINT('',(59.5,-102.5,-30.5));
#4024 = CARTESIAN_POINT('',(45.,-60.,0.));
#4025 = DEFINITIONAL_REPRESENTATION('',(#4026),#4029);
#4026 = B_SPLINE_CURVE_WITH_KNOTS('',1,(#4027,#4028),.UNSPECIFIED.,.F.,
  .F.,(2,2),(0.,1.),.PIECEWISE_BEZIER_KNOTS.);
#4027 = CARTESIAN_POINT('',(64.981800332276,0.360655737705));
#4028 = CARTESIAN_POINT('',(54.018199667724,0.360655737705));
#4029 = ( GEOMETRIC_REPRESENTATION_CONTEXT(2) 
PARAMETRIC_REPRESENTATION_CONTEXT() REPRESENTATION_CONTEXT('2D SPACE',''
  ) );
#4030 = ORIENTED_EDGE('',*,*,#4031,.T.);
#4031 = EDGE_CURVE('',#4007,#4032,#4034,.T.);
#4032 = VERTEX_POINT('',#4033);
#4033 = CARTESIAN_POINT('',(-5.,-82.99180327868,-16.5));
#4034 = SURFACE_CURVE('',#4035,(#4048,#4064),.PCURVE_S1.);
#4035 = B_SPLINE_CURVE_WITH_KNOTS('',6,(#4036,#4037,#4038,#4039,#4040,
    #4041,#4042,#4043,#4044,#4045,#4046,#4047),.UNSPECIFIED.,.F.,.F.,(7,
    5,7),(0.,0.134090346134,1.),.UNSPECIFIED.);
#4036 = CARTESIAN_POINT('',(-5.,-87.17213114754,-19.5));
#4037 = CARTESIAN_POINT('',(-5.,-87.14378157572,-19.47965501316));
#4038 = CARTESIAN_POINT('',(-5.,-87.03942044058,-19.40476055147));
#4039 = CARTESIAN_POINT('',(-5.,-86.93405328773,-19.32914412413));
#4040 = CARTESIAN_POINT('',(-5.,-86.85438233008,-19.2719684957));
#4041 = CARTESIAN_POINT('',(-5.,-86.78810795256,-19.2244068836));
#4042 = CARTESIAN_POINT('',(-5.,-86.075781939,-18.71320821505));
#4043 = CARTESIAN_POINT('',(-5.,-85.45897652962,-18.27055962714));
#4044 = CARTESIAN_POINT('',(-5.,-84.84217581631,-17.82791440935));
#4045 = CARTESIAN_POINT('',(-5.,-84.22537993866,-17.38527266186));
#4046 = CARTESIAN_POINT('',(-5.,-83.60858904226,-16.94263448915));
#4047 = CARTESIAN_POINT('',(-5.,-82.99180327868,-16.5));
#4048 = PCURVE('',#991,#4049);
#4049 = DEFINITIONAL_REPRESENTATION('',(#4050),#4063);
#4050 = B_SPLINE_CURVE_WITH_KNOTS('',6,(#4051,#4052,#4053,#4054,#4055,
    #4056,#4057,#4058,#4059,#4060,#4061,#4062),.UNSPECIFIED.,.F.,.F.,(7,
    5,7),(0.,0.134090346134,1.),.UNSPECIFIED.);
#4051 = CARTESIAN_POINT('',(54.018199587964,0.360655737705));
#4052 = CARTESIAN_POINT('',(54.017222609393,0.361322786454));
#4053 = CARTESIAN_POINT('',(54.013626674427,0.363778342574));
#4054 = CARTESIAN_POINT('',(54.009986513455,0.3662575697));
#4055 = CARTESIAN_POINT('',(54.007228437735,0.368132180469));
#4056 = CARTESIAN_POINT('',(54.004935485971,0.369691577587));
#4057 = CARTESIAN_POINT('',(53.980238736588,0.38645218967));
#4058 = CARTESIAN_POINT('',(53.958654138816,0.400965258126));
#4059 = CARTESIAN_POINT('',(53.936866583303,0.415478216087));
#4060 = CARTESIAN_POINT('',(53.914872466972,0.429991060267));
#4061 = CARTESIAN_POINT('',(53.892668097344,0.444503787241));
#4062 = CARTESIAN_POINT('',(53.870249692538,0.459016393443));
#4063 = ( GEOMETRIC_REPRESENTATION_CONTEXT(2) 
PARAMETRIC_REPRESENTATION_CONTEXT() REPRESENTATION_CONTEXT('2D SPACE',''
  ) );
#4064 = PCURVE('',#4020,#4065);
#4065 = DEFINITIONAL_REPRESENTATION('',(#4066),#4079);
#4066 = B_SPLINE_CURVE_WITH_KNOTS('',6,(#4067,#4068,#4069,#4070,#4071,
    #4072,#4073,#4074,#4075,#4076,#4077,#4078),.UNSPECIFIED.,.F.,.F.,(7,
    5,7),(0.,0.134090346134,1.),.UNSPECIFIED.);
#4067 = CARTESIAN_POINT('',(54.018199587964,0.360655737705));
#4068 = CARTESIAN_POINT('',(54.017222609393,0.361322786454));
#4069 = CARTESIAN_POINT('',(54.013626674427,0.363778342574));
#4070 = CARTESIAN_POINT('',(54.009986513455,0.3662575697));
#4071 = CARTESIAN_POINT('',(54.007228437735,0.368132180469));
#4072 = CARTESIAN_POINT('',(54.004935485971,0.369691577587));
#4073 = CARTESIAN_POINT('',(53.980238736588,0.38645218967));
#4074 = CARTESIAN_POINT('',(53.958654138816,0.400965258126));
#4075 = CARTESIAN_POINT('',(53.936866583303,0.415478216087));
#4076 = CARTESIAN_POINT('',(53.914872466972,0.429991060267));
#4077 = CARTESIAN_POINT('',(53.892668097344,0.444503787241));
#4078 = CARTESIAN_POINT('',(53.870249692538,0.459016393443));
#4079 = ( GEOMETRIC_REPRESENTATION_CONTEXT(2) 
PARAMETRIC_REPRESENTATION_CONTEXT() REPRESENTATION_CONTEXT('2D SPACE',''
  ) );
#4080 = ORIENTED_EDGE('',*,*,#4081,.F.);
#4081 = EDGE_CURVE('',#4082,#4032,#4084,.T.);
#4082 = VERTEX_POINT('',#4083);
#4083 = CARTESIAN_POINT('',(5.,-82.99180327868,-16.5));
#4084 = SURFACE_CURVE('',#4085,(#4088,#4094),.PCURVE_S1.);
#4085 = B_SPLINE_CURVE_WITH_KNOTS('',1,(#4086,#4087),.UNSPECIFIED.,.F.,
  .F.,(2,2),(0.,1.),.PIECEWISE_BEZIER_KNOTS.);
#4086 = CARTESIAN_POINT('',(5.,-82.99180327868,-16.5));
#4087 = CARTESIAN_POINT('',(-5.,-82.99180327868,-16.5));
#4088 = PCURVE('',#991,#4089);
#4089 = DEFINITIONAL_REPRESENTATION('',(#4090),#4093);
#4090 = B_SPLINE_CURVE_WITH_KNOTS('',1,(#4091,#4092),.UNSPECIFIED.,.F.,
  .F.,(2,2),(0.,1.),.PIECEWISE_BEZIER_KNOTS.);
#4091 = CARTESIAN_POINT('',(65.129750271444,0.459016393443));
#4092 = CARTESIAN_POINT('',(53.870249728556,0.459016393443));
#4093 = ( GEOMETRIC_REPRESENTATION_CONTEXT(2) 
PARAMETRIC_REPRESENTATION_CONTEXT() REPRESENTATION_CONTEXT('2D SPACE',''
  ) );
#4094 = PCURVE('',#4020,#4095);
#4095 = DEFINITIONAL_REPRESENTATION('',(#4096),#4099);
#4096 = B_SPLINE_CURVE_WITH_KNOTS('',1,(#4097,#4098),.UNSPECIFIED.,.F.,
  .F.,(2,2),(0.,1.),.PIECEWISE_BEZIER_KNOTS.);
#4097 = CARTESIAN_POINT('',(65.129750271444,0.459016393443));
#4098 = CARTESIAN_POINT('',(53.870249728556,0.459016393443));
#4099 = ( GEOMETRIC_REPRESENTATION_CONTEXT(2) 
PARAMETRIC_REPRESENTATION_CONTEXT() REPRESENTATION_CONTEXT('2D SPACE',''
  ) );
#4100 = ORIENTED_EDGE('',*,*,#4101,.F.);
#4101 = EDGE_CURVE('',#4005,#4082,#4102,.T.);
#4102 = SURFACE_CURVE('',#4103,(#4116,#4132),.PCURVE_S1.);
#4103 = B_SPLINE_CURVE_WITH_KNOTS('',6,(#4104,#4105,#4106,#4107,#4108,
    #4109,#4110,#4111,#4112,#4113,#4114,#4115),.UNSPECIFIED.,.F.,.F.,(7,
    5,7),(0.,0.134090346133,1.),.UNSPECIFIED.);
#4104 = CARTESIAN_POINT('',(5.,-87.17213114754,-19.5));
#4105 = CARTESIAN_POINT('',(5.,-87.14378157571,-19.47965501315));
#4106 = CARTESIAN_POINT('',(5.,-87.03942044057,-19.40476055147));
#4107 = CARTESIAN_POINT('',(5.,-86.93405328772,-19.32914412413));
#4108 = CARTESIAN_POINT('',(5.,-86.85438233008,-19.2719684957));
#4109 = CARTESIAN_POINT('',(5.,-86.78810795255,-19.22440688359));
#4110 = CARTESIAN_POINT('',(5.,-86.075781939,-18.71320821505));
#4111 = CARTESIAN_POINT('',(5.,-85.45897652962,-18.27055962714));
#4112 = CARTESIAN_POINT('',(5.,-84.84217581631,-17.82791440935));
#4113 = CARTESIAN_POINT('',(5.,-84.22537993866,-17.38527266186));
#4114 = CARTESIAN_POINT('',(5.,-83.60858904226,-16.94263448915));
#4115 = CARTESIAN_POINT('',(5.,-82.99180327868,-16.5));
#4116 = PCURVE('',#991,#4117);
#4117 = DEFINITIONAL_REPRESENTATION('',(#4118),#4131);
#4118 = B_SPLINE_CURVE_WITH_KNOTS('',6,(#4119,#4120,#4121,#4122,#4123,
    #4124,#4125,#4126,#4127,#4128,#4129,#4130),.UNSPECIFIED.,.F.,.F.,(7,
    5,7),(0.,0.134090346133,1.),.UNSPECIFIED.);
#4119 = CARTESIAN_POINT('',(64.981800412036,0.360655737705));
#4120 = CARTESIAN_POINT('',(64.982777390607,0.361322786454));
#4121 = CARTESIAN_POINT('',(64.986373325573,0.363778342575));
#4122 = CARTESIAN_POINT('',(64.990013486545,0.3662575697));
#4123 = CARTESIAN_POINT('',(64.992771562265,0.368132180469));
#4124 = CARTESIAN_POINT('',(64.995064514029,0.369691577587));
#4125 = CARTESIAN_POINT('',(65.019761263412,0.38645218967));
#4126 = CARTESIAN_POINT('',(65.041345861184,0.400965258126));
#4127 = CARTESIAN_POINT('',(65.063133416697,0.415478216087));
#4128 = CARTESIAN_POINT('',(65.085127533028,0.429991060267));
#4129 = CARTESIAN_POINT('',(65.107331902656,0.444503787241));
#4130 = CARTESIAN_POINT('',(65.129750307462,0.459016393443));
#4131 = ( GEOMETRIC_REPRESENTATION_CONTEXT(2) 
PARAMETRIC_REPRESENTATION_CONTEXT() REPRESENTATION_CONTEXT('2D SPACE',''
  ) );
#4132 = PCURVE('',#4020,#4133);
#4133 = DEFINITIONAL_REPRESENTATION('',(#4134),#4147);
#4134 = B_SPLINE_CURVE_WITH_KNOTS('',6,(#4135,#4136,#4137,#4138,#4139,
    #4140,#4141,#4142,#4143,#4144,#4145,#4146),.UNSPECIFIED.,.F.,.F.,(7,
    5,7),(0.,0.134090346133,1.),.UNSPECIFIED.);
#4135 = CARTESIAN_POINT('',(64.981800412036,0.360655737705));
#4136 = CARTESIAN_POINT('',(64.982777390607,0.361322786454));
#4137 = CARTESIAN_POINT('',(64.986373325573,0.363778342575));
#4138 = CARTESIAN_POINT('',(64.990013486545,0.3662575697));
#4139 = CARTESIAN_POINT('',(64.992771562265,0.368132180469));
#4140 = CARTESIAN_POINT('',(64.995064514029,0.369691577587));
#4141 = CARTESIAN_POINT('',(65.019761263412,0.38645218967));
#4142 = CARTESIAN_POINT('',(65.041345861184,0.400965258126));
#4143 = CARTESIAN_POINT('',(65.063133416697,0.415478216087));
#4144 = CARTESIAN_POINT('',(65.085127533028,0.429991060267));
#4145 = CARTESIAN_POINT('',(65.107331902656,0.444503787241));
#4146 = CARTESIAN_POINT('',(65.129750307462,0.459016393443));
#4147 = ( GEOMETRIC_REPRESENTATION_CONTEXT(2) 
PARAMETRIC_REPRESENTATION_CONTEXT() REPRESENTATION_CONTEXT('2D SPACE',''
  ) );
#4148 = ADVANCED_FACE('',(#4149),#1156,.F.);
#4149 = FACE_BOUND('',#4150,.F.);
#4150 = EDGE_LOOP('',(#4151,#4171,#4172,#4192));
#4151 = ORIENTED_EDGE('',*,*,#4152,.F.);
#4152 = EDGE_CURVE('',#1103,#1817,#4153,.T.);
#4153 = SURFACE_CURVE('',#4154,(#4157,#4164),.PCURVE_S1.);
#4154 = B_SPLINE_CURVE_WITH_KNOTS('',1,(#4155,#4156),.UNSPECIFIED.,.F.,
  .F.,(2,2),(0.,1.),.PIECEWISE_BEZIER_KNOTS.);
#4155 = CARTESIAN_POINT('',(-59.5,98.5,-30.7));
#4156 = CARTESIAN_POINT('',(-44.5,56.,0.2));
#4157 = PCURVE('',#1156,#4158);
#4158 = DEFINITIONAL_REPRESENTATION('',(#4159),#4163);
#4159 = LINE('',#4160,#4161);
#4160 = CARTESIAN_POINT('',(1.570796326795,0.));
#4161 = VECTOR('',#4162,1.);
#4162 = DIRECTION('',(0.,1.));
#4163 = ( GEOMETRIC_REPRESENTATION_CONTEXT(2) 
PARAMETRIC_REPRESENTATION_CONTEXT() REPRESENTATION_CONTEXT('2D SPACE',''
  ) );
#4164 = PCURVE('',#1215,#4165);
#4165 = DEFINITIONAL_REPRESENTATION('',(#4166),#4170);
#4166 = LINE('',#4167,#4168);
#4167 = CARTESIAN_POINT('',(0.,0.));
#4168 = VECTOR('',#4169,1.);
#4169 = DIRECTION('',(0.,1.));
#4170 = ( GEOMETRIC_REPRESENTATION_CONTEXT(2) 
PARAMETRIC_REPRESENTATION_CONTEXT() REPRESENTATION_CONTEXT('2D SPACE',''
  ) );
#4171 = ORIENTED_EDGE('',*,*,#1100,.F.);
#4172 = ORIENTED_EDGE('',*,*,#4173,.T.);
#4173 = EDGE_CURVE('',#1101,#1815,#4174,.T.);
#4174 = SURFACE_CURVE('',#4175,(#4178,#4185),.PCURVE_S1.);
#4175 = B_SPLINE_CURVE_WITH_KNOTS('',1,(#4176,#4177),.UNSPECIFIED.,.F.,
  .F.,(2,2),(0.,1.),.PIECEWISE_BEZIER_KNOTS.);
#4176 = CARTESIAN_POINT('',(-88.5,69.5,-30.7));
#4177 = CARTESIAN_POINT('',(-56.,44.5,0.2));
#4178 = PCURVE('',#1156,#4179);
#4179 = DEFINITIONAL_REPRESENTATION('',(#4180),#4184);
#4180 = LINE('',#4181,#4182);
#4181 = CARTESIAN_POINT('',(3.14159265359,0.));
#4182 = VECTOR('',#4183,1.);
#4183 = DIRECTION('',(0.,1.));
#4184 = ( GEOMETRIC_REPRESENTATION_CONTEXT(2) 
PARAMETRIC_REPRESENTATION_CONTEXT() REPRESENTATION_CONTEXT('2D SPACE',''
  ) );
#4185 = PCURVE('',#1585,#4186);
#4186 = DEFINITIONAL_REPRESENTATION('',(#4187),#4191);
#4187 = LINE('',#4188,#4189);
#4188 = CARTESIAN_POINT('',(-139.,0.));
#4189 = VECTOR('',#4190,1.);
#4190 = DIRECTION('',(0.,1.));
#4191 = ( GEOMETRIC_REPRESENTATION_CONTEXT(2) 
PARAMETRIC_REPRESENTATION_CONTEXT() REPRESENTATION_CONTEXT('2D SPACE',''
  ) );
#4192 = ORIENTED_EDGE('',*,*,#1814,.T.);
#4193 = ADVANCED_FACE('',(#4194,#4219),#1585,.F.);
#4194 = FACE_BOUND('',#4195,.F.);
#4195 = EDGE_LOOP('',(#4196,#4197,#4198,#4218));
#4196 = ORIENTED_EDGE('',*,*,#4173,.F.);
#4197 = ORIENTED_EDGE('',*,*,#1573,.F.);
#4198 = ORIENTED_EDGE('',*,*,#4199,.T.);
#4199 = EDGE_CURVE('',#1475,#2117,#4200,.T.);
#4200 = SURFACE_CURVE('',#4201,(#4204,#4211),.PCURVE_S1.);
#4201 = B_SPLINE_CURVE_WITH_KNOTS('',1,(#4202,#4203),.UNSPECIFIED.,.F.,
  .F.,(2,2),(0.,1.),.PIECEWISE_BEZIER_KNOTS.);
#4202 = CARTESIAN_POINT('',(-88.5,-69.5,-30.7));
#4203 = CARTESIAN_POINT('',(-56.,-44.5,0.2));
#4204 = PCURVE('',#1585,#4205);
#4205 = DEFINITIONAL_REPRESENTATION('',(#4206),#4210);
#4206 = LINE('',#4207,#4208);
#4207 = CARTESIAN_POINT('',(0.,0.));
#4208 = VECTOR('',#4209,1.);
#4209 = DIRECTION('',(0.,1.));
#4210 = ( GEOMETRIC_REPRESENTATION_CONTEXT(2) 
PARAMETRIC_REPRESENTATION_CONTEXT() REPRESENTATION_CONTEXT('2D SPACE',''
  ) );
#4211 = PCURVE('',#1528,#4212);
#4212 = DEFINITIONAL_REPRESENTATION('',(#4213),#4217);
#4213 = LINE('',#4214,#4215);
#4214 = CARTESIAN_POINT('',(3.14159265359,0.));
#4215 = VECTOR('',#4216,1.);
#4216 = DIRECTION('',(0.,1.));
#4217 = ( GEOMETRIC_REPRESENTATION_CONTEXT(2) 
PARAMETRIC_REPRESENTATION_CONTEXT() REPRESENTATION_CONTEXT('2D SPACE',''
  ) );
#4218 = ORIENTED_EDGE('',*,*,#2196,.T.);
#4219 = FACE_BOUND('',#4220,.F.);
#4220 = EDGE_LOOP('',(#4221,#4353,#4378,#4508));
#4221 = ORIENTED_EDGE('',*,*,#4222,.F.);
#4222 = EDGE_CURVE('',#4223,#4225,#4227,.T.);
#4223 = VERTEX_POINT('',#4224);
#4224 = CARTESIAN_POINT('',(-76.72006472491,-5.,-19.5));
#4225 = VERTEX_POINT('',#4226);
#4226 = CARTESIAN_POINT('',(-73.56472491909,-5.,-16.5));
#4227 = SURFACE_CURVE('',#4228,(#4266,#4307),.PCURVE_S1.);
#4228 = B_SPLINE_CURVE_WITH_KNOTS('',8,(#4229,#4230,#4231,#4232,#4233,
    #4234,#4235,#4236,#4237,#4238,#4239,#4240,#4241,#4242,#4243,#4244,
    #4245,#4246,#4247,#4248,#4249,#4250,#4251,#4252,#4253,#4254,#4255,
    #4256,#4257,#4258,#4259,#4260,#4261,#4262,#4263,#4264,#4265),
  .UNSPECIFIED.,.F.,.F.,(9,7,7,7,7,9),(0.,0.131531570302,0.557791505358,
    0.770937606651,0.877513480843,1.),.UNSPECIFIED.);
#4229 = CARTESIAN_POINT('',(-76.72006472491,-5.,-19.5));
#4230 = CARTESIAN_POINT('',(-76.70657025759,-5.,-19.48716987568));
#4231 = CARTESIAN_POINT('',(-76.65966900496,-5.,-19.4425776078));
#4232 = CARTESIAN_POINT('',(-76.6016001365,-5.,-19.38736751439));
#4233 = CARTESIAN_POINT('',(-76.54574976179,-5.,-19.3342666966));
#4234 = CARTESIAN_POINT('',(-76.49769946235,-5.,-19.28858195036));
#4235 = CARTESIAN_POINT('',(-76.45622873754,-5.,-19.24915286123));
#4236 = CARTESIAN_POINT('',(-76.41427522888,-5.,-19.20926475607));
#4237 = CARTESIAN_POINT('',(-76.18346532199,-5.,-18.98981779845));
#4238 = CARTESIAN_POINT('',(-76.00708478032,-5.,-18.82212060652));
#4239 = CARTESIAN_POINT('',(-75.83070687351,-5.,-18.65442591973));
#4240 = CARTESIAN_POINT('',(-75.65433164123,-5.,-18.48673377582));
#4241 = CARTESIAN_POINT('',(-75.47795912408,-5.,-18.31904421335));
#4242 = CARTESIAN_POINT('',(-75.3015893635,-5.,-18.15135727175));
#4243 = CARTESIAN_POINT('',(-75.12522240184,-5.,-17.98367299129));
#4244 = CARTESIAN_POINT('',(-74.8606695473,-5.,-17.73214427728));
#4245 = CARTESIAN_POINT('',(-74.77248152291,-5.,-17.64829781716));
#4246 = CARTESIAN_POINT('',(-74.68429421459,-5.,-17.56445203787));
#4247 = CARTESIAN_POINT('',(-74.59610762781,-5.,-17.48060694459));
#4248 = CARTESIAN_POINT('',(-74.50792176811,-5.,-17.3967625426));
#4249 = CARTESIAN_POINT('',(-74.41973664108,-5.,-17.31291883721));
#4250 = CARTESIAN_POINT('',(-74.33155225238,-5.,-17.2290758338));
#4251 = CARTESIAN_POINT('',(-74.19927561724,-5.,-17.10331127916));
#4252 = CARTESIAN_POINT('',(-74.15518264312,-5.,-17.06138903607));
#4253 = CARTESIAN_POINT('',(-74.11108968539,-5.,-17.01946680857));
#4254 = CARTESIAN_POINT('',(-74.06699674408,-5.,-16.97754459668));
#4255 = CARTESIAN_POINT('',(-74.02290381919,-5.,-16.9356224004));
#4256 = CARTESIAN_POINT('',(-73.97881091075,-5.,-16.89370021976));
#4257 = CARTESIAN_POINT('',(-73.93471801877,-5.,-16.85177805477));
#4258 = CARTESIAN_POINT('',(-73.83994967021,-5.,-16.76167522491));
#4259 = CARTESIAN_POINT('',(-73.80213900245,-5.,-16.7257260054));
#4260 = CARTESIAN_POINT('',(-73.76507946122,-5.,-16.6904909339));
#4261 = CARTESIAN_POINT('',(-73.72124287788,-5.,-16.64881245928));
#4262 = CARTESIAN_POINT('',(-73.66900325066,-5.,-16.59914462909));
#4263 = CARTESIAN_POINT('',(-73.61405827771,-5.,-16.54690463942));
#4264 = CARTESIAN_POINT('',(-73.57095576646,-5.,-16.50592409795));
#4265 = CARTESIAN_POINT('',(-73.56472491909,-5.,-16.5));
#4266 = PCURVE('',#1585,#4267);
#4267 = DEFINITIONAL_REPRESENTATION('',(#4268),#4306);
#4268 = B_SPLINE_CURVE_WITH_KNOTS('',8,(#4269,#4270,#4271,#4272,#4273,
    #4274,#4275,#4276,#4277,#4278,#4279,#4280,#4281,#4282,#4283,#4284,
    #4285,#4286,#4287,#4288,#4289,#4290,#4291,#4292,#4293,#4294,#4295,
    #4296,#4297,#4298,#4299,#4300,#4301,#4302,#4303,#4304,#4305),
  .UNSPECIFIED.,.F.,.F.,(9,7,7,7,7,9),(0.,0.131531570302,0.557791505358,
    0.770937606651,0.877513480843,1.),.UNSPECIFIED.);
#4269 = CARTESIAN_POINT('',(-63.75035457179,0.362459546926));
#4270 = CARTESIAN_POINT('',(-63.7493670659,0.362874761305));
#4271 = CARTESIAN_POINT('',(-63.74593599991,0.36431787677));
#4272 = CARTESIAN_POINT('',(-63.74167853019,0.366104611184));
#4273 = CARTESIAN_POINT('',(-63.73757769603,0.367823084252));
#4274 = CARTESIAN_POINT('',(-63.73403874848,0.369301555005));
#4275 = CARTESIAN_POINT('',(-63.73098526359,0.370577577306));
#4276 = CARTESIAN_POINT('',(-63.72789286807,0.371868454496));
#4277 = CARTESIAN_POINT('',(-63.71084658413,0.378970297785));
#4278 = CARTESIAN_POINT('',(-63.6977529873,0.384397391375));
#4279 = CARTESIAN_POINT('',(-63.68459183236,0.389824403892));
#4280 = CARTESIAN_POINT('',(-63.67136251134,0.395251334116));
#4281 = CARTESIAN_POINT('',(-63.65806440738,0.400678180797));
#4282 = CARTESIAN_POINT('',(-63.64469689469,0.406104942662));
#4283 = CARTESIAN_POINT('',(-63.63125933859,0.411531618405));
#4284 = CARTESIAN_POINT('',(-63.61099646263,0.419671706237));
#4285 = CARTESIAN_POINT('',(-63.60422415531,0.42238518391));
#4286 = CARTESIAN_POINT('',(-63.59743409299,0.425098639551));
#4287 = CARTESIAN_POINT('',(-63.59062619459,0.42781207299));
#4288 = CARTESIAN_POINT('',(-63.5838003784,0.430525484058));
#4289 = CARTESIAN_POINT('',(-63.57695656212,0.433238872582));
#4290 = CARTESIAN_POINT('',(-63.57009466289,0.435952238388));
#4291 = CARTESIAN_POINT('',(-63.55977447322,0.4400222887));
#4292 = CARTESIAN_POINT('',(-63.55632979414,0.441378995596));
#4293 = CARTESIAN_POINT('',(-63.55288054942,0.442735701988));
#4294 = CARTESIAN_POINT('',(-63.54942672847,0.444092407874));
#4295 = CARTESIAN_POINT('',(-63.54596832065,0.445449113255));
#4296 = CARTESIAN_POINT('',(-63.54250531528,0.446805818131));
#4297 = CARTESIAN_POINT('',(-63.53903770167,0.448162522499));
#4298 = CARTESIAN_POINT('',(-63.53157486901,0.451078471686));
#4299 = CARTESIAN_POINT('',(-63.52859105162,0.452241876848));
#4300 = CARTESIAN_POINT('',(-63.52566598627,0.453382170424));
#4301 = CARTESIAN_POINT('',(-63.52220300534,0.454730988373));
#4302 = CARTESIAN_POINT('',(-63.51806843706,0.456338361518));
#4303 = CARTESIAN_POINT('',(-63.5137104761,0.45802897607));
#4304 = CARTESIAN_POINT('',(-63.51028529181,0.459355207186));
#4305 = CARTESIAN_POINT('',(-63.50979037411,0.459546925566));
#4306 = ( GEOMETRIC_REPRESENTATION_CONTEXT(2) 
PARAMETRIC_REPRESENTATION_CONTEXT() REPRESENTATION_CONTEXT('2D SPACE',''
  ) );
#4307 = PCURVE('',#4308,#4313);
#4308 = PLANE('',#4309);
#4309 = AXIS2_PLACEMENT_3D('',#4310,#4311,#4312);
#4310 = CARTESIAN_POINT('',(-182.,-5.,-19.5));
#4311 = DIRECTION('',(0.,1.,0.));
#4312 = DIRECTION('',(0.,0.,1.));
#4313 = DEFINITIONAL_REPRESENTATION('',(#4314),#4352);
#4314 = B_SPLINE_CURVE_WITH_KNOTS('',8,(#4315,#4316,#4317,#4318,#4319,
    #4320,#4321,#4322,#4323,#4324,#4325,#4326,#4327,#4328,#4329,#4330,
    #4331,#4332,#4333,#4334,#4335,#4336,#4337,#4338,#4339,#4340,#4341,
    #4342,#4343,#4344,#4345,#4346,#4347,#4348,#4349,#4350,#4351),
  .UNSPECIFIED.,.F.,.F.,(9,7,7,7,7,9),(0.,0.131531570302,0.557791505358,
    0.770937606651,0.877513480843,1.),.UNSPECIFIED.);
#4315 = CARTESIAN_POINT('',(0.,105.27993527508));
#4316 = CARTESIAN_POINT('',(1.283012431501E-02,105.2934297424));
#4317 = CARTESIAN_POINT('',(5.742239219906E-02,105.34033099503));
#4318 = CARTESIAN_POINT('',(0.112632485601,105.39839986349));
#4319 = CARTESIAN_POINT('',(0.165733303399,105.4542502382));
#4320 = CARTESIAN_POINT('',(0.21141804964,105.50230053764));
#4321 = CARTESIAN_POINT('',(0.250847138761,105.54377126245));
#4322 = CARTESIAN_POINT('',(0.290735243924,105.58572477111));
#4323 = CARTESIAN_POINT('',(0.510182201547,105.816534678));
#4324 = CARTESIAN_POINT('',(0.677879393476,105.99291521967));
#4325 = CARTESIAN_POINT('',(0.845574080263,106.16929312649));
#4326 = CARTESIAN_POINT('',(1.013266224176,106.34566835876));
#4327 = CARTESIAN_POINT('',(1.180955786642,106.52204087591));
#4328 = CARTESIAN_POINT('',(1.348642728241,106.69841063649));
#4329 = CARTESIAN_POINT('',(1.516327008705,106.87477759815));
#4330 = CARTESIAN_POINT('',(1.767855722715,107.13933045269));
#4331 = CARTESIAN_POINT('',(1.851702182831,107.22751847708));
#4332 = CARTESIAN_POINT('',(1.935547962128,107.31570578541));
#4333 = CARTESIAN_POINT('',(2.019393055403,107.40389237218));
#4334 = CARTESIAN_POINT('',(2.103237457394,107.49207823188));
#4335 = CARTESIAN_POINT('',(2.187081162783,107.58026335891));
#4336 = CARTESIAN_POINT('',(2.270924166192,107.66844774761));
#4337 = CARTESIAN_POINT('',(2.396688720839,107.80072438276));
#4338 = CARTESIAN_POINT('',(2.438610963924,107.84481735687));
#4339 = CARTESIAN_POINT('',(2.480533191421,107.8889103146));
#4340 = CARTESIAN_POINT('',(2.522455403317,107.93300325591));
#4341 = CARTESIAN_POINT('',(2.564377599595,107.9770961808));
#4342 = CARTESIAN_POINT('',(2.606299780238,108.02118908924));
#4343 = CARTESIAN_POINT('',(2.64822194523,108.06528198122));
#4344 = CARTESIAN_POINT('',(2.738324775085,108.16005032978));
#4345 = CARTESIAN_POINT('',(2.774273994594,108.19786099755));
#4346 = CARTESIAN_POINT('',(2.809509066096,108.23492053877));
#4347 = CARTESIAN_POINT('',(2.851187540716,108.27875712211));
#4348 = CARTESIAN_POINT('',(2.900855370909,108.33099674933));
#4349 = CARTESIAN_POINT('',(2.953095360571,108.38594172228));
#4350 = CARTESIAN_POINT('',(2.994075902042,108.42904423354));
#4351 = CARTESIAN_POINT('',(3.,108.4352750809));
#4352 = ( GEOMETRIC_REPRESENTATION_CONTEXT(2) 
PARAMETRIC_REPRESENTATION_CONTEXT() REPRESENTATION_CONTEXT('2D SPACE',''
  ) );
#4353 = ORIENTED_EDGE('',*,*,#4354,.T.);
#4354 = EDGE_CURVE('',#4223,#4355,#4357,.T.);
#4355 = VERTEX_POINT('',#4356);
#4356 = CARTESIAN_POINT('',(-76.72006472491,5.,-19.5));
#4357 = SURFACE_CURVE('',#4358,(#4361,#4367),.PCURVE_S1.);
#4358 = B_SPLINE_CURVE_WITH_KNOTS('',1,(#4359,#4360),.UNSPECIFIED.,.F.,
  .F.,(2,2),(0.,1.),.PIECEWISE_BEZIER_KNOTS.);
#4359 = CARTESIAN_POINT('',(-76.72006472491,-5.,-19.5));
#4360 = CARTESIAN_POINT('',(-76.72006472491,5.,-19.5));
#4361 = PCURVE('',#1585,#4362);
#4362 = DEFINITIONAL_REPRESENTATION('',(#4363),#4366);
#4363 = B_SPLINE_CURVE_WITH_KNOTS('',1,(#4364,#4365),.UNSPECIFIED.,.F.,
  .F.,(2,2),(0.,1.),.PIECEWISE_BEZIER_KNOTS.);
#4364 = CARTESIAN_POINT('',(-63.75035474284,0.362459546926));
#4365 = CARTESIAN_POINT('',(-75.24964525715,0.362459546926));
#4366 = ( GEOMETRIC_REPRESENTATION_CONTEXT(2) 
PARAMETRIC_REPRESENTATION_CONTEXT() REPRESENTATION_CONTEXT('2D SPACE',''
  ) );
#4367 = PCURVE('',#4368,#4373);
#4368 = PLANE('',#4369);
#4369 = AXIS2_PLACEMENT_3D('',#4370,#4371,#4372);
#4370 = CARTESIAN_POINT('',(-182.,-5.,-19.5));
#4371 = DIRECTION('',(0.,0.,1.));
#4372 = DIRECTION('',(1.,0.,0.));
#4373 = DEFINITIONAL_REPRESENTATION('',(#4374),#4377);
#4374 = B_SPLINE_CURVE_WITH_KNOTS('',1,(#4375,#4376),.UNSPECIFIED.,.F.,
  .F.,(2,2),(0.,1.),.PIECEWISE_BEZIER_KNOTS.);
#4375 = CARTESIAN_POINT('',(105.27993527508,0.));
#4376 = CARTESIAN_POINT('',(105.27993527508,10.));
#4377 = ( GEOMETRIC_REPRESENTATION_CONTEXT(2) 
PARAMETRIC_REPRESENTATION_CONTEXT() REPRESENTATION_CONTEXT('2D SPACE',''
  ) );
#4378 = ORIENTED_EDGE('',*,*,#4379,.T.);
#4379 = EDGE_CURVE('',#4355,#4380,#4382,.T.);
#4380 = VERTEX_POINT('',#4381);
#4381 = CARTESIAN_POINT('',(-73.56472491909,5.,-16.5));
#4382 = SURFACE_CURVE('',#4383,(#4421,#4462),.PCURVE_S1.);
#4383 = B_SPLINE_CURVE_WITH_KNOTS('',8,(#4384,#4385,#4386,#4387,#4388,
    #4389,#4390,#4391,#4392,#4393,#4394,#4395,#4396,#4397,#4398,#4399,
    #4400,#4401,#4402,#4403,#4404,#4405,#4406,#4407,#4408,#4409,#4410,
    #4411,#4412,#4413,#4414,#4415,#4416,#4417,#4418,#4419,#4420),
  .UNSPECIFIED.,.F.,.F.,(9,7,7,7,7,9),(0.,0.1315315703,0.557791505357,
    0.770937606651,0.877513480843,1.),.UNSPECIFIED.);
#4384 = CARTESIAN_POINT('',(-76.72006472491,5.,-19.5));
#4385 = CARTESIAN_POINT('',(-76.70657025759,5.,-19.48716987568));
#4386 = CARTESIAN_POINT('',(-76.65966900496,5.,-19.44257760779));
#4387 = CARTESIAN_POINT('',(-76.6016001365,5.,-19.38736751439));
#4388 = CARTESIAN_POINT('',(-76.54574976179,5.,-19.3342666966));
#4389 = CARTESIAN_POINT('',(-76.49769946235,5.,-19.28858195035));
#4390 = CARTESIAN_POINT('',(-76.45622873754,5.,-19.24915286123));
#4391 = CARTESIAN_POINT('',(-76.41427522888,5.,-19.20926475607));
#4392 = CARTESIAN_POINT('',(-76.18346532199,5.,-18.98981779845));
#4393 = CARTESIAN_POINT('',(-76.00708478032,5.,-18.82212060652));
#4394 = CARTESIAN_POINT('',(-75.8307068735,5.,-18.65442591973));
#4395 = CARTESIAN_POINT('',(-75.65433164123,5.,-18.48673377582));
#4396 = CARTESIAN_POINT('',(-75.47795912408,5.,-18.31904421335));
#4397 = CARTESIAN_POINT('',(-75.30158936349,5.,-18.15135727175));
#4398 = CARTESIAN_POINT('',(-75.12522240184,5.,-17.98367299129));
#4399 = CARTESIAN_POINT('',(-74.8606695473,5.,-17.73214427728));
#4400 = CARTESIAN_POINT('',(-74.77248152291,5.,-17.64829781716));
#4401 = CARTESIAN_POINT('',(-74.68429421458,5.,-17.56445203787));
#4402 = CARTESIAN_POINT('',(-74.59610762781,5.,-17.48060694459));
#4403 = CARTESIAN_POINT('',(-74.50792176811,5.,-17.3967625426));
#4404 = CARTESIAN_POINT('',(-74.41973664108,5.,-17.31291883721));
#4405 = CARTESIAN_POINT('',(-74.33155225238,5.,-17.2290758338));
#4406 = CARTESIAN_POINT('',(-74.19927561723,5.,-17.10331127916));
#4407 = CARTESIAN_POINT('',(-74.15518264312,5.,-17.06138903607));
#4408 = CARTESIAN_POINT('',(-74.11108968539,5.,-17.01946680857));
#4409 = CARTESIAN_POINT('',(-74.06699674408,5.,-16.97754459668));
#4410 = CARTESIAN_POINT('',(-74.02290381919,5.,-16.9356224004));
#4411 = CARTESIAN_POINT('',(-73.97881091075,5.,-16.89370021976));
#4412 = CARTESIAN_POINT('',(-73.93471801876,5.,-16.85177805476));
#4413 = CARTESIAN_POINT('',(-73.83994967021,5.,-16.76167522491));
#4414 = CARTESIAN_POINT('',(-73.80213900244,5.,-16.7257260054));
#4415 = CARTESIAN_POINT('',(-73.76507946122,5.,-16.6904909339));
#4416 = CARTESIAN_POINT('',(-73.72124287788,5.,-16.64881245928));
#4417 = CARTESIAN_POINT('',(-73.66900325066,5.,-16.59914462909));
#4418 = CARTESIAN_POINT('',(-73.61405827771,5.,-16.54690463942));
#4419 = CARTESIAN_POINT('',(-73.57095576645,5.,-16.50592409795));
#4420 = CARTESIAN_POINT('',(-73.56472491909,5.,-16.5));
#4421 = PCURVE('',#1585,#4422);
#4422 = DEFINITIONAL_REPRESENTATION('',(#4423),#4461);
#4423 = B_SPLINE_CURVE_WITH_KNOTS('',8,(#4424,#4425,#4426,#4427,#4428,
    #4429,#4430,#4431,#4432,#4433,#4434,#4435,#4436,#4437,#4438,#4439,
    #4440,#4441,#4442,#4443,#4444,#4445,#4446,#4447,#4448,#4449,#4450,
    #4451,#4452,#4453,#4454,#4455,#4456,#4457,#4458,#4459,#4460),
  .UNSPECIFIED.,.F.,.F.,(9,7,7,7,7,9),(0.,0.1315315703,0.557791505357,
    0.770937606651,0.877513480843,1.),.UNSPECIFIED.);
#4424 = CARTESIAN_POINT('',(-75.2496454282,0.362459546926));
#4425 = CARTESIAN_POINT('',(-75.2506329341,0.362874761305));
#4426 = CARTESIAN_POINT('',(-75.25406400008,0.36431787677));
#4427 = CARTESIAN_POINT('',(-75.25832146981,0.366104611185));
#4428 = CARTESIAN_POINT('',(-75.26242230396,0.367823084252));
#4429 = CARTESIAN_POINT('',(-75.26596125151,0.369301555005));
#4430 = CARTESIAN_POINT('',(-75.2690147364,0.370577577306));
#4431 = CARTESIAN_POINT('',(-75.27210713192,0.371868454496));
#4432 = CARTESIAN_POINT('',(-75.28915341586,0.378970297785));
#4433 = CARTESIAN_POINT('',(-75.30224701269,0.384397391375));
#4434 = CARTESIAN_POINT('',(-75.31540816763,0.389824403892));
#4435 = CARTESIAN_POINT('',(-75.32863748865,0.395251334116));
#4436 = CARTESIAN_POINT('',(-75.34193559261,0.400678180798));
#4437 = CARTESIAN_POINT('',(-75.3553031053,0.406104942662));
#4438 = CARTESIAN_POINT('',(-75.3687406614,0.411531618405));
#4439 = CARTESIAN_POINT('',(-75.38900353736,0.419671706237));
#4440 = CARTESIAN_POINT('',(-75.39577584468,0.42238518391));
#4441 = CARTESIAN_POINT('',(-75.402565907,0.425098639551));
#4442 = CARTESIAN_POINT('',(-75.4093738054,0.42781207299));
#4443 = CARTESIAN_POINT('',(-75.4161996216,0.430525484058));
#4444 = CARTESIAN_POINT('',(-75.42304343787,0.433238872582));
#4445 = CARTESIAN_POINT('',(-75.42990533711,0.435952238388));
#4446 = CARTESIAN_POINT('',(-75.44022552678,0.4400222887));
#4447 = CARTESIAN_POINT('',(-75.44367020585,0.441378995596));
#4448 = CARTESIAN_POINT('',(-75.44711945057,0.442735701988));
#4449 = CARTESIAN_POINT('',(-75.45057327152,0.444092407874));
#4450 = CARTESIAN_POINT('',(-75.45403167934,0.445449113256));
#4451 = CARTESIAN_POINT('',(-75.45749468471,0.446805818131));
#4452 = CARTESIAN_POINT('',(-75.46096229832,0.448162522499));
#4453 = CARTESIAN_POINT('',(-75.46842513098,0.451078471686));
#4454 = CARTESIAN_POINT('',(-75.47140894837,0.452241876848));
#4455 = CARTESIAN_POINT('',(-75.47433401372,0.453382170424));
#4456 = CARTESIAN_POINT('',(-75.47779699465,0.454730988373));
#4457 = CARTESIAN_POINT('',(-75.48193156293,0.456338361518));
#4458 = CARTESIAN_POINT('',(-75.48628952389,0.45802897607));
#4459 = CARTESIAN_POINT('',(-75.48971470818,0.459355207186));
#4460 = CARTESIAN_POINT('',(-75.49020962588,0.459546925566));
#4461 = ( GEOMETRIC_REPRESENTATION_CONTEXT(2) 
PARAMETRIC_REPRESENTATION_CONTEXT() REPRESENTATION_CONTEXT('2D SPACE',''
  ) );
#4462 = PCURVE('',#4463,#4468);
#4463 = PLANE('',#4464);
#4464 = AXIS2_PLACEMENT_3D('',#4465,#4466,#4467);
#4465 = CARTESIAN_POINT('',(-182.,5.,-19.5));
#4466 = DIRECTION('',(0.,1.,0.));
#4467 = DIRECTION('',(0.,0.,1.));
#4468 = DEFINITIONAL_REPRESENTATION('',(#4469),#4507);
#4469 = B_SPLINE_CURVE_WITH_KNOTS('',8,(#4470,#4471,#4472,#4473,#4474,
    #4475,#4476,#4477,#4478,#4479,#4480,#4481,#4482,#4483,#4484,#4485,
    #4486,#4487,#4488,#4489,#4490,#4491,#4492,#4493,#4494,#4495,#4496,
    #4497,#4498,#4499,#4500,#4501,#4502,#4503,#4504,#4505,#4506),
  .UNSPECIFIED.,.F.,.F.,(9,7,7,7,7,9),(0.,0.1315315703,0.557791505357,
    0.770937606651,0.877513480843,1.),.UNSPECIFIED.);
#4470 = CARTESIAN_POINT('',(0.,105.27993527508));
#4471 = CARTESIAN_POINT('',(1.28301243181E-02,105.2934297424));
#4472 = CARTESIAN_POINT('',(5.742239220194E-02,105.34033099503));
#4473 = CARTESIAN_POINT('',(0.112632485602,105.39839986349));
#4474 = CARTESIAN_POINT('',(0.1657333034,105.4542502382));
#4475 = CARTESIAN_POINT('',(0.211418049641,105.50230053764));
#4476 = CARTESIAN_POINT('',(0.250847138763,105.54377126245));
#4477 = CARTESIAN_POINT('',(0.290735243926,105.58572477111));
#4478 = CARTESIAN_POINT('',(0.510182201548,105.816534678));
#4479 = CARTESIAN_POINT('',(0.677879393478,105.99291521967));
#4480 = CARTESIAN_POINT('',(0.845574080264,106.16929312649));
#4481 = CARTESIAN_POINT('',(1.013266224178,106.34566835876));
#4482 = CARTESIAN_POINT('',(1.180955786644,106.52204087592));
#4483 = CARTESIAN_POINT('',(1.348642728242,106.6984106365));
#4484 = CARTESIAN_POINT('',(1.516327008707,106.87477759815));
#4485 = CARTESIAN_POINT('',(1.767855722717,107.13933045269));
#4486 = CARTESIAN_POINT('',(1.851702182832,107.22751847708));
#4487 = CARTESIAN_POINT('',(1.935547962129,107.31570578541));
#4488 = CARTESIAN_POINT('',(2.019393055404,107.40389237218));
#4489 = CARTESIAN_POINT('',(2.103237457396,107.49207823188));
#4490 = CARTESIAN_POINT('',(2.187081162785,107.58026335891));
#4491 = CARTESIAN_POINT('',(2.270924166193,107.66844774761));
#4492 = CARTESIAN_POINT('',(2.39668872084,107.80072438276));
#4493 = CARTESIAN_POINT('',(2.438610963925,107.84481735687));
#4494 = CARTESIAN_POINT('',(2.480533191423,107.8889103146));
#4495 = CARTESIAN_POINT('',(2.522455403319,107.93300325591));
#4496 = CARTESIAN_POINT('',(2.564377599596,107.9770961808));
#4497 = CARTESIAN_POINT('',(2.606299780239,108.02118908924));
#4498 = CARTESIAN_POINT('',(2.648221945232,108.06528198123));
#4499 = CARTESIAN_POINT('',(2.738324775086,108.16005032978));
#4500 = CARTESIAN_POINT('',(2.774273994595,108.19786099755));
#4501 = CARTESIAN_POINT('',(2.809509066097,108.23492053877));
#4502 = CARTESIAN_POINT('',(2.851187540717,108.27875712211));
#4503 = CARTESIAN_POINT('',(2.90085537091,108.33099674933));
#4504 = CARTESIAN_POINT('',(2.953095360572,108.38594172228));
#4505 = CARTESIAN_POINT('',(2.994075902044,108.42904423354));
#4506 = CARTESIAN_POINT('',(3.,108.4352750809));
#4507 = ( GEOMETRIC_REPRESENTATION_CONTEXT(2) 
PARAMETRIC_REPRESENTATION_CONTEXT() REPRESENTATION_CONTEXT('2D SPACE',''
  ) );
#4508 = ORIENTED_EDGE('',*,*,#4509,.F.);
#4509 = EDGE_CURVE('',#4225,#4380,#4510,.T.);
#4510 = SURFACE_CURVE('',#4511,(#4514,#4520),.PCURVE_S1.);
#4511 = B_SPLINE_CURVE_WITH_KNOTS('',1,(#4512,#4513),.UNSPECIFIED.,.F.,
  .F.,(2,2),(0.,1.),.PIECEWISE_BEZIER_KNOTS.);
#4512 = CARTESIAN_POINT('',(-73.56472491909,-5.,-16.5));
#4513 = CARTESIAN_POINT('',(-73.56472491909,5.,-16.5));
#4514 = PCURVE('',#1585,#4515);
#4515 = DEFINITIONAL_REPRESENTATION('',(#4516),#4519);
#4516 = B_SPLINE_CURVE_WITH_KNOTS('',1,(#4517,#4518),.UNSPECIFIED.,.F.,
  .F.,(2,2),(0.,1.),.PIECEWISE_BEZIER_KNOTS.);
#4517 = CARTESIAN_POINT('',(-63.50979052188,0.459546925566));
#4518 = CARTESIAN_POINT('',(-75.49020947811,0.459546925566));
#4519 = ( GEOMETRIC_REPRESENTATION_CONTEXT(2) 
PARAMETRIC_REPRESENTATION_CONTEXT() REPRESENTATION_CONTEXT('2D SPACE',''
  ) );
#4520 = PCURVE('',#4521,#4526);
#4521 = PLANE('',#4522);
#4522 = AXIS2_PLACEMENT_3D('',#4523,#4524,#4525);
#4523 = CARTESIAN_POINT('',(-182.,-5.,-16.5));
#4524 = DIRECTION('',(0.,0.,1.));
#4525 = DIRECTION('',(1.,0.,0.));
#4526 = DEFINITIONAL_REPRESENTATION('',(#4527),#4530);
#4527 = B_SPLINE_CURVE_WITH_KNOTS('',1,(#4528,#4529),.UNSPECIFIED.,.F.,
  .F.,(2,2),(0.,1.),.PIECEWISE_BEZIER_KNOTS.);
#4528 = CARTESIAN_POINT('',(108.4352750809,0.));
#4529 = CARTESIAN_POINT('',(108.4352750809,10.));
#4530 = ( GEOMETRIC_REPRESENTATION_CONTEXT(2) 
PARAMETRIC_REPRESENTATION_CONTEXT() REPRESENTATION_CONTEXT('2D SPACE',''
  ) );
#4531 = ADVANCED_FACE('',(#4532),#1528,.F.);
#4532 = FACE_BOUND('',#4533,.F.);
#4533 = EDGE_LOOP('',(#4534,#4535,#4536,#4556));
#4534 = ORIENTED_EDGE('',*,*,#4199,.F.);
#4535 = ORIENTED_EDGE('',*,*,#1474,.F.);
#4536 = ORIENTED_EDGE('',*,*,#4537,.T.);
#4537 = EDGE_CURVE('',#1450,#2097,#4538,.T.);
#4538 = SURFACE_CURVE('',#4539,(#4542,#4549),.PCURVE_S1.);
#4539 = B_SPLINE_CURVE_WITH_KNOTS('',1,(#4540,#4541),.UNSPECIFIED.,.F.,
  .F.,(2,2),(0.,1.),.PIECEWISE_BEZIER_KNOTS.);
#4540 = CARTESIAN_POINT('',(-59.5,-98.5,-30.7));
#4541 = CARTESIAN_POINT('',(-44.5,-56.,0.2));
#4542 = PCURVE('',#1528,#4543);
#4543 = DEFINITIONAL_REPRESENTATION('',(#4544),#4548);
#4544 = LINE('',#4545,#4546);
#4545 = CARTESIAN_POINT('',(4.712388980385,0.));
#4546 = VECTOR('',#4547,1.);
#4547 = DIRECTION('',(0.,1.));
#4548 = ( GEOMETRIC_REPRESENTATION_CONTEXT(2) 
PARAMETRIC_REPRESENTATION_CONTEXT() REPRESENTATION_CONTEXT('2D SPACE',''
  ) );
#4549 = PCURVE('',#1463,#4550);
#4550 = DEFINITIONAL_REPRESENTATION('',(#4551),#4555);
#4551 = LINE('',#4552,#4553);
#4552 = CARTESIAN_POINT('',(0.,0.));
#4553 = VECTOR('',#4554,1.);
#4554 = DIRECTION('',(0.,1.));
#4555 = ( GEOMETRIC_REPRESENTATION_CONTEXT(2) 
PARAMETRIC_REPRESENTATION_CONTEXT() REPRESENTATION_CONTEXT('2D SPACE',''
  ) );
#4556 = ORIENTED_EDGE('',*,*,#2116,.T.);
#4557 = ADVANCED_FACE('',(#4558,#4583),#1463,.F.);
#4558 = FACE_BOUND('',#4559,.F.);
#4559 = EDGE_LOOP('',(#4560,#4561,#4581,#4582));
#4560 = ORIENTED_EDGE('',*,*,#1449,.F.);
#4561 = ORIENTED_EDGE('',*,*,#4562,.T.);
#4562 = EDGE_CURVE('',#1351,#2017,#4563,.T.);
#4563 = SURFACE_CURVE('',#4564,(#4567,#4574),.PCURVE_S1.);
#4564 = B_SPLINE_CURVE_WITH_KNOTS('',1,(#4565,#4566),.UNSPECIFIED.,.F.,
  .F.,(2,2),(0.,1.),.PIECEWISE_BEZIER_KNOTS.);
#4565 = CARTESIAN_POINT('',(59.5,-98.5,-30.7));
#4566 = CARTESIAN_POINT('',(44.5,-56.,0.2));
#4567 = PCURVE('',#1463,#4568);
#4568 = DEFINITIONAL_REPRESENTATION('',(#4569),#4573);
#4569 = LINE('',#4570,#4571);
#4570 = CARTESIAN_POINT('',(119.,0.));
#4571 = VECTOR('',#4572,1.);
#4572 = DIRECTION('',(0.,1.));
#4573 = ( GEOMETRIC_REPRESENTATION_CONTEXT(2) 
PARAMETRIC_REPRESENTATION_CONTEXT() REPRESENTATION_CONTEXT('2D SPACE',''
  ) );
#4574 = PCURVE('',#1404,#4575);
#4575 = DEFINITIONAL_REPRESENTATION('',(#4576),#4580);
#4576 = LINE('',#4577,#4578);
#4577 = CARTESIAN_POINT('',(4.712388980385,0.));
#4578 = VECTOR('',#4579,1.);
#4579 = DIRECTION('',(0.,1.));
#4580 = ( GEOMETRIC_REPRESENTATION_CONTEXT(2) 
PARAMETRIC_REPRESENTATION_CONTEXT() REPRESENTATION_CONTEXT('2D SPACE',''
  ) );
#4581 = ORIENTED_EDGE('',*,*,#2096,.T.);
#4582 = ORIENTED_EDGE('',*,*,#4537,.F.);
#4583 = FACE_BOUND('',#4584,.F.);
#4584 = EDGE_LOOP('',(#4585,#4612,#4667,#4692));
#4585 = ORIENTED_EDGE('',*,*,#4586,.T.);
#4586 = EDGE_CURVE('',#4587,#4589,#4591,.T.);
#4587 = VERTEX_POINT('',#4588);
#4588 = CARTESIAN_POINT('',(5.,-83.09546925566,-19.5));
#4589 = VERTEX_POINT('',#4590);
#4590 = CARTESIAN_POINT('',(-5.,-83.09546925566,-19.5));
#4591 = SURFACE_CURVE('',#4592,(#4595,#4601),.PCURVE_S1.);
#4592 = B_SPLINE_CURVE_WITH_KNOTS('',1,(#4593,#4594),.UNSPECIFIED.,.F.,
  .F.,(2,2),(0.,1.),.PIECEWISE_BEZIER_KNOTS.);
#4593 = CARTESIAN_POINT('',(5.,-83.09546925566,-19.5));
#4594 = CARTESIAN_POINT('',(-5.,-83.09546925566,-19.5));
#4595 = PCURVE('',#1463,#4596);
#4596 = DEFINITIONAL_REPRESENTATION('',(#4597),#4600);
#4597 = B_SPLINE_CURVE_WITH_KNOTS('',1,(#4598,#4599),.UNSPECIFIED.,.F.,
  .F.,(2,2),(0.,1.),.PIECEWISE_BEZIER_KNOTS.);
#4598 = CARTESIAN_POINT('',(65.002828409805,0.362459546926));
#4599 = CARTESIAN_POINT('',(53.997171590195,0.362459546926));
#4600 = ( GEOMETRIC_REPRESENTATION_CONTEXT(2) 
PARAMETRIC_REPRESENTATION_CONTEXT() REPRESENTATION_CONTEXT('2D SPACE',''
  ) );
#4601 = PCURVE('',#4602,#4607);
#4602 = PLANE('',#4603);
#4603 = AXIS2_PLACEMENT_3D('',#4604,#4605,#4606);
#4604 = CARTESIAN_POINT('',(-5.,-184.,-19.5));
#4605 = DIRECTION('',(0.,0.,1.));
#4606 = DIRECTION('',(1.,0.,0.));
#4607 = DEFINITIONAL_REPRESENTATION('',(#4608),#4611);
#4608 = B_SPLINE_CURVE_WITH_KNOTS('',1,(#4609,#4610),.UNSPECIFIED.,.F.,
  .F.,(2,2),(0.,1.),.PIECEWISE_BEZIER_KNOTS.);
#4609 = CARTESIAN_POINT('',(10.,100.90453074433));
#4610 = CARTESIAN_POINT('',(0.,100.90453074433));
#4611 = ( GEOMETRIC_REPRESENTATION_CONTEXT(2) 
PARAMETRIC_REPRESENTATION_CONTEXT() REPRESENTATION_CONTEXT('2D SPACE',''
  ) );
#4612 = ORIENTED_EDGE('',*,*,#4613,.T.);
#4613 = EDGE_CURVE('',#4589,#4614,#4616,.T.);
#4614 = VERTEX_POINT('',#4615);
#4615 = CARTESIAN_POINT('',(-5.,-78.96925566343,-16.5));
#4616 = SURFACE_CURVE('',#4617,(#4630,#4646),.PCURVE_S1.);
#4617 = B_SPLINE_CURVE_WITH_KNOTS('',6,(#4618,#4619,#4620,#4621,#4622,
    #4623,#4624,#4625,#4626,#4627,#4628,#4629),.UNSPECIFIED.,.F.,.F.,(7,
    5,7),(0.,0.134134529149,1.),.UNSPECIFIED.);
#4618 = CARTESIAN_POINT('',(-5.,-83.09546925566,-19.5));
#4619 = CARTESIAN_POINT('',(-5.,-83.06775973564,-19.47985354897));
#4620 = CARTESIAN_POINT('',(-5.,-82.96462775688,-19.40487053382));
#4621 = CARTESIAN_POINT('',(-5.,-82.86054742371,-19.32919800924));
#4622 = CARTESIAN_POINT('',(-5.,-82.7819506541,-19.27205353439));
#4623 = CARTESIAN_POINT('',(-5.,-82.71659743546,-19.22453790014));
#4624 = CARTESIAN_POINT('',(-5.,-82.01342812098,-18.7132924456));
#4625 = CARTESIAN_POINT('',(-5.,-81.40458306482,-18.27062627536));
#4626 = CARTESIAN_POINT('',(-5.,-80.79574313138,-17.82796382963));
#4627 = CARTESIAN_POINT('',(-5.,-80.18690847682,-17.38530522197));
#4628 = CARTESIAN_POINT('',(-5.,-79.57807926419,-16.94265057091));
#4629 = CARTESIAN_POINT('',(-5.,-78.96925566343,-16.5));
#4630 = PCURVE('',#1463,#4631);
#4631 = DEFINITIONAL_REPRESENTATION('',(#4632),#4645);
#4632 = B_SPLINE_CURVE_WITH_KNOTS('',6,(#4633,#4634,#4635,#4636,#4637,
    #4638,#4639,#4640,#4641,#4642,#4643,#4644),.UNSPECIFIED.,.F.,.F.,(7,
    5,7),(0.,0.134134529149,1.),.UNSPECIFIED.);
#4633 = CARTESIAN_POINT('',(53.997171506657,0.362459546926));
#4634 = CARTESIAN_POINT('',(53.996176063856,0.363111535632));
#4635 = CARTESIAN_POINT('',(53.992471712531,0.365538170426));
#4636 = CARTESIAN_POINT('',(53.98872320437,0.367987119442));
#4637 = CARTESIAN_POINT('',(53.985886519194,0.369836455198));
#4638 = CARTESIAN_POINT('',(53.983529273505,0.371374177989));
#4639 = CARTESIAN_POINT('',(53.958111672466,0.38791933833));
#4640 = CARTESIAN_POINT('',(53.935893050628,0.402245104357));
#4641 = CARTESIAN_POINT('',(53.91346023051,0.41657074985));
#4642 = CARTESIAN_POINT('',(53.890809313069,0.430896271134));
#4643 = CARTESIAN_POINT('',(53.867936299754,0.445221664372));
#4644 = CARTESIAN_POINT('',(53.844837092505,0.459546925566));
#4645 = ( GEOMETRIC_REPRESENTATION_CONTEXT(2) 
PARAMETRIC_REPRESENTATION_CONTEXT() REPRESENTATION_CONTEXT('2D SPACE',''
  ) );
#4646 = PCURVE('',#4647,#4652);
#4647 = PLANE('',#4648);
#4648 = AXIS2_PLACEMENT_3D('',#4649,#4650,#4651);
#4649 = CARTESIAN_POINT('',(-5.,-184.,-19.5));
#4650 = DIRECTION('',(1.,0.,0.));
#4651 = DIRECTION('',(0.,0.,1.));
#4652 = DEFINITIONAL_REPRESENTATION('',(#4653),#4666);
#4653 = B_SPLINE_CURVE_WITH_KNOTS('',6,(#4654,#4655,#4656,#4657,#4658,
    #4659,#4660,#4661,#4662,#4663,#4664,#4665),.UNSPECIFIED.,.F.,.F.,(7,
    5,7),(0.,0.134134529149,1.),.UNSPECIFIED.);
#4654 = CARTESIAN_POINT('',(0.,-100.9045307443));
#4655 = CARTESIAN_POINT('',(2.014645102581E-02,-100.9322402643));
#4656 = CARTESIAN_POINT('',(9.512946617414E-02,-101.0353722431));
#4657 = CARTESIAN_POINT('',(0.170801990755,-101.1394525762));
#4658 = CARTESIAN_POINT('',(0.227946465607,-101.2180493459));
#4659 = CARTESIAN_POINT('',(0.27546209986,-101.2834025645));
#4660 = CARTESIAN_POINT('',(0.786707554391,-101.986571879));
#4661 = CARTESIAN_POINT('',(1.229373724633,-102.5954169351));
#4662 = CARTESIAN_POINT('',(1.672036170361,-103.2042568686));
#4663 = CARTESIAN_POINT('',(2.114694778028,-103.8130915231));
#4664 = CARTESIAN_POINT('',(2.557349429088,-104.4219207358));
#4665 = CARTESIAN_POINT('',(3.,-105.0307443365));
#4666 = ( GEOMETRIC_REPRESENTATION_CONTEXT(2) 
PARAMETRIC_REPRESENTATION_CONTEXT() REPRESENTATION_CONTEXT('2D SPACE',''
  ) );
#4667 = ORIENTED_EDGE('',*,*,#4668,.F.);
#4668 = EDGE_CURVE('',#4669,#4614,#4671,.T.);
#4669 = VERTEX_POINT('',#4670);
#4670 = CARTESIAN_POINT('',(5.,-78.96925566343,-16.5));
#4671 = SURFACE_CURVE('',#4672,(#4675,#4681),.PCURVE_S1.);
#4672 = B_SPLINE_CURVE_WITH_KNOTS('',1,(#4673,#4674),.UNSPECIFIED.,.F.,
  .F.,(2,2),(0.,1.),.PIECEWISE_BEZIER_KNOTS.);
#4673 = CARTESIAN_POINT('',(5.,-78.96925566343,-16.5));
#4674 = CARTESIAN_POINT('',(-5.,-78.96925566343,-16.5));
#4675 = PCURVE('',#1463,#4676);
#4676 = DEFINITIONAL_REPRESENTATION('',(#4677),#4680);
#4677 = B_SPLINE_CURVE_WITH_KNOTS('',1,(#4678,#4679),.UNSPECIFIED.,.F.,
  .F.,(2,2),(0.,1.),.PIECEWISE_BEZIER_KNOTS.);
#4678 = CARTESIAN_POINT('',(65.155162867952,0.459546925566));
#4679 = CARTESIAN_POINT('',(53.844837132048,0.459546925566));
#4680 = ( GEOMETRIC_REPRESENTATION_CONTEXT(2) 
PARAMETRIC_REPRESENTATION_CONTEXT() REPRESENTATION_CONTEXT('2D SPACE',''
  ) );
#4681 = PCURVE('',#4682,#4687);
#4682 = PLANE('',#4683);
#4683 = AXIS2_PLACEMENT_3D('',#4684,#4685,#4686);
#4684 = CARTESIAN_POINT('',(-5.,-184.,-16.5));
#4685 = DIRECTION('',(0.,0.,1.));
#4686 = DIRECTION('',(1.,0.,0.));
#4687 = DEFINITIONAL_REPRESENTATION('',(#4688),#4691);
#4688 = B_SPLINE_CURVE_WITH_KNOTS('',1,(#4689,#4690),.UNSPECIFIED.,.F.,
  .F.,(2,2),(0.,1.),.PIECEWISE_BEZIER_KNOTS.);
#4689 = CARTESIAN_POINT('',(10.,105.03074433657));
#4690 = CARTESIAN_POINT('',(0.,105.03074433657));
#4691 = ( GEOMETRIC_REPRESENTATION_CONTEXT(2) 
PARAMETRIC_REPRESENTATION_CONTEXT() REPRESENTATION_CONTEXT('2D SPACE',''
  ) );
#4692 = ORIENTED_EDGE('',*,*,#4693,.F.);
#4693 = EDGE_CURVE('',#4587,#4669,#4694,.T.);
#4694 = SURFACE_CURVE('',#4695,(#4708,#4724),.PCURVE_S1.);
#4695 = B_SPLINE_CURVE_WITH_KNOTS('',6,(#4696,#4697,#4698,#4699,#4700,
    #4701,#4702,#4703,#4704,#4705,#4706,#4707),.UNSPECIFIED.,.F.,.F.,(7,
    5,7),(0.,0.13413452915,1.),.UNSPECIFIED.);
#4696 = CARTESIAN_POINT('',(5.,-83.09546925566,-19.5));
#4697 = CARTESIAN_POINT('',(5.,-83.06775973564,-19.47985354897));
#4698 = CARTESIAN_POINT('',(5.,-82.96462775687,-19.40487053382));
#4699 = CARTESIAN_POINT('',(5.,-82.86054742371,-19.32919800924));
#4700 = CARTESIAN_POINT('',(5.,-82.7819506541,-19.27205353439));
#4701 = CARTESIAN_POINT('',(5.,-82.71659743546,-19.22453790014));
#4702 = CARTESIAN_POINT('',(5.,-82.01342812098,-18.7132924456));
#4703 = CARTESIAN_POINT('',(5.,-81.40458306482,-18.27062627536));
#4704 = CARTESIAN_POINT('',(5.,-80.79574313138,-17.82796382963));
#4705 = CARTESIAN_POINT('',(5.,-80.18690847682,-17.38530522197));
#4706 = CARTESIAN_POINT('',(5.,-79.57807926419,-16.94265057091));
#4707 = CARTESIAN_POINT('',(5.,-78.96925566343,-16.5));
#4708 = PCURVE('',#1463,#4709);
#4709 = DEFINITIONAL_REPRESENTATION('',(#4710),#4723);
#4710 = B_SPLINE_CURVE_WITH_KNOTS('',6,(#4711,#4712,#4713,#4714,#4715,
    #4716,#4717,#4718,#4719,#4720,#4721,#4722),.UNSPECIFIED.,.F.,.F.,(7,
    5,7),(0.,0.13413452915,1.),.UNSPECIFIED.);
#4711 = CARTESIAN_POINT('',(65.002828493343,0.362459546926));
#4712 = CARTESIAN_POINT('',(65.003823936144,0.363111535632));
#4713 = CARTESIAN_POINT('',(65.007528287469,0.365538170426));
#4714 = CARTESIAN_POINT('',(65.01127679563,0.367987119442));
#4715 = CARTESIAN_POINT('',(65.014113480807,0.369836455198));
#4716 = CARTESIAN_POINT('',(65.016470726495,0.371374177989));
#4717 = CARTESIAN_POINT('',(65.041888327534,0.38791933833));
#4718 = CARTESIAN_POINT('',(65.064106949372,0.402245104357));
#4719 = CARTESIAN_POINT('',(65.08653976949,0.41657074985));
#4720 = CARTESIAN_POINT('',(65.109190686931,0.430896271134));
#4721 = CARTESIAN_POINT('',(65.132063700246,0.445221664372));
#4722 = CARTESIAN_POINT('',(65.155162907495,0.459546925566));
#4723 = ( GEOMETRIC_REPRESENTATION_CONTEXT(2) 
PARAMETRIC_REPRESENTATION_CONTEXT() REPRESENTATION_CONTEXT('2D SPACE',''
  ) );
#4724 = PCURVE('',#4725,#4730);
#4725 = PLANE('',#4726);
#4726 = AXIS2_PLACEMENT_3D('',#4727,#4728,#4729);
#4727 = CARTESIAN_POINT('',(5.,-184.,-19.5));
#4728 = DIRECTION('',(1.,0.,0.));
#4729 = DIRECTION('',(0.,0.,1.));
#4730 = DEFINITIONAL_REPRESENTATION('',(#4731),#4744);
#4731 = B_SPLINE_CURVE_WITH_KNOTS('',6,(#4732,#4733,#4734,#4735,#4736,
    #4737,#4738,#4739,#4740,#4741,#4742,#4743),.UNSPECIFIED.,.F.,.F.,(7,
    5,7),(0.,0.13413452915,1.),.UNSPECIFIED.);
#4732 = CARTESIAN_POINT('',(0.,-100.9045307443));
#4733 = CARTESIAN_POINT('',(2.01464510265E-02,-100.9322402643));
#4734 = CARTESIAN_POINT('',(9.512946617488E-02,-101.0353722431));
#4735 = CARTESIAN_POINT('',(0.170801990755,-101.1394525762));
#4736 = CARTESIAN_POINT('',(0.227946465607,-101.2180493459));
#4737 = CARTESIAN_POINT('',(0.27546209986,-101.2834025645));
#4738 = CARTESIAN_POINT('',(0.786707554391,-101.986571879));
#4739 = CARTESIAN_POINT('',(1.229373724633,-102.5954169351));
#4740 = CARTESIAN_POINT('',(1.672036170361,-103.2042568686));
#4741 = CARTESIAN_POINT('',(2.114694778028,-103.8130915231));
#4742 = CARTESIAN_POINT('',(2.557349429088,-104.4219207358));
#4743 = CARTESIAN_POINT('',(3.,-105.0307443365));
#4744 = ( GEOMETRIC_REPRESENTATION_CONTEXT(2) 
PARAMETRIC_REPRESENTATION_CONTEXT() REPRESENTATION_CONTEXT('2D SPACE',''
  ) );
#4745 = ADVANCED_FACE('',(#4746),#1404,.F.);
#4746 = FACE_BOUND('',#4747,.F.);
#4747 = EDGE_LOOP('',(#4748,#4749,#4750,#4770));
#4748 = ORIENTED_EDGE('',*,*,#4562,.F.);
#4749 = ORIENTED_EDGE('',*,*,#1350,.F.);
#4750 = ORIENTED_EDGE('',*,*,#4751,.T.);
#4751 = EDGE_CURVE('',#1326,#1997,#4752,.T.);
#4752 = SURFACE_CURVE('',#4753,(#4756,#4763),.PCURVE_S1.);
#4753 = B_SPLINE_CURVE_WITH_KNOTS('',1,(#4754,#4755),.UNSPECIFIED.,.F.,
  .F.,(2,2),(0.,1.),.PIECEWISE_BEZIER_KNOTS.);
#4754 = CARTESIAN_POINT('',(88.5,-69.5,-30.7));
#4755 = CARTESIAN_POINT('',(56.,-44.5,0.2));
#4756 = PCURVE('',#1404,#4757);
#4757 = DEFINITIONAL_REPRESENTATION('',(#4758),#4762);
#4758 = LINE('',#4759,#4760);
#4759 = CARTESIAN_POINT('',(6.28318530718,0.));
#4760 = VECTOR('',#4761,1.);
#4761 = DIRECTION('',(0.,1.));
#4762 = ( GEOMETRIC_REPRESENTATION_CONTEXT(2) 
PARAMETRIC_REPRESENTATION_CONTEXT() REPRESENTATION_CONTEXT('2D SPACE',''
  ) );
#4763 = PCURVE('',#1339,#4764);
#4764 = DEFINITIONAL_REPRESENTATION('',(#4765),#4769);
#4765 = LINE('',#4766,#4767);
#4766 = CARTESIAN_POINT('',(0.,0.));
#4767 = VECTOR('',#4768,1.);
#4768 = DIRECTION('',(0.,1.));
#4769 = ( GEOMETRIC_REPRESENTATION_CONTEXT(2) 
PARAMETRIC_REPRESENTATION_CONTEXT() REPRESENTATION_CONTEXT('2D SPACE',''
  ) );
#4770 = ORIENTED_EDGE('',*,*,#2016,.T.);
#4771 = ADVANCED_FACE('',(#4772,#4797),#1339,.F.);
#4772 = FACE_BOUND('',#4773,.F.);
#4773 = EDGE_LOOP('',(#4774,#4775,#4776,#4796));
#4774 = ORIENTED_EDGE('',*,*,#4751,.F.);
#4775 = ORIENTED_EDGE('',*,*,#1325,.F.);
#4776 = ORIENTED_EDGE('',*,*,#4777,.T.);
#4777 = EDGE_CURVE('',#1227,#1917,#4778,.T.);
#4778 = SURFACE_CURVE('',#4779,(#4782,#4789),.PCURVE_S1.);
#4779 = B_SPLINE_CURVE_WITH_KNOTS('',1,(#4780,#4781),.UNSPECIFIED.,.F.,
  .F.,(2,2),(0.,1.),.PIECEWISE_BEZIER_KNOTS.);
#4780 = CARTESIAN_POINT('',(88.5,69.5,-30.7));
#4781 = CARTESIAN_POINT('',(56.,44.5,0.2));
#4782 = PCURVE('',#1339,#4783);
#4783 = DEFINITIONAL_REPRESENTATION('',(#4784),#4788);
#4784 = LINE('',#4785,#4786);
#4785 = CARTESIAN_POINT('',(139.,0.));
#4786 = VECTOR('',#4787,1.);
#4787 = DIRECTION('',(0.,1.));
#4788 = ( GEOMETRIC_REPRESENTATION_CONTEXT(2) 
PARAMETRIC_REPRESENTATION_CONTEXT() REPRESENTATION_CONTEXT('2D SPACE',''
  ) );
#4789 = PCURVE('',#1280,#4790);
#4790 = DEFINITIONAL_REPRESENTATION('',(#4791),#4795);
#4791 = LINE('',#4792,#4793);
#4792 = CARTESIAN_POINT('',(0.,0.));
#4793 = VECTOR('',#4794,1.);
#4794 = DIRECTION('',(0.,1.));
#4795 = ( GEOMETRIC_REPRESENTATION_CONTEXT(2) 
PARAMETRIC_REPRESENTATION_CONTEXT() REPRESENTATION_CONTEXT('2D SPACE',''
  ) );
#4796 = ORIENTED_EDGE('',*,*,#1996,.T.);
#4797 = FACE_BOUND('',#4798,.F.);
#4798 = EDGE_LOOP('',(#4799,#4826,#4956,#4981));
#4799 = ORIENTED_EDGE('',*,*,#4800,.T.);
#4800 = EDGE_CURVE('',#4801,#4803,#4805,.T.);
#4801 = VERTEX_POINT('',#4802);
#4802 = CARTESIAN_POINT('',(76.720064724919,5.,-19.5));
#4803 = VERTEX_POINT('',#4804);
#4804 = CARTESIAN_POINT('',(76.720064724919,-5.,-19.5));
#4805 = SURFACE_CURVE('',#4806,(#4809,#4815),.PCURVE_S1.);
#4806 = B_SPLINE_CURVE_WITH_KNOTS('',1,(#4807,#4808),.UNSPECIFIED.,.F.,
  .F.,(2,2),(0.,1.),.PIECEWISE_BEZIER_KNOTS.);
#4807 = CARTESIAN_POINT('',(76.720064724919,5.,-19.5));
#4808 = CARTESIAN_POINT('',(76.720064724919,-5.,-19.5));
#4809 = PCURVE('',#1339,#4810);
#4810 = DEFINITIONAL_REPRESENTATION('',(#4811),#4814);
#4811 = B_SPLINE_CURVE_WITH_KNOTS('',1,(#4812,#4813),.UNSPECIFIED.,.F.,
  .F.,(2,2),(0.,1.),.PIECEWISE_BEZIER_KNOTS.);
#4812 = CARTESIAN_POINT('',(75.249645257155,0.362459546926));
#4813 = CARTESIAN_POINT('',(63.750354742845,0.362459546926));
#4814 = ( GEOMETRIC_REPRESENTATION_CONTEXT(2) 
PARAMETRIC_REPRESENTATION_CONTEXT() REPRESENTATION_CONTEXT('2D SPACE',''
  ) );
#4815 = PCURVE('',#4816,#4821);
#4816 = PLANE('',#4817);
#4817 = AXIS2_PLACEMENT_3D('',#4818,#4819,#4820);
#4818 = CARTESIAN_POINT('',(62.,-5.,-19.5));
#4819 = DIRECTION('',(0.,0.,1.));
#4820 = DIRECTION('',(1.,0.,0.));
#4821 = DEFINITIONAL_REPRESENTATION('',(#4822),#4825);
#4822 = B_SPLINE_CURVE_WITH_KNOTS('',1,(#4823,#4824),.UNSPECIFIED.,.F.,
  .F.,(2,2),(0.,1.),.PIECEWISE_BEZIER_KNOTS.);
#4823 = CARTESIAN_POINT('',(14.720064724919,10.));
#4824 = CARTESIAN_POINT('',(14.720064724919,0.));
#4825 = ( GEOMETRIC_REPRESENTATION_CONTEXT(2) 
PARAMETRIC_REPRESENTATION_CONTEXT() REPRESENTATION_CONTEXT('2D SPACE',''
  ) );
#4826 = ORIENTED_EDGE('',*,*,#4827,.T.);
#4827 = EDGE_CURVE('',#4803,#4828,#4830,.T.);
#4828 = VERTEX_POINT('',#4829);
#4829 = CARTESIAN_POINT('',(73.564724919094,-5.,-16.5));
#4830 = SURFACE_CURVE('',#4831,(#4869,#4910),.PCURVE_S1.);
#4831 = B_SPLINE_CURVE_WITH_KNOTS('',8,(#4832,#4833,#4834,#4835,#4836,
    #4837,#4838,#4839,#4840,#4841,#4842,#4843,#4844,#4845,#4846,#4847,
    #4848,#4849,#4850,#4851,#4852,#4853,#4854,#4855,#4856,#4857,#4858,
    #4859,#4860,#4861,#4862,#4863,#4864,#4865,#4866,#4867,#4868),
  .UNSPECIFIED.,.F.,.F.,(9,7,7,7,7,9),(0.,0.131531570302,0.557791505358,
    0.770937606651,0.877513480843,1.),.UNSPECIFIED.);
#4832 = CARTESIAN_POINT('',(76.720064724919,-5.,-19.5));
#4833 = CARTESIAN_POINT('',(76.706570257597,-5.,-19.48716987568));
#4834 = CARTESIAN_POINT('',(76.659669004969,-5.,-19.4425776078));
#4835 = CARTESIAN_POINT('',(76.601600136504,-5.,-19.38736751439));
#4836 = CARTESIAN_POINT('',(76.545749761797,-5.,-19.3342666966));
#4837 = CARTESIAN_POINT('',(76.497699462353,-5.,-19.28858195036));
#4838 = CARTESIAN_POINT('',(76.456228737549,-5.,-19.24915286123));
#4839 = CARTESIAN_POINT('',(76.414275228883,-5.,-19.20926475607));
#4840 = CARTESIAN_POINT('',(76.183465321998,-5.,-18.98981779845));
#4841 = CARTESIAN_POINT('',(76.007084780324,-5.,-18.82212060652));
#4842 = CARTESIAN_POINT('',(75.83070687351,-5.,-18.65442591973));
#4843 = CARTESIAN_POINT('',(75.654331641239,-5.,-18.48673377582));
#4844 = CARTESIAN_POINT('',(75.477959124082,-5.,-18.31904421335));
#4845 = CARTESIAN_POINT('',(75.301589363501,-5.,-18.15135727175));
#4846 = CARTESIAN_POINT('',(75.125222401847,-5.,-17.98367299129));
#4847 = CARTESIAN_POINT('',(74.860669547306,-5.,-17.73214427728));
#4848 = CARTESIAN_POINT('',(74.772481522913,-5.,-17.64829781716));
#4849 = CARTESIAN_POINT('',(74.684294214591,-5.,-17.56445203787));
#4850 = CARTESIAN_POINT('',(74.596107627813,-5.,-17.48060694459));
#4851 = CARTESIAN_POINT('',(74.507921768113,-5.,-17.3967625426));
#4852 = CARTESIAN_POINT('',(74.419736641085,-5.,-17.31291883721));
#4853 = CARTESIAN_POINT('',(74.331552252387,-5.,-17.2290758338));
#4854 = CARTESIAN_POINT('',(74.19927561724,-5.,-17.10331127916));
#4855 = CARTESIAN_POINT('',(74.155182643123,-5.,-17.06138903607));
#4856 = CARTESIAN_POINT('',(74.111089685398,-5.,-17.01946680857));
#4857 = CARTESIAN_POINT('',(74.066996744084,-5.,-16.97754459668));
#4858 = CARTESIAN_POINT('',(74.022903819197,-5.,-16.9356224004));
#4859 = CARTESIAN_POINT('',(73.978810910753,-5.,-16.89370021976));
#4860 = CARTESIAN_POINT('',(73.934718018771,-5.,-16.85177805477));
#4861 = CARTESIAN_POINT('',(73.839949670218,-5.,-16.76167522491));
#4862 = CARTESIAN_POINT('',(73.80213900245,-5.,-16.7257260054));
#4863 = CARTESIAN_POINT('',(73.765079461226,-5.,-16.6904909339));
#4864 = CARTESIAN_POINT('',(73.721242877888,-5.,-16.64881245928));
#4865 = CARTESIAN_POINT('',(73.669003250662,-5.,-16.59914462909));
#4866 = CARTESIAN_POINT('',(73.614058277717,-5.,-16.54690463942));
#4867 = CARTESIAN_POINT('',(73.57095576646,-5.,-16.50592409795));
#4868 = CARTESIAN_POINT('',(73.564724919094,-5.,-16.5));
#4869 = PCURVE('',#1339,#4870);
#4870 = DEFINITIONAL_REPRESENTATION('',(#4871),#4909);
#4871 = B_SPLINE_CURVE_WITH_KNOTS('',8,(#4872,#4873,#4874,#4875,#4876,
    #4877,#4878,#4879,#4880,#4881,#4882,#4883,#4884,#4885,#4886,#4887,
    #4888,#4889,#4890,#4891,#4892,#4893,#4894,#4895,#4896,#4897,#4898,
    #4899,#4900,#4901,#4902,#4903,#4904,#4905,#4906,#4907,#4908),
  .UNSPECIFIED.,.F.,.F.,(9,7,7,7,7,9),(0.,0.131531570302,0.557791505358,
    0.770937606651,0.877513480843,1.),.UNSPECIFIED.);
#4872 = CARTESIAN_POINT('',(63.750354571798,0.362459546926));
#4873 = CARTESIAN_POINT('',(63.7493670659,0.362874761305));
#4874 = CARTESIAN_POINT('',(63.745935999915,0.36431787677));
#4875 = CARTESIAN_POINT('',(63.74167853019,0.366104611184));
#4876 = CARTESIAN_POINT('',(63.737577696035,0.367823084252));
#4877 = CARTESIAN_POINT('',(63.734038748483,0.369301555005));
#4878 = CARTESIAN_POINT('',(63.730985263591,0.370577577306));
#4879 = CARTESIAN_POINT('',(63.727892868074,0.371868454496));
#4880 = CARTESIAN_POINT('',(63.710846584133,0.378970297785));
#4881 = CARTESIAN_POINT('',(63.697752987306,0.384397391375));
#4882 = CARTESIAN_POINT('',(63.684591832363,0.389824403892));
#4883 = CARTESIAN_POINT('',(63.671362511344,0.395251334116));
#4884 = CARTESIAN_POINT('',(63.658064407381,0.400678180797));
#4885 = CARTESIAN_POINT('',(63.644696894694,0.406104942662));
#4886 = CARTESIAN_POINT('',(63.631259338593,0.411531618405));
#4887 = CARTESIAN_POINT('',(63.610996462638,0.419671706237));
#4888 = CARTESIAN_POINT('',(63.604224155314,0.42238518391));
#4889 = CARTESIAN_POINT('',(63.597434092999,0.425098639551));
#4890 = CARTESIAN_POINT('',(63.590626194593,0.42781207299));
#4891 = CARTESIAN_POINT('',(63.5838003784,0.430525484058));
#4892 = CARTESIAN_POINT('',(63.576956562128,0.433238872582));
#4893 = CARTESIAN_POINT('',(63.57009466289,0.435952238388));
#4894 = CARTESIAN_POINT('',(63.55977447322,0.4400222887));
#4895 = CARTESIAN_POINT('',(63.556329794146,0.441378995596));
#4896 = CARTESIAN_POINT('',(63.552880549429,0.442735701988));
#4897 = CARTESIAN_POINT('',(63.549426728475,0.444092407874));
#4898 = CARTESIAN_POINT('',(63.545968320652,0.445449113255));
#4899 = CARTESIAN_POINT('',(63.542505315288,0.446805818131));
#4900 = CARTESIAN_POINT('',(63.539037701672,0.448162522499));
#4901 = CARTESIAN_POINT('',(63.531574869018,0.451078471686));
#4902 = CARTESIAN_POINT('',(63.528591051626,0.452241876848));
#4903 = CARTESIAN_POINT('',(63.525665986278,0.453382170424));
#4904 = CARTESIAN_POINT('',(63.522203005346,0.454730988373));
#4905 = CARTESIAN_POINT('',(63.518068437065,0.456338361518));
#4906 = CARTESIAN_POINT('',(63.513710476106,0.45802897607));
#4907 = CARTESIAN_POINT('',(63.510285291812,0.459355207186));
#4908 = CARTESIAN_POINT('',(63.509790374117,0.459546925566));
#4909 = ( GEOMETRIC_REPRESENTATION_CONTEXT(2) 
PARAMETRIC_REPRESENTATION_CONTEXT() REPRESENTATION_CONTEXT('2D SPACE',''
  ) );
#4910 = PCURVE('',#4911,#4916);
#4911 = PLANE('',#4912);
#4912 = AXIS2_PLACEMENT_3D('',#4913,#4914,#4915);
#4913 = CARTESIAN_POINT('',(62.,-5.,-19.5));
#4914 = DIRECTION('',(0.,1.,0.));
#4915 = DIRECTION('',(0.,0.,1.));
#4916 = DEFINITIONAL_REPRESENTATION('',(#4917),#4955);
#4917 = B_SPLINE_CURVE_WITH_KNOTS('',8,(#4918,#4919,#4920,#4921,#4922,
    #4923,#4924,#4925,#4926,#4927,#4928,#4929,#4930,#4931,#4932,#4933,
    #4934,#4935,#4936,#4937,#4938,#4939,#4940,#4941,#4942,#4943,#4944,
    #4945,#4946,#4947,#4948,#4949,#4950,#4951,#4952,#4953,#4954),
  .UNSPECIFIED.,.F.,.F.,(9,7,7,7,7,9),(0.,0.131531570302,0.557791505358,
    0.770937606651,0.877513480843,1.),.UNSPECIFIED.);
#4918 = CARTESIAN_POINT('',(0.,14.720064724919));
#4919 = CARTESIAN_POINT('',(1.283012431503E-02,14.706570257597));
#4920 = CARTESIAN_POINT('',(5.742239219898E-02,14.659669004969));
#4921 = CARTESIAN_POINT('',(0.112632485601,14.601600136504));
#4922 = CARTESIAN_POINT('',(0.165733303399,14.545749761797));
#4923 = CARTESIAN_POINT('',(0.21141804964,14.497699462353));
#4924 = CARTESIAN_POINT('',(0.250847138761,14.456228737549));
#4925 = CARTESIAN_POINT('',(0.290735243924,14.414275228883));
#4926 = CARTESIAN_POINT('',(0.510182201547,14.183465321998));
#4927 = CARTESIAN_POINT('',(0.677879393476,14.007084780324));
#4928 = CARTESIAN_POINT('',(0.845574080263,13.83070687351));
#4929 = CARTESIAN_POINT('',(1.013266224176,13.654331641239));
#4930 = CARTESIAN_POINT('',(1.180955786642,13.477959124082));
#4931 = CARTESIAN_POINT('',(1.348642728241,13.301589363501));
#4932 = CARTESIAN_POINT('',(1.516327008705,13.125222401847));
#4933 = CARTESIAN_POINT('',(1.767855722715,12.860669547306));
#4934 = CARTESIAN_POINT('',(1.851702182831,12.772481522913));
#4935 = CARTESIAN_POINT('',(1.935547962128,12.684294214591));
#4936 = CARTESIAN_POINT('',(2.019393055403,12.596107627813));
#4937 = CARTESIAN_POINT('',(2.103237457394,12.507921768113));
#4938 = CARTESIAN_POINT('',(2.187081162783,12.419736641085));
#4939 = CARTESIAN_POINT('',(2.270924166192,12.331552252387));
#4940 = CARTESIAN_POINT('',(2.396688720839,12.19927561724));
#4941 = CARTESIAN_POINT('',(2.438610963924,12.155182643122));
#4942 = CARTESIAN_POINT('',(2.480533191421,12.111089685398));
#4943 = CARTESIAN_POINT('',(2.522455403317,12.066996744084));
#4944 = CARTESIAN_POINT('',(2.564377599595,12.022903819197));
#4945 = CARTESIAN_POINT('',(2.606299780238,11.978810910753));
#4946 = CARTESIAN_POINT('',(2.64822194523,11.934718018771));
#4947 = CARTESIAN_POINT('',(2.738324775085,11.839949670218));
#4948 = CARTESIAN_POINT('',(2.774273994594,11.80213900245));
#4949 = CARTESIAN_POINT('',(2.809509066096,11.765079461226));
#4950 = CARTESIAN_POINT('',(2.851187540716,11.721242877888));
#4951 = CARTESIAN_POINT('',(2.900855370909,11.669003250662));
#4952 = CARTESIAN_POINT('',(2.953095360571,11.614058277717));
#4953 = CARTESIAN_POINT('',(2.994075902042,11.57095576646));
#4954 = CARTESIAN_POINT('',(3.,11.564724919094));
#4955 = ( GEOMETRIC_REPRESENTATION_CONTEXT(2) 
PARAMETRIC_REPRESENTATION_CONTEXT() REPRESENTATION_CONTEXT('2D SPACE',''
  ) );
#4956 = ORIENTED_EDGE('',*,*,#4957,.F.);
#4957 = EDGE_CURVE('',#4958,#4828,#4960,.T.);
#4958 = VERTEX_POINT('',#4959);
#4959 = CARTESIAN_POINT('',(73.564724919094,5.,-16.5));
#4960 = SURFACE_CURVE('',#4961,(#4964,#4970),.PCURVE_S1.);
#4961 = B_SPLINE_CURVE_WITH_KNOTS('',1,(#4962,#4963),.UNSPECIFIED.,.F.,
  .F.,(2,2),(0.,1.),.PIECEWISE_BEZIER_KNOTS.);
#4962 = CARTESIAN_POINT('',(73.564724919094,5.,-16.5));
#4963 = CARTESIAN_POINT('',(73.564724919094,-5.,-16.5));
#4964 = PCURVE('',#1339,#4965);
#4965 = DEFINITIONAL_REPRESENTATION('',(#4966),#4969);
#4966 = B_SPLINE_CURVE_WITH_KNOTS('',1,(#4967,#4968),.UNSPECIFIED.,.F.,
  .F.,(2,2),(0.,1.),.PIECEWISE_BEZIER_KNOTS.);
#4967 = CARTESIAN_POINT('',(75.490209478118,0.459546925566));
#4968 = CARTESIAN_POINT('',(63.509790521882,0.459546925566));
#4969 = ( GEOMETRIC_REPRESENTATION_CONTEXT(2) 
PARAMETRIC_REPRESENTATION_CONTEXT() REPRESENTATION_CONTEXT('2D SPACE',''
  ) );
#4970 = PCURVE('',#4971,#4976);
#4971 = PLANE('',#4972);
#4972 = AXIS2_PLACEMENT_3D('',#4973,#4974,#4975);
#4973 = CARTESIAN_POINT('',(62.,-5.,-16.5));
#4974 = DIRECTION('',(0.,0.,1.));
#4975 = DIRECTION('',(1.,0.,0.));
#4976 = DEFINITIONAL_REPRESENTATION('',(#4977),#4980);
#4977 = B_SPLINE_CURVE_WITH_KNOTS('',1,(#4978,#4979),.UNSPECIFIED.,.F.,
  .F.,(2,2),(0.,1.),.PIECEWISE_BEZIER_KNOTS.);
#4978 = CARTESIAN_POINT('',(11.564724919094,10.));
#4979 = CARTESIAN_POINT('',(11.564724919094,0.));
#4980 = ( GEOMETRIC_REPRESENTATION_CONTEXT(2) 
PARAMETRIC_REPRESENTATION_CONTEXT() REPRESENTATION_CONTEXT('2D SPACE',''
  ) );
#4981 = ORIENTED_EDGE('',*,*,#4982,.F.);
#4982 = EDGE_CURVE('',#4801,#4958,#4983,.T.);
#4983 = SURFACE_CURVE('',#4984,(#5022,#5063),.PCURVE_S1.);
#4984 = B_SPLINE_CURVE_WITH_KNOTS('',8,(#4985,#4986,#4987,#4988,#4989,
    #4990,#4991,#4992,#4993,#4994,#4995,#4996,#4997,#4998,#4999,#5000,
    #5001,#5002,#5003,#5004,#5005,#5006,#5007,#5008,#5009,#5010,#5011,
    #5012,#5013,#5014,#5015,#5016,#5017,#5018,#5019,#5020,#5021),
  .UNSPECIFIED.,.F.,.F.,(9,7,7,7,7,9),(0.,0.131531570301,0.557791505357,
    0.770937606651,0.877513480843,1.),.UNSPECIFIED.);
#4985 = CARTESIAN_POINT('',(76.720064724919,5.,-19.5));
#4986 = CARTESIAN_POINT('',(76.706570257594,5.,-19.48716987568));
#4987 = CARTESIAN_POINT('',(76.659669004966,5.,-19.44257760779));
#4988 = CARTESIAN_POINT('',(76.601600136503,5.,-19.38736751439));
#4989 = CARTESIAN_POINT('',(76.545749761795,5.,-19.33426669659));
#4990 = CARTESIAN_POINT('',(76.497699462353,5.,-19.28858195036));
#4991 = CARTESIAN_POINT('',(76.456228737546,5.,-19.24915286123));
#4992 = CARTESIAN_POINT('',(76.414275228881,5.,-19.20926475607));
#4993 = CARTESIAN_POINT('',(76.183465321996,5.,-18.98981779845));
#4994 = CARTESIAN_POINT('',(76.007084780323,5.,-18.82212060652));
#4995 = CARTESIAN_POINT('',(75.830706873509,5.,-18.65442591973));
#4996 = CARTESIAN_POINT('',(75.654331641237,5.,-18.48673377582));
#4997 = CARTESIAN_POINT('',(75.47795912408,5.,-18.31904421335));
#4998 = CARTESIAN_POINT('',(75.301589363499,5.,-18.15135727175));
#4999 = CARTESIAN_POINT('',(75.125222401845,5.,-17.98367299129));
#5000 = CARTESIAN_POINT('',(74.860669547304,5.,-17.73214427728));
#5001 = CARTESIAN_POINT('',(74.772481522911,5.,-17.64829781716));
#5002 = CARTESIAN_POINT('',(74.684294214589,5.,-17.56445203787));
#5003 = CARTESIAN_POINT('',(74.596107627811,5.,-17.48060694459));
#5004 = CARTESIAN_POINT('',(74.507921768111,5.,-17.3967625426));
#5005 = CARTESIAN_POINT('',(74.419736641084,5.,-17.31291883721));
#5006 = CARTESIAN_POINT('',(74.331552252386,5.,-17.2290758338));
#5007 = CARTESIAN_POINT('',(74.199275617239,5.,-17.10331127916));
#5008 = CARTESIAN_POINT('',(74.155182643121,5.,-17.06138903607));
#5009 = CARTESIAN_POINT('',(74.111089685397,5.,-17.01946680857));
#5010 = CARTESIAN_POINT('',(74.066996744082,5.,-16.97754459668));
#5011 = CARTESIAN_POINT('',(74.022903819195,5.,-16.9356224004));
#5012 = CARTESIAN_POINT('',(73.978810910752,5.,-16.89370021976));
#5013 = CARTESIAN_POINT('',(73.934718018769,5.,-16.85177805476));
#5014 = CARTESIAN_POINT('',(73.839949670216,5.,-16.76167522491));
#5015 = CARTESIAN_POINT('',(73.802139002449,5.,-16.7257260054));
#5016 = CARTESIAN_POINT('',(73.765079461225,5.,-16.6904909339));
#5017 = CARTESIAN_POINT('',(73.721242877887,5.,-16.64881245928));
#5018 = CARTESIAN_POINT('',(73.669003250661,5.,-16.59914462909));
#5019 = CARTESIAN_POINT('',(73.614058277715,5.,-16.54690463942));
#5020 = CARTESIAN_POINT('',(73.570955766458,5.,-16.50592409795));
#5021 = CARTESIAN_POINT('',(73.564724919094,5.,-16.5));
#5022 = PCURVE('',#1339,#5023);
#5023 = DEFINITIONAL_REPRESENTATION('',(#5024),#5062);
#5024 = B_SPLINE_CURVE_WITH_KNOTS('',8,(#5025,#5026,#5027,#5028,#5029,
    #5030,#5031,#5032,#5033,#5034,#5035,#5036,#5037,#5038,#5039,#5040,
    #5041,#5042,#5043,#5044,#5045,#5046,#5047,#5048,#5049,#5050,#5051,
    #5052,#5053,#5054,#5055,#5056,#5057,#5058,#5059,#5060,#5061),
  .UNSPECIFIED.,.F.,.F.,(9,7,7,7,7,9),(0.,0.131531570301,0.557791505357,
    0.770937606651,0.877513480843,1.),.UNSPECIFIED.);
#5025 = CARTESIAN_POINT('',(75.249645428202,0.362459546926));
#5026 = CARTESIAN_POINT('',(75.2506329341,0.362874761305));
#5027 = CARTESIAN_POINT('',(75.254064000085,0.36431787677));
#5028 = CARTESIAN_POINT('',(75.25832146981,0.366104611185));
#5029 = CARTESIAN_POINT('',(75.262422303965,0.367823084252));
#5030 = CARTESIAN_POINT('',(75.265961251517,0.369301555005));
#5031 = CARTESIAN_POINT('',(75.269014736409,0.370577577306));
#5032 = CARTESIAN_POINT('',(75.272107131926,0.371868454496));
#5033 = CARTESIAN_POINT('',(75.289153415867,0.378970297785));
#5034 = CARTESIAN_POINT('',(75.302247012694,0.384397391375));
#5035 = CARTESIAN_POINT('',(75.315408167638,0.389824403892));
#5036 = CARTESIAN_POINT('',(75.328637488656,0.395251334116));
#5037 = CARTESIAN_POINT('',(75.341935592619,0.400678180798));
#5038 = CARTESIAN_POINT('',(75.355303105307,0.406104942662));
#5039 = CARTESIAN_POINT('',(75.368740661408,0.411531618405));
#5040 = CARTESIAN_POINT('',(75.389003537362,0.419671706237));
#5041 = CARTESIAN_POINT('',(75.395775844686,0.42238518391));
#5042 = CARTESIAN_POINT('',(75.402565907001,0.425098639551));
#5043 = CARTESIAN_POINT('',(75.409373805407,0.42781207299));
#5044 = CARTESIAN_POINT('',(75.4161996216,0.430525484058));
#5045 = CARTESIAN_POINT('',(75.423043437872,0.433238872582));
#5046 = CARTESIAN_POINT('',(75.42990533711,0.435952238388));
#5047 = CARTESIAN_POINT('',(75.44022552678,0.4400222887));
#5048 = CARTESIAN_POINT('',(75.443670205854,0.441378995596));
#5049 = CARTESIAN_POINT('',(75.447119450571,0.442735701988));
#5050 = CARTESIAN_POINT('',(75.450573271525,0.444092407874));
#5051 = CARTESIAN_POINT('',(75.454031679348,0.445449113256));
#5052 = CARTESIAN_POINT('',(75.457494684712,0.446805818131));
#5053 = CARTESIAN_POINT('',(75.460962298328,0.448162522499));
#5054 = CARTESIAN_POINT('',(75.468425130982,0.451078471686));
#5055 = CARTESIAN_POINT('',(75.471408948374,0.452241876848));
#5056 = CARTESIAN_POINT('',(75.474334013722,0.453382170424));
#5057 = CARTESIAN_POINT('',(75.477796994654,0.454730988373));
#5058 = CARTESIAN_POINT('',(75.481931562935,0.456338361518));
#5059 = CARTESIAN_POINT('',(75.486289523894,0.45802897607));
#5060 = CARTESIAN_POINT('',(75.489714708188,0.459355207186));
#5061 = CARTESIAN_POINT('',(75.490209625883,0.459546925566));
#5062 = ( GEOMETRIC_REPRESENTATION_CONTEXT(2) 
PARAMETRIC_REPRESENTATION_CONTEXT() REPRESENTATION_CONTEXT('2D SPACE',''
  ) );
#5063 = PCURVE('',#5064,#5069);
#5064 = PLANE('',#5065);
#5065 = AXIS2_PLACEMENT_3D('',#5066,#5067,#5068);
#5066 = CARTESIAN_POINT('',(62.,5.,-19.5));
#5067 = DIRECTION('',(0.,1.,0.));
#5068 = DIRECTION('',(0.,0.,1.));
#5069 = DEFINITIONAL_REPRESENTATION('',(#5070),#5108);
#5070 = B_SPLINE_CURVE_WITH_KNOTS('',8,(#5071,#5072,#5073,#5074,#5075,
    #5076,#5077,#5078,#5079,#5080,#5081,#5082,#5083,#5084,#5085,#5086,
    #5087,#5088,#5089,#5090,#5091,#5092,#5093,#5094,#5095,#5096,#5097,
    #5098,#5099,#5100,#5101,#5102,#5103,#5104,#5105,#5106,#5107),
  .UNSPECIFIED.,.F.,.F.,(9,7,7,7,7,9),(0.,0.131531570301,0.557791505357,
    0.770937606651,0.877513480843,1.),.UNSPECIFIED.);
#5071 = CARTESIAN_POINT('',(0.,14.720064724919));
#5072 = CARTESIAN_POINT('',(1.28301243181E-02,14.706570257594));
#5073 = CARTESIAN_POINT('',(5.742239220205E-02,14.659669004966));
#5074 = CARTESIAN_POINT('',(0.112632485602,14.601600136503));
#5075 = CARTESIAN_POINT('',(0.165733303401,14.545749761795));
#5076 = CARTESIAN_POINT('',(0.21141804964,14.497699462353));
#5077 = CARTESIAN_POINT('',(0.250847138764,14.456228737546));
#5078 = CARTESIAN_POINT('',(0.290735243925,14.414275228881));
#5079 = CARTESIAN_POINT('',(0.510182201548,14.183465321996));
#5080 = CARTESIAN_POINT('',(0.677879393478,14.007084780323));
#5081 = CARTESIAN_POINT('',(0.845574080264,13.830706873509));
#5082 = CARTESIAN_POINT('',(1.013266224178,13.654331641237));
#5083 = CARTESIAN_POINT('',(1.180955786644,13.47795912408));
#5084 = CARTESIAN_POINT('',(1.348642728242,13.301589363499));
#5085 = CARTESIAN_POINT('',(1.516327008707,13.125222401845));
#5086 = CARTESIAN_POINT('',(1.767855722717,12.860669547304));
#5087 = CARTESIAN_POINT('',(1.851702182832,12.772481522911));
#5088 = CARTESIAN_POINT('',(1.935547962129,12.684294214589));
#5089 = CARTESIAN_POINT('',(2.019393055404,12.596107627811));
#5090 = CARTESIAN_POINT('',(2.103237457396,12.507921768111));
#5091 = CARTESIAN_POINT('',(2.187081162785,12.419736641084));
#5092 = CARTESIAN_POINT('',(2.270924166193,12.331552252386));
#5093 = CARTESIAN_POINT('',(2.39668872084,12.199275617239));
#5094 = CARTESIAN_POINT('',(2.438610963925,12.155182643121));
#5095 = CARTESIAN_POINT('',(2.480533191423,12.111089685397));
#5096 = CARTESIAN_POINT('',(2.522455403319,12.066996744082));
#5097 = CARTESIAN_POINT('',(2.564377599596,12.022903819195));
#5098 = CARTESIAN_POINT('',(2.606299780239,11.978810910752));
#5099 = CARTESIAN_POINT('',(2.648221945232,11.934718018769));
#5100 = CARTESIAN_POINT('',(2.738324775086,11.839949670216));
#5101 = CARTESIAN_POINT('',(2.774273994595,11.802139002449));
#5102 = CARTESIAN_POINT('',(2.809509066097,11.765079461225));
#5103 = CARTESIAN_POINT('',(2.851187540717,11.721242877887));
#5104 = CARTESIAN_POINT('',(2.90085537091,11.669003250661));
#5105 = CARTESIAN_POINT('',(2.953095360572,11.614058277715));
#5106 = CARTESIAN_POINT('',(2.994075902044,11.570955766458));
#5107 = CARTESIAN_POINT('',(3.,11.564724919094));
#5108 = ( GEOMETRIC_REPRESENTATION_CONTEXT(2) 
PARAMETRIC_REPRESENTATION_CONTEXT() REPRESENTATION_CONTEXT('2D SPACE',''
  ) );
#5109 = ADVANCED_FACE('',(#5110),#1280,.F.);
#5110 = FACE_BOUND('',#5111,.F.);
#5111 = EDGE_LOOP('',(#5112,#5113,#5114,#5134));
#5112 = ORIENTED_EDGE('',*,*,#4777,.F.);
#5113 = ORIENTED_EDGE('',*,*,#1226,.F.);
#5114 = ORIENTED_EDGE('',*,*,#5115,.T.);
#5115 = EDGE_CURVE('',#1202,#1897,#5116,.T.);
#5116 = SURFACE_CURVE('',#5117,(#5120,#5127),.PCURVE_S1.);
#5117 = B_SPLINE_CURVE_WITH_KNOTS('',1,(#5118,#5119),.UNSPECIFIED.,.F.,
  .F.,(2,2),(0.,1.),.PIECEWISE_BEZIER_KNOTS.);
#5118 = CARTESIAN_POINT('',(59.5,98.5,-30.7));
#5119 = CARTESIAN_POINT('',(44.5,56.,0.2));
#5120 = PCURVE('',#1280,#5121);
#5121 = DEFINITIONAL_REPRESENTATION('',(#5122),#5126);
#5122 = LINE('',#5123,#5124);
#5123 = CARTESIAN_POINT('',(1.570796326795,0.));
#5124 = VECTOR('',#5125,1.);
#5125 = DIRECTION('',(0.,1.));
#5126 = ( GEOMETRIC_REPRESENTATION_CONTEXT(2) 
PARAMETRIC_REPRESENTATION_CONTEXT() REPRESENTATION_CONTEXT('2D SPACE',''
  ) );
#5127 = PCURVE('',#1215,#5128);
#5128 = DEFINITIONAL_REPRESENTATION('',(#5129),#5133);
#5129 = LINE('',#5130,#5131);
#5130 = CARTESIAN_POINT('',(-119.,0.));
#5131 = VECTOR('',#5132,1.);
#5132 = DIRECTION('',(0.,1.));
#5133 = ( GEOMETRIC_REPRESENTATION_CONTEXT(2) 
PARAMETRIC_REPRESENTATION_CONTEXT() REPRESENTATION_CONTEXT('2D SPACE',''
  ) );
#5134 = ORIENTED_EDGE('',*,*,#1916,.T.);
#5135 = ADVANCED_FACE('',(#5136,#5142,#5272,#5278,#5301),#1215,.F.);
#5136 = FACE_BOUND('',#5137,.F.);
#5137 = EDGE_LOOP('',(#5138,#5139,#5140,#5141));
#5138 = ORIENTED_EDGE('',*,*,#5115,.F.);
#5139 = ORIENTED_EDGE('',*,*,#1201,.F.);
#5140 = ORIENTED_EDGE('',*,*,#4152,.T.);
#5141 = ORIENTED_EDGE('',*,*,#1896,.T.);
#5142 = FACE_BOUND('',#5143,.F.);
#5143 = EDGE_LOOP('',(#5144,#5145,#5146,#5147,#5148,#5198,#5223,#5271));
#5144 = ORIENTED_EDGE('',*,*,#2849,.F.);
#5145 = ORIENTED_EDGE('',*,*,#2825,.T.);
#5146 = ORIENTED_EDGE('',*,*,#2733,.T.);
#5147 = ORIENTED_EDGE('',*,*,#2567,.F.);
#5148 = ORIENTED_EDGE('',*,*,#5149,.T.);
#5149 = EDGE_CURVE('',#2568,#5150,#5152,.T.);
#5150 = VERTEX_POINT('',#5151);
#5151 = CARTESIAN_POINT('',(5.,78.96925566343,-16.5));
#5152 = SURFACE_CURVE('',#5153,(#5166,#5182),.PCURVE_S1.);
#5153 = B_SPLINE_CURVE_WITH_KNOTS('',6,(#5154,#5155,#5156,#5157,#5158,
    #5159,#5160,#5161,#5162,#5163,#5164,#5165),.UNSPECIFIED.,.F.,.F.,(7,
    5,7),(0.,0.13413452915,1.),.UNSPECIFIED.);
#5154 = CARTESIAN_POINT('',(5.,83.095469255663,-19.5));
#5155 = CARTESIAN_POINT('',(5.,83.067759735643,-19.47985354897));
#5156 = CARTESIAN_POINT('',(5.,82.96462775688,-19.40487053382));
#5157 = CARTESIAN_POINT('',(5.,82.860547423719,-19.32919800924));
#5158 = CARTESIAN_POINT('',(5.,82.7819506541,-19.27205353439));
#5159 = CARTESIAN_POINT('',(5.,82.716597435468,-19.22453790014));
#5160 = CARTESIAN_POINT('',(5.,82.013428120983,-18.7132924456));
#5161 = CARTESIAN_POINT('',(5.,81.404583064825,-18.27062627536));
#5162 = CARTESIAN_POINT('',(5.,80.79574313138,-17.82796382963));
#5163 = CARTESIAN_POINT('',(5.,80.186908476823,-17.38530522197));
#5164 = CARTESIAN_POINT('',(5.,79.578079264199,-16.94265057091));
#5165 = CARTESIAN_POINT('',(5.,78.96925566343,-16.5));
#5166 = PCURVE('',#1215,#5167);
#5167 = DEFINITIONAL_REPRESENTATION('',(#5168),#5181);
#5168 = B_SPLINE_CURVE_WITH_KNOTS('',6,(#5169,#5170,#5171,#5172,#5173,
    #5174,#5175,#5176,#5177,#5178,#5179,#5180),.UNSPECIFIED.,.F.,.F.,(7,
    5,7),(0.,0.13413452915,1.),.UNSPECIFIED.);
#5169 = CARTESIAN_POINT('',(-65.00282849334,0.362459546926));
#5170 = CARTESIAN_POINT('',(-65.00382393614,0.363111535632));
#5171 = CARTESIAN_POINT('',(-65.00752828746,0.365538170426));
#5172 = CARTESIAN_POINT('',(-65.01127679563,0.367987119442));
#5173 = CARTESIAN_POINT('',(-65.0141134808,0.369836455198));
#5174 = CARTESIAN_POINT('',(-65.01647072649,0.371374177989));
#5175 = CARTESIAN_POINT('',(-65.04188832753,0.38791933833));
#5176 = CARTESIAN_POINT('',(-65.06410694937,0.402245104357));
#5177 = CARTESIAN_POINT('',(-65.08653976949,0.41657074985));
#5178 = CARTESIAN_POINT('',(-65.10919068693,0.430896271134));
#5179 = CARTESIAN_POINT('',(-65.13206370024,0.445221664372));
#5180 = CARTESIAN_POINT('',(-65.15516290749,0.459546925566));
#5181 = ( GEOMETRIC_REPRESENTATION_CONTEXT(2) 
PARAMETRIC_REPRESENTATION_CONTEXT() REPRESENTATION_CONTEXT('2D SPACE',''
  ) );
#5182 = PCURVE('',#2602,#5183);
#5183 = DEFINITIONAL_REPRESENTATION('',(#5184),#5197);
#5184 = B_SPLINE_CURVE_WITH_KNOTS('',6,(#5185,#5186,#5187,#5188,#5189,
    #5190,#5191,#5192,#5193,#5194,#5195,#5196),.UNSPECIFIED.,.F.,.F.,(7,
    5,7),(0.,0.13413452915,1.),.UNSPECIFIED.);
#5185 = CARTESIAN_POINT('',(0.,-19.09546925566));
#5186 = CARTESIAN_POINT('',(2.014645102657E-02,-19.06775973564));
#5187 = CARTESIAN_POINT('',(9.512946617469E-02,-18.96462775688));
#5188 = CARTESIAN_POINT('',(0.170801990755,-18.86054742371));
#5189 = CARTESIAN_POINT('',(0.227946465607,-18.7819506541));
#5190 = CARTESIAN_POINT('',(0.27546209986,-18.71659743546));
#5191 = CARTESIAN_POINT('',(0.786707554391,-18.01342812098));
#5192 = CARTESIAN_POINT('',(1.229373724633,-17.40458306482));
#5193 = CARTESIAN_POINT('',(1.672036170361,-16.79574313138));
#5194 = CARTESIAN_POINT('',(2.114694778028,-16.18690847682));
#5195 = CARTESIAN_POINT('',(2.557349429088,-15.57807926419));
#5196 = CARTESIAN_POINT('',(3.,-14.96925566343));
#5197 = ( GEOMETRIC_REPRESENTATION_CONTEXT(2) 
PARAMETRIC_REPRESENTATION_CONTEXT() REPRESENTATION_CONTEXT('2D SPACE',''
  ) );
#5198 = ORIENTED_EDGE('',*,*,#5199,.F.);
#5199 = EDGE_CURVE('',#5200,#5150,#5202,.T.);
#5200 = VERTEX_POINT('',#5201);
#5201 = CARTESIAN_POINT('',(-5.,78.96925566343,-16.5));
#5202 = SURFACE_CURVE('',#5203,(#5206,#5212),.PCURVE_S1.);
#5203 = B_SPLINE_CURVE_WITH_KNOTS('',1,(#5204,#5205),.UNSPECIFIED.,.F.,
  .F.,(2,2),(0.,1.),.PIECEWISE_BEZIER_KNOTS.);
#5204 = CARTESIAN_POINT('',(-5.,78.96925566343,-16.5));
#5205 = CARTESIAN_POINT('',(5.,78.96925566343,-16.5));
#5206 = PCURVE('',#1215,#5207);
#5207 = DEFINITIONAL_REPRESENTATION('',(#5208),#5211);
#5208 = B_SPLINE_CURVE_WITH_KNOTS('',1,(#5209,#5210),.UNSPECIFIED.,.F.,
  .F.,(2,2),(0.,1.),.PIECEWISE_BEZIER_KNOTS.);
#5209 = CARTESIAN_POINT('',(-53.84483713204,0.459546925566));
#5210 = CARTESIAN_POINT('',(-65.15516286795,0.459546925566));
#5211 = ( GEOMETRIC_REPRESENTATION_CONTEXT(2) 
PARAMETRIC_REPRESENTATION_CONTEXT() REPRESENTATION_CONTEXT('2D SPACE',''
  ) );
#5212 = PCURVE('',#5213,#5218);
#5213 = PLANE('',#5214);
#5214 = AXIS2_PLACEMENT_3D('',#5215,#5216,#5217);
#5215 = CARTESIAN_POINT('',(-5.,64.,-16.5));
#5216 = DIRECTION('',(0.,0.,1.));
#5217 = DIRECTION('',(1.,0.,0.));
#5218 = DEFINITIONAL_REPRESENTATION('',(#5219),#5222);
#5219 = B_SPLINE_CURVE_WITH_KNOTS('',1,(#5220,#5221),.UNSPECIFIED.,.F.,
  .F.,(2,2),(0.,1.),.PIECEWISE_BEZIER_KNOTS.);
#5220 = CARTESIAN_POINT('',(0.,14.96925566343));
#5221 = CARTESIAN_POINT('',(10.,14.96925566343));
#5222 = ( GEOMETRIC_REPRESENTATION_CONTEXT(2) 
PARAMETRIC_REPRESENTATION_CONTEXT() REPRESENTATION_CONTEXT('2D SPACE',''
  ) );
#5223 = ORIENTED_EDGE('',*,*,#5224,.F.);
#5224 = EDGE_CURVE('',#2640,#5200,#5225,.T.);
#5225 = SURFACE_CURVE('',#5226,(#5239,#5255),.PCURVE_S1.);
#5226 = B_SPLINE_CURVE_WITH_KNOTS('',6,(#5227,#5228,#5229,#5230,#5231,
    #5232,#5233,#5234,#5235,#5236,#5237,#5238),.UNSPECIFIED.,.F.,.F.,(7,
    5,7),(0.,0.134134529149,1.),.UNSPECIFIED.);
#5227 = CARTESIAN_POINT('',(-5.,83.095469255663,-19.5));
#5228 = CARTESIAN_POINT('',(-5.,83.067759735644,-19.47985354897));
#5229 = CARTESIAN_POINT('',(-5.,82.96462775688,-19.40487053382));
#5230 = CARTESIAN_POINT('',(-5.,82.860547423719,-19.32919800924));
#5231 = CARTESIAN_POINT('',(-5.,82.7819506541,-19.27205353439));
#5232 = CARTESIAN_POINT('',(-5.,82.716597435468,-19.22453790014));
#5233 = CARTESIAN_POINT('',(-5.,82.013428120983,-18.7132924456));
#5234 = CARTESIAN_POINT('',(-5.,81.404583064825,-18.27062627536));
#5235 = CARTESIAN_POINT('',(-5.,80.79574313138,-17.82796382963));
#5236 = CARTESIAN_POINT('',(-5.,80.186908476823,-17.38530522197));
#5237 = CARTESIAN_POINT('',(-5.,79.578079264199,-16.94265057091));
#5238 = CARTESIAN_POINT('',(-5.,78.96925566343,-16.5));
#5239 = PCURVE('',#1215,#5240);
#5240 = DEFINITIONAL_REPRESENTATION('',(#5241),#5254);
#5241 = B_SPLINE_CURVE_WITH_KNOTS('',6,(#5242,#5243,#5244,#5245,#5246,
    #5247,#5248,#5249,#5250,#5251,#5252,#5253),.UNSPECIFIED.,.F.,.F.,(7,
    5,7),(0.,0.134134529149,1.),.UNSPECIFIED.);
#5242 = CARTESIAN_POINT('',(-53.99717150665,0.362459546926));
#5243 = CARTESIAN_POINT('',(-53.99617606385,0.363111535632));
#5244 = CARTESIAN_POINT('',(-53.99247171253,0.365538170426));
#5245 = CARTESIAN_POINT('',(-53.98872320437,0.367987119442));
#5246 = CARTESIAN_POINT('',(-53.98588651919,0.369836455198));
#5247 = CARTESIAN_POINT('',(-53.9835292735,0.371374177989));
#5248 = CARTESIAN_POINT('',(-53.95811167246,0.38791933833));
#5249 = CARTESIAN_POINT('',(-53.93589305062,0.402245104357));
#5250 = CARTESIAN_POINT('',(-53.91346023051,0.41657074985));
#5251 = CARTESIAN_POINT('',(-53.89080931306,0.430896271134));
#5252 = CARTESIAN_POINT('',(-53.86793629975,0.445221664372));
#5253 = CARTESIAN_POINT('',(-53.8448370925,0.459546925566));
#5254 = ( GEOMETRIC_REPRESENTATION_CONTEXT(2) 
PARAMETRIC_REPRESENTATION_CONTEXT() REPRESENTATION_CONTEXT('2D SPACE',''
  ) );
#5255 = PCURVE('',#2654,#5256);
#5256 = DEFINITIONAL_REPRESENTATION('',(#5257),#5270);
#5257 = B_SPLINE_CURVE_WITH_KNOTS('',6,(#5258,#5259,#5260,#5261,#5262,
    #5263,#5264,#5265,#5266,#5267,#5268,#5269),.UNSPECIFIED.,.F.,.F.,(7,
    5,7),(0.,0.134134529149,1.),.UNSPECIFIED.);
#5258 = CARTESIAN_POINT('',(0.,-19.09546925566));
#5259 = CARTESIAN_POINT('',(2.014645102578E-02,-19.06775973564));
#5260 = CARTESIAN_POINT('',(9.512946617418E-02,-18.96462775688));
#5261 = CARTESIAN_POINT('',(0.170801990755,-18.86054742371));
#5262 = CARTESIAN_POINT('',(0.227946465607,-18.7819506541));
#5263 = CARTESIAN_POINT('',(0.27546209986,-18.71659743546));
#5264 = CARTESIAN_POINT('',(0.786707554391,-18.01342812098));
#5265 = CARTESIAN_POINT('',(1.229373724633,-17.40458306482));
#5266 = CARTESIAN_POINT('',(1.672036170361,-16.79574313138));
#5267 = CARTESIAN_POINT('',(2.114694778028,-16.18690847682));
#5268 = CARTESIAN_POINT('',(2.557349429088,-15.57807926419));
#5269 = CARTESIAN_POINT('',(3.,-14.96925566343));
#5270 = ( GEOMETRIC_REPRESENTATION_CONTEXT(2) 
PARAMETRIC_REPRESENTATION_CONTEXT() REPRESENTATION_CONTEXT('2D SPACE',''
  ) );
#5271 = ORIENTED_EDGE('',*,*,#2665,.F.);
#5272 = FACE_BOUND('',#5273,.F.);
#5273 = EDGE_LOOP('',(#5274,#5275,#5276,#5277));
#5274 = ORIENTED_EDGE('',*,*,#2919,.F.);
#5275 = ORIENTED_EDGE('',*,*,#2974,.T.);
#5276 = ORIENTED_EDGE('',*,*,#3066,.T.);
#5277 = ORIENTED_EDGE('',*,*,#3042,.F.);
#5278 = FACE_BOUND('',#5279,.F.);
#5279 = EDGE_LOOP('',(#5280,#5281,#5299,#5300));
#5280 = ORIENTED_EDGE('',*,*,#2240,.F.);
#5281 = ORIENTED_EDGE('',*,*,#5282,.T.);
#5282 = EDGE_CURVE('',#2241,#2419,#5283,.T.);
#5283 = SURFACE_CURVE('',#5284,(#5287,#5293),.PCURVE_S1.);
#5284 = B_SPLINE_CURVE_WITH_KNOTS('',1,(#5285,#5286),.UNSPECIFIED.,.F.,
  .F.,(2,2),(0.,1.),.PIECEWISE_BEZIER_KNOTS.);
#5285 = CARTESIAN_POINT('',(-3.5,78.281553398058,-16.));
#5286 = CARTESIAN_POINT('',(3.5,78.281553398058,-16.));
#5287 = PCURVE('',#1215,#5288);
#5288 = DEFINITIONAL_REPRESENTATION('',(#5289),#5292);
#5289 = B_SPLINE_CURVE_WITH_KNOTS('',1,(#5290,#5291),.UNSPECIFIED.,.F.,
  .F.,(2,2),(0.,1.),.PIECEWISE_BEZIER_KNOTS.);
#5290 = CARTESIAN_POINT('',(-55.52303698896,0.47572815534));
#5291 = CARTESIAN_POINT('',(-63.47696301103,0.47572815534));
#5292 = ( GEOMETRIC_REPRESENTATION_CONTEXT(2) 
PARAMETRIC_REPRESENTATION_CONTEXT() REPRESENTATION_CONTEXT('2D SPACE',''
  ) );
#5293 = PCURVE('',#2336,#5294);
#5294 = DEFINITIONAL_REPRESENTATION('',(#5295),#5298);
#5295 = B_SPLINE_CURVE_WITH_KNOTS('',1,(#5296,#5297),.UNSPECIFIED.,.F.,
  .F.,(2,2),(0.,1.),.PIECEWISE_BEZIER_KNOTS.);
#5296 = CARTESIAN_POINT('',(0.,4.281553398058));
#5297 = CARTESIAN_POINT('',(7.,4.281553398058));
#5298 = ( GEOMETRIC_REPRESENTATION_CONTEXT(2) 
PARAMETRIC_REPRESENTATION_CONTEXT() REPRESENTATION_CONTEXT('2D SPACE',''
  ) );
#5299 = ORIENTED_EDGE('',*,*,#2418,.T.);
#5300 = ORIENTED_EDGE('',*,*,#2394,.F.);
#5301 = FACE_BOUND('',#5302,.F.);
#5302 = EDGE_LOOP('',(#5303,#5304,#5305,#5306));
#5303 = ORIENTED_EDGE('',*,*,#3121,.F.);
#5304 = ORIENTED_EDGE('',*,*,#3176,.T.);
#5305 = ORIENTED_EDGE('',*,*,#3268,.T.);
#5306 = ORIENTED_EDGE('',*,*,#3244,.F.);
#5307 = ADVANCED_FACE('',(#5308),#2336,.T.);
#5308 = FACE_BOUND('',#5309,.T.);
#5309 = EDGE_LOOP('',(#5310,#5311,#5312,#5313));
#5310 = ORIENTED_EDGE('',*,*,#2320,.F.);
#5311 = ORIENTED_EDGE('',*,*,#5282,.T.);
#5312 = ORIENTED_EDGE('',*,*,#2498,.T.);
#5313 = ORIENTED_EDGE('',*,*,#2708,.T.);
#5314 = ADVANCED_FACE('',(#5315),#2654,.F.);
#5315 = FACE_BOUND('',#5316,.F.);
#5316 = EDGE_LOOP('',(#5317,#5340,#5368,#5396,#5451,#5472,#5473));
#5317 = ORIENTED_EDGE('',*,*,#5318,.F.);
#5318 = EDGE_CURVE('',#5319,#5200,#5321,.T.);
#5319 = VERTEX_POINT('',#5320);
#5320 = CARTESIAN_POINT('',(-5.,64.,-16.5));
#5321 = SURFACE_CURVE('',#5322,(#5326,#5333),.PCURVE_S1.);
#5322 = LINE('',#5323,#5324);
#5323 = CARTESIAN_POINT('',(-5.,64.,-16.5));
#5324 = VECTOR('',#5325,1.);
#5325 = DIRECTION('',(0.,1.,0.));
#5326 = PCURVE('',#2654,#5327);
#5327 = DEFINITIONAL_REPRESENTATION('',(#5328),#5332);
#5328 = LINE('',#5329,#5330);
#5329 = CARTESIAN_POINT('',(3.,0.));
#5330 = VECTOR('',#5331,1.);
#5331 = DIRECTION('',(0.,-1.));
#5332 = ( GEOMETRIC_REPRESENTATION_CONTEXT(2) 
PARAMETRIC_REPRESENTATION_CONTEXT() REPRESENTATION_CONTEXT('2D SPACE',''
  ) );
#5333 = PCURVE('',#5213,#5334);
#5334 = DEFINITIONAL_REPRESENTATION('',(#5335),#5339);
#5335 = LINE('',#5336,#5337);
#5336 = CARTESIAN_POINT('',(0.,0.));
#5337 = VECTOR('',#5338,1.);
#5338 = DIRECTION('',(0.,1.));
#5339 = ( GEOMETRIC_REPRESENTATION_CONTEXT(2) 
PARAMETRIC_REPRESENTATION_CONTEXT() REPRESENTATION_CONTEXT('2D SPACE',''
  ) );
#5340 = ORIENTED_EDGE('',*,*,#5341,.F.);
#5341 = EDGE_CURVE('',#5342,#5319,#5344,.T.);
#5342 = VERTEX_POINT('',#5343);
#5343 = CARTESIAN_POINT('',(-5.,64.,-19.5));
#5344 = SURFACE_CURVE('',#5345,(#5349,#5356),.PCURVE_S1.);
#5345 = LINE('',#5346,#5347);
#5346 = CARTESIAN_POINT('',(-5.,64.,-19.5));
#5347 = VECTOR('',#5348,1.);
#5348 = DIRECTION('',(0.,0.,1.));
#5349 = PCURVE('',#2654,#5350);
#5350 = DEFINITIONAL_REPRESENTATION('',(#5351),#5355);
#5351 = LINE('',#5352,#5353);
#5352 = CARTESIAN_POINT('',(0.,0.));
#5353 = VECTOR('',#5354,1.);
#5354 = DIRECTION('',(1.,0.));
#5355 = ( GEOMETRIC_REPRESENTATION_CONTEXT(2) 
PARAMETRIC_REPRESENTATION_CONTEXT() REPRESENTATION_CONTEXT('2D SPACE',''
  ) );
#5356 = PCURVE('',#5357,#5362);
#5357 = CYLINDRICAL_SURFACE('',#5358,5.);
#5358 = AXIS2_PLACEMENT_3D('',#5359,#5360,#5361);
#5359 = CARTESIAN_POINT('',(0.,64.,-19.5));
#5360 = DIRECTION('',(0.,0.,1.));
#5361 = DIRECTION('',(1.,0.,-0.));
#5362 = DEFINITIONAL_REPRESENTATION('',(#5363),#5367);
#5363 = LINE('',#5364,#5365);
#5364 = CARTESIAN_POINT('',(3.14159265359,0.));
#5365 = VECTOR('',#5366,1.);
#5366 = DIRECTION('',(0.,1.));
#5367 = ( GEOMETRIC_REPRESENTATION_CONTEXT(2) 
PARAMETRIC_REPRESENTATION_CONTEXT() REPRESENTATION_CONTEXT('2D SPACE',''
  ) );
#5368 = ORIENTED_EDGE('',*,*,#5369,.T.);
#5369 = EDGE_CURVE('',#5342,#5370,#5372,.T.);
#5370 = VERTEX_POINT('',#5371);
#5371 = CARTESIAN_POINT('',(-5.,87.172131147541,-19.5));
#5372 = SURFACE_CURVE('',#5373,(#5377,#5384),.PCURVE_S1.);
#5373 = LINE('',#5374,#5375);
#5374 = CARTESIAN_POINT('',(-5.,64.,-19.5));
#5375 = VECTOR('',#5376,1.);
#5376 = DIRECTION('',(0.,1.,0.));
#5377 = PCURVE('',#2654,#5378);
#5378 = DEFINITIONAL_REPRESENTATION('',(#5379),#5383);
#5379 = LINE('',#5380,#5381);
#5380 = CARTESIAN_POINT('',(0.,0.));
#5381 = VECTOR('',#5382,1.);
#5382 = DIRECTION('',(0.,-1.));
#5383 = ( GEOMETRIC_REPRESENTATION_CONTEXT(2) 
PARAMETRIC_REPRESENTATION_CONTEXT() REPRESENTATION_CONTEXT('2D SPACE',''
  ) );
#5384 = PCURVE('',#5385,#5390);
#5385 = PLANE('',#5386);
#5386 = AXIS2_PLACEMENT_3D('',#5387,#5388,#5389);
#5387 = CARTESIAN_POINT('',(-5.,64.,-19.5));
#5388 = DIRECTION('',(0.,0.,1.));
#5389 = DIRECTION('',(1.,0.,0.));
#5390 = DEFINITIONAL_REPRESENTATION('',(#5391),#5395);
#5391 = LINE('',#5392,#5393);
#5392 = CARTESIAN_POINT('',(0.,0.));
#5393 = VECTOR('',#5394,1.);
#5394 = DIRECTION('',(0.,1.));
#5395 = ( GEOMETRIC_REPRESENTATION_CONTEXT(2) 
PARAMETRIC_REPRESENTATION_CONTEXT() REPRESENTATION_CONTEXT('2D SPACE',''
  ) );
#5396 = ORIENTED_EDGE('',*,*,#5397,.T.);
#5397 = EDGE_CURVE('',#5370,#5398,#5400,.T.);
#5398 = VERTEX_POINT('',#5399);
#5399 = CARTESIAN_POINT('',(-5.,82.991803278689,-16.5));
#5400 = SURFACE_CURVE('',#5401,(#5414,#5430),.PCURVE_S1.);
#5401 = B_SPLINE_CURVE_WITH_KNOTS('',6,(#5402,#5403,#5404,#5405,#5406,
    #5407,#5408,#5409,#5410,#5411,#5412,#5413),.UNSPECIFIED.,.F.,.F.,(7,
    5,7),(0.,0.134090346134,1.),.UNSPECIFIED.);
#5402 = CARTESIAN_POINT('',(-5.,87.172131147541,-19.5));
#5403 = CARTESIAN_POINT('',(-5.,87.143781575722,-19.47965501316));
#5404 = CARTESIAN_POINT('',(-5.,87.039420440585,-19.40476055147));
#5405 = CARTESIAN_POINT('',(-5.,86.934053287733,-19.32914412413));
#5406 = CARTESIAN_POINT('',(-5.,86.854382330085,-19.2719684957));
#5407 = CARTESIAN_POINT('',(-5.,86.78810795256,-19.2244068836));
#5408 = CARTESIAN_POINT('',(-5.,86.075781939009,-18.71320821505));
#5409 = CARTESIAN_POINT('',(-5.,85.458976529629,-18.27055962714));
#5410 = CARTESIAN_POINT('',(-5.,84.842175816315,-17.82791440935));
#5411 = CARTESIAN_POINT('',(-5.,84.225379938667,-17.38527266186));
#5412 = CARTESIAN_POINT('',(-5.,83.608589042268,-16.94263448915));
#5413 = CARTESIAN_POINT('',(-5.,82.991803278689,-16.5));
#5414 = PCURVE('',#2654,#5415);
#5415 = DEFINITIONAL_REPRESENTATION('',(#5416),#5429);
#5416 = B_SPLINE_CURVE_WITH_KNOTS('',6,(#5417,#5418,#5419,#5420,#5421,
    #5422,#5423,#5424,#5425,#5426,#5427,#5428),.UNSPECIFIED.,.F.,.F.,(7,
    5,7),(0.,0.134090346134,1.),.UNSPECIFIED.);
#5417 = CARTESIAN_POINT('',(0.,-23.17213114754));
#5418 = CARTESIAN_POINT('',(2.034498683475E-02,-23.14378157572));
#5419 = CARTESIAN_POINT('',(9.523944852154E-02,-23.03942044058));
#5420 = CARTESIAN_POINT('',(0.170855875862,-22.93405328773));
#5421 = CARTESIAN_POINT('',(0.228031504292,-22.85438233008));
#5422 = CARTESIAN_POINT('',(0.275593116398,-22.78810795256));
#5423 = CARTESIAN_POINT('',(0.786791784946,-22.075781939));
#5424 = CARTESIAN_POINT('',(1.229440372854,-21.45897652962));
#5425 = CARTESIAN_POINT('',(1.672085590644,-20.84217581631));
#5426 = CARTESIAN_POINT('',(2.114727338133,-20.22537993866));
#5427 = CARTESIAN_POINT('',(2.557365510843,-19.60858904226));
#5428 = CARTESIAN_POINT('',(3.,-18.99180327868));
#5429 = ( GEOMETRIC_REPRESENTATION_CONTEXT(2) 
PARAMETRIC_REPRESENTATION_CONTEXT() REPRESENTATION_CONTEXT('2D SPACE',''
  ) );
#5430 = PCURVE('',#5431,#5436);
#5431 = B_SPLINE_SURFACE_WITH_KNOTS('',1,1,(
    (#5432,#5433)
    ,(#5434,#5435
    )),.UNSPECIFIED.,.F.,.F.,.F.,(2,2),(2,2),(-119.,0.),(0.,1.),
  .PIECEWISE_BEZIER_KNOTS.);
#5432 = CARTESIAN_POINT('',(59.5,102.5,-30.5));
#5433 = CARTESIAN_POINT('',(45.,60.,0.));
#5434 = CARTESIAN_POINT('',(-59.5,102.5,-30.5));
#5435 = CARTESIAN_POINT('',(-45.,60.,0.));
#5436 = DEFINITIONAL_REPRESENTATION('',(#5437),#5450);
#5437 = B_SPLINE_CURVE_WITH_KNOTS('',6,(#5438,#5439,#5440,#5441,#5442,
    #5443,#5444,#5445,#5446,#5447,#5448,#5449),.UNSPECIFIED.,.F.,.F.,(7,
    5,7),(0.,0.134090346134,1.),.UNSPECIFIED.);
#5438 = CARTESIAN_POINT('',(-54.01819958796,0.360655737705));
#5439 = CARTESIAN_POINT('',(-54.01722260939,0.361322786454));
#5440 = CARTESIAN_POINT('',(-54.01362667442,0.363778342574));
#5441 = CARTESIAN_POINT('',(-54.00998651345,0.3662575697));
#5442 = CARTESIAN_POINT('',(-54.00722843773,0.368132180469));
#5443 = CARTESIAN_POINT('',(-54.00493548597,0.369691577587));
#5444 = CARTESIAN_POINT('',(-53.98023873658,0.38645218967));
#5445 = CARTESIAN_POINT('',(-53.95865413881,0.400965258126));
#5446 = CARTESIAN_POINT('',(-53.9368665833,0.415478216087));
#5447 = CARTESIAN_POINT('',(-53.91487246697,0.429991060267));
#5448 = CARTESIAN_POINT('',(-53.89266809734,0.444503787241));
#5449 = CARTESIAN_POINT('',(-53.87024969253,0.459016393443));
#5450 = ( GEOMETRIC_REPRESENTATION_CONTEXT(2) 
PARAMETRIC_REPRESENTATION_CONTEXT() REPRESENTATION_CONTEXT('2D SPACE',''
  ) );
#5451 = ORIENTED_EDGE('',*,*,#5452,.F.);
#5452 = EDGE_CURVE('',#2614,#5398,#5453,.T.);
#5453 = SURFACE_CURVE('',#5454,(#5458,#5465),.PCURVE_S1.);
#5454 = LINE('',#5455,#5456);
#5455 = CARTESIAN_POINT('',(-5.,64.,-16.5));
#5456 = VECTOR('',#5457,1.);
#5457 = DIRECTION('',(0.,1.,0.));
#5458 = PCURVE('',#2654,#5459);
#5459 = DEFINITIONAL_REPRESENTATION('',(#5460),#5464);
#5460 = LINE('',#5461,#5462);
#5461 = CARTESIAN_POINT('',(3.,0.));
#5462 = VECTOR('',#5463,1.);
#5463 = DIRECTION('',(0.,-1.));
#5464 = ( GEOMETRIC_REPRESENTATION_CONTEXT(2) 
PARAMETRIC_REPRESENTATION_CONTEXT() REPRESENTATION_CONTEXT('2D SPACE',''
  ) );
#5465 = PCURVE('',#2628,#5466);
#5466 = DEFINITIONAL_REPRESENTATION('',(#5467),#5471);
#5467 = LINE('',#5468,#5469);
#5468 = CARTESIAN_POINT('',(0.,0.));
#5469 = VECTOR('',#5470,1.);
#5470 = DIRECTION('',(0.,1.));
#5471 = ( GEOMETRIC_REPRESENTATION_CONTEXT(2) 
PARAMETRIC_REPRESENTATION_CONTEXT() REPRESENTATION_CONTEXT('2D SPACE',''
  ) );
#5472 = ORIENTED_EDGE('',*,*,#2639,.T.);
#5473 = ORIENTED_EDGE('',*,*,#5224,.T.);
#5474 = ADVANCED_FACE('',(#5475),#2628,.T.);
#5475 = FACE_BOUND('',#5476,.T.);
#5476 = EDGE_LOOP('',(#5477,#5478,#5479,#5502));
#5477 = ORIENTED_EDGE('',*,*,#5452,.F.);
#5478 = ORIENTED_EDGE('',*,*,#2613,.T.);
#5479 = ORIENTED_EDGE('',*,*,#5480,.T.);
#5480 = EDGE_CURVE('',#2588,#5481,#5483,.T.);
#5481 = VERTEX_POINT('',#5482);
#5482 = CARTESIAN_POINT('',(5.,82.991803278689,-16.5));
#5483 = SURFACE_CURVE('',#5484,(#5488,#5495),.PCURVE_S1.);
#5484 = LINE('',#5485,#5486);
#5485 = CARTESIAN_POINT('',(5.,64.,-16.5));
#5486 = VECTOR('',#5487,1.);
#5487 = DIRECTION('',(0.,1.,0.));
#5488 = PCURVE('',#2628,#5489);
#5489 = DEFINITIONAL_REPRESENTATION('',(#5490),#5494);
#5490 = LINE('',#5491,#5492);
#5491 = CARTESIAN_POINT('',(10.,0.));
#5492 = VECTOR('',#5493,1.);
#5493 = DIRECTION('',(0.,1.));
#5494 = ( GEOMETRIC_REPRESENTATION_CONTEXT(2) 
PARAMETRIC_REPRESENTATION_CONTEXT() REPRESENTATION_CONTEXT('2D SPACE',''
  ) );
#5495 = PCURVE('',#2602,#5496);
#5496 = DEFINITIONAL_REPRESENTATION('',(#5497),#5501);
#5497 = LINE('',#5498,#5499);
#5498 = CARTESIAN_POINT('',(3.,0.));
#5499 = VECTOR('',#5500,1.);
#5500 = DIRECTION('',(0.,-1.));
#5501 = ( GEOMETRIC_REPRESENTATION_CONTEXT(2) 
PARAMETRIC_REPRESENTATION_CONTEXT() REPRESENTATION_CONTEXT('2D SPACE',''
  ) );
#5502 = ORIENTED_EDGE('',*,*,#5503,.F.);
#5503 = EDGE_CURVE('',#5398,#5481,#5504,.T.);
#5504 = SURFACE_CURVE('',#5505,(#5508,#5514),.PCURVE_S1.);
#5505 = B_SPLINE_CURVE_WITH_KNOTS('',1,(#5506,#5507),.UNSPECIFIED.,.F.,
  .F.,(2,2),(0.,1.),.PIECEWISE_BEZIER_KNOTS.);
#5506 = CARTESIAN_POINT('',(-5.,82.991803278689,-16.5));
#5507 = CARTESIAN_POINT('',(5.,82.991803278689,-16.5));
#5508 = PCURVE('',#2628,#5509);
#5509 = DEFINITIONAL_REPRESENTATION('',(#5510),#5513);
#5510 = B_SPLINE_CURVE_WITH_KNOTS('',1,(#5511,#5512),.UNSPECIFIED.,.F.,
  .F.,(2,2),(0.,1.),.PIECEWISE_BEZIER_KNOTS.);
#5511 = CARTESIAN_POINT('',(0.,18.991803278689));
#5512 = CARTESIAN_POINT('',(10.,18.991803278689));
#5513 = ( GEOMETRIC_REPRESENTATION_CONTEXT(2) 
PARAMETRIC_REPRESENTATION_CONTEXT() REPRESENTATION_CONTEXT('2D SPACE',''
  ) );
#5514 = PCURVE('',#5431,#5515);
#5515 = DEFINITIONAL_REPRESENTATION('',(#5516),#5519);
#5516 = B_SPLINE_CURVE_WITH_KNOTS('',1,(#5517,#5518),.UNSPECIFIED.,.F.,
  .F.,(2,2),(0.,1.),.PIECEWISE_BEZIER_KNOTS.);
#5517 = CARTESIAN_POINT('',(-53.87024972855,0.459016393443));
#5518 = CARTESIAN_POINT('',(-65.12975027144,0.459016393443));
#5519 = ( GEOMETRIC_REPRESENTATION_CONTEXT(2) 
PARAMETRIC_REPRESENTATION_CONTEXT() REPRESENTATION_CONTEXT('2D SPACE',''
  ) );
#5520 = ADVANCED_FACE('',(#5521),#2602,.T.);
#5521 = FACE_BOUND('',#5522,.T.);
#5522 = EDGE_LOOP('',(#5523,#5546,#5569,#5592,#5640,#5641,#5642));
#5523 = ORIENTED_EDGE('',*,*,#5524,.F.);
#5524 = EDGE_CURVE('',#5525,#5150,#5527,.T.);
#5525 = VERTEX_POINT('',#5526);
#5526 = CARTESIAN_POINT('',(5.,64.,-16.5));
#5527 = SURFACE_CURVE('',#5528,(#5532,#5539),.PCURVE_S1.);
#5528 = LINE('',#5529,#5530);
#5529 = CARTESIAN_POINT('',(5.,64.,-16.5));
#5530 = VECTOR('',#5531,1.);
#5531 = DIRECTION('',(0.,1.,0.));
#5532 = PCURVE('',#2602,#5533);
#5533 = DEFINITIONAL_REPRESENTATION('',(#5534),#5538);
#5534 = LINE('',#5535,#5536);
#5535 = CARTESIAN_POINT('',(3.,0.));
#5536 = VECTOR('',#5537,1.);
#5537 = DIRECTION('',(0.,-1.));
#5538 = ( GEOMETRIC_REPRESENTATION_CONTEXT(2) 
PARAMETRIC_REPRESENTATION_CONTEXT() REPRESENTATION_CONTEXT('2D SPACE',''
  ) );
#5539 = PCURVE('',#5213,#5540);
#5540 = DEFINITIONAL_REPRESENTATION('',(#5541),#5545);
#5541 = LINE('',#5542,#5543);
#5542 = CARTESIAN_POINT('',(10.,0.));
#5543 = VECTOR('',#5544,1.);
#5544 = DIRECTION('',(0.,1.));
#5545 = ( GEOMETRIC_REPRESENTATION_CONTEXT(2) 
PARAMETRIC_REPRESENTATION_CONTEXT() REPRESENTATION_CONTEXT('2D SPACE',''
  ) );
#5546 = ORIENTED_EDGE('',*,*,#5547,.F.);
#5547 = EDGE_CURVE('',#5548,#5525,#5550,.T.);
#5548 = VERTEX_POINT('',#5549);
#5549 = CARTESIAN_POINT('',(5.,64.,-19.5));
#5550 = SURFACE_CURVE('',#5551,(#5555,#5562),.PCURVE_S1.);
#5551 = LINE('',#5552,#5553);
#5552 = CARTESIAN_POINT('',(5.,64.,-19.5));
#5553 = VECTOR('',#5554,1.);
#5554 = DIRECTION('',(0.,0.,1.));
#5555 = PCURVE('',#2602,#5556);
#5556 = DEFINITIONAL_REPRESENTATION('',(#5557),#5561);
#5557 = LINE('',#5558,#5559);
#5558 = CARTESIAN_POINT('',(0.,0.));
#5559 = VECTOR('',#5560,1.);
#5560 = DIRECTION('',(1.,0.));
#5561 = ( GEOMETRIC_REPRESENTATION_CONTEXT(2) 
PARAMETRIC_REPRESENTATION_CONTEXT() REPRESENTATION_CONTEXT('2D SPACE',''
  ) );
#5562 = PCURVE('',#5357,#5563);
#5563 = DEFINITIONAL_REPRESENTATION('',(#5564),#5568);
#5564 = LINE('',#5565,#5566);
#5565 = CARTESIAN_POINT('',(6.28318530718,-0.));
#5566 = VECTOR('',#5567,1.);
#5567 = DIRECTION('',(0.,1.));
#5568 = ( GEOMETRIC_REPRESENTATION_CONTEXT(2) 
PARAMETRIC_REPRESENTATION_CONTEXT() REPRESENTATION_CONTEXT('2D SPACE',''
  ) );
#5569 = ORIENTED_EDGE('',*,*,#5570,.T.);
#5570 = EDGE_CURVE('',#5548,#5571,#5573,.T.);
#5571 = VERTEX_POINT('',#5572);
#5572 = CARTESIAN_POINT('',(5.,87.172131147541,-19.5));
#5573 = SURFACE_CURVE('',#5574,(#5578,#5585),.PCURVE_S1.);
#5574 = LINE('',#5575,#5576);
#5575 = CARTESIAN_POINT('',(5.,64.,-19.5));
#5576 = VECTOR('',#5577,1.);
#5577 = DIRECTION('',(0.,1.,0.));
#5578 = PCURVE('',#2602,#5579);
#5579 = DEFINITIONAL_REPRESENTATION('',(#5580),#5584);
#5580 = LINE('',#5581,#5582);
#5581 = CARTESIAN_POINT('',(0.,0.));
#5582 = VECTOR('',#5583,1.);
#5583 = DIRECTION('',(0.,-1.));
#5584 = ( GEOMETRIC_REPRESENTATION_CONTEXT(2) 
PARAMETRIC_REPRESENTATION_CONTEXT() REPRESENTATION_CONTEXT('2D SPACE',''
  ) );
#5585 = PCURVE('',#5385,#5586);
#5586 = DEFINITIONAL_REPRESENTATION('',(#5587),#5591);
#5587 = LINE('',#5588,#5589);
#5588 = CARTESIAN_POINT('',(10.,0.));
#5589 = VECTOR('',#5590,1.);
#5590 = DIRECTION('',(0.,1.));
#5591 = ( GEOMETRIC_REPRESENTATION_CONTEXT(2) 
PARAMETRIC_REPRESENTATION_CONTEXT() REPRESENTATION_CONTEXT('2D SPACE',''
  ) );
#5592 = ORIENTED_EDGE('',*,*,#5593,.T.);
#5593 = EDGE_CURVE('',#5571,#5481,#5594,.T.);
#5594 = SURFACE_CURVE('',#5595,(#5608,#5624),.PCURVE_S1.);
#5595 = B_SPLINE_CURVE_WITH_KNOTS('',6,(#5596,#5597,#5598,#5599,#5600,
    #5601,#5602,#5603,#5604,#5605,#5606,#5607),.UNSPECIFIED.,.F.,.F.,(7,
    5,7),(0.,0.134090346133,1.),.UNSPECIFIED.);
#5596 = CARTESIAN_POINT('',(5.,87.172131147541,-19.5));
#5597 = CARTESIAN_POINT('',(5.,87.143781575711,-19.47965501315));
#5598 = CARTESIAN_POINT('',(5.,87.039420440578,-19.40476055147));
#5599 = CARTESIAN_POINT('',(5.,86.934053287729,-19.32914412413));
#5600 = CARTESIAN_POINT('',(5.,86.854382330081,-19.2719684957));
#5601 = CARTESIAN_POINT('',(5.,86.788107952553,-19.22440688359));
#5602 = CARTESIAN_POINT('',(5.,86.075781939005,-18.71320821505));
#5603 = CARTESIAN_POINT('',(5.,85.458976529626,-18.27055962714));
#5604 = CARTESIAN_POINT('',(5.,84.842175816313,-17.82791440935));
#5605 = CARTESIAN_POINT('',(5.,84.225379938665,-17.38527266186));
#5606 = CARTESIAN_POINT('',(5.,83.608589042267,-16.94263448915));
#5607 = CARTESIAN_POINT('',(5.,82.991803278689,-16.5));
#5608 = PCURVE('',#2602,#5609);
#5609 = DEFINITIONAL_REPRESENTATION('',(#5610),#5623);
#5610 = B_SPLINE_CURVE_WITH_KNOTS('',6,(#5611,#5612,#5613,#5614,#5615,
    #5616,#5617,#5618,#5619,#5620,#5621,#5622),.UNSPECIFIED.,.F.,.F.,(7,
    5,7),(0.,0.134090346133,1.),.UNSPECIFIED.);
#5611 = CARTESIAN_POINT('',(0.,-23.17213114754));
#5612 = CARTESIAN_POINT('',(2.034498684263E-02,-23.14378157571));
#5613 = CARTESIAN_POINT('',(9.523944852609E-02,-23.03942044057));
#5614 = CARTESIAN_POINT('',(0.170855875865,-22.93405328772));
#5615 = CARTESIAN_POINT('',(0.228031504295,-22.85438233008));
#5616 = CARTESIAN_POINT('',(0.275593116403,-22.78810795255));
#5617 = CARTESIAN_POINT('',(0.786791784949,-22.075781939));
#5618 = CARTESIAN_POINT('',(1.229440372857,-21.45897652962));
#5619 = CARTESIAN_POINT('',(1.672085590646,-20.84217581631));
#5620 = CARTESIAN_POINT('',(2.114727338135,-20.22537993866));
#5621 = CARTESIAN_POINT('',(2.557365510844,-19.60858904226));
#5622 = CARTESIAN_POINT('',(3.,-18.99180327868));
#5623 = ( GEOMETRIC_REPRESENTATION_CONTEXT(2) 
PARAMETRIC_REPRESENTATION_CONTEXT() REPRESENTATION_CONTEXT('2D SPACE',''
  ) );
#5624 = PCURVE('',#5431,#5625);
#5625 = DEFINITIONAL_REPRESENTATION('',(#5626),#5639);
#5626 = B_SPLINE_CURVE_WITH_KNOTS('',6,(#5627,#5628,#5629,#5630,#5631,
    #5632,#5633,#5634,#5635,#5636,#5637,#5638),.UNSPECIFIED.,.F.,.F.,(7,
    5,7),(0.,0.134090346133,1.),.UNSPECIFIED.);
#5627 = CARTESIAN_POINT('',(-64.98180041203,0.360655737705));
#5628 = CARTESIAN_POINT('',(-64.9827773906,0.361322786454));
#5629 = CARTESIAN_POINT('',(-64.98637332557,0.363778342575));
#5630 = CARTESIAN_POINT('',(-64.99001348654,0.3662575697));
#5631 = CARTESIAN_POINT('',(-64.99277156226,0.368132180469));
#5632 = CARTESIAN_POINT('',(-64.99506451402,0.369691577587));
#5633 = CARTESIAN_POINT('',(-65.01976126341,0.38645218967));
#5634 = CARTESIAN_POINT('',(-65.04134586118,0.400965258126));
#5635 = CARTESIAN_POINT('',(-65.06313341669,0.415478216087));
#5636 = CARTESIAN_POINT('',(-65.08512753302,0.429991060267));
#5637 = CARTESIAN_POINT('',(-65.10733190265,0.444503787241));
#5638 = CARTESIAN_POINT('',(-65.12975030746,0.459016393443));
#5639 = ( GEOMETRIC_REPRESENTATION_CONTEXT(2) 
PARAMETRIC_REPRESENTATION_CONTEXT() REPRESENTATION_CONTEXT('2D SPACE',''
  ) );
#5640 = ORIENTED_EDGE('',*,*,#5480,.F.);
#5641 = ORIENTED_EDGE('',*,*,#2587,.T.);
#5642 = ORIENTED_EDGE('',*,*,#5149,.T.);
#5643 = ADVANCED_FACE('',(#5644),#3341,.T.);
#5644 = FACE_BOUND('',#5645,.T.);
#5645 = EDGE_LOOP('',(#5646,#5647,#5648,#5649));
#5646 = ORIENTED_EDGE('',*,*,#3352,.F.);
#5647 = ORIENTED_EDGE('',*,*,#3325,.F.);
#5648 = ORIENTED_EDGE('',*,*,#3497,.T.);
#5649 = ORIENTED_EDGE('',*,*,#3477,.T.);
#5650 = ADVANCED_FACE('',(#5651),#3734,.T.);
#5651 = FACE_BOUND('',#5652,.T.);
#5652 = EDGE_LOOP('',(#5653,#5654,#5655,#5656));
#5653 = ORIENTED_EDGE('',*,*,#3780,.F.);
#5654 = ORIENTED_EDGE('',*,*,#3648,.T.);
#5655 = ORIENTED_EDGE('',*,*,#3925,.T.);
#5656 = ORIENTED_EDGE('',*,*,#3800,.F.);
#5657 = ADVANCED_FACE('',(#5658),#4020,.T.);
#5658 = FACE_BOUND('',#5659,.T.);
#5659 = EDGE_LOOP('',(#5660,#5661,#5662,#5663));
#5660 = ORIENTED_EDGE('',*,*,#4031,.F.);
#5661 = ORIENTED_EDGE('',*,*,#4004,.F.);
#5662 = ORIENTED_EDGE('',*,*,#4101,.T.);
#5663 = ORIENTED_EDGE('',*,*,#4081,.T.);
#5664 = ADVANCED_FACE('',(#5665),#4308,.F.);
#5665 = FACE_BOUND('',#5666,.F.);
#5666 = EDGE_LOOP('',(#5667,#5690,#5691,#5714));
#5667 = ORIENTED_EDGE('',*,*,#5668,.F.);
#5668 = EDGE_CURVE('',#4223,#5669,#5671,.T.);
#5669 = VERTEX_POINT('',#5670);
#5670 = CARTESIAN_POINT('',(-62.,-5.,-19.5));
#5671 = SURFACE_CURVE('',#5672,(#5676,#5683),.PCURVE_S1.);
#5672 = LINE('',#5673,#5674);
#5673 = CARTESIAN_POINT('',(-182.,-5.,-19.5));
#5674 = VECTOR('',#5675,1.);
#5675 = DIRECTION('',(1.,0.,0.));
#5676 = PCURVE('',#4308,#5677);
#5677 = DEFINITIONAL_REPRESENTATION('',(#5678),#5682);
#5678 = LINE('',#5679,#5680);
#5679 = CARTESIAN_POINT('',(0.,0.));
#5680 = VECTOR('',#5681,1.);
#5681 = DIRECTION('',(0.,1.));
#5682 = ( GEOMETRIC_REPRESENTATION_CONTEXT(2) 
PARAMETRIC_REPRESENTATION_CONTEXT() REPRESENTATION_CONTEXT('2D SPACE',''
  ) );
#5683 = PCURVE('',#4368,#5684);
#5684 = DEFINITIONAL_REPRESENTATION('',(#5685),#5689);
#5685 = LINE('',#5686,#5687);
#5686 = CARTESIAN_POINT('',(0.,0.));
#5687 = VECTOR('',#5688,1.);
#5688 = DIRECTION('',(1.,0.));
#5689 = ( GEOMETRIC_REPRESENTATION_CONTEXT(2) 
PARAMETRIC_REPRESENTATION_CONTEXT() REPRESENTATION_CONTEXT('2D SPACE',''
  ) );
#5690 = ORIENTED_EDGE('',*,*,#4222,.T.);
#5691 = ORIENTED_EDGE('',*,*,#5692,.T.);
#5692 = EDGE_CURVE('',#4225,#5693,#5695,.T.);
#5693 = VERTEX_POINT('',#5694);
#5694 = CARTESIAN_POINT('',(-62.,-5.,-16.5));
#5695 = SURFACE_CURVE('',#5696,(#5700,#5707),.PCURVE_S1.);
#5696 = LINE('',#5697,#5698);
#5697 = CARTESIAN_POINT('',(-182.,-5.,-16.5));
#5698 = VECTOR('',#5699,1.);
#5699 = DIRECTION('',(1.,0.,0.));
#5700 = PCURVE('',#4308,#5701);
#5701 = DEFINITIONAL_REPRESENTATION('',(#5702),#5706);
#5702 = LINE('',#5703,#5704);
#5703 = CARTESIAN_POINT('',(3.,0.));
#5704 = VECTOR('',#5705,1.);
#5705 = DIRECTION('',(0.,1.));
#5706 = ( GEOMETRIC_REPRESENTATION_CONTEXT(2) 
PARAMETRIC_REPRESENTATION_CONTEXT() REPRESENTATION_CONTEXT('2D SPACE',''
  ) );
#5707 = PCURVE('',#4521,#5708);
#5708 = DEFINITIONAL_REPRESENTATION('',(#5709),#5713);
#5709 = LINE('',#5710,#5711);
#5710 = CARTESIAN_POINT('',(0.,0.));
#5711 = VECTOR('',#5712,1.);
#5712 = DIRECTION('',(1.,0.));
#5713 = ( GEOMETRIC_REPRESENTATION_CONTEXT(2) 
PARAMETRIC_REPRESENTATION_CONTEXT() REPRESENTATION_CONTEXT('2D SPACE',''
  ) );
#5714 = ORIENTED_EDGE('',*,*,#5715,.F.);
#5715 = EDGE_CURVE('',#5669,#5693,#5716,.T.);
#5716 = SURFACE_CURVE('',#5717,(#5721,#5728),.PCURVE_S1.);
#5717 = LINE('',#5718,#5719);
#5718 = CARTESIAN_POINT('',(-62.,-5.,-19.5));
#5719 = VECTOR('',#5720,1.);
#5720 = DIRECTION('',(0.,0.,1.));
#5721 = PCURVE('',#4308,#5722);
#5722 = DEFINITIONAL_REPRESENTATION('',(#5723),#5727);
#5723 = LINE('',#5724,#5725);
#5724 = CARTESIAN_POINT('',(0.,120.));
#5725 = VECTOR('',#5726,1.);
#5726 = DIRECTION('',(1.,0.));
#5727 = ( GEOMETRIC_REPRESENTATION_CONTEXT(2) 
PARAMETRIC_REPRESENTATION_CONTEXT() REPRESENTATION_CONTEXT('2D SPACE',''
  ) );
#5728 = PCURVE('',#5729,#5734);
#5729 = CYLINDRICAL_SURFACE('',#5730,5.);
#5730 = AXIS2_PLACEMENT_3D('',#5731,#5732,#5733);
#5731 = CARTESIAN_POINT('',(-62.,0.,-19.5));
#5732 = DIRECTION('',(0.,0.,1.));
#5733 = DIRECTION('',(1.,0.,-0.));
#5734 = DEFINITIONAL_REPRESENTATION('',(#5735),#5739);
#5735 = LINE('',#5736,#5737);
#5736 = CARTESIAN_POINT('',(4.712388980385,0.));
#5737 = VECTOR('',#5738,1.);
#5738 = DIRECTION('',(0.,1.));
#5739 = ( GEOMETRIC_REPRESENTATION_CONTEXT(2) 
PARAMETRIC_REPRESENTATION_CONTEXT() REPRESENTATION_CONTEXT('2D SPACE',''
  ) );
#5740 = ADVANCED_FACE('',(#5741),#4521,.T.);
#5741 = FACE_BOUND('',#5742,.T.);
#5742 = EDGE_LOOP('',(#5743,#5766,#5767,#5768));
#5743 = ORIENTED_EDGE('',*,*,#5744,.F.);
#5744 = EDGE_CURVE('',#4380,#5745,#5747,.T.);
#5745 = VERTEX_POINT('',#5746);
#5746 = CARTESIAN_POINT('',(-62.,5.,-16.5));
#5747 = SURFACE_CURVE('',#5748,(#5752,#5759),.PCURVE_S1.);
#5748 = LINE('',#5749,#5750);
#5749 = CARTESIAN_POINT('',(-182.,5.,-16.5));
#5750 = VECTOR('',#5751,1.);
#5751 = DIRECTION('',(1.,0.,0.));
#5752 = PCURVE('',#4521,#5753);
#5753 = DEFINITIONAL_REPRESENTATION('',(#5754),#5758);
#5754 = LINE('',#5755,#5756);
#5755 = CARTESIAN_POINT('',(0.,10.));
#5756 = VECTOR('',#5757,1.);
#5757 = DIRECTION('',(1.,0.));
#5758 = ( GEOMETRIC_REPRESENTATION_CONTEXT(2) 
PARAMETRIC_REPRESENTATION_CONTEXT() REPRESENTATION_CONTEXT('2D SPACE',''
  ) );
#5759 = PCURVE('',#4463,#5760);
#5760 = DEFINITIONAL_REPRESENTATION('',(#5761),#5765);
#5761 = LINE('',#5762,#5763);
#5762 = CARTESIAN_POINT('',(3.,0.));
#5763 = VECTOR('',#5764,1.);
#5764 = DIRECTION('',(0.,1.));
#5765 = ( GEOMETRIC_REPRESENTATION_CONTEXT(2) 
PARAMETRIC_REPRESENTATION_CONTEXT() REPRESENTATION_CONTEXT('2D SPACE',''
  ) );
#5766 = ORIENTED_EDGE('',*,*,#4509,.F.);
#5767 = ORIENTED_EDGE('',*,*,#5692,.T.);
#5768 = ORIENTED_EDGE('',*,*,#5769,.F.);
#5769 = EDGE_CURVE('',#5745,#5693,#5770,.T.);
#5770 = SURFACE_CURVE('',#5771,(#5776,#5783),.PCURVE_S1.);
#5771 = CIRCLE('',#5772,5.);
#5772 = AXIS2_PLACEMENT_3D('',#5773,#5774,#5775);
#5773 = CARTESIAN_POINT('',(-62.,0.,-16.5));
#5774 = DIRECTION('',(0.,0.,1.));
#5775 = DIRECTION('',(1.,0.,-0.));
#5776 = PCURVE('',#4521,#5777);
#5777 = DEFINITIONAL_REPRESENTATION('',(#5778),#5782);
#5778 = CIRCLE('',#5779,5.);
#5779 = AXIS2_PLACEMENT_2D('',#5780,#5781);
#5780 = CARTESIAN_POINT('',(120.,5.));
#5781 = DIRECTION('',(1.,0.));
#5782 = ( GEOMETRIC_REPRESENTATION_CONTEXT(2) 
PARAMETRIC_REPRESENTATION_CONTEXT() REPRESENTATION_CONTEXT('2D SPACE',''
  ) );
#5783 = PCURVE('',#5784,#5789);
#5784 = PLANE('',#5785);
#5785 = AXIS2_PLACEMENT_3D('',#5786,#5787,#5788);
#5786 = CARTESIAN_POINT('',(-62.,0.,-16.5));
#5787 = DIRECTION('',(0.,0.,1.));
#5788 = DIRECTION('',(1.,0.,-0.));
#5789 = DEFINITIONAL_REPRESENTATION('',(#5790),#5794);
#5790 = CIRCLE('',#5791,5.);
#5791 = AXIS2_PLACEMENT_2D('',#5792,#5793);
#5792 = CARTESIAN_POINT('',(0.,0.));
#5793 = DIRECTION('',(1.,0.));
#5794 = ( GEOMETRIC_REPRESENTATION_CONTEXT(2) 
PARAMETRIC_REPRESENTATION_CONTEXT() REPRESENTATION_CONTEXT('2D SPACE',''
  ) );
#5795 = ADVANCED_FACE('',(#5796),#4463,.T.);
#5796 = FACE_BOUND('',#5797,.T.);
#5797 = EDGE_LOOP('',(#5798,#5821,#5822,#5823));
#5798 = ORIENTED_EDGE('',*,*,#5799,.F.);
#5799 = EDGE_CURVE('',#4355,#5800,#5802,.T.);
#5800 = VERTEX_POINT('',#5801);
#5801 = CARTESIAN_POINT('',(-62.,5.,-19.5));
#5802 = SURFACE_CURVE('',#5803,(#5807,#5814),.PCURVE_S1.);
#5803 = LINE('',#5804,#5805);
#5804 = CARTESIAN_POINT('',(-182.,5.,-19.5));
#5805 = VECTOR('',#5806,1.);
#5806 = DIRECTION('',(1.,0.,0.));
#5807 = PCURVE('',#4463,#5808);
#5808 = DEFINITIONAL_REPRESENTATION('',(#5809),#5813);
#5809 = LINE('',#5810,#5811);
#5810 = CARTESIAN_POINT('',(0.,0.));
#5811 = VECTOR('',#5812,1.);
#5812 = DIRECTION('',(0.,1.));
#5813 = ( GEOMETRIC_REPRESENTATION_CONTEXT(2) 
PARAMETRIC_REPRESENTATION_CONTEXT() REPRESENTATION_CONTEXT('2D SPACE',''
  ) );
#5814 = PCURVE('',#4368,#5815);
#5815 = DEFINITIONAL_REPRESENTATION('',(#5816),#5820);
#5816 = LINE('',#5817,#5818);
#5817 = CARTESIAN_POINT('',(0.,10.));
#5818 = VECTOR('',#5819,1.);
#5819 = DIRECTION('',(1.,0.));
#5820 = ( GEOMETRIC_REPRESENTATION_CONTEXT(2) 
PARAMETRIC_REPRESENTATION_CONTEXT() REPRESENTATION_CONTEXT('2D SPACE',''
  ) );
#5821 = ORIENTED_EDGE('',*,*,#4379,.T.);
#5822 = ORIENTED_EDGE('',*,*,#5744,.T.);
#5823 = ORIENTED_EDGE('',*,*,#5824,.F.);
#5824 = EDGE_CURVE('',#5800,#5745,#5825,.T.);
#5825 = SURFACE_CURVE('',#5826,(#5830,#5837),.PCURVE_S1.);
#5826 = LINE('',#5827,#5828);
#5827 = CARTESIAN_POINT('',(-62.,5.,-19.5));
#5828 = VECTOR('',#5829,1.);
#5829 = DIRECTION('',(0.,0.,1.));
#5830 = PCURVE('',#4463,#5831);
#5831 = DEFINITIONAL_REPRESENTATION('',(#5832),#5836);
#5832 = LINE('',#5833,#5834);
#5833 = CARTESIAN_POINT('',(0.,120.));
#5834 = VECTOR('',#5835,1.);
#5835 = DIRECTION('',(1.,0.));
#5836 = ( GEOMETRIC_REPRESENTATION_CONTEXT(2) 
PARAMETRIC_REPRESENTATION_CONTEXT() REPRESENTATION_CONTEXT('2D SPACE',''
  ) );
#5837 = PCURVE('',#5838,#5843);
#5838 = CYLINDRICAL_SURFACE('',#5839,5.);
#5839 = AXIS2_PLACEMENT_3D('',#5840,#5841,#5842);
#5840 = CARTESIAN_POINT('',(-62.,0.,-19.5));
#5841 = DIRECTION('',(0.,0.,1.));
#5842 = DIRECTION('',(1.,0.,-0.));
#5843 = DEFINITIONAL_REPRESENTATION('',(#5844),#5848);
#5844 = LINE('',#5845,#5846);
#5845 = CARTESIAN_POINT('',(1.570796326795,0.));
#5846 = VECTOR('',#5847,1.);
#5847 = DIRECTION('',(0.,1.));
#5848 = ( GEOMETRIC_REPRESENTATION_CONTEXT(2) 
PARAMETRIC_REPRESENTATION_CONTEXT() REPRESENTATION_CONTEXT('2D SPACE',''
  ) );
#5849 = ADVANCED_FACE('',(#5850),#4368,.F.);
#5850 = FACE_BOUND('',#5851,.F.);
#5851 = EDGE_LOOP('',(#5852,#5853,#5854,#5855));
#5852 = ORIENTED_EDGE('',*,*,#5799,.F.);
#5853 = ORIENTED_EDGE('',*,*,#4354,.F.);
#5854 = ORIENTED_EDGE('',*,*,#5668,.T.);
#5855 = ORIENTED_EDGE('',*,*,#5856,.F.);
#5856 = EDGE_CURVE('',#5800,#5669,#5857,.T.);
#5857 = SURFACE_CURVE('',#5858,(#5863,#5870),.PCURVE_S1.);
#5858 = CIRCLE('',#5859,5.);
#5859 = AXIS2_PLACEMENT_3D('',#5860,#5861,#5862);
#5860 = CARTESIAN_POINT('',(-62.,0.,-19.5));
#5861 = DIRECTION('',(0.,0.,1.));
#5862 = DIRECTION('',(1.,0.,-0.));
#5863 = PCURVE('',#4368,#5864);
#5864 = DEFINITIONAL_REPRESENTATION('',(#5865),#5869);
#5865 = CIRCLE('',#5866,5.);
#5866 = AXIS2_PLACEMENT_2D('',#5867,#5868);
#5867 = CARTESIAN_POINT('',(120.,5.));
#5868 = DIRECTION('',(1.,0.));
#5869 = ( GEOMETRIC_REPRESENTATION_CONTEXT(2) 
PARAMETRIC_REPRESENTATION_CONTEXT() REPRESENTATION_CONTEXT('2D SPACE',''
  ) );
#5870 = PCURVE('',#5871,#5876);
#5871 = PLANE('',#5872);
#5872 = AXIS2_PLACEMENT_3D('',#5873,#5874,#5875);
#5873 = CARTESIAN_POINT('',(-62.,0.,-19.5));
#5874 = DIRECTION('',(0.,0.,1.));
#5875 = DIRECTION('',(1.,0.,-0.));
#5876 = DEFINITIONAL_REPRESENTATION('',(#5877),#5881);
#5877 = CIRCLE('',#5878,5.);
#5878 = AXIS2_PLACEMENT_2D('',#5879,#5880);
#5879 = CARTESIAN_POINT('',(0.,0.));
#5880 = DIRECTION('',(1.,0.));
#5881 = ( GEOMETRIC_REPRESENTATION_CONTEXT(2) 
PARAMETRIC_REPRESENTATION_CONTEXT() REPRESENTATION_CONTEXT('2D SPACE',''
  ) );
#5882 = ADVANCED_FACE('',(#5883),#4602,.F.);
#5883 = FACE_BOUND('',#5884,.F.);
#5884 = EDGE_LOOP('',(#5885,#5908,#5909,#5932));
#5885 = ORIENTED_EDGE('',*,*,#5886,.F.);
#5886 = EDGE_CURVE('',#4589,#5887,#5889,.T.);
#5887 = VERTEX_POINT('',#5888);
#5888 = CARTESIAN_POINT('',(-5.,-64.,-19.5));
#5889 = SURFACE_CURVE('',#5890,(#5894,#5901),.PCURVE_S1.);
#5890 = LINE('',#5891,#5892);
#5891 = CARTESIAN_POINT('',(-5.,-184.,-19.5));
#5892 = VECTOR('',#5893,1.);
#5893 = DIRECTION('',(0.,1.,0.));
#5894 = PCURVE('',#4602,#5895);
#5895 = DEFINITIONAL_REPRESENTATION('',(#5896),#5900);
#5896 = LINE('',#5897,#5898);
#5897 = CARTESIAN_POINT('',(0.,0.));
#5898 = VECTOR('',#5899,1.);
#5899 = DIRECTION('',(0.,1.));
#5900 = ( GEOMETRIC_REPRESENTATION_CONTEXT(2) 
PARAMETRIC_REPRESENTATION_CONTEXT() REPRESENTATION_CONTEXT('2D SPACE',''
  ) );
#5901 = PCURVE('',#4647,#5902);
#5902 = DEFINITIONAL_REPRESENTATION('',(#5903),#5907);
#5903 = LINE('',#5904,#5905);
#5904 = CARTESIAN_POINT('',(0.,0.));
#5905 = VECTOR('',#5906,1.);
#5906 = DIRECTION('',(0.,-1.));
#5907 = ( GEOMETRIC_REPRESENTATION_CONTEXT(2) 
PARAMETRIC_REPRESENTATION_CONTEXT() REPRESENTATION_CONTEXT('2D SPACE',''
  ) );
#5908 = ORIENTED_EDGE('',*,*,#4586,.F.);
#5909 = ORIENTED_EDGE('',*,*,#5910,.T.);
#5910 = EDGE_CURVE('',#4587,#5911,#5913,.T.);
#5911 = VERTEX_POINT('',#5912);
#5912 = CARTESIAN_POINT('',(5.,-64.,-19.5));
#5913 = SURFACE_CURVE('',#5914,(#5918,#5925),.PCURVE_S1.);
#5914 = LINE('',#5915,#5916);
#5915 = CARTESIAN_POINT('',(5.,-184.,-19.5));
#5916 = VECTOR('',#5917,1.);
#5917 = DIRECTION('',(0.,1.,0.));
#5918 = PCURVE('',#4602,#5919);
#5919 = DEFINITIONAL_REPRESENTATION('',(#5920),#5924);
#5920 = LINE('',#5921,#5922);
#5921 = CARTESIAN_POINT('',(10.,0.));
#5922 = VECTOR('',#5923,1.);
#5923 = DIRECTION('',(0.,1.));
#5924 = ( GEOMETRIC_REPRESENTATION_CONTEXT(2) 
PARAMETRIC_REPRESENTATION_CONTEXT() REPRESENTATION_CONTEXT('2D SPACE',''
  ) );
#5925 = PCURVE('',#4725,#5926);
#5926 = DEFINITIONAL_REPRESENTATION('',(#5927),#5931);
#5927 = LINE('',#5928,#5929);
#5928 = CARTESIAN_POINT('',(0.,0.));
#5929 = VECTOR('',#5930,1.);
#5930 = DIRECTION('',(0.,-1.));
#5931 = ( GEOMETRIC_REPRESENTATION_CONTEXT(2) 
PARAMETRIC_REPRESENTATION_CONTEXT() REPRESENTATION_CONTEXT('2D SPACE',''
  ) );
#5932 = ORIENTED_EDGE('',*,*,#5933,.F.);
#5933 = EDGE_CURVE('',#5887,#5911,#5934,.T.);
#5934 = SURFACE_CURVE('',#5935,(#5940,#5947),.PCURVE_S1.);
#5935 = CIRCLE('',#5936,5.);
#5936 = AXIS2_PLACEMENT_3D('',#5937,#5938,#5939);
#5937 = CARTESIAN_POINT('',(0.,-64.,-19.5));
#5938 = DIRECTION('',(0.,0.,1.));
#5939 = DIRECTION('',(1.,0.,-0.));
#5940 = PCURVE('',#4602,#5941);
#5941 = DEFINITIONAL_REPRESENTATION('',(#5942),#5946);
#5942 = CIRCLE('',#5943,5.);
#5943 = AXIS2_PLACEMENT_2D('',#5944,#5945);
#5944 = CARTESIAN_POINT('',(5.,120.));
#5945 = DIRECTION('',(1.,0.));
#5946 = ( GEOMETRIC_REPRESENTATION_CONTEXT(2) 
PARAMETRIC_REPRESENTATION_CONTEXT() REPRESENTATION_CONTEXT('2D SPACE',''
  ) );
#5947 = PCURVE('',#5948,#5953);
#5948 = PLANE('',#5949);
#5949 = AXIS2_PLACEMENT_3D('',#5950,#5951,#5952);
#5950 = CARTESIAN_POINT('',(0.,-64.,-19.5));
#5951 = DIRECTION('',(0.,0.,1.));
#5952 = DIRECTION('',(1.,0.,-0.));
#5953 = DEFINITIONAL_REPRESENTATION('',(#5954),#5958);
#5954 = CIRCLE('',#5955,5.);
#5955 = AXIS2_PLACEMENT_2D('',#5956,#5957);
#5956 = CARTESIAN_POINT('',(0.,0.));
#5957 = DIRECTION('',(1.,0.));
#5958 = ( GEOMETRIC_REPRESENTATION_CONTEXT(2) 
PARAMETRIC_REPRESENTATION_CONTEXT() REPRESENTATION_CONTEXT('2D SPACE',''
  ) );
#5959 = ADVANCED_FACE('',(#5960),#4725,.T.);
#5960 = FACE_BOUND('',#5961,.T.);
#5961 = EDGE_LOOP('',(#5962,#5985,#5986,#5987));
#5962 = ORIENTED_EDGE('',*,*,#5963,.F.);
#5963 = EDGE_CURVE('',#4669,#5964,#5966,.T.);
#5964 = VERTEX_POINT('',#5965);
#5965 = CARTESIAN_POINT('',(5.,-64.,-16.5));
#5966 = SURFACE_CURVE('',#5967,(#5971,#5978),.PCURVE_S1.);
#5967 = LINE('',#5968,#5969);
#5968 = CARTESIAN_POINT('',(5.,-184.,-16.5));
#5969 = VECTOR('',#5970,1.);
#5970 = DIRECTION('',(0.,1.,0.));
#5971 = PCURVE('',#4725,#5972);
#5972 = DEFINITIONAL_REPRESENTATION('',(#5973),#5977);
#5973 = LINE('',#5974,#5975);
#5974 = CARTESIAN_POINT('',(3.,0.));
#5975 = VECTOR('',#5976,1.);
#5976 = DIRECTION('',(0.,-1.));
#5977 = ( GEOMETRIC_REPRESENTATION_CONTEXT(2) 
PARAMETRIC_REPRESENTATION_CONTEXT() REPRESENTATION_CONTEXT('2D SPACE',''
  ) );
#5978 = PCURVE('',#4682,#5979);
#5979 = DEFINITIONAL_REPRESENTATION('',(#5980),#5984);
#5980 = LINE('',#5981,#5982);
#5981 = CARTESIAN_POINT('',(10.,0.));
#5982 = VECTOR('',#5983,1.);
#5983 = DIRECTION('',(0.,1.));
#5984 = ( GEOMETRIC_REPRESENTATION_CONTEXT(2) 
PARAMETRIC_REPRESENTATION_CONTEXT() REPRESENTATION_CONTEXT('2D SPACE',''
  ) );
#5985 = ORIENTED_EDGE('',*,*,#4693,.F.);
#5986 = ORIENTED_EDGE('',*,*,#5910,.T.);
#5987 = ORIENTED_EDGE('',*,*,#5988,.T.);
#5988 = EDGE_CURVE('',#5911,#5964,#5989,.T.);
#5989 = SURFACE_CURVE('',#5990,(#5994,#6001),.PCURVE_S1.);
#5990 = LINE('',#5991,#5992);
#5991 = CARTESIAN_POINT('',(5.,-64.,-19.5));
#5992 = VECTOR('',#5993,1.);
#5993 = DIRECTION('',(0.,0.,1.));
#5994 = PCURVE('',#4725,#5995);
#5995 = DEFINITIONAL_REPRESENTATION('',(#5996),#6000);
#5996 = LINE('',#5997,#5998);
#5997 = CARTESIAN_POINT('',(0.,-120.));
#5998 = VECTOR('',#5999,1.);
#5999 = DIRECTION('',(1.,0.));
#6000 = ( GEOMETRIC_REPRESENTATION_CONTEXT(2) 
PARAMETRIC_REPRESENTATION_CONTEXT() REPRESENTATION_CONTEXT('2D SPACE',''
  ) );
#6001 = PCURVE('',#6002,#6007);
#6002 = CYLINDRICAL_SURFACE('',#6003,5.);
#6003 = AXIS2_PLACEMENT_3D('',#6004,#6005,#6006);
#6004 = CARTESIAN_POINT('',(0.,-64.,-19.5));
#6005 = DIRECTION('',(0.,0.,1.));
#6006 = DIRECTION('',(1.,0.,-0.));
#6007 = DEFINITIONAL_REPRESENTATION('',(#6008),#6012);
#6008 = LINE('',#6009,#6010);
#6009 = CARTESIAN_POINT('',(0.,-0.));
#6010 = VECTOR('',#6011,1.);
#6011 = DIRECTION('',(0.,1.));
#6012 = ( GEOMETRIC_REPRESENTATION_CONTEXT(2) 
PARAMETRIC_REPRESENTATION_CONTEXT() REPRESENTATION_CONTEXT('2D SPACE',''
  ) );
#6013 = ADVANCED_FACE('',(#6014),#4682,.T.);
#6014 = FACE_BOUND('',#6015,.T.);
#6015 = EDGE_LOOP('',(#6016,#6039,#6040,#6041));
#6016 = ORIENTED_EDGE('',*,*,#6017,.F.);
#6017 = EDGE_CURVE('',#4614,#6018,#6020,.T.);
#6018 = VERTEX_POINT('',#6019);
#6019 = CARTESIAN_POINT('',(-5.,-64.,-16.5));
#6020 = SURFACE_CURVE('',#6021,(#6025,#6032),.PCURVE_S1.);
#6021 = LINE('',#6022,#6023);
#6022 = CARTESIAN_POINT('',(-5.,-184.,-16.5));
#6023 = VECTOR('',#6024,1.);
#6024 = DIRECTION('',(0.,1.,0.));
#6025 = PCURVE('',#4682,#6026);
#6026 = DEFINITIONAL_REPRESENTATION('',(#6027),#6031);
#6027 = LINE('',#6028,#6029);
#6028 = CARTESIAN_POINT('',(0.,0.));
#6029 = VECTOR('',#6030,1.);
#6030 = DIRECTION('',(0.,1.));
#6031 = ( GEOMETRIC_REPRESENTATION_CONTEXT(2) 
PARAMETRIC_REPRESENTATION_CONTEXT() REPRESENTATION_CONTEXT('2D SPACE',''
  ) );
#6032 = PCURVE('',#4647,#6033);
#6033 = DEFINITIONAL_REPRESENTATION('',(#6034),#6038);
#6034 = LINE('',#6035,#6036);
#6035 = CARTESIAN_POINT('',(3.,0.));
#6036 = VECTOR('',#6037,1.);
#6037 = DIRECTION('',(0.,-1.));
#6038 = ( GEOMETRIC_REPRESENTATION_CONTEXT(2) 
PARAMETRIC_REPRESENTATION_CONTEXT() REPRESENTATION_CONTEXT('2D SPACE',''
  ) );
#6039 = ORIENTED_EDGE('',*,*,#4668,.F.);
#6040 = ORIENTED_EDGE('',*,*,#5963,.T.);
#6041 = ORIENTED_EDGE('',*,*,#6042,.F.);
#6042 = EDGE_CURVE('',#6018,#5964,#6043,.T.);
#6043 = SURFACE_CURVE('',#6044,(#6049,#6056),.PCURVE_S1.);
#6044 = CIRCLE('',#6045,5.);
#6045 = AXIS2_PLACEMENT_3D('',#6046,#6047,#6048);
#6046 = CARTESIAN_POINT('',(0.,-64.,-16.5));
#6047 = DIRECTION('',(0.,0.,1.));
#6048 = DIRECTION('',(1.,0.,-0.));
#6049 = PCURVE('',#4682,#6050);
#6050 = DEFINITIONAL_REPRESENTATION('',(#6051),#6055);
#6051 = CIRCLE('',#6052,5.);
#6052 = AXIS2_PLACEMENT_2D('',#6053,#6054);
#6053 = CARTESIAN_POINT('',(5.,120.));
#6054 = DIRECTION('',(1.,0.));
#6055 = ( GEOMETRIC_REPRESENTATION_CONTEXT(2) 
PARAMETRIC_REPRESENTATION_CONTEXT() REPRESENTATION_CONTEXT('2D SPACE',''
  ) );
#6056 = PCURVE('',#6057,#6062);
#6057 = PLANE('',#6058);
#6058 = AXIS2_PLACEMENT_3D('',#6059,#6060,#6061);
#6059 = CARTESIAN_POINT('',(0.,-64.,-16.5));
#6060 = DIRECTION('',(0.,0.,1.));
#6061 = DIRECTION('',(1.,0.,-0.));
#6062 = DEFINITIONAL_REPRESENTATION('',(#6063),#6067);
#6063 = CIRCLE('',#6064,5.);
#6064 = AXIS2_PLACEMENT_2D('',#6065,#6066);
#6065 = CARTESIAN_POINT('',(0.,0.));
#6066 = DIRECTION('',(1.,0.));
#6067 = ( GEOMETRIC_REPRESENTATION_CONTEXT(2) 
PARAMETRIC_REPRESENTATION_CONTEXT() REPRESENTATION_CONTEXT('2D SPACE',''
  ) );
#6068 = ADVANCED_FACE('',(#6069),#4647,.F.);
#6069 = FACE_BOUND('',#6070,.F.);
#6070 = EDGE_LOOP('',(#6071,#6072,#6073,#6074));
#6071 = ORIENTED_EDGE('',*,*,#6017,.F.);
#6072 = ORIENTED_EDGE('',*,*,#4613,.F.);
#6073 = ORIENTED_EDGE('',*,*,#5886,.T.);
#6074 = ORIENTED_EDGE('',*,*,#6075,.T.);
#6075 = EDGE_CURVE('',#5887,#6018,#6076,.T.);
#6076 = SURFACE_CURVE('',#6077,(#6081,#6088),.PCURVE_S1.);
#6077 = LINE('',#6078,#6079);
#6078 = CARTESIAN_POINT('',(-5.,-64.,-19.5));
#6079 = VECTOR('',#6080,1.);
#6080 = DIRECTION('',(0.,0.,1.));
#6081 = PCURVE('',#4647,#6082);
#6082 = DEFINITIONAL_REPRESENTATION('',(#6083),#6087);
#6083 = LINE('',#6084,#6085);
#6084 = CARTESIAN_POINT('',(0.,-120.));
#6085 = VECTOR('',#6086,1.);
#6086 = DIRECTION('',(1.,0.));
#6087 = ( GEOMETRIC_REPRESENTATION_CONTEXT(2) 
PARAMETRIC_REPRESENTATION_CONTEXT() REPRESENTATION_CONTEXT('2D SPACE',''
  ) );
#6088 = PCURVE('',#6002,#6089);
#6089 = DEFINITIONAL_REPRESENTATION('',(#6090),#6094);
#6090 = LINE('',#6091,#6092);
#6091 = CARTESIAN_POINT('',(3.14159265359,0.));
#6092 = VECTOR('',#6093,1.);
#6093 = DIRECTION('',(0.,1.));
#6094 = ( GEOMETRIC_REPRESENTATION_CONTEXT(2) 
PARAMETRIC_REPRESENTATION_CONTEXT() REPRESENTATION_CONTEXT('2D SPACE',''
  ) );
#6095 = ADVANCED_FACE('',(#6096),#4816,.F.);
#6096 = FACE_BOUND('',#6097,.F.);
#6097 = EDGE_LOOP('',(#6098,#6121,#6150,#6174,#6195));
#6098 = ORIENTED_EDGE('',*,*,#6099,.F.);
#6099 = EDGE_CURVE('',#6100,#4801,#6102,.T.);
#6100 = VERTEX_POINT('',#6101);
#6101 = CARTESIAN_POINT('',(62.,5.,-19.5));
#6102 = SURFACE_CURVE('',#6103,(#6107,#6114),.PCURVE_S1.);
#6103 = LINE('',#6104,#6105);
#6104 = CARTESIAN_POINT('',(62.,5.,-19.5));
#6105 = VECTOR('',#6106,1.);
#6106 = DIRECTION('',(1.,0.,0.));
#6107 = PCURVE('',#4816,#6108);
#6108 = DEFINITIONAL_REPRESENTATION('',(#6109),#6113);
#6109 = LINE('',#6110,#6111);
#6110 = CARTESIAN_POINT('',(0.,10.));
#6111 = VECTOR('',#6112,1.);
#6112 = DIRECTION('',(1.,0.));
#6113 = ( GEOMETRIC_REPRESENTATION_CONTEXT(2) 
PARAMETRIC_REPRESENTATION_CONTEXT() REPRESENTATION_CONTEXT('2D SPACE',''
  ) );
#6114 = PCURVE('',#5064,#6115);
#6115 = DEFINITIONAL_REPRESENTATION('',(#6116),#6120);
#6116 = LINE('',#6117,#6118);
#6117 = CARTESIAN_POINT('',(0.,0.));
#6118 = VECTOR('',#6119,1.);
#6119 = DIRECTION('',(0.,1.));
#6120 = ( GEOMETRIC_REPRESENTATION_CONTEXT(2) 
PARAMETRIC_REPRESENTATION_CONTEXT() REPRESENTATION_CONTEXT('2D SPACE',''
  ) );
#6121 = ORIENTED_EDGE('',*,*,#6122,.F.);
#6122 = EDGE_CURVE('',#6123,#6100,#6125,.T.);
#6123 = VERTEX_POINT('',#6124);
#6124 = CARTESIAN_POINT('',(67.,-1.224646799147E-15,-19.5));
#6125 = SURFACE_CURVE('',#6126,(#6131,#6138),.PCURVE_S1.);
#6126 = CIRCLE('',#6127,5.);
#6127 = AXIS2_PLACEMENT_3D('',#6128,#6129,#6130);
#6128 = CARTESIAN_POINT('',(62.,0.,-19.5));
#6129 = DIRECTION('',(0.,0.,1.));
#6130 = DIRECTION('',(1.,0.,-0.));
#6131 = PCURVE('',#4816,#6132);
#6132 = DEFINITIONAL_REPRESENTATION('',(#6133),#6137);
#6133 = CIRCLE('',#6134,5.);
#6134 = AXIS2_PLACEMENT_2D('',#6135,#6136);
#6135 = CARTESIAN_POINT('',(0.,5.));
#6136 = DIRECTION('',(1.,0.));
#6137 = ( GEOMETRIC_REPRESENTATION_CONTEXT(2) 
PARAMETRIC_REPRESENTATION_CONTEXT() REPRESENTATION_CONTEXT('2D SPACE',''
  ) );
#6138 = PCURVE('',#6139,#6144);
#6139 = PLANE('',#6140);
#6140 = AXIS2_PLACEMENT_3D('',#6141,#6142,#6143);
#6141 = CARTESIAN_POINT('',(62.,0.,-19.5));
#6142 = DIRECTION('',(0.,0.,1.));
#6143 = DIRECTION('',(1.,0.,-0.));
#6144 = DEFINITIONAL_REPRESENTATION('',(#6145),#6149);
#6145 = CIRCLE('',#6146,5.);
#6146 = AXIS2_PLACEMENT_2D('',#6147,#6148);
#6147 = CARTESIAN_POINT('',(0.,0.));
#6148 = DIRECTION('',(1.,0.));
#6149 = ( GEOMETRIC_REPRESENTATION_CONTEXT(2) 
PARAMETRIC_REPRESENTATION_CONTEXT() REPRESENTATION_CONTEXT('2D SPACE',''
  ) );
#6150 = ORIENTED_EDGE('',*,*,#6151,.F.);
#6151 = EDGE_CURVE('',#6152,#6123,#6154,.T.);
#6152 = VERTEX_POINT('',#6153);
#6153 = CARTESIAN_POINT('',(62.,-5.,-19.5));
#6154 = SURFACE_CURVE('',#6155,(#6160,#6167),.PCURVE_S1.);
#6155 = CIRCLE('',#6156,5.);
#6156 = AXIS2_PLACEMENT_3D('',#6157,#6158,#6159);
#6157 = CARTESIAN_POINT('',(62.,0.,-19.5));
#6158 = DIRECTION('',(0.,0.,1.));
#6159 = DIRECTION('',(1.,0.,-0.));
#6160 = PCURVE('',#4816,#6161);
#6161 = DEFINITIONAL_REPRESENTATION('',(#6162),#6166);
#6162 = CIRCLE('',#6163,5.);
#6163 = AXIS2_PLACEMENT_2D('',#6164,#6165);
#6164 = CARTESIAN_POINT('',(0.,5.));
#6165 = DIRECTION('',(1.,0.));
#6166 = ( GEOMETRIC_REPRESENTATION_CONTEXT(2) 
PARAMETRIC_REPRESENTATION_CONTEXT() REPRESENTATION_CONTEXT('2D SPACE',''
  ) );
#6167 = PCURVE('',#6139,#6168);
#6168 = DEFINITIONAL_REPRESENTATION('',(#6169),#6173);
#6169 = CIRCLE('',#6170,5.);
#6170 = AXIS2_PLACEMENT_2D('',#6171,#6172);
#6171 = CARTESIAN_POINT('',(0.,0.));
#6172 = DIRECTION('',(1.,0.));
#6173 = ( GEOMETRIC_REPRESENTATION_CONTEXT(2) 
PARAMETRIC_REPRESENTATION_CONTEXT() REPRESENTATION_CONTEXT('2D SPACE',''
  ) );
#6174 = ORIENTED_EDGE('',*,*,#6175,.T.);
#6175 = EDGE_CURVE('',#6152,#4803,#6176,.T.);
#6176 = SURFACE_CURVE('',#6177,(#6181,#6188),.PCURVE_S1.);
#6177 = LINE('',#6178,#6179);
#6178 = CARTESIAN_POINT('',(62.,-5.,-19.5));
#6179 = VECTOR('',#6180,1.);
#6180 = DIRECTION('',(1.,0.,0.));
#6181 = PCURVE('',#4816,#6182);
#6182 = DEFINITIONAL_REPRESENTATION('',(#6183),#6187);
#6183 = LINE('',#6184,#6185);
#6184 = CARTESIAN_POINT('',(0.,0.));
#6185 = VECTOR('',#6186,1.);
#6186 = DIRECTION('',(1.,0.));
#6187 = ( GEOMETRIC_REPRESENTATION_CONTEXT(2) 
PARAMETRIC_REPRESENTATION_CONTEXT() REPRESENTATION_CONTEXT('2D SPACE',''
  ) );
#6188 = PCURVE('',#4911,#6189);
#6189 = DEFINITIONAL_REPRESENTATION('',(#6190),#6194);
#6190 = LINE('',#6191,#6192);
#6191 = CARTESIAN_POINT('',(0.,0.));
#6192 = VECTOR('',#6193,1.);
#6193 = DIRECTION('',(0.,1.));
#6194 = ( GEOMETRIC_REPRESENTATION_CONTEXT(2) 
PARAMETRIC_REPRESENTATION_CONTEXT() REPRESENTATION_CONTEXT('2D SPACE',''
  ) );
#6195 = ORIENTED_EDGE('',*,*,#4800,.F.);
#6196 = ADVANCED_FACE('',(#6197),#5064,.T.);
#6197 = FACE_BOUND('',#6198,.T.);
#6198 = EDGE_LOOP('',(#6199,#6200,#6228,#6249));
#6199 = ORIENTED_EDGE('',*,*,#6099,.F.);
#6200 = ORIENTED_EDGE('',*,*,#6201,.T.);
#6201 = EDGE_CURVE('',#6100,#6202,#6204,.T.);
#6202 = VERTEX_POINT('',#6203);
#6203 = CARTESIAN_POINT('',(62.,5.,-16.5));
#6204 = SURFACE_CURVE('',#6205,(#6209,#6216),.PCURVE_S1.);
#6205 = LINE('',#6206,#6207);
#6206 = CARTESIAN_POINT('',(62.,5.,-19.5));
#6207 = VECTOR('',#6208,1.);
#6208 = DIRECTION('',(0.,0.,1.));
#6209 = PCURVE('',#5064,#6210);
#6210 = DEFINITIONAL_REPRESENTATION('',(#6211),#6215);
#6211 = LINE('',#6212,#6213);
#6212 = CARTESIAN_POINT('',(0.,0.));
#6213 = VECTOR('',#6214,1.);
#6214 = DIRECTION('',(1.,0.));
#6215 = ( GEOMETRIC_REPRESENTATION_CONTEXT(2) 
PARAMETRIC_REPRESENTATION_CONTEXT() REPRESENTATION_CONTEXT('2D SPACE',''
  ) );
#6216 = PCURVE('',#6217,#6222);
#6217 = CYLINDRICAL_SURFACE('',#6218,5.);
#6218 = AXIS2_PLACEMENT_3D('',#6219,#6220,#6221);
#6219 = CARTESIAN_POINT('',(62.,0.,-19.5));
#6220 = DIRECTION('',(0.,0.,1.));
#6221 = DIRECTION('',(1.,0.,-0.));
#6222 = DEFINITIONAL_REPRESENTATION('',(#6223),#6227);
#6223 = LINE('',#6224,#6225);
#6224 = CARTESIAN_POINT('',(1.570796326795,0.));
#6225 = VECTOR('',#6226,1.);
#6226 = DIRECTION('',(0.,1.));
#6227 = ( GEOMETRIC_REPRESENTATION_CONTEXT(2) 
PARAMETRIC_REPRESENTATION_CONTEXT() REPRESENTATION_CONTEXT('2D SPACE',''
  ) );
#6228 = ORIENTED_EDGE('',*,*,#6229,.T.);
#6229 = EDGE_CURVE('',#6202,#4958,#6230,.T.);
#6230 = SURFACE_CURVE('',#6231,(#6235,#6242),.PCURVE_S1.);
#6231 = LINE('',#6232,#6233);
#6232 = CARTESIAN_POINT('',(62.,5.,-16.5));
#6233 = VECTOR('',#6234,1.);
#6234 = DIRECTION('',(1.,0.,0.));
#6235 = PCURVE('',#5064,#6236);
#6236 = DEFINITIONAL_REPRESENTATION('',(#6237),#6241);
#6237 = LINE('',#6238,#6239);
#6238 = CARTESIAN_POINT('',(3.,0.));
#6239 = VECTOR('',#6240,1.);
#6240 = DIRECTION('',(0.,1.));
#6241 = ( GEOMETRIC_REPRESENTATION_CONTEXT(2) 
PARAMETRIC_REPRESENTATION_CONTEXT() REPRESENTATION_CONTEXT('2D SPACE',''
  ) );
#6242 = PCURVE('',#4971,#6243);
#6243 = DEFINITIONAL_REPRESENTATION('',(#6244),#6248);
#6244 = LINE('',#6245,#6246);
#6245 = CARTESIAN_POINT('',(0.,10.));
#6246 = VECTOR('',#6247,1.);
#6247 = DIRECTION('',(1.,0.));
#6248 = ( GEOMETRIC_REPRESENTATION_CONTEXT(2) 
PARAMETRIC_REPRESENTATION_CONTEXT() REPRESENTATION_CONTEXT('2D SPACE',''
  ) );
#6249 = ORIENTED_EDGE('',*,*,#4982,.F.);
#6250 = ADVANCED_FACE('',(#6251),#4971,.T.);
#6251 = FACE_BOUND('',#6252,.T.);
#6252 = EDGE_LOOP('',(#6253,#6254,#6283,#6307,#6328));
#6253 = ORIENTED_EDGE('',*,*,#6229,.F.);
#6254 = ORIENTED_EDGE('',*,*,#6255,.F.);
#6255 = EDGE_CURVE('',#6256,#6202,#6258,.T.);
#6256 = VERTEX_POINT('',#6257);
#6257 = CARTESIAN_POINT('',(67.,-1.224646799147E-15,-16.5));
#6258 = SURFACE_CURVE('',#6259,(#6264,#6271),.PCURVE_S1.);
#6259 = CIRCLE('',#6260,5.);
#6260 = AXIS2_PLACEMENT_3D('',#6261,#6262,#6263);
#6261 = CARTESIAN_POINT('',(62.,0.,-16.5));
#6262 = DIRECTION('',(0.,0.,1.));
#6263 = DIRECTION('',(1.,0.,-0.));
#6264 = PCURVE('',#4971,#6265);
#6265 = DEFINITIONAL_REPRESENTATION('',(#6266),#6270);
#6266 = CIRCLE('',#6267,5.);
#6267 = AXIS2_PLACEMENT_2D('',#6268,#6269);
#6268 = CARTESIAN_POINT('',(0.,5.));
#6269 = DIRECTION('',(1.,0.));
#6270 = ( GEOMETRIC_REPRESENTATION_CONTEXT(2) 
PARAMETRIC_REPRESENTATION_CONTEXT() REPRESENTATION_CONTEXT('2D SPACE',''
  ) );
#6271 = PCURVE('',#6272,#6277);
#6272 = PLANE('',#6273);
#6273 = AXIS2_PLACEMENT_3D('',#6274,#6275,#6276);
#6274 = CARTESIAN_POINT('',(62.,0.,-16.5));
#6275 = DIRECTION('',(0.,0.,1.));
#6276 = DIRECTION('',(1.,0.,-0.));
#6277 = DEFINITIONAL_REPRESENTATION('',(#6278),#6282);
#6278 = CIRCLE('',#6279,5.);
#6279 = AXIS2_PLACEMENT_2D('',#6280,#6281);
#6280 = CARTESIAN_POINT('',(0.,0.));
#6281 = DIRECTION('',(1.,0.));
#6282 = ( GEOMETRIC_REPRESENTATION_CONTEXT(2) 
PARAMETRIC_REPRESENTATION_CONTEXT() REPRESENTATION_CONTEXT('2D SPACE',''
  ) );
#6283 = ORIENTED_EDGE('',*,*,#6284,.F.);
#6284 = EDGE_CURVE('',#6285,#6256,#6287,.T.);
#6285 = VERTEX_POINT('',#6286);
#6286 = CARTESIAN_POINT('',(62.,-5.,-16.5));
#6287 = SURFACE_CURVE('',#6288,(#6293,#6300),.PCURVE_S1.);
#6288 = CIRCLE('',#6289,5.);
#6289 = AXIS2_PLACEMENT_3D('',#6290,#6291,#6292);
#6290 = CARTESIAN_POINT('',(62.,0.,-16.5));
#6291 = DIRECTION('',(0.,0.,1.));
#6292 = DIRECTION('',(1.,0.,-0.));
#6293 = PCURVE('',#4971,#6294);
#6294 = DEFINITIONAL_REPRESENTATION('',(#6295),#6299);
#6295 = CIRCLE('',#6296,5.);
#6296 = AXIS2_PLACEMENT_2D('',#6297,#6298);
#6297 = CARTESIAN_POINT('',(0.,5.));
#6298 = DIRECTION('',(1.,0.));
#6299 = ( GEOMETRIC_REPRESENTATION_CONTEXT(2) 
PARAMETRIC_REPRESENTATION_CONTEXT() REPRESENTATION_CONTEXT('2D SPACE',''
  ) );
#6300 = PCURVE('',#6272,#6301);
#6301 = DEFINITIONAL_REPRESENTATION('',(#6302),#6306);
#6302 = CIRCLE('',#6303,5.);
#6303 = AXIS2_PLACEMENT_2D('',#6304,#6305);
#6304 = CARTESIAN_POINT('',(0.,0.));
#6305 = DIRECTION('',(1.,0.));
#6306 = ( GEOMETRIC_REPRESENTATION_CONTEXT(2) 
PARAMETRIC_REPRESENTATION_CONTEXT() REPRESENTATION_CONTEXT('2D SPACE',''
  ) );
#6307 = ORIENTED_EDGE('',*,*,#6308,.T.);
#6308 = EDGE_CURVE('',#6285,#4828,#6309,.T.);
#6309 = SURFACE_CURVE('',#6310,(#6314,#6321),.PCURVE_S1.);
#6310 = LINE('',#6311,#6312);
#6311 = CARTESIAN_POINT('',(62.,-5.,-16.5));
#6312 = VECTOR('',#6313,1.);
#6313 = DIRECTION('',(1.,0.,0.));
#6314 = PCURVE('',#4971,#6315);
#6315 = DEFINITIONAL_REPRESENTATION('',(#6316),#6320);
#6316 = LINE('',#6317,#6318);
#6317 = CARTESIAN_POINT('',(0.,0.));
#6318 = VECTOR('',#6319,1.);
#6319 = DIRECTION('',(1.,0.));
#6320 = ( GEOMETRIC_REPRESENTATION_CONTEXT(2) 
PARAMETRIC_REPRESENTATION_CONTEXT() REPRESENTATION_CONTEXT('2D SPACE',''
  ) );
#6321 = PCURVE('',#4911,#6322);
#6322 = DEFINITIONAL_REPRESENTATION('',(#6323),#6327);
#6323 = LINE('',#6324,#6325);
#6324 = CARTESIAN_POINT('',(3.,0.));
#6325 = VECTOR('',#6326,1.);
#6326 = DIRECTION('',(0.,1.));
#6327 = ( GEOMETRIC_REPRESENTATION_CONTEXT(2) 
PARAMETRIC_REPRESENTATION_CONTEXT() REPRESENTATION_CONTEXT('2D SPACE',''
  ) );
#6328 = ORIENTED_EDGE('',*,*,#4957,.F.);
#6329 = ADVANCED_FACE('',(#6330),#4911,.F.);
#6330 = FACE_BOUND('',#6331,.F.);
#6331 = EDGE_LOOP('',(#6332,#6333,#6354,#6355));
#6332 = ORIENTED_EDGE('',*,*,#6175,.F.);
#6333 = ORIENTED_EDGE('',*,*,#6334,.T.);
#6334 = EDGE_CURVE('',#6152,#6285,#6335,.T.);
#6335 = SURFACE_CURVE('',#6336,(#6340,#6347),.PCURVE_S1.);
#6336 = LINE('',#6337,#6338);
#6337 = CARTESIAN_POINT('',(62.,-5.,-19.5));
#6338 = VECTOR('',#6339,1.);
#6339 = DIRECTION('',(0.,0.,1.));
#6340 = PCURVE('',#4911,#6341);
#6341 = DEFINITIONAL_REPRESENTATION('',(#6342),#6346);
#6342 = LINE('',#6343,#6344);
#6343 = CARTESIAN_POINT('',(0.,0.));
#6344 = VECTOR('',#6345,1.);
#6345 = DIRECTION('',(1.,0.));
#6346 = ( GEOMETRIC_REPRESENTATION_CONTEXT(2) 
PARAMETRIC_REPRESENTATION_CONTEXT() REPRESENTATION_CONTEXT('2D SPACE',''
  ) );
#6347 = PCURVE('',#6217,#6348);
#6348 = DEFINITIONAL_REPRESENTATION('',(#6349),#6353);
#6349 = LINE('',#6350,#6351);
#6350 = CARTESIAN_POINT('',(4.712388980385,0.));
#6351 = VECTOR('',#6352,1.);
#6352 = DIRECTION('',(0.,1.));
#6353 = ( GEOMETRIC_REPRESENTATION_CONTEXT(2) 
PARAMETRIC_REPRESENTATION_CONTEXT() REPRESENTATION_CONTEXT('2D SPACE',''
  ) );
#6354 = ORIENTED_EDGE('',*,*,#6308,.T.);
#6355 = ORIENTED_EDGE('',*,*,#4827,.F.);
#6356 = ADVANCED_FACE('',(#6357),#5213,.T.);
#6357 = FACE_BOUND('',#6358,.T.);
#6358 = EDGE_LOOP('',(#6359,#6360,#6387,#6388));
#6359 = ORIENTED_EDGE('',*,*,#5318,.F.);
#6360 = ORIENTED_EDGE('',*,*,#6361,.F.);
#6361 = EDGE_CURVE('',#5525,#5319,#6362,.T.);
#6362 = SURFACE_CURVE('',#6363,(#6368,#6375),.PCURVE_S1.);
#6363 = CIRCLE('',#6364,5.);
#6364 = AXIS2_PLACEMENT_3D('',#6365,#6366,#6367);
#6365 = CARTESIAN_POINT('',(0.,64.,-16.5));
#6366 = DIRECTION('',(0.,0.,1.));
#6367 = DIRECTION('',(1.,0.,-0.));
#6368 = PCURVE('',#5213,#6369);
#6369 = DEFINITIONAL_REPRESENTATION('',(#6370),#6374);
#6370 = CIRCLE('',#6371,5.);
#6371 = AXIS2_PLACEMENT_2D('',#6372,#6373);
#6372 = CARTESIAN_POINT('',(5.,0.));
#6373 = DIRECTION('',(1.,0.));
#6374 = ( GEOMETRIC_REPRESENTATION_CONTEXT(2) 
PARAMETRIC_REPRESENTATION_CONTEXT() REPRESENTATION_CONTEXT('2D SPACE',''
  ) );
#6375 = PCURVE('',#6376,#6381);
#6376 = PLANE('',#6377);
#6377 = AXIS2_PLACEMENT_3D('',#6378,#6379,#6380);
#6378 = CARTESIAN_POINT('',(0.,64.,-16.5));
#6379 = DIRECTION('',(0.,0.,1.));
#6380 = DIRECTION('',(1.,0.,-0.));
#6381 = DEFINITIONAL_REPRESENTATION('',(#6382),#6386);
#6382 = CIRCLE('',#6383,5.);
#6383 = AXIS2_PLACEMENT_2D('',#6384,#6385);
#6384 = CARTESIAN_POINT('',(0.,0.));
#6385 = DIRECTION('',(1.,0.));
#6386 = ( GEOMETRIC_REPRESENTATION_CONTEXT(2) 
PARAMETRIC_REPRESENTATION_CONTEXT() REPRESENTATION_CONTEXT('2D SPACE',''
  ) );
#6387 = ORIENTED_EDGE('',*,*,#5524,.T.);
#6388 = ORIENTED_EDGE('',*,*,#5199,.F.);
#6389 = ADVANCED_FACE('',(#6390),#5431,.T.);
#6390 = FACE_BOUND('',#6391,.T.);
#6391 = EDGE_LOOP('',(#6392,#6410,#6411,#6412));
#6392 = ORIENTED_EDGE('',*,*,#6393,.F.);
#6393 = EDGE_CURVE('',#5370,#5571,#6394,.T.);
#6394 = SURFACE_CURVE('',#6395,(#6398,#6404),.PCURVE_S1.);
#6395 = B_SPLINE_CURVE_WITH_KNOTS('',1,(#6396,#6397),.UNSPECIFIED.,.F.,
  .F.,(2,2),(0.,1.),.PIECEWISE_BEZIER_KNOTS.);
#6396 = CARTESIAN_POINT('',(-5.,87.172131147541,-19.5));
#6397 = CARTESIAN_POINT('',(5.,87.172131147541,-19.5));
#6398 = PCURVE('',#5431,#6399);
#6399 = DEFINITIONAL_REPRESENTATION('',(#6400),#6403);
#6400 = B_SPLINE_CURVE_WITH_KNOTS('',1,(#6401,#6402),.UNSPECIFIED.,.F.,
  .F.,(2,2),(0.,1.),.PIECEWISE_BEZIER_KNOTS.);
#6401 = CARTESIAN_POINT('',(-54.01819966772,0.360655737705));
#6402 = CARTESIAN_POINT('',(-64.98180033227,0.360655737705));
#6403 = ( GEOMETRIC_REPRESENTATION_CONTEXT(2) 
PARAMETRIC_REPRESENTATION_CONTEXT() REPRESENTATION_CONTEXT('2D SPACE',''
  ) );
#6404 = PCURVE('',#5385,#6405);
#6405 = DEFINITIONAL_REPRESENTATION('',(#6406),#6409);
#6406 = B_SPLINE_CURVE_WITH_KNOTS('',1,(#6407,#6408),.UNSPECIFIED.,.F.,
  .F.,(2,2),(0.,1.),.PIECEWISE_BEZIER_KNOTS.);
#6407 = CARTESIAN_POINT('',(0.,23.172131147541));
#6408 = CARTESIAN_POINT('',(10.,23.172131147541));
#6409 = ( GEOMETRIC_REPRESENTATION_CONTEXT(2) 
PARAMETRIC_REPRESENTATION_CONTEXT() REPRESENTATION_CONTEXT('2D SPACE',''
  ) );
#6410 = ORIENTED_EDGE('',*,*,#5397,.T.);
#6411 = ORIENTED_EDGE('',*,*,#5503,.T.);
#6412 = ORIENTED_EDGE('',*,*,#5593,.F.);
#6413 = ADVANCED_FACE('',(#6414),#5385,.F.);
#6414 = FACE_BOUND('',#6415,.F.);
#6415 = EDGE_LOOP('',(#6416,#6417,#6444,#6445));
#6416 = ORIENTED_EDGE('',*,*,#5369,.F.);
#6417 = ORIENTED_EDGE('',*,*,#6418,.F.);
#6418 = EDGE_CURVE('',#5548,#5342,#6419,.T.);
#6419 = SURFACE_CURVE('',#6420,(#6425,#6432),.PCURVE_S1.);
#6420 = CIRCLE('',#6421,5.);
#6421 = AXIS2_PLACEMENT_3D('',#6422,#6423,#6424);
#6422 = CARTESIAN_POINT('',(0.,64.,-19.5));
#6423 = DIRECTION('',(0.,0.,1.));
#6424 = DIRECTION('',(1.,0.,-0.));
#6425 = PCURVE('',#5385,#6426);
#6426 = DEFINITIONAL_REPRESENTATION('',(#6427),#6431);
#6427 = CIRCLE('',#6428,5.);
#6428 = AXIS2_PLACEMENT_2D('',#6429,#6430);
#6429 = CARTESIAN_POINT('',(5.,0.));
#6430 = DIRECTION('',(1.,0.));
#6431 = ( GEOMETRIC_REPRESENTATION_CONTEXT(2) 
PARAMETRIC_REPRESENTATION_CONTEXT() REPRESENTATION_CONTEXT('2D SPACE',''
  ) );
#6432 = PCURVE('',#6433,#6438);
#6433 = PLANE('',#6434);
#6434 = AXIS2_PLACEMENT_3D('',#6435,#6436,#6437);
#6435 = CARTESIAN_POINT('',(0.,64.,-19.5));
#6436 = DIRECTION('',(0.,0.,1.));
#6437 = DIRECTION('',(1.,0.,-0.));
#6438 = DEFINITIONAL_REPRESENTATION('',(#6439),#6443);
#6439 = CIRCLE('',#6440,5.);
#6440 = AXIS2_PLACEMENT_2D('',#6441,#6442);
#6441 = CARTESIAN_POINT('',(0.,0.));
#6442 = DIRECTION('',(1.,0.));
#6443 = ( GEOMETRIC_REPRESENTATION_CONTEXT(2) 
PARAMETRIC_REPRESENTATION_CONTEXT() REPRESENTATION_CONTEXT('2D SPACE',''
  ) );
#6444 = ORIENTED_EDGE('',*,*,#5570,.T.);
#6445 = ORIENTED_EDGE('',*,*,#6393,.F.);
#6446 = ADVANCED_FACE('',(#6447),#5357,.T.);
#6447 = FACE_BOUND('',#6448,.T.);
#6448 = EDGE_LOOP('',(#6449,#6450,#6477,#6478));
#6449 = ORIENTED_EDGE('',*,*,#5547,.T.);
#6450 = ORIENTED_EDGE('',*,*,#6451,.F.);
#6451 = EDGE_CURVE('',#5319,#5525,#6452,.T.);
#6452 = SURFACE_CURVE('',#6453,(#6458,#6465),.PCURVE_S1.);
#6453 = CIRCLE('',#6454,5.);
#6454 = AXIS2_PLACEMENT_3D('',#6455,#6456,#6457);
#6455 = CARTESIAN_POINT('',(0.,64.,-16.5));
#6456 = DIRECTION('',(0.,0.,1.));
#6457 = DIRECTION('',(1.,0.,-0.));
#6458 = PCURVE('',#5357,#6459);
#6459 = DEFINITIONAL_REPRESENTATION('',(#6460),#6464);
#6460 = LINE('',#6461,#6462);
#6461 = CARTESIAN_POINT('',(0.,3.));
#6462 = VECTOR('',#6463,1.);
#6463 = DIRECTION('',(1.,0.));
#6464 = ( GEOMETRIC_REPRESENTATION_CONTEXT(2) 
PARAMETRIC_REPRESENTATION_CONTEXT() REPRESENTATION_CONTEXT('2D SPACE',''
  ) );
#6465 = PCURVE('',#6466,#6471);
#6466 = PLANE('',#6467);
#6467 = AXIS2_PLACEMENT_3D('',#6468,#6469,#6470);
#6468 = CARTESIAN_POINT('',(0.,64.,-16.5));
#6469 = DIRECTION('',(0.,0.,1.));
#6470 = DIRECTION('',(1.,0.,-0.));
#6471 = DEFINITIONAL_REPRESENTATION('',(#6472),#6476);
#6472 = CIRCLE('',#6473,5.);
#6473 = AXIS2_PLACEMENT_2D('',#6474,#6475);
#6474 = CARTESIAN_POINT('',(0.,0.));
#6475 = DIRECTION('',(1.,0.));
#6476 = ( GEOMETRIC_REPRESENTATION_CONTEXT(2) 
PARAMETRIC_REPRESENTATION_CONTEXT() REPRESENTATION_CONTEXT('2D SPACE',''
  ) );
#6477 = ORIENTED_EDGE('',*,*,#5341,.F.);
#6478 = ORIENTED_EDGE('',*,*,#6479,.T.);
#6479 = EDGE_CURVE('',#5342,#5548,#6480,.T.);
#6480 = SURFACE_CURVE('',#6481,(#6486,#6493),.PCURVE_S1.);
#6481 = CIRCLE('',#6482,5.);
#6482 = AXIS2_PLACEMENT_3D('',#6483,#6484,#6485);
#6483 = CARTESIAN_POINT('',(0.,64.,-19.5));
#6484 = DIRECTION('',(0.,0.,1.));
#6485 = DIRECTION('',(1.,0.,-0.));
#6486 = PCURVE('',#5357,#6487);
#6487 = DEFINITIONAL_REPRESENTATION('',(#6488),#6492);
#6488 = LINE('',#6489,#6490);
#6489 = CARTESIAN_POINT('',(0.,0.));
#6490 = VECTOR('',#6491,1.);
#6491 = DIRECTION('',(1.,0.));
#6492 = ( GEOMETRIC_REPRESENTATION_CONTEXT(2) 
PARAMETRIC_REPRESENTATION_CONTEXT() REPRESENTATION_CONTEXT('2D SPACE',''
  ) );
#6493 = PCURVE('',#6494,#6499);
#6494 = PLANE('',#6495);
#6495 = AXIS2_PLACEMENT_3D('',#6496,#6497,#6498);
#6496 = CARTESIAN_POINT('',(0.,64.,-19.5));
#6497 = DIRECTION('',(0.,0.,1.));
#6498 = DIRECTION('',(1.,0.,-0.));
#6499 = DEFINITIONAL_REPRESENTATION('',(#6500),#6504);
#6500 = CIRCLE('',#6501,5.);
#6501 = AXIS2_PLACEMENT_2D('',#6502,#6503);
#6502 = CARTESIAN_POINT('',(0.,0.));
#6503 = DIRECTION('',(1.,0.));
#6504 = ( GEOMETRIC_REPRESENTATION_CONTEXT(2) 
PARAMETRIC_REPRESENTATION_CONTEXT() REPRESENTATION_CONTEXT('2D SPACE',''
  ) );
#6505 = ADVANCED_FACE('',(#6506),#5729,.T.);
#6506 = FACE_BOUND('',#6507,.T.);
#6507 = EDGE_LOOP('',(#6508,#6533,#6560,#6561));
#6508 = ORIENTED_EDGE('',*,*,#6509,.T.);
#6509 = EDGE_CURVE('',#6510,#6512,#6514,.T.);
#6510 = VERTEX_POINT('',#6511);
#6511 = CARTESIAN_POINT('',(-57.,-1.224646799147E-15,-19.5));
#6512 = VERTEX_POINT('',#6513);
#6513 = CARTESIAN_POINT('',(-57.,-1.224646799147E-15,-16.5));
#6514 = SURFACE_CURVE('',#6515,(#6519,#6526),.PCURVE_S1.);
#6515 = LINE('',#6516,#6517);
#6516 = CARTESIAN_POINT('',(-57.,-1.224646799147E-15,-19.5));
#6517 = VECTOR('',#6518,1.);
#6518 = DIRECTION('',(0.,0.,1.));
#6519 = PCURVE('',#5729,#6520);
#6520 = DEFINITIONAL_REPRESENTATION('',(#6521),#6525);
#6521 = LINE('',#6522,#6523);
#6522 = CARTESIAN_POINT('',(6.28318530718,-0.));
#6523 = VECTOR('',#6524,1.);
#6524 = DIRECTION('',(0.,1.));
#6525 = ( GEOMETRIC_REPRESENTATION_CONTEXT(2) 
PARAMETRIC_REPRESENTATION_CONTEXT() REPRESENTATION_CONTEXT('2D SPACE',''
  ) );
#6526 = PCURVE('',#5838,#6527);
#6527 = DEFINITIONAL_REPRESENTATION('',(#6528),#6532);
#6528 = LINE('',#6529,#6530);
#6529 = CARTESIAN_POINT('',(0.,-0.));
#6530 = VECTOR('',#6531,1.);
#6531 = DIRECTION('',(0.,1.));
#6532 = ( GEOMETRIC_REPRESENTATION_CONTEXT(2) 
PARAMETRIC_REPRESENTATION_CONTEXT() REPRESENTATION_CONTEXT('2D SPACE',''
  ) );
#6533 = ORIENTED_EDGE('',*,*,#6534,.F.);
#6534 = EDGE_CURVE('',#5693,#6512,#6535,.T.);
#6535 = SURFACE_CURVE('',#6536,(#6541,#6548),.PCURVE_S1.);
#6536 = CIRCLE('',#6537,5.);
#6537 = AXIS2_PLACEMENT_3D('',#6538,#6539,#6540);
#6538 = CARTESIAN_POINT('',(-62.,0.,-16.5));
#6539 = DIRECTION('',(0.,0.,1.));
#6540 = DIRECTION('',(1.,0.,-0.));
#6541 = PCURVE('',#5729,#6542);
#6542 = DEFINITIONAL_REPRESENTATION('',(#6543),#6547);
#6543 = LINE('',#6544,#6545);
#6544 = CARTESIAN_POINT('',(0.,3.));
#6545 = VECTOR('',#6546,1.);
#6546 = DIRECTION('',(1.,0.));
#6547 = ( GEOMETRIC_REPRESENTATION_CONTEXT(2) 
PARAMETRIC_REPRESENTATION_CONTEXT() REPRESENTATION_CONTEXT('2D SPACE',''
  ) );
#6548 = PCURVE('',#6549,#6554);
#6549 = PLANE('',#6550);
#6550 = AXIS2_PLACEMENT_3D('',#6551,#6552,#6553);
#6551 = CARTESIAN_POINT('',(-62.,0.,-16.5));
#6552 = DIRECTION('',(0.,0.,1.));
#6553 = DIRECTION('',(1.,0.,-0.));
#6554 = DEFINITIONAL_REPRESENTATION('',(#6555),#6559);
#6555 = CIRCLE('',#6556,5.);
#6556 = AXIS2_PLACEMENT_2D('',#6557,#6558);
#6557 = CARTESIAN_POINT('',(0.,0.));
#6558 = DIRECTION('',(1.,0.));
#6559 = ( GEOMETRIC_REPRESENTATION_CONTEXT(2) 
PARAMETRIC_REPRESENTATION_CONTEXT() REPRESENTATION_CONTEXT('2D SPACE',''
  ) );
#6560 = ORIENTED_EDGE('',*,*,#5715,.F.);
#6561 = ORIENTED_EDGE('',*,*,#6562,.T.);
#6562 = EDGE_CURVE('',#5669,#6510,#6563,.T.);
#6563 = SURFACE_CURVE('',#6564,(#6569,#6576),.PCURVE_S1.);
#6564 = CIRCLE('',#6565,5.);
#6565 = AXIS2_PLACEMENT_3D('',#6566,#6567,#6568);
#6566 = CARTESIAN_POINT('',(-62.,0.,-19.5));
#6567 = DIRECTION('',(0.,0.,1.));
#6568 = DIRECTION('',(1.,0.,-0.));
#6569 = PCURVE('',#5729,#6570);
#6570 = DEFINITIONAL_REPRESENTATION('',(#6571),#6575);
#6571 = LINE('',#6572,#6573);
#6572 = CARTESIAN_POINT('',(0.,0.));
#6573 = VECTOR('',#6574,1.);
#6574 = DIRECTION('',(1.,0.));
#6575 = ( GEOMETRIC_REPRESENTATION_CONTEXT(2) 
PARAMETRIC_REPRESENTATION_CONTEXT() REPRESENTATION_CONTEXT('2D SPACE',''
  ) );
#6576 = PCURVE('',#6577,#6582);
#6577 = PLANE('',#6578);
#6578 = AXIS2_PLACEMENT_3D('',#6579,#6580,#6581);
#6579 = CARTESIAN_POINT('',(-62.,0.,-19.5));
#6580 = DIRECTION('',(0.,0.,1.));
#6581 = DIRECTION('',(1.,0.,-0.));
#6582 = DEFINITIONAL_REPRESENTATION('',(#6583),#6587);
#6583 = CIRCLE('',#6584,5.);
#6584 = AXIS2_PLACEMENT_2D('',#6585,#6586);
#6585 = CARTESIAN_POINT('',(0.,0.));
#6586 = DIRECTION('',(1.,0.));
#6587 = ( GEOMETRIC_REPRESENTATION_CONTEXT(2) 
PARAMETRIC_REPRESENTATION_CONTEXT() REPRESENTATION_CONTEXT('2D SPACE',''
  ) );
#6588 = ADVANCED_FACE('',(#6589),#5784,.T.);
#6589 = FACE_BOUND('',#6590,.T.);
#6590 = EDGE_LOOP('',(#6591,#6592,#6615,#6644));
#6591 = ORIENTED_EDGE('',*,*,#5769,.T.);
#6592 = ORIENTED_EDGE('',*,*,#6593,.T.);
#6593 = EDGE_CURVE('',#5693,#6594,#6596,.T.);
#6594 = VERTEX_POINT('',#6595);
#6595 = CARTESIAN_POINT('',(-62.,-1.7,-16.5));
#6596 = SURFACE_CURVE('',#6597,(#6601,#6608),.PCURVE_S1.);
#6597 = LINE('',#6598,#6599);
#6598 = CARTESIAN_POINT('',(-62.,-5.,-16.5));
#6599 = VECTOR('',#6600,1.);
#6600 = DIRECTION('',(0.,1.,0.));
#6601 = PCURVE('',#5784,#6602);
#6602 = DEFINITIONAL_REPRESENTATION('',(#6603),#6607);
#6603 = LINE('',#6604,#6605);
#6604 = CARTESIAN_POINT('',(0.,-5.));
#6605 = VECTOR('',#6606,1.);
#6606 = DIRECTION('',(0.,1.));
#6607 = ( GEOMETRIC_REPRESENTATION_CONTEXT(2) 
PARAMETRIC_REPRESENTATION_CONTEXT() REPRESENTATION_CONTEXT('2D SPACE',''
  ) );
#6608 = PCURVE('',#6549,#6609);
#6609 = DEFINITIONAL_REPRESENTATION('',(#6610),#6614);
#6610 = LINE('',#6611,#6612);
#6611 = CARTESIAN_POINT('',(0.,-5.));
#6612 = VECTOR('',#6613,1.);
#6613 = DIRECTION('',(0.,1.));
#6614 = ( GEOMETRIC_REPRESENTATION_CONTEXT(2) 
PARAMETRIC_REPRESENTATION_CONTEXT() REPRESENTATION_CONTEXT('2D SPACE',''
  ) );
#6615 = ORIENTED_EDGE('',*,*,#6616,.F.);
#6616 = EDGE_CURVE('',#6617,#6594,#6619,.T.);
#6617 = VERTEX_POINT('',#6618);
#6618 = CARTESIAN_POINT('',(-62.,1.7,-16.5));
#6619 = SURFACE_CURVE('',#6620,(#6625,#6632),.PCURVE_S1.);
#6620 = CIRCLE('',#6621,1.7);
#6621 = AXIS2_PLACEMENT_3D('',#6622,#6623,#6624);
#6622 = CARTESIAN_POINT('',(-62.,0.,-16.5));
#6623 = DIRECTION('',(0.,0.,1.));
#6624 = DIRECTION('',(1.,0.,-0.));
#6625 = PCURVE('',#5784,#6626);
#6626 = DEFINITIONAL_REPRESENTATION('',(#6627),#6631);
#6627 = CIRCLE('',#6628,1.7);
#6628 = AXIS2_PLACEMENT_2D('',#6629,#6630);
#6629 = CARTESIAN_POINT('',(0.,0.));
#6630 = DIRECTION('',(1.,0.));
#6631 = ( GEOMETRIC_REPRESENTATION_CONTEXT(2) 
PARAMETRIC_REPRESENTATION_CONTEXT() REPRESENTATION_CONTEXT('2D SPACE',''
  ) );
#6632 = PCURVE('',#6633,#6638);
#6633 = CYLINDRICAL_SURFACE('',#6634,1.7);
#6634 = AXIS2_PLACEMENT_3D('',#6635,#6636,#6637);
#6635 = CARTESIAN_POINT('',(-62.,0.,-19.5));
#6636 = DIRECTION('',(0.,0.,1.));
#6637 = DIRECTION('',(1.,0.,-0.));
#6638 = DEFINITIONAL_REPRESENTATION('',(#6639),#6643);
#6639 = LINE('',#6640,#6641);
#6640 = CARTESIAN_POINT('',(0.,3.));
#6641 = VECTOR('',#6642,1.);
#6642 = DIRECTION('',(1.,0.));
#6643 = ( GEOMETRIC_REPRESENTATION_CONTEXT(2) 
PARAMETRIC_REPRESENTATION_CONTEXT() REPRESENTATION_CONTEXT('2D SPACE',''
  ) );
#6644 = ORIENTED_EDGE('',*,*,#6645,.T.);
#6645 = EDGE_CURVE('',#6617,#5745,#6646,.T.);
#6646 = SURFACE_CURVE('',#6647,(#6651,#6658),.PCURVE_S1.);
#6647 = LINE('',#6648,#6649);
#6648 = CARTESIAN_POINT('',(-62.,-5.,-16.5));
#6649 = VECTOR('',#6650,1.);
#6650 = DIRECTION('',(0.,1.,0.));
#6651 = PCURVE('',#5784,#6652);
#6652 = DEFINITIONAL_REPRESENTATION('',(#6653),#6657);
#6653 = LINE('',#6654,#6655);
#6654 = CARTESIAN_POINT('',(0.,-5.));
#6655 = VECTOR('',#6656,1.);
#6656 = DIRECTION('',(0.,1.));
#6657 = ( GEOMETRIC_REPRESENTATION_CONTEXT(2) 
PARAMETRIC_REPRESENTATION_CONTEXT() REPRESENTATION_CONTEXT('2D SPACE',''
  ) );
#6658 = PCURVE('',#6549,#6659);
#6659 = DEFINITIONAL_REPRESENTATION('',(#6660),#6664);
#6660 = LINE('',#6661,#6662);
#6661 = CARTESIAN_POINT('',(0.,-5.));
#6662 = VECTOR('',#6663,1.);
#6663 = DIRECTION('',(0.,1.));
#6664 = ( GEOMETRIC_REPRESENTATION_CONTEXT(2) 
PARAMETRIC_REPRESENTATION_CONTEXT() REPRESENTATION_CONTEXT('2D SPACE',''
  ) );
#6665 = ADVANCED_FACE('',(#6666),#5838,.T.);
#6666 = FACE_BOUND('',#6667,.T.);
#6667 = EDGE_LOOP('',(#6668,#6690,#6691,#6713));
#6668 = ORIENTED_EDGE('',*,*,#6669,.F.);
#6669 = EDGE_CURVE('',#6512,#5745,#6670,.T.);
#6670 = SURFACE_CURVE('',#6671,(#6676,#6683),.PCURVE_S1.);
#6671 = CIRCLE('',#6672,5.);
#6672 = AXIS2_PLACEMENT_3D('',#6673,#6674,#6675);
#6673 = CARTESIAN_POINT('',(-62.,0.,-16.5));
#6674 = DIRECTION('',(0.,0.,1.));
#6675 = DIRECTION('',(1.,0.,-0.));
#6676 = PCURVE('',#5838,#6677);
#6677 = DEFINITIONAL_REPRESENTATION('',(#6678),#6682);
#6678 = LINE('',#6679,#6680);
#6679 = CARTESIAN_POINT('',(0.,3.));
#6680 = VECTOR('',#6681,1.);
#6681 = DIRECTION('',(1.,0.));
#6682 = ( GEOMETRIC_REPRESENTATION_CONTEXT(2) 
PARAMETRIC_REPRESENTATION_CONTEXT() REPRESENTATION_CONTEXT('2D SPACE',''
  ) );
#6683 = PCURVE('',#6549,#6684);
#6684 = DEFINITIONAL_REPRESENTATION('',(#6685),#6689);
#6685 = CIRCLE('',#6686,5.);
#6686 = AXIS2_PLACEMENT_2D('',#6687,#6688);
#6687 = CARTESIAN_POINT('',(0.,0.));
#6688 = DIRECTION('',(1.,0.));
#6689 = ( GEOMETRIC_REPRESENTATION_CONTEXT(2) 
PARAMETRIC_REPRESENTATION_CONTEXT() REPRESENTATION_CONTEXT('2D SPACE',''
  ) );
#6690 = ORIENTED_EDGE('',*,*,#6509,.F.);
#6691 = ORIENTED_EDGE('',*,*,#6692,.T.);
#6692 = EDGE_CURVE('',#6510,#5800,#6693,.T.);
#6693 = SURFACE_CURVE('',#6694,(#6699,#6706),.PCURVE_S1.);
#6694 = CIRCLE('',#6695,5.);
#6695 = AXIS2_PLACEMENT_3D('',#6696,#6697,#6698);
#6696 = CARTESIAN_POINT('',(-62.,0.,-19.5));
#6697 = DIRECTION('',(0.,0.,1.));
#6698 = DIRECTION('',(1.,0.,-0.));
#6699 = PCURVE('',#5838,#6700);
#6700 = DEFINITIONAL_REPRESENTATION('',(#6701),#6705);
#6701 = LINE('',#6702,#6703);
#6702 = CARTESIAN_POINT('',(0.,0.));
#6703 = VECTOR('',#6704,1.);
#6704 = DIRECTION('',(1.,0.));
#6705 = ( GEOMETRIC_REPRESENTATION_CONTEXT(2) 
PARAMETRIC_REPRESENTATION_CONTEXT() REPRESENTATION_CONTEXT('2D SPACE',''
  ) );
#6706 = PCURVE('',#6577,#6707);
#6707 = DEFINITIONAL_REPRESENTATION('',(#6708),#6712);
#6708 = CIRCLE('',#6709,5.);
#6709 = AXIS2_PLACEMENT_2D('',#6710,#6711);
#6710 = CARTESIAN_POINT('',(0.,0.));
#6711 = DIRECTION('',(1.,0.));
#6712 = ( GEOMETRIC_REPRESENTATION_CONTEXT(2) 
PARAMETRIC_REPRESENTATION_CONTEXT() REPRESENTATION_CONTEXT('2D SPACE',''
  ) );
#6713 = ORIENTED_EDGE('',*,*,#5824,.T.);
#6714 = ADVANCED_FACE('',(#6715),#5871,.F.);
#6715 = FACE_BOUND('',#6716,.F.);
#6716 = EDGE_LOOP('',(#6717,#6718,#6741,#6765));
#6717 = ORIENTED_EDGE('',*,*,#5856,.T.);
#6718 = ORIENTED_EDGE('',*,*,#6719,.T.);
#6719 = EDGE_CURVE('',#5669,#6720,#6722,.T.);
#6720 = VERTEX_POINT('',#6721);
#6721 = CARTESIAN_POINT('',(-62.,-1.7,-19.5));
#6722 = SURFACE_CURVE('',#6723,(#6727,#6734),.PCURVE_S1.);
#6723 = LINE('',#6724,#6725);
#6724 = CARTESIAN_POINT('',(-62.,-5.,-19.5));
#6725 = VECTOR('',#6726,1.);
#6726 = DIRECTION('',(0.,1.,0.));
#6727 = PCURVE('',#5871,#6728);
#6728 = DEFINITIONAL_REPRESENTATION('',(#6729),#6733);
#6729 = LINE('',#6730,#6731);
#6730 = CARTESIAN_POINT('',(0.,-5.));
#6731 = VECTOR('',#6732,1.);
#6732 = DIRECTION('',(0.,1.));
#6733 = ( GEOMETRIC_REPRESENTATION_CONTEXT(2) 
PARAMETRIC_REPRESENTATION_CONTEXT() REPRESENTATION_CONTEXT('2D SPACE',''
  ) );
#6734 = PCURVE('',#6577,#6735);
#6735 = DEFINITIONAL_REPRESENTATION('',(#6736),#6740);
#6736 = LINE('',#6737,#6738);
#6737 = CARTESIAN_POINT('',(0.,-5.));
#6738 = VECTOR('',#6739,1.);
#6739 = DIRECTION('',(0.,1.));
#6740 = ( GEOMETRIC_REPRESENTATION_CONTEXT(2) 
PARAMETRIC_REPRESENTATION_CONTEXT() REPRESENTATION_CONTEXT('2D SPACE',''
  ) );
#6741 = ORIENTED_EDGE('',*,*,#6742,.F.);
#6742 = EDGE_CURVE('',#6743,#6720,#6745,.T.);
#6743 = VERTEX_POINT('',#6744);
#6744 = CARTESIAN_POINT('',(-62.,1.7,-19.5));
#6745 = SURFACE_CURVE('',#6746,(#6751,#6758),.PCURVE_S1.);
#6746 = CIRCLE('',#6747,1.7);
#6747 = AXIS2_PLACEMENT_3D('',#6748,#6749,#6750);
#6748 = CARTESIAN_POINT('',(-62.,0.,-19.5));
#6749 = DIRECTION('',(0.,0.,1.));
#6750 = DIRECTION('',(1.,0.,-0.));
#6751 = PCURVE('',#5871,#6752);
#6752 = DEFINITIONAL_REPRESENTATION('',(#6753),#6757);
#6753 = CIRCLE('',#6754,1.7);
#6754 = AXIS2_PLACEMENT_2D('',#6755,#6756);
#6755 = CARTESIAN_POINT('',(0.,0.));
#6756 = DIRECTION('',(1.,0.));
#6757 = ( GEOMETRIC_REPRESENTATION_CONTEXT(2) 
PARAMETRIC_REPRESENTATION_CONTEXT() REPRESENTATION_CONTEXT('2D SPACE',''
  ) );
#6758 = PCURVE('',#6633,#6759);
#6759 = DEFINITIONAL_REPRESENTATION('',(#6760),#6764);
#6760 = LINE('',#6761,#6762);
#6761 = CARTESIAN_POINT('',(0.,0.));
#6762 = VECTOR('',#6763,1.);
#6763 = DIRECTION('',(1.,0.));
#6764 = ( GEOMETRIC_REPRESENTATION_CONTEXT(2) 
PARAMETRIC_REPRESENTATION_CONTEXT() REPRESENTATION_CONTEXT('2D SPACE',''
  ) );
#6765 = ORIENTED_EDGE('',*,*,#6766,.T.);
#6766 = EDGE_CURVE('',#6743,#5800,#6767,.T.);
#6767 = SURFACE_CURVE('',#6768,(#6772,#6779),.PCURVE_S1.);
#6768 = LINE('',#6769,#6770);
#6769 = CARTESIAN_POINT('',(-62.,-5.,-19.5));
#6770 = VECTOR('',#6771,1.);
#6771 = DIRECTION('',(0.,1.,0.));
#6772 = PCURVE('',#5871,#6773);
#6773 = DEFINITIONAL_REPRESENTATION('',(#6774),#6778);
#6774 = LINE('',#6775,#6776);
#6775 = CARTESIAN_POINT('',(0.,-5.));
#6776 = VECTOR('',#6777,1.);
#6777 = DIRECTION('',(0.,1.));
#6778 = ( GEOMETRIC_REPRESENTATION_CONTEXT(2) 
PARAMETRIC_REPRESENTATION_CONTEXT() REPRESENTATION_CONTEXT('2D SPACE',''
  ) );
#6779 = PCURVE('',#6577,#6780);
#6780 = DEFINITIONAL_REPRESENTATION('',(#6781),#6785);
#6781 = LINE('',#6782,#6783);
#6782 = CARTESIAN_POINT('',(0.,-5.));
#6783 = VECTOR('',#6784,1.);
#6784 = DIRECTION('',(0.,1.));
#6785 = ( GEOMETRIC_REPRESENTATION_CONTEXT(2) 
PARAMETRIC_REPRESENTATION_CONTEXT() REPRESENTATION_CONTEXT('2D SPACE',''
  ) );
#6786 = ADVANCED_FACE('',(#6787),#5948,.F.);
#6787 = FACE_BOUND('',#6788,.F.);
#6788 = EDGE_LOOP('',(#6789,#6817,#6818,#6841));
#6789 = ORIENTED_EDGE('',*,*,#6790,.F.);
#6790 = EDGE_CURVE('',#5887,#6791,#6793,.T.);
#6791 = VERTEX_POINT('',#6792);
#6792 = CARTESIAN_POINT('',(-1.7,-64.,-19.5));
#6793 = SURFACE_CURVE('',#6794,(#6798,#6805),.PCURVE_S1.);
#6794 = LINE('',#6795,#6796);
#6795 = CARTESIAN_POINT('',(-5.,-64.,-19.5));
#6796 = VECTOR('',#6797,1.);
#6797 = DIRECTION('',(1.,0.,0.));
#6798 = PCURVE('',#5948,#6799);
#6799 = DEFINITIONAL_REPRESENTATION('',(#6800),#6804);
#6800 = LINE('',#6801,#6802);
#6801 = CARTESIAN_POINT('',(-5.,0.));
#6802 = VECTOR('',#6803,1.);
#6803 = DIRECTION('',(1.,0.));
#6804 = ( GEOMETRIC_REPRESENTATION_CONTEXT(2) 
PARAMETRIC_REPRESENTATION_CONTEXT() REPRESENTATION_CONTEXT('2D SPACE',''
  ) );
#6805 = PCURVE('',#6806,#6811);
#6806 = PLANE('',#6807);
#6807 = AXIS2_PLACEMENT_3D('',#6808,#6809,#6810);
#6808 = CARTESIAN_POINT('',(0.,-64.,-19.5));
#6809 = DIRECTION('',(0.,0.,1.));
#6810 = DIRECTION('',(1.,0.,-0.));
#6811 = DEFINITIONAL_REPRESENTATION('',(#6812),#6816);
#6812 = LINE('',#6813,#6814);
#6813 = CARTESIAN_POINT('',(-5.,0.));
#6814 = VECTOR('',#6815,1.);
#6815 = DIRECTION('',(1.,0.));
#6816 = ( GEOMETRIC_REPRESENTATION_CONTEXT(2) 
PARAMETRIC_REPRESENTATION_CONTEXT() REPRESENTATION_CONTEXT('2D SPACE',''
  ) );
#6817 = ORIENTED_EDGE('',*,*,#5933,.T.);
#6818 = ORIENTED_EDGE('',*,*,#6819,.F.);
#6819 = EDGE_CURVE('',#6820,#5911,#6822,.T.);
#6820 = VERTEX_POINT('',#6821);
#6821 = CARTESIAN_POINT('',(1.7,-64.,-19.5));
#6822 = SURFACE_CURVE('',#6823,(#6827,#6834),.PCURVE_S1.);
#6823 = LINE('',#6824,#6825);
#6824 = CARTESIAN_POINT('',(-5.,-64.,-19.5));
#6825 = VECTOR('',#6826,1.);
#6826 = DIRECTION('',(1.,0.,0.));
#6827 = PCURVE('',#5948,#6828);
#6828 = DEFINITIONAL_REPRESENTATION('',(#6829),#6833);
#6829 = LINE('',#6830,#6831);
#6830 = CARTESIAN_POINT('',(-5.,0.));
#6831 = VECTOR('',#6832,1.);
#6832 = DIRECTION('',(1.,0.));
#6833 = ( GEOMETRIC_REPRESENTATION_CONTEXT(2) 
PARAMETRIC_REPRESENTATION_CONTEXT() REPRESENTATION_CONTEXT('2D SPACE',''
  ) );
#6834 = PCURVE('',#6806,#6835);
#6835 = DEFINITIONAL_REPRESENTATION('',(#6836),#6840);
#6836 = LINE('',#6837,#6838);
#6837 = CARTESIAN_POINT('',(-5.,0.));
#6838 = VECTOR('',#6839,1.);
#6839 = DIRECTION('',(1.,0.));
#6840 = ( GEOMETRIC_REPRESENTATION_CONTEXT(2) 
PARAMETRIC_REPRESENTATION_CONTEXT() REPRESENTATION_CONTEXT('2D SPACE',''
  ) );
#6841 = ORIENTED_EDGE('',*,*,#6842,.F.);
#6842 = EDGE_CURVE('',#6791,#6820,#6843,.T.);
#6843 = SURFACE_CURVE('',#6844,(#6849,#6856),.PCURVE_S1.);
#6844 = CIRCLE('',#6845,1.7);
#6845 = AXIS2_PLACEMENT_3D('',#6846,#6847,#6848);
#6846 = CARTESIAN_POINT('',(0.,-64.,-19.5));
#6847 = DIRECTION('',(0.,0.,1.));
#6848 = DIRECTION('',(1.,0.,-0.));
#6849 = PCURVE('',#5948,#6850);
#6850 = DEFINITIONAL_REPRESENTATION('',(#6851),#6855);
#6851 = CIRCLE('',#6852,1.7);
#6852 = AXIS2_PLACEMENT_2D('',#6853,#6854);
#6853 = CARTESIAN_POINT('',(0.,0.));
#6854 = DIRECTION('',(1.,0.));
#6855 = ( GEOMETRIC_REPRESENTATION_CONTEXT(2) 
PARAMETRIC_REPRESENTATION_CONTEXT() REPRESENTATION_CONTEXT('2D SPACE',''
  ) );
#6856 = PCURVE('',#6857,#6862);
#6857 = CYLINDRICAL_SURFACE('',#6858,1.7);
#6858 = AXIS2_PLACEMENT_3D('',#6859,#6860,#6861);
#6859 = CARTESIAN_POINT('',(0.,-64.,-19.5));
#6860 = DIRECTION('',(0.,0.,1.));
#6861 = DIRECTION('',(1.,0.,-0.));
#6862 = DEFINITIONAL_REPRESENTATION('',(#6863),#6867);
#6863 = LINE('',#6864,#6865);
#6864 = CARTESIAN_POINT('',(0.,0.));
#6865 = VECTOR('',#6866,1.);
#6866 = DIRECTION('',(1.,0.));
#6867 = ( GEOMETRIC_REPRESENTATION_CONTEXT(2) 
PARAMETRIC_REPRESENTATION_CONTEXT() REPRESENTATION_CONTEXT('2D SPACE',''
  ) );
#6868 = ADVANCED_FACE('',(#6869),#6002,.T.);
#6869 = FACE_BOUND('',#6870,.T.);
#6870 = EDGE_LOOP('',(#6871,#6898,#6899,#6921));
#6871 = ORIENTED_EDGE('',*,*,#6872,.F.);
#6872 = EDGE_CURVE('',#5964,#6018,#6873,.T.);
#6873 = SURFACE_CURVE('',#6874,(#6879,#6886),.PCURVE_S1.);
#6874 = CIRCLE('',#6875,5.);
#6875 = AXIS2_PLACEMENT_3D('',#6876,#6877,#6878);
#6876 = CARTESIAN_POINT('',(0.,-64.,-16.5));
#6877 = DIRECTION('',(0.,0.,1.));
#6878 = DIRECTION('',(1.,0.,-0.));
#6879 = PCURVE('',#6002,#6880);
#6880 = DEFINITIONAL_REPRESENTATION('',(#6881),#6885);
#6881 = LINE('',#6882,#6883);
#6882 = CARTESIAN_POINT('',(0.,3.));
#6883 = VECTOR('',#6884,1.);
#6884 = DIRECTION('',(1.,0.));
#6885 = ( GEOMETRIC_REPRESENTATION_CONTEXT(2) 
PARAMETRIC_REPRESENTATION_CONTEXT() REPRESENTATION_CONTEXT('2D SPACE',''
  ) );
#6886 = PCURVE('',#6887,#6892);
#6887 = PLANE('',#6888);
#6888 = AXIS2_PLACEMENT_3D('',#6889,#6890,#6891);
#6889 = CARTESIAN_POINT('',(0.,-64.,-16.5));
#6890 = DIRECTION('',(0.,0.,1.));
#6891 = DIRECTION('',(1.,0.,-0.));
#6892 = DEFINITIONAL_REPRESENTATION('',(#6893),#6897);
#6893 = CIRCLE('',#6894,5.);
#6894 = AXIS2_PLACEMENT_2D('',#6895,#6896);
#6895 = CARTESIAN_POINT('',(0.,0.));
#6896 = DIRECTION('',(1.,0.));
#6897 = ( GEOMETRIC_REPRESENTATION_CONTEXT(2) 
PARAMETRIC_REPRESENTATION_CONTEXT() REPRESENTATION_CONTEXT('2D SPACE',''
  ) );
#6898 = ORIENTED_EDGE('',*,*,#5988,.F.);
#6899 = ORIENTED_EDGE('',*,*,#6900,.T.);
#6900 = EDGE_CURVE('',#5911,#5887,#6901,.T.);
#6901 = SURFACE_CURVE('',#6902,(#6907,#6914),.PCURVE_S1.);
#6902 = CIRCLE('',#6903,5.);
#6903 = AXIS2_PLACEMENT_3D('',#6904,#6905,#6906);
#6904 = CARTESIAN_POINT('',(0.,-64.,-19.5));
#6905 = DIRECTION('',(0.,0.,1.));
#6906 = DIRECTION('',(1.,0.,-0.));
#6907 = PCURVE('',#6002,#6908);
#6908 = DEFINITIONAL_REPRESENTATION('',(#6909),#6913);
#6909 = LINE('',#6910,#6911);
#6910 = CARTESIAN_POINT('',(0.,0.));
#6911 = VECTOR('',#6912,1.);
#6912 = DIRECTION('',(1.,0.));
#6913 = ( GEOMETRIC_REPRESENTATION_CONTEXT(2) 
PARAMETRIC_REPRESENTATION_CONTEXT() REPRESENTATION_CONTEXT('2D SPACE',''
  ) );
#6914 = PCURVE('',#6806,#6915);
#6915 = DEFINITIONAL_REPRESENTATION('',(#6916),#6920);
#6916 = CIRCLE('',#6917,5.);
#6917 = AXIS2_PLACEMENT_2D('',#6918,#6919);
#6918 = CARTESIAN_POINT('',(0.,0.));
#6919 = DIRECTION('',(1.,0.));
#6920 = ( GEOMETRIC_REPRESENTATION_CONTEXT(2) 
PARAMETRIC_REPRESENTATION_CONTEXT() REPRESENTATION_CONTEXT('2D SPACE',''
  ) );
#6921 = ORIENTED_EDGE('',*,*,#6075,.T.);
#6922 = ADVANCED_FACE('',(#6923),#6057,.T.);
#6923 = FACE_BOUND('',#6924,.T.);
#6924 = EDGE_LOOP('',(#6925,#6948,#6949,#6972));
#6925 = ORIENTED_EDGE('',*,*,#6926,.F.);
#6926 = EDGE_CURVE('',#6018,#6927,#6929,.T.);
#6927 = VERTEX_POINT('',#6928);
#6928 = CARTESIAN_POINT('',(-1.7,-64.,-16.5));
#6929 = SURFACE_CURVE('',#6930,(#6934,#6941),.PCURVE_S1.);
#6930 = LINE('',#6931,#6932);
#6931 = CARTESIAN_POINT('',(-5.,-64.,-16.5));
#6932 = VECTOR('',#6933,1.);
#6933 = DIRECTION('',(1.,0.,0.));
#6934 = PCURVE('',#6057,#6935);
#6935 = DEFINITIONAL_REPRESENTATION('',(#6936),#6940);
#6936 = LINE('',#6937,#6938);
#6937 = CARTESIAN_POINT('',(-5.,0.));
#6938 = VECTOR('',#6939,1.);
#6939 = DIRECTION('',(1.,0.));
#6940 = ( GEOMETRIC_REPRESENTATION_CONTEXT(2) 
PARAMETRIC_REPRESENTATION_CONTEXT() REPRESENTATION_CONTEXT('2D SPACE',''
  ) );
#6941 = PCURVE('',#6887,#6942);
#6942 = DEFINITIONAL_REPRESENTATION('',(#6943),#6947);
#6943 = LINE('',#6944,#6945);
#6944 = CARTESIAN_POINT('',(-5.,0.));
#6945 = VECTOR('',#6946,1.);
#6946 = DIRECTION('',(1.,0.));
#6947 = ( GEOMETRIC_REPRESENTATION_CONTEXT(2) 
PARAMETRIC_REPRESENTATION_CONTEXT() REPRESENTATION_CONTEXT('2D SPACE',''
  ) );
#6948 = ORIENTED_EDGE('',*,*,#6042,.T.);
#6949 = ORIENTED_EDGE('',*,*,#6950,.F.);
#6950 = EDGE_CURVE('',#6951,#5964,#6953,.T.);
#6951 = VERTEX_POINT('',#6952);
#6952 = CARTESIAN_POINT('',(1.7,-64.,-16.5));
#6953 = SURFACE_CURVE('',#6954,(#6958,#6965),.PCURVE_S1.);
#6954 = LINE('',#6955,#6956);
#6955 = CARTESIAN_POINT('',(-5.,-64.,-16.5));
#6956 = VECTOR('',#6957,1.);
#6957 = DIRECTION('',(1.,0.,0.));
#6958 = PCURVE('',#6057,#6959);
#6959 = DEFINITIONAL_REPRESENTATION('',(#6960),#6964);
#6960 = LINE('',#6961,#6962);
#6961 = CARTESIAN_POINT('',(-5.,0.));
#6962 = VECTOR('',#6963,1.);
#6963 = DIRECTION('',(1.,0.));
#6964 = ( GEOMETRIC_REPRESENTATION_CONTEXT(2) 
PARAMETRIC_REPRESENTATION_CONTEXT() REPRESENTATION_CONTEXT('2D SPACE',''
  ) );
#6965 = PCURVE('',#6887,#6966);
#6966 = DEFINITIONAL_REPRESENTATION('',(#6967),#6971);
#6967 = LINE('',#6968,#6969);
#6968 = CARTESIAN_POINT('',(-5.,0.));
#6969 = VECTOR('',#6970,1.);
#6970 = DIRECTION('',(1.,0.));
#6971 = ( GEOMETRIC_REPRESENTATION_CONTEXT(2) 
PARAMETRIC_REPRESENTATION_CONTEXT() REPRESENTATION_CONTEXT('2D SPACE',''
  ) );
#6972 = ORIENTED_EDGE('',*,*,#6973,.F.);
#6973 = EDGE_CURVE('',#6927,#6951,#6974,.T.);
#6974 = SURFACE_CURVE('',#6975,(#6980,#6987),.PCURVE_S1.);
#6975 = CIRCLE('',#6976,1.7);
#6976 = AXIS2_PLACEMENT_3D('',#6977,#6978,#6979);
#6977 = CARTESIAN_POINT('',(0.,-64.,-16.5));
#6978 = DIRECTION('',(0.,0.,1.));
#6979 = DIRECTION('',(1.,0.,-0.));
#6980 = PCURVE('',#6057,#6981);
#6981 = DEFINITIONAL_REPRESENTATION('',(#6982),#6986);
#6982 = CIRCLE('',#6983,1.7);
#6983 = AXIS2_PLACEMENT_2D('',#6984,#6985);
#6984 = CARTESIAN_POINT('',(0.,0.));
#6985 = DIRECTION('',(1.,0.));
#6986 = ( GEOMETRIC_REPRESENTATION_CONTEXT(2) 
PARAMETRIC_REPRESENTATION_CONTEXT() REPRESENTATION_CONTEXT('2D SPACE',''
  ) );
#6987 = PCURVE('',#6857,#6988);
#6988 = DEFINITIONAL_REPRESENTATION('',(#6989),#6993);
#6989 = LINE('',#6990,#6991);
#6990 = CARTESIAN_POINT('',(0.,3.));
#6991 = VECTOR('',#6992,1.);
#6992 = DIRECTION('',(1.,0.));
#6993 = ( GEOMETRIC_REPRESENTATION_CONTEXT(2) 
PARAMETRIC_REPRESENTATION_CONTEXT() REPRESENTATION_CONTEXT('2D SPACE',''
  ) );
#6994 = ADVANCED_FACE('',(#6995),#6139,.F.);
#6995 = FACE_BOUND('',#6996,.F.);
#6996 = EDGE_LOOP('',(#6997,#7025,#7026,#7027,#7050,#7079));
#6997 = ORIENTED_EDGE('',*,*,#6998,.F.);
#6998 = EDGE_CURVE('',#6152,#6999,#7001,.T.);
#6999 = VERTEX_POINT('',#7000);
#7000 = CARTESIAN_POINT('',(62.,-1.7,-19.5));
#7001 = SURFACE_CURVE('',#7002,(#7006,#7013),.PCURVE_S1.);
#7002 = LINE('',#7003,#7004);
#7003 = CARTESIAN_POINT('',(62.,-5.,-19.5));
#7004 = VECTOR('',#7005,1.);
#7005 = DIRECTION('',(0.,1.,0.));
#7006 = PCURVE('',#6139,#7007);
#7007 = DEFINITIONAL_REPRESENTATION('',(#7008),#7012);
#7008 = LINE('',#7009,#7010);
#7009 = CARTESIAN_POINT('',(0.,-5.));
#7010 = VECTOR('',#7011,1.);
#7011 = DIRECTION('',(0.,1.));
#7012 = ( GEOMETRIC_REPRESENTATION_CONTEXT(2) 
PARAMETRIC_REPRESENTATION_CONTEXT() REPRESENTATION_CONTEXT('2D SPACE',''
  ) );
#7013 = PCURVE('',#7014,#7019);
#7014 = PLANE('',#7015);
#7015 = AXIS2_PLACEMENT_3D('',#7016,#7017,#7018);
#7016 = CARTESIAN_POINT('',(62.,0.,-19.5));
#7017 = DIRECTION('',(0.,0.,1.));
#7018 = DIRECTION('',(1.,0.,-0.));
#7019 = DEFINITIONAL_REPRESENTATION('',(#7020),#7024);
#7020 = LINE('',#7021,#7022);
#7021 = CARTESIAN_POINT('',(0.,-5.));
#7022 = VECTOR('',#7023,1.);
#7023 = DIRECTION('',(0.,1.));
#7024 = ( GEOMETRIC_REPRESENTATION_CONTEXT(2) 
PARAMETRIC_REPRESENTATION_CONTEXT() REPRESENTATION_CONTEXT('2D SPACE',''
  ) );
#7025 = ORIENTED_EDGE('',*,*,#6151,.T.);
#7026 = ORIENTED_EDGE('',*,*,#6122,.T.);
#7027 = ORIENTED_EDGE('',*,*,#7028,.F.);
#7028 = EDGE_CURVE('',#7029,#6100,#7031,.T.);
#7029 = VERTEX_POINT('',#7030);
#7030 = CARTESIAN_POINT('',(62.,1.7,-19.5));
#7031 = SURFACE_CURVE('',#7032,(#7036,#7043),.PCURVE_S1.);
#7032 = LINE('',#7033,#7034);
#7033 = CARTESIAN_POINT('',(62.,-5.,-19.5));
#7034 = VECTOR('',#7035,1.);
#7035 = DIRECTION('',(0.,1.,0.));
#7036 = PCURVE('',#6139,#7037);
#7037 = DEFINITIONAL_REPRESENTATION('',(#7038),#7042);
#7038 = LINE('',#7039,#7040);
#7039 = CARTESIAN_POINT('',(0.,-5.));
#7040 = VECTOR('',#7041,1.);
#7041 = DIRECTION('',(0.,1.));
#7042 = ( GEOMETRIC_REPRESENTATION_CONTEXT(2) 
PARAMETRIC_REPRESENTATION_CONTEXT() REPRESENTATION_CONTEXT('2D SPACE',''
  ) );
#7043 = PCURVE('',#7014,#7044);
#7044 = DEFINITIONAL_REPRESENTATION('',(#7045),#7049);
#7045 = LINE('',#7046,#7047);
#7046 = CARTESIAN_POINT('',(0.,-5.));
#7047 = VECTOR('',#7048,1.);
#7048 = DIRECTION('',(0.,1.));
#7049 = ( GEOMETRIC_REPRESENTATION_CONTEXT(2) 
PARAMETRIC_REPRESENTATION_CONTEXT() REPRESENTATION_CONTEXT('2D SPACE',''
  ) );
#7050 = ORIENTED_EDGE('',*,*,#7051,.F.);
#7051 = EDGE_CURVE('',#7052,#7029,#7054,.T.);
#7052 = VERTEX_POINT('',#7053);
#7053 = CARTESIAN_POINT('',(63.7,-4.163799117101E-16,-19.5));
#7054 = SURFACE_CURVE('',#7055,(#7060,#7067),.PCURVE_S1.);
#7055 = CIRCLE('',#7056,1.7);
#7056 = AXIS2_PLACEMENT_3D('',#7057,#7058,#7059);
#7057 = CARTESIAN_POINT('',(62.,0.,-19.5));
#7058 = DIRECTION('',(0.,0.,1.));
#7059 = DIRECTION('',(1.,0.,-0.));
#7060 = PCURVE('',#6139,#7061);
#7061 = DEFINITIONAL_REPRESENTATION('',(#7062),#7066);
#7062 = CIRCLE('',#7063,1.7);
#7063 = AXIS2_PLACEMENT_2D('',#7064,#7065);
#7064 = CARTESIAN_POINT('',(0.,0.));
#7065 = DIRECTION('',(1.,0.));
#7066 = ( GEOMETRIC_REPRESENTATION_CONTEXT(2) 
PARAMETRIC_REPRESENTATION_CONTEXT() REPRESENTATION_CONTEXT('2D SPACE',''
  ) );
#7067 = PCURVE('',#7068,#7073);
#7068 = CYLINDRICAL_SURFACE('',#7069,1.7);
#7069 = AXIS2_PLACEMENT_3D('',#7070,#7071,#7072);
#7070 = CARTESIAN_POINT('',(62.,0.,-19.5));
#7071 = DIRECTION('',(0.,0.,1.));
#7072 = DIRECTION('',(1.,0.,-0.));
#7073 = DEFINITIONAL_REPRESENTATION('',(#7074),#7078);
#7074 = LINE('',#7075,#7076);
#7075 = CARTESIAN_POINT('',(0.,0.));
#7076 = VECTOR('',#7077,1.);
#7077 = DIRECTION('',(1.,0.));
#7078 = ( GEOMETRIC_REPRESENTATION_CONTEXT(2) 
PARAMETRIC_REPRESENTATION_CONTEXT() REPRESENTATION_CONTEXT('2D SPACE',''
  ) );
#7079 = ORIENTED_EDGE('',*,*,#7080,.F.);
#7080 = EDGE_CURVE('',#6999,#7052,#7081,.T.);
#7081 = SURFACE_CURVE('',#7082,(#7087,#7094),.PCURVE_S1.);
#7082 = CIRCLE('',#7083,1.7);
#7083 = AXIS2_PLACEMENT_3D('',#7084,#7085,#7086);
#7084 = CARTESIAN_POINT('',(62.,0.,-19.5));
#7085 = DIRECTION('',(0.,0.,1.));
#7086 = DIRECTION('',(1.,0.,-0.));
#7087 = PCURVE('',#6139,#7088);
#7088 = DEFINITIONAL_REPRESENTATION('',(#7089),#7093);
#7089 = CIRCLE('',#7090,1.7);
#7090 = AXIS2_PLACEMENT_2D('',#7091,#7092);
#7091 = CARTESIAN_POINT('',(0.,0.));
#7092 = DIRECTION('',(1.,0.));
#7093 = ( GEOMETRIC_REPRESENTATION_CONTEXT(2) 
PARAMETRIC_REPRESENTATION_CONTEXT() REPRESENTATION_CONTEXT('2D SPACE',''
  ) );
#7094 = PCURVE('',#7068,#7095);
#7095 = DEFINITIONAL_REPRESENTATION('',(#7096),#7100);
#7096 = LINE('',#7097,#7098);
#7097 = CARTESIAN_POINT('',(0.,0.));
#7098 = VECTOR('',#7099,1.);
#7099 = DIRECTION('',(1.,0.));
#7100 = ( GEOMETRIC_REPRESENTATION_CONTEXT(2) 
PARAMETRIC_REPRESENTATION_CONTEXT() REPRESENTATION_CONTEXT('2D SPACE',''
  ) );
#7101 = ADVANCED_FACE('',(#7102),#6217,.T.);
#7102 = FACE_BOUND('',#7103,.T.);
#7103 = EDGE_LOOP('',(#7104,#7131,#7132,#7154));
#7104 = ORIENTED_EDGE('',*,*,#7105,.F.);
#7105 = EDGE_CURVE('',#6202,#6285,#7106,.T.);
#7106 = SURFACE_CURVE('',#7107,(#7112,#7119),.PCURVE_S1.);
#7107 = CIRCLE('',#7108,5.);
#7108 = AXIS2_PLACEMENT_3D('',#7109,#7110,#7111);
#7109 = CARTESIAN_POINT('',(62.,0.,-16.5));
#7110 = DIRECTION('',(0.,0.,1.));
#7111 = DIRECTION('',(1.,0.,-0.));
#7112 = PCURVE('',#6217,#7113);
#7113 = DEFINITIONAL_REPRESENTATION('',(#7114),#7118);
#7114 = LINE('',#7115,#7116);
#7115 = CARTESIAN_POINT('',(0.,3.));
#7116 = VECTOR('',#7117,1.);
#7117 = DIRECTION('',(1.,0.));
#7118 = ( GEOMETRIC_REPRESENTATION_CONTEXT(2) 
PARAMETRIC_REPRESENTATION_CONTEXT() REPRESENTATION_CONTEXT('2D SPACE',''
  ) );
#7119 = PCURVE('',#7120,#7125);
#7120 = PLANE('',#7121);
#7121 = AXIS2_PLACEMENT_3D('',#7122,#7123,#7124);
#7122 = CARTESIAN_POINT('',(62.,0.,-16.5));
#7123 = DIRECTION('',(0.,0.,1.));
#7124 = DIRECTION('',(1.,0.,-0.));
#7125 = DEFINITIONAL_REPRESENTATION('',(#7126),#7130);
#7126 = CIRCLE('',#7127,5.);
#7127 = AXIS2_PLACEMENT_2D('',#7128,#7129);
#7128 = CARTESIAN_POINT('',(0.,0.));
#7129 = DIRECTION('',(1.,0.));
#7130 = ( GEOMETRIC_REPRESENTATION_CONTEXT(2) 
PARAMETRIC_REPRESENTATION_CONTEXT() REPRESENTATION_CONTEXT('2D SPACE',''
  ) );
#7131 = ORIENTED_EDGE('',*,*,#6201,.F.);
#7132 = ORIENTED_EDGE('',*,*,#7133,.T.);
#7133 = EDGE_CURVE('',#6100,#6152,#7134,.T.);
#7134 = SURFACE_CURVE('',#7135,(#7140,#7147),.PCURVE_S1.);
#7135 = CIRCLE('',#7136,5.);
#7136 = AXIS2_PLACEMENT_3D('',#7137,#7138,#7139);
#7137 = CARTESIAN_POINT('',(62.,0.,-19.5));
#7138 = DIRECTION('',(0.,0.,1.));
#7139 = DIRECTION('',(1.,0.,-0.));
#7140 = PCURVE('',#6217,#7141);
#7141 = DEFINITIONAL_REPRESENTATION('',(#7142),#7146);
#7142 = LINE('',#7143,#7144);
#7143 = CARTESIAN_POINT('',(0.,0.));
#7144 = VECTOR('',#7145,1.);
#7145 = DIRECTION('',(1.,0.));
#7146 = ( GEOMETRIC_REPRESENTATION_CONTEXT(2) 
PARAMETRIC_REPRESENTATION_CONTEXT() REPRESENTATION_CONTEXT('2D SPACE',''
  ) );
#7147 = PCURVE('',#7014,#7148);
#7148 = DEFINITIONAL_REPRESENTATION('',(#7149),#7153);
#7149 = CIRCLE('',#7150,5.);
#7150 = AXIS2_PLACEMENT_2D('',#7151,#7152);
#7151 = CARTESIAN_POINT('',(0.,0.));
#7152 = DIRECTION('',(1.,0.));
#7153 = ( GEOMETRIC_REPRESENTATION_CONTEXT(2) 
PARAMETRIC_REPRESENTATION_CONTEXT() REPRESENTATION_CONTEXT('2D SPACE',''
  ) );
#7154 = ORIENTED_EDGE('',*,*,#6334,.T.);
#7155 = ADVANCED_FACE('',(#7156),#6272,.T.);
#7156 = FACE_BOUND('',#7157,.T.);
#7157 = EDGE_LOOP('',(#7158,#7181,#7182,#7183,#7206,#7230));
#7158 = ORIENTED_EDGE('',*,*,#7159,.F.);
#7159 = EDGE_CURVE('',#6285,#7160,#7162,.T.);
#7160 = VERTEX_POINT('',#7161);
#7161 = CARTESIAN_POINT('',(62.,-1.7,-16.5));
#7162 = SURFACE_CURVE('',#7163,(#7167,#7174),.PCURVE_S1.);
#7163 = LINE('',#7164,#7165);
#7164 = CARTESIAN_POINT('',(62.,-5.,-16.5));
#7165 = VECTOR('',#7166,1.);
#7166 = DIRECTION('',(0.,1.,0.));
#7167 = PCURVE('',#6272,#7168);
#7168 = DEFINITIONAL_REPRESENTATION('',(#7169),#7173);
#7169 = LINE('',#7170,#7171);
#7170 = CARTESIAN_POINT('',(0.,-5.));
#7171 = VECTOR('',#7172,1.);
#7172 = DIRECTION('',(0.,1.));
#7173 = ( GEOMETRIC_REPRESENTATION_CONTEXT(2) 
PARAMETRIC_REPRESENTATION_CONTEXT() REPRESENTATION_CONTEXT('2D SPACE',''
  ) );
#7174 = PCURVE('',#7120,#7175);
#7175 = DEFINITIONAL_REPRESENTATION('',(#7176),#7180);
#7176 = LINE('',#7177,#7178);
#7177 = CARTESIAN_POINT('',(0.,-5.));
#7178 = VECTOR('',#7179,1.);
#7179 = DIRECTION('',(0.,1.));
#7180 = ( GEOMETRIC_REPRESENTATION_CONTEXT(2) 
PARAMETRIC_REPRESENTATION_CONTEXT() REPRESENTATION_CONTEXT('2D SPACE',''
  ) );
#7181 = ORIENTED_EDGE('',*,*,#6284,.T.);
#7182 = ORIENTED_EDGE('',*,*,#6255,.T.);
#7183 = ORIENTED_EDGE('',*,*,#7184,.F.);
#7184 = EDGE_CURVE('',#7185,#6202,#7187,.T.);
#7185 = VERTEX_POINT('',#7186);
#7186 = CARTESIAN_POINT('',(62.,1.7,-16.5));
#7187 = SURFACE_CURVE('',#7188,(#7192,#7199),.PCURVE_S1.);
#7188 = LINE('',#7189,#7190);
#7189 = CARTESIAN_POINT('',(62.,-5.,-16.5));
#7190 = VECTOR('',#7191,1.);
#7191 = DIRECTION('',(0.,1.,0.));
#7192 = PCURVE('',#6272,#7193);
#7193 = DEFINITIONAL_REPRESENTATION('',(#7194),#7198);
#7194 = LINE('',#7195,#7196);
#7195 = CARTESIAN_POINT('',(0.,-5.));
#7196 = VECTOR('',#7197,1.);
#7197 = DIRECTION('',(0.,1.));
#7198 = ( GEOMETRIC_REPRESENTATION_CONTEXT(2) 
PARAMETRIC_REPRESENTATION_CONTEXT() REPRESENTATION_CONTEXT('2D SPACE',''
  ) );
#7199 = PCURVE('',#7120,#7200);
#7200 = DEFINITIONAL_REPRESENTATION('',(#7201),#7205);
#7201 = LINE('',#7202,#7203);
#7202 = CARTESIAN_POINT('',(0.,-5.));
#7203 = VECTOR('',#7204,1.);
#7204 = DIRECTION('',(0.,1.));
#7205 = ( GEOMETRIC_REPRESENTATION_CONTEXT(2) 
PARAMETRIC_REPRESENTATION_CONTEXT() REPRESENTATION_CONTEXT('2D SPACE',''
  ) );
#7206 = ORIENTED_EDGE('',*,*,#7207,.F.);
#7207 = EDGE_CURVE('',#7208,#7185,#7210,.T.);
#7208 = VERTEX_POINT('',#7209);
#7209 = CARTESIAN_POINT('',(63.7,-4.163799117101E-16,-16.5));
#7210 = SURFACE_CURVE('',#7211,(#7216,#7223),.PCURVE_S1.);
#7211 = CIRCLE('',#7212,1.7);
#7212 = AXIS2_PLACEMENT_3D('',#7213,#7214,#7215);
#7213 = CARTESIAN_POINT('',(62.,0.,-16.5));
#7214 = DIRECTION('',(0.,0.,1.));
#7215 = DIRECTION('',(1.,0.,-0.));
#7216 = PCURVE('',#6272,#7217);
#7217 = DEFINITIONAL_REPRESENTATION('',(#7218),#7222);
#7218 = CIRCLE('',#7219,1.7);
#7219 = AXIS2_PLACEMENT_2D('',#7220,#7221);
#7220 = CARTESIAN_POINT('',(0.,0.));
#7221 = DIRECTION('',(1.,0.));
#7222 = ( GEOMETRIC_REPRESENTATION_CONTEXT(2) 
PARAMETRIC_REPRESENTATION_CONTEXT() REPRESENTATION_CONTEXT('2D SPACE',''
  ) );
#7223 = PCURVE('',#7068,#7224);
#7224 = DEFINITIONAL_REPRESENTATION('',(#7225),#7229);
#7225 = LINE('',#7226,#7227);
#7226 = CARTESIAN_POINT('',(0.,3.));
#7227 = VECTOR('',#7228,1.);
#7228 = DIRECTION('',(1.,0.));
#7229 = ( GEOMETRIC_REPRESENTATION_CONTEXT(2) 
PARAMETRIC_REPRESENTATION_CONTEXT() REPRESENTATION_CONTEXT('2D SPACE',''
  ) );
#7230 = ORIENTED_EDGE('',*,*,#7231,.F.);
#7231 = EDGE_CURVE('',#7160,#7208,#7232,.T.);
#7232 = SURFACE_CURVE('',#7233,(#7238,#7245),.PCURVE_S1.);
#7233 = CIRCLE('',#7234,1.7);
#7234 = AXIS2_PLACEMENT_3D('',#7235,#7236,#7237);
#7235 = CARTESIAN_POINT('',(62.,0.,-16.5));
#7236 = DIRECTION('',(0.,0.,1.));
#7237 = DIRECTION('',(1.,0.,-0.));
#7238 = PCURVE('',#6272,#7239);
#7239 = DEFINITIONAL_REPRESENTATION('',(#7240),#7244);
#7240 = CIRCLE('',#7241,1.7);
#7241 = AXIS2_PLACEMENT_2D('',#7242,#7243);
#7242 = CARTESIAN_POINT('',(0.,0.));
#7243 = DIRECTION('',(1.,0.));
#7244 = ( GEOMETRIC_REPRESENTATION_CONTEXT(2) 
PARAMETRIC_REPRESENTATION_CONTEXT() REPRESENTATION_CONTEXT('2D SPACE',''
  ) );
#7245 = PCURVE('',#7068,#7246);
#7246 = DEFINITIONAL_REPRESENTATION('',(#7247),#7251);
#7247 = LINE('',#7248,#7249);
#7248 = CARTESIAN_POINT('',(0.,3.));
#7249 = VECTOR('',#7250,1.);
#7250 = DIRECTION('',(1.,0.));
#7251 = ( GEOMETRIC_REPRESENTATION_CONTEXT(2) 
PARAMETRIC_REPRESENTATION_CONTEXT() REPRESENTATION_CONTEXT('2D SPACE',''
  ) );
#7252 = ADVANCED_FACE('',(#7253),#6376,.T.);
#7253 = FACE_BOUND('',#7254,.T.);
#7254 = EDGE_LOOP('',(#7255,#7286,#7307,#7308));
#7255 = ORIENTED_EDGE('',*,*,#7256,.F.);
#7256 = EDGE_CURVE('',#7257,#7259,#7261,.T.);
#7257 = VERTEX_POINT('',#7258);
#7258 = CARTESIAN_POINT('',(1.7,64.,-16.5));
#7259 = VERTEX_POINT('',#7260);
#7260 = CARTESIAN_POINT('',(-1.7,64.,-16.5));
#7261 = SURFACE_CURVE('',#7262,(#7267,#7274),.PCURVE_S1.);
#7262 = CIRCLE('',#7263,1.7);
#7263 = AXIS2_PLACEMENT_3D('',#7264,#7265,#7266);
#7264 = CARTESIAN_POINT('',(0.,64.,-16.5));
#7265 = DIRECTION('',(0.,0.,1.));
#7266 = DIRECTION('',(1.,0.,-0.));
#7267 = PCURVE('',#6376,#7268);
#7268 = DEFINITIONAL_REPRESENTATION('',(#7269),#7273);
#7269 = CIRCLE('',#7270,1.7);
#7270 = AXIS2_PLACEMENT_2D('',#7271,#7272);
#7271 = CARTESIAN_POINT('',(0.,0.));
#7272 = DIRECTION('',(1.,0.));
#7273 = ( GEOMETRIC_REPRESENTATION_CONTEXT(2) 
PARAMETRIC_REPRESENTATION_CONTEXT() REPRESENTATION_CONTEXT('2D SPACE',''
  ) );
#7274 = PCURVE('',#7275,#7280);
#7275 = CYLINDRICAL_SURFACE('',#7276,1.7);
#7276 = AXIS2_PLACEMENT_3D('',#7277,#7278,#7279);
#7277 = CARTESIAN_POINT('',(0.,64.,-19.5));
#7278 = DIRECTION('',(0.,0.,1.));
#7279 = DIRECTION('',(1.,0.,-0.));
#7280 = DEFINITIONAL_REPRESENTATION('',(#7281),#7285);
#7281 = LINE('',#7282,#7283);
#7282 = CARTESIAN_POINT('',(0.,3.));
#7283 = VECTOR('',#7284,1.);
#7284 = DIRECTION('',(1.,0.));
#7285 = ( GEOMETRIC_REPRESENTATION_CONTEXT(2) 
PARAMETRIC_REPRESENTATION_CONTEXT() REPRESENTATION_CONTEXT('2D SPACE',''
  ) );
#7286 = ORIENTED_EDGE('',*,*,#7287,.T.);
#7287 = EDGE_CURVE('',#7257,#5525,#7288,.T.);
#7288 = SURFACE_CURVE('',#7289,(#7293,#7300),.PCURVE_S1.);
#7289 = LINE('',#7290,#7291);
#7290 = CARTESIAN_POINT('',(-5.,64.,-16.5));
#7291 = VECTOR('',#7292,1.);
#7292 = DIRECTION('',(1.,0.,0.));
#7293 = PCURVE('',#6376,#7294);
#7294 = DEFINITIONAL_REPRESENTATION('',(#7295),#7299);
#7295 = LINE('',#7296,#7297);
#7296 = CARTESIAN_POINT('',(-5.,0.));
#7297 = VECTOR('',#7298,1.);
#7298 = DIRECTION('',(1.,0.));
#7299 = ( GEOMETRIC_REPRESENTATION_CONTEXT(2) 
PARAMETRIC_REPRESENTATION_CONTEXT() REPRESENTATION_CONTEXT('2D SPACE',''
  ) );
#7300 = PCURVE('',#6466,#7301);
#7301 = DEFINITIONAL_REPRESENTATION('',(#7302),#7306);
#7302 = LINE('',#7303,#7304);
#7303 = CARTESIAN_POINT('',(-5.,0.));
#7304 = VECTOR('',#7305,1.);
#7305 = DIRECTION('',(1.,0.));
#7306 = ( GEOMETRIC_REPRESENTATION_CONTEXT(2) 
PARAMETRIC_REPRESENTATION_CONTEXT() REPRESENTATION_CONTEXT('2D SPACE',''
  ) );
#7307 = ORIENTED_EDGE('',*,*,#6361,.T.);
#7308 = ORIENTED_EDGE('',*,*,#7309,.T.);
#7309 = EDGE_CURVE('',#5319,#7259,#7310,.T.);
#7310 = SURFACE_CURVE('',#7311,(#7315,#7322),.PCURVE_S1.);
#7311 = LINE('',#7312,#7313);
#7312 = CARTESIAN_POINT('',(-5.,64.,-16.5));
#7313 = VECTOR('',#7314,1.);
#7314 = DIRECTION('',(1.,0.,0.));
#7315 = PCURVE('',#6376,#7316);
#7316 = DEFINITIONAL_REPRESENTATION('',(#7317),#7321);
#7317 = LINE('',#7318,#7319);
#7318 = CARTESIAN_POINT('',(-5.,0.));
#7319 = VECTOR('',#7320,1.);
#7320 = DIRECTION('',(1.,0.));
#7321 = ( GEOMETRIC_REPRESENTATION_CONTEXT(2) 
PARAMETRIC_REPRESENTATION_CONTEXT() REPRESENTATION_CONTEXT('2D SPACE',''
  ) );
#7322 = PCURVE('',#6466,#7323);
#7323 = DEFINITIONAL_REPRESENTATION('',(#7324),#7328);
#7324 = LINE('',#7325,#7326);
#7325 = CARTESIAN_POINT('',(-5.,0.));
#7326 = VECTOR('',#7327,1.);
#7327 = DIRECTION('',(1.,0.));
#7328 = ( GEOMETRIC_REPRESENTATION_CONTEXT(2) 
PARAMETRIC_REPRESENTATION_CONTEXT() REPRESENTATION_CONTEXT('2D SPACE',''
  ) );
#7329 = ADVANCED_FACE('',(#7330),#6433,.F.);
#7330 = FACE_BOUND('',#7331,.F.);
#7331 = EDGE_LOOP('',(#7332,#7358,#7379,#7380));
#7332 = ORIENTED_EDGE('',*,*,#7333,.F.);
#7333 = EDGE_CURVE('',#7334,#7336,#7338,.T.);
#7334 = VERTEX_POINT('',#7335);
#7335 = CARTESIAN_POINT('',(1.7,64.,-19.5));
#7336 = VERTEX_POINT('',#7337);
#7337 = CARTESIAN_POINT('',(-1.7,64.,-19.5));
#7338 = SURFACE_CURVE('',#7339,(#7344,#7351),.PCURVE_S1.);
#7339 = CIRCLE('',#7340,1.7);
#7340 = AXIS2_PLACEMENT_3D('',#7341,#7342,#7343);
#7341 = CARTESIAN_POINT('',(0.,64.,-19.5));
#7342 = DIRECTION('',(0.,0.,1.));
#7343 = DIRECTION('',(1.,0.,-0.));
#7344 = PCURVE('',#6433,#7345);
#7345 = DEFINITIONAL_REPRESENTATION('',(#7346),#7350);
#7346 = CIRCLE('',#7347,1.7);
#7347 = AXIS2_PLACEMENT_2D('',#7348,#7349);
#7348 = CARTESIAN_POINT('',(0.,0.));
#7349 = DIRECTION('',(1.,0.));
#7350 = ( GEOMETRIC_REPRESENTATION_CONTEXT(2) 
PARAMETRIC_REPRESENTATION_CONTEXT() REPRESENTATION_CONTEXT('2D SPACE',''
  ) );
#7351 = PCURVE('',#7275,#7352);
#7352 = DEFINITIONAL_REPRESENTATION('',(#7353),#7357);
#7353 = LINE('',#7354,#7355);
#7354 = CARTESIAN_POINT('',(0.,0.));
#7355 = VECTOR('',#7356,1.);
#7356 = DIRECTION('',(1.,0.));
#7357 = ( GEOMETRIC_REPRESENTATION_CONTEXT(2) 
PARAMETRIC_REPRESENTATION_CONTEXT() REPRESENTATION_CONTEXT('2D SPACE',''
  ) );
#7358 = ORIENTED_EDGE('',*,*,#7359,.T.);
#7359 = EDGE_CURVE('',#7334,#5548,#7360,.T.);
#7360 = SURFACE_CURVE('',#7361,(#7365,#7372),.PCURVE_S1.);
#7361 = LINE('',#7362,#7363);
#7362 = CARTESIAN_POINT('',(-5.,64.,-19.5));
#7363 = VECTOR('',#7364,1.);
#7364 = DIRECTION('',(1.,0.,0.));
#7365 = PCURVE('',#6433,#7366);
#7366 = DEFINITIONAL_REPRESENTATION('',(#7367),#7371);
#7367 = LINE('',#7368,#7369);
#7368 = CARTESIAN_POINT('',(-5.,0.));
#7369 = VECTOR('',#7370,1.);
#7370 = DIRECTION('',(1.,0.));
#7371 = ( GEOMETRIC_REPRESENTATION_CONTEXT(2) 
PARAMETRIC_REPRESENTATION_CONTEXT() REPRESENTATION_CONTEXT('2D SPACE',''
  ) );
#7372 = PCURVE('',#6494,#7373);
#7373 = DEFINITIONAL_REPRESENTATION('',(#7374),#7378);
#7374 = LINE('',#7375,#7376);
#7375 = CARTESIAN_POINT('',(-5.,0.));
#7376 = VECTOR('',#7377,1.);
#7377 = DIRECTION('',(1.,0.));
#7378 = ( GEOMETRIC_REPRESENTATION_CONTEXT(2) 
PARAMETRIC_REPRESENTATION_CONTEXT() REPRESENTATION_CONTEXT('2D SPACE',''
  ) );
#7379 = ORIENTED_EDGE('',*,*,#6418,.T.);
#7380 = ORIENTED_EDGE('',*,*,#7381,.T.);
#7381 = EDGE_CURVE('',#5342,#7336,#7382,.T.);
#7382 = SURFACE_CURVE('',#7383,(#7387,#7394),.PCURVE_S1.);
#7383 = LINE('',#7384,#7385);
#7384 = CARTESIAN_POINT('',(-5.,64.,-19.5));
#7385 = VECTOR('',#7386,1.);
#7386 = DIRECTION('',(1.,0.,0.));
#7387 = PCURVE('',#6433,#7388);
#7388 = DEFINITIONAL_REPRESENTATION('',(#7389),#7393);
#7389 = LINE('',#7390,#7391);
#7390 = CARTESIAN_POINT('',(-5.,0.));
#7391 = VECTOR('',#7392,1.);
#7392 = DIRECTION('',(1.,0.));
#7393 = ( GEOMETRIC_REPRESENTATION_CONTEXT(2) 
PARAMETRIC_REPRESENTATION_CONTEXT() REPRESENTATION_CONTEXT('2D SPACE',''
  ) );
#7394 = PCURVE('',#6494,#7395);
#7395 = DEFINITIONAL_REPRESENTATION('',(#7396),#7400);
#7396 = LINE('',#7397,#7398);
#7397 = CARTESIAN_POINT('',(-5.,0.));
#7398 = VECTOR('',#7399,1.);
#7399 = DIRECTION('',(1.,0.));
#7400 = ( GEOMETRIC_REPRESENTATION_CONTEXT(2) 
PARAMETRIC_REPRESENTATION_CONTEXT() REPRESENTATION_CONTEXT('2D SPACE',''
  ) );
#7401 = ADVANCED_FACE('',(#7402),#6494,.F.);
#7402 = FACE_BOUND('',#7403,.F.);
#7403 = EDGE_LOOP('',(#7404,#7405,#7406,#7407));
#7404 = ORIENTED_EDGE('',*,*,#7381,.F.);
#7405 = ORIENTED_EDGE('',*,*,#6479,.T.);
#7406 = ORIENTED_EDGE('',*,*,#7359,.F.);
#7407 = ORIENTED_EDGE('',*,*,#7408,.F.);
#7408 = EDGE_CURVE('',#7336,#7334,#7409,.T.);
#7409 = SURFACE_CURVE('',#7410,(#7415,#7422),.PCURVE_S1.);
#7410 = CIRCLE('',#7411,1.7);
#7411 = AXIS2_PLACEMENT_3D('',#7412,#7413,#7414);
#7412 = CARTESIAN_POINT('',(0.,64.,-19.5));
#7413 = DIRECTION('',(0.,0.,1.));
#7414 = DIRECTION('',(1.,0.,-0.));
#7415 = PCURVE('',#6494,#7416);
#7416 = DEFINITIONAL_REPRESENTATION('',(#7417),#7421);
#7417 = CIRCLE('',#7418,1.7);
#7418 = AXIS2_PLACEMENT_2D('',#7419,#7420);
#7419 = CARTESIAN_POINT('',(0.,0.));
#7420 = DIRECTION('',(1.,0.));
#7421 = ( GEOMETRIC_REPRESENTATION_CONTEXT(2) 
PARAMETRIC_REPRESENTATION_CONTEXT() REPRESENTATION_CONTEXT('2D SPACE',''
  ) );
#7422 = PCURVE('',#7275,#7423);
#7423 = DEFINITIONAL_REPRESENTATION('',(#7424),#7428);
#7424 = LINE('',#7425,#7426);
#7425 = CARTESIAN_POINT('',(0.,0.));
#7426 = VECTOR('',#7427,1.);
#7427 = DIRECTION('',(1.,0.));
#7428 = ( GEOMETRIC_REPRESENTATION_CONTEXT(2) 
PARAMETRIC_REPRESENTATION_CONTEXT() REPRESENTATION_CONTEXT('2D SPACE',''
  ) );
#7429 = ADVANCED_FACE('',(#7430),#6466,.T.);
#7430 = FACE_BOUND('',#7431,.T.);
#7431 = EDGE_LOOP('',(#7432,#7433,#7434,#7435));
#7432 = ORIENTED_EDGE('',*,*,#7309,.F.);
#7433 = ORIENTED_EDGE('',*,*,#6451,.T.);
#7434 = ORIENTED_EDGE('',*,*,#7287,.F.);
#7435 = ORIENTED_EDGE('',*,*,#7436,.F.);
#7436 = EDGE_CURVE('',#7259,#7257,#7437,.T.);
#7437 = SURFACE_CURVE('',#7438,(#7443,#7450),.PCURVE_S1.);
#7438 = CIRCLE('',#7439,1.7);
#7439 = AXIS2_PLACEMENT_3D('',#7440,#7441,#7442);
#7440 = CARTESIAN_POINT('',(0.,64.,-16.5));
#7441 = DIRECTION('',(0.,0.,1.));
#7442 = DIRECTION('',(1.,0.,-0.));
#7443 = PCURVE('',#6466,#7444);
#7444 = DEFINITIONAL_REPRESENTATION('',(#7445),#7449);
#7445 = CIRCLE('',#7446,1.7);
#7446 = AXIS2_PLACEMENT_2D('',#7447,#7448);
#7447 = CARTESIAN_POINT('',(0.,0.));
#7448 = DIRECTION('',(1.,0.));
#7449 = ( GEOMETRIC_REPRESENTATION_CONTEXT(2) 
PARAMETRIC_REPRESENTATION_CONTEXT() REPRESENTATION_CONTEXT('2D SPACE',''
  ) );
#7450 = PCURVE('',#7275,#7451);
#7451 = DEFINITIONAL_REPRESENTATION('',(#7452),#7456);
#7452 = LINE('',#7453,#7454);
#7453 = CARTESIAN_POINT('',(0.,3.));
#7454 = VECTOR('',#7455,1.);
#7455 = DIRECTION('',(1.,0.));
#7456 = ( GEOMETRIC_REPRESENTATION_CONTEXT(2) 
PARAMETRIC_REPRESENTATION_CONTEXT() REPRESENTATION_CONTEXT('2D SPACE',''
  ) );
#7457 = ADVANCED_FACE('',(#7458),#6577,.F.);
#7458 = FACE_BOUND('',#7459,.F.);
#7459 = EDGE_LOOP('',(#7460,#7461,#7462,#7463,#7464,#7488));
#7460 = ORIENTED_EDGE('',*,*,#6719,.F.);
#7461 = ORIENTED_EDGE('',*,*,#6562,.T.);
#7462 = ORIENTED_EDGE('',*,*,#6692,.T.);
#7463 = ORIENTED_EDGE('',*,*,#6766,.F.);
#7464 = ORIENTED_EDGE('',*,*,#7465,.F.);
#7465 = EDGE_CURVE('',#7466,#6743,#7468,.T.);
#7466 = VERTEX_POINT('',#7467);
#7467 = CARTESIAN_POINT('',(-60.3,-4.163799117101E-16,-19.5));
#7468 = SURFACE_CURVE('',#7469,(#7474,#7481),.PCURVE_S1.);
#7469 = CIRCLE('',#7470,1.7);
#7470 = AXIS2_PLACEMENT_3D('',#7471,#7472,#7473);
#7471 = CARTESIAN_POINT('',(-62.,0.,-19.5));
#7472 = DIRECTION('',(0.,0.,1.));
#7473 = DIRECTION('',(1.,0.,-0.));
#7474 = PCURVE('',#6577,#7475);
#7475 = DEFINITIONAL_REPRESENTATION('',(#7476),#7480);
#7476 = CIRCLE('',#7477,1.7);
#7477 = AXIS2_PLACEMENT_2D('',#7478,#7479);
#7478 = CARTESIAN_POINT('',(0.,0.));
#7479 = DIRECTION('',(1.,0.));
#7480 = ( GEOMETRIC_REPRESENTATION_CONTEXT(2) 
PARAMETRIC_REPRESENTATION_CONTEXT() REPRESENTATION_CONTEXT('2D SPACE',''
  ) );
#7481 = PCURVE('',#6633,#7482);
#7482 = DEFINITIONAL_REPRESENTATION('',(#7483),#7487);
#7483 = LINE('',#7484,#7485);
#7484 = CARTESIAN_POINT('',(0.,0.));
#7485 = VECTOR('',#7486,1.);
#7486 = DIRECTION('',(1.,0.));
#7487 = ( GEOMETRIC_REPRESENTATION_CONTEXT(2) 
PARAMETRIC_REPRESENTATION_CONTEXT() REPRESENTATION_CONTEXT('2D SPACE',''
  ) );
#7488 = ORIENTED_EDGE('',*,*,#7489,.F.);
#7489 = EDGE_CURVE('',#6720,#7466,#7490,.T.);
#7490 = SURFACE_CURVE('',#7491,(#7496,#7503),.PCURVE_S1.);
#7491 = CIRCLE('',#7492,1.7);
#7492 = AXIS2_PLACEMENT_3D('',#7493,#7494,#7495);
#7493 = CARTESIAN_POINT('',(-62.,0.,-19.5));
#7494 = DIRECTION('',(0.,0.,1.));
#7495 = DIRECTION('',(1.,0.,-0.));
#7496 = PCURVE('',#6577,#7497);
#7497 = DEFINITIONAL_REPRESENTATION('',(#7498),#7502);
#7498 = CIRCLE('',#7499,1.7);
#7499 = AXIS2_PLACEMENT_2D('',#7500,#7501);
#7500 = CARTESIAN_POINT('',(0.,0.));
#7501 = DIRECTION('',(1.,0.));
#7502 = ( GEOMETRIC_REPRESENTATION_CONTEXT(2) 
PARAMETRIC_REPRESENTATION_CONTEXT() REPRESENTATION_CONTEXT('2D SPACE',''
  ) );
#7503 = PCURVE('',#6633,#7504);
#7504 = DEFINITIONAL_REPRESENTATION('',(#7505),#7509);
#7505 = LINE('',#7506,#7507);
#7506 = CARTESIAN_POINT('',(0.,0.));
#7507 = VECTOR('',#7508,1.);
#7508 = DIRECTION('',(1.,0.));
#7509 = ( GEOMETRIC_REPRESENTATION_CONTEXT(2) 
PARAMETRIC_REPRESENTATION_CONTEXT() REPRESENTATION_CONTEXT('2D SPACE',''
  ) );
#7510 = ADVANCED_FACE('',(#7511),#6549,.T.);
#7511 = FACE_BOUND('',#7512,.T.);
#7512 = EDGE_LOOP('',(#7513,#7514,#7515,#7516,#7517,#7541));
#7513 = ORIENTED_EDGE('',*,*,#6593,.F.);
#7514 = ORIENTED_EDGE('',*,*,#6534,.T.);
#7515 = ORIENTED_EDGE('',*,*,#6669,.T.);
#7516 = ORIENTED_EDGE('',*,*,#6645,.F.);
#7517 = ORIENTED_EDGE('',*,*,#7518,.F.);
#7518 = EDGE_CURVE('',#7519,#6617,#7521,.T.);
#7519 = VERTEX_POINT('',#7520);
#7520 = CARTESIAN_POINT('',(-60.3,-4.163799117101E-16,-16.5));
#7521 = SURFACE_CURVE('',#7522,(#7527,#7534),.PCURVE_S1.);
#7522 = CIRCLE('',#7523,1.7);
#7523 = AXIS2_PLACEMENT_3D('',#7524,#7525,#7526);
#7524 = CARTESIAN_POINT('',(-62.,0.,-16.5));
#7525 = DIRECTION('',(0.,0.,1.));
#7526 = DIRECTION('',(1.,0.,-0.));
#7527 = PCURVE('',#6549,#7528);
#7528 = DEFINITIONAL_REPRESENTATION('',(#7529),#7533);
#7529 = CIRCLE('',#7530,1.7);
#7530 = AXIS2_PLACEMENT_2D('',#7531,#7532);
#7531 = CARTESIAN_POINT('',(0.,0.));
#7532 = DIRECTION('',(1.,0.));
#7533 = ( GEOMETRIC_REPRESENTATION_CONTEXT(2) 
PARAMETRIC_REPRESENTATION_CONTEXT() REPRESENTATION_CONTEXT('2D SPACE',''
  ) );
#7534 = PCURVE('',#6633,#7535);
#7535 = DEFINITIONAL_REPRESENTATION('',(#7536),#7540);
#7536 = LINE('',#7537,#7538);
#7537 = CARTESIAN_POINT('',(0.,3.));
#7538 = VECTOR('',#7539,1.);
#7539 = DIRECTION('',(1.,0.));
#7540 = ( GEOMETRIC_REPRESENTATION_CONTEXT(2) 
PARAMETRIC_REPRESENTATION_CONTEXT() REPRESENTATION_CONTEXT('2D SPACE',''
  ) );
#7541 = ORIENTED_EDGE('',*,*,#7542,.F.);
#7542 = EDGE_CURVE('',#6594,#7519,#7543,.T.);
#7543 = SURFACE_CURVE('',#7544,(#7549,#7556),.PCURVE_S1.);
#7544 = CIRCLE('',#7545,1.7);
#7545 = AXIS2_PLACEMENT_3D('',#7546,#7547,#7548);
#7546 = CARTESIAN_POINT('',(-62.,0.,-16.5));
#7547 = DIRECTION('',(0.,0.,1.));
#7548 = DIRECTION('',(1.,0.,-0.));
#7549 = PCURVE('',#6549,#7550);
#7550 = DEFINITIONAL_REPRESENTATION('',(#7551),#7555);
#7551 = CIRCLE('',#7552,1.7);
#7552 = AXIS2_PLACEMENT_2D('',#7553,#7554);
#7553 = CARTESIAN_POINT('',(0.,0.));
#7554 = DIRECTION('',(1.,0.));
#7555 = ( GEOMETRIC_REPRESENTATION_CONTEXT(2) 
PARAMETRIC_REPRESENTATION_CONTEXT() REPRESENTATION_CONTEXT('2D SPACE',''
  ) );
#7556 = PCURVE('',#6633,#7557);
#7557 = DEFINITIONAL_REPRESENTATION('',(#7558),#7562);
#7558 = LINE('',#7559,#7560);
#7559 = CARTESIAN_POINT('',(0.,3.));
#7560 = VECTOR('',#7561,1.);
#7561 = DIRECTION('',(1.,0.));
#7562 = ( GEOMETRIC_REPRESENTATION_CONTEXT(2) 
PARAMETRIC_REPRESENTATION_CONTEXT() REPRESENTATION_CONTEXT('2D SPACE',''
  ) );
#7563 = ADVANCED_FACE('',(#7564),#6633,.F.);
#7564 = FACE_BOUND('',#7565,.F.);
#7565 = EDGE_LOOP('',(#7566,#7587,#7588,#7589,#7590,#7591,#7592,#7593));
#7566 = ORIENTED_EDGE('',*,*,#7567,.T.);
#7567 = EDGE_CURVE('',#7466,#7519,#7568,.T.);
#7568 = SEAM_CURVE('',#7569,(#7573,#7580),.PCURVE_S1.);
#7569 = LINE('',#7570,#7571);
#7570 = CARTESIAN_POINT('',(-60.3,-4.163799117101E-16,-19.5));
#7571 = VECTOR('',#7572,1.);
#7572 = DIRECTION('',(0.,0.,1.));
#7573 = PCURVE('',#6633,#7574);
#7574 = DEFINITIONAL_REPRESENTATION('',(#7575),#7579);
#7575 = LINE('',#7576,#7577);
#7576 = CARTESIAN_POINT('',(6.28318530718,-0.));
#7577 = VECTOR('',#7578,1.);
#7578 = DIRECTION('',(0.,1.));
#7579 = ( GEOMETRIC_REPRESENTATION_CONTEXT(2) 
PARAMETRIC_REPRESENTATION_CONTEXT() REPRESENTATION_CONTEXT('2D SPACE',''
  ) );
#7580 = PCURVE('',#6633,#7581);
#7581 = DEFINITIONAL_REPRESENTATION('',(#7582),#7586);
#7582 = LINE('',#7583,#7584);
#7583 = CARTESIAN_POINT('',(0.,-0.));
#7584 = VECTOR('',#7585,1.);
#7585 = DIRECTION('',(0.,1.));
#7586 = ( GEOMETRIC_REPRESENTATION_CONTEXT(2) 
PARAMETRIC_REPRESENTATION_CONTEXT() REPRESENTATION_CONTEXT('2D SPACE',''
  ) );
#7587 = ORIENTED_EDGE('',*,*,#7542,.F.);
#7588 = ORIENTED_EDGE('',*,*,#6616,.F.);
#7589 = ORIENTED_EDGE('',*,*,#7518,.F.);
#7590 = ORIENTED_EDGE('',*,*,#7567,.F.);
#7591 = ORIENTED_EDGE('',*,*,#7465,.T.);
#7592 = ORIENTED_EDGE('',*,*,#6742,.T.);
#7593 = ORIENTED_EDGE('',*,*,#7489,.T.);
#7594 = ADVANCED_FACE('',(#7595),#6806,.F.);
#7595 = FACE_BOUND('',#7596,.F.);
#7596 = EDGE_LOOP('',(#7597,#7619,#7620,#7621));
#7597 = ORIENTED_EDGE('',*,*,#7598,.F.);
#7598 = EDGE_CURVE('',#6820,#6791,#7599,.T.);
#7599 = SURFACE_CURVE('',#7600,(#7605,#7612),.PCURVE_S1.);
#7600 = CIRCLE('',#7601,1.7);
#7601 = AXIS2_PLACEMENT_3D('',#7602,#7603,#7604);
#7602 = CARTESIAN_POINT('',(0.,-64.,-19.5));
#7603 = DIRECTION('',(0.,0.,1.));
#7604 = DIRECTION('',(1.,0.,-0.));
#7605 = PCURVE('',#6806,#7606);
#7606 = DEFINITIONAL_REPRESENTATION('',(#7607),#7611);
#7607 = CIRCLE('',#7608,1.7);
#7608 = AXIS2_PLACEMENT_2D('',#7609,#7610);
#7609 = CARTESIAN_POINT('',(0.,0.));
#7610 = DIRECTION('',(1.,0.));
#7611 = ( GEOMETRIC_REPRESENTATION_CONTEXT(2) 
PARAMETRIC_REPRESENTATION_CONTEXT() REPRESENTATION_CONTEXT('2D SPACE',''
  ) );
#7612 = PCURVE('',#6857,#7613);
#7613 = DEFINITIONAL_REPRESENTATION('',(#7614),#7618);
#7614 = LINE('',#7615,#7616);
#7615 = CARTESIAN_POINT('',(0.,0.));
#7616 = VECTOR('',#7617,1.);
#7617 = DIRECTION('',(1.,0.));
#7618 = ( GEOMETRIC_REPRESENTATION_CONTEXT(2) 
PARAMETRIC_REPRESENTATION_CONTEXT() REPRESENTATION_CONTEXT('2D SPACE',''
  ) );
#7619 = ORIENTED_EDGE('',*,*,#6819,.T.);
#7620 = ORIENTED_EDGE('',*,*,#6900,.T.);
#7621 = ORIENTED_EDGE('',*,*,#6790,.T.);
#7622 = ADVANCED_FACE('',(#7623),#6857,.F.);
#7623 = FACE_BOUND('',#7624,.F.);
#7624 = EDGE_LOOP('',(#7625,#7646,#7647,#7669,#7670,#7671));
#7625 = ORIENTED_EDGE('',*,*,#7626,.T.);
#7626 = EDGE_CURVE('',#6820,#6951,#7627,.T.);
#7627 = SEAM_CURVE('',#7628,(#7632,#7639),.PCURVE_S1.);
#7628 = LINE('',#7629,#7630);
#7629 = CARTESIAN_POINT('',(1.7,-64.,-19.5));
#7630 = VECTOR('',#7631,1.);
#7631 = DIRECTION('',(0.,0.,1.));
#7632 = PCURVE('',#6857,#7633);
#7633 = DEFINITIONAL_REPRESENTATION('',(#7634),#7638);
#7634 = LINE('',#7635,#7636);
#7635 = CARTESIAN_POINT('',(6.28318530718,-0.));
#7636 = VECTOR('',#7637,1.);
#7637 = DIRECTION('',(0.,1.));
#7638 = ( GEOMETRIC_REPRESENTATION_CONTEXT(2) 
PARAMETRIC_REPRESENTATION_CONTEXT() REPRESENTATION_CONTEXT('2D SPACE',''
  ) );
#7639 = PCURVE('',#6857,#7640);
#7640 = DEFINITIONAL_REPRESENTATION('',(#7641),#7645);
#7641 = LINE('',#7642,#7643);
#7642 = CARTESIAN_POINT('',(0.,-0.));
#7643 = VECTOR('',#7644,1.);
#7644 = DIRECTION('',(0.,1.));
#7645 = ( GEOMETRIC_REPRESENTATION_CONTEXT(2) 
PARAMETRIC_REPRESENTATION_CONTEXT() REPRESENTATION_CONTEXT('2D SPACE',''
  ) );
#7646 = ORIENTED_EDGE('',*,*,#6973,.F.);
#7647 = ORIENTED_EDGE('',*,*,#7648,.F.);
#7648 = EDGE_CURVE('',#6951,#6927,#7649,.T.);
#7649 = SURFACE_CURVE('',#7650,(#7655,#7662),.PCURVE_S1.);
#7650 = CIRCLE('',#7651,1.7);
#7651 = AXIS2_PLACEMENT_3D('',#7652,#7653,#7654);
#7652 = CARTESIAN_POINT('',(0.,-64.,-16.5));
#7653 = DIRECTION('',(0.,0.,1.));
#7654 = DIRECTION('',(1.,0.,-0.));
#7655 = PCURVE('',#6857,#7656);
#7656 = DEFINITIONAL_REPRESENTATION('',(#7657),#7661);
#7657 = LINE('',#7658,#7659);
#7658 = CARTESIAN_POINT('',(0.,3.));
#7659 = VECTOR('',#7660,1.);
#7660 = DIRECTION('',(1.,0.));
#7661 = ( GEOMETRIC_REPRESENTATION_CONTEXT(2) 
PARAMETRIC_REPRESENTATION_CONTEXT() REPRESENTATION_CONTEXT('2D SPACE',''
  ) );
#7662 = PCURVE('',#6887,#7663);
#7663 = DEFINITIONAL_REPRESENTATION('',(#7664),#7668);
#7664 = CIRCLE('',#7665,1.7);
#7665 = AXIS2_PLACEMENT_2D('',#7666,#7667);
#7666 = CARTESIAN_POINT('',(0.,0.));
#7667 = DIRECTION('',(1.,0.));
#7668 = ( GEOMETRIC_REPRESENTATION_CONTEXT(2) 
PARAMETRIC_REPRESENTATION_CONTEXT() REPRESENTATION_CONTEXT('2D SPACE',''
  ) );
#7669 = ORIENTED_EDGE('',*,*,#7626,.F.);
#7670 = ORIENTED_EDGE('',*,*,#7598,.T.);
#7671 = ORIENTED_EDGE('',*,*,#6842,.T.);
#7672 = ADVANCED_FACE('',(#7673),#6887,.T.);
#7673 = FACE_BOUND('',#7674,.T.);
#7674 = EDGE_LOOP('',(#7675,#7676,#7677,#7678));
#7675 = ORIENTED_EDGE('',*,*,#7648,.F.);
#7676 = ORIENTED_EDGE('',*,*,#6950,.T.);
#7677 = ORIENTED_EDGE('',*,*,#6872,.T.);
#7678 = ORIENTED_EDGE('',*,*,#6926,.T.);
#7679 = ADVANCED_FACE('',(#7680),#7014,.F.);
#7680 = FACE_BOUND('',#7681,.F.);
#7681 = EDGE_LOOP('',(#7682,#7683,#7684,#7706));
#7682 = ORIENTED_EDGE('',*,*,#7133,.T.);
#7683 = ORIENTED_EDGE('',*,*,#6998,.T.);
#7684 = ORIENTED_EDGE('',*,*,#7685,.F.);
#7685 = EDGE_CURVE('',#7029,#6999,#7686,.T.);
#7686 = SURFACE_CURVE('',#7687,(#7692,#7699),.PCURVE_S1.);
#7687 = CIRCLE('',#7688,1.7);
#7688 = AXIS2_PLACEMENT_3D('',#7689,#7690,#7691);
#7689 = CARTESIAN_POINT('',(62.,0.,-19.5));
#7690 = DIRECTION('',(0.,0.,1.));
#7691 = DIRECTION('',(1.,0.,-0.));
#7692 = PCURVE('',#7014,#7693);
#7693 = DEFINITIONAL_REPRESENTATION('',(#7694),#7698);
#7694 = CIRCLE('',#7695,1.7);
#7695 = AXIS2_PLACEMENT_2D('',#7696,#7697);
#7696 = CARTESIAN_POINT('',(0.,0.));
#7697 = DIRECTION('',(1.,0.));
#7698 = ( GEOMETRIC_REPRESENTATION_CONTEXT(2) 
PARAMETRIC_REPRESENTATION_CONTEXT() REPRESENTATION_CONTEXT('2D SPACE',''
  ) );
#7699 = PCURVE('',#7068,#7700);
#7700 = DEFINITIONAL_REPRESENTATION('',(#7701),#7705);
#7701 = LINE('',#7702,#7703);
#7702 = CARTESIAN_POINT('',(0.,0.));
#7703 = VECTOR('',#7704,1.);
#7704 = DIRECTION('',(1.,0.));
#7705 = ( GEOMETRIC_REPRESENTATION_CONTEXT(2) 
PARAMETRIC_REPRESENTATION_CONTEXT() REPRESENTATION_CONTEXT('2D SPACE',''
  ) );
#7706 = ORIENTED_EDGE('',*,*,#7028,.T.);
#7707 = ADVANCED_FACE('',(#7708),#7068,.F.);
#7708 = FACE_BOUND('',#7709,.F.);
#7709 = EDGE_LOOP('',(#7710,#7731,#7732,#7754,#7755,#7756,#7757,#7758));
#7710 = ORIENTED_EDGE('',*,*,#7711,.T.);
#7711 = EDGE_CURVE('',#7052,#7208,#7712,.T.);
#7712 = SEAM_CURVE('',#7713,(#7717,#7724),.PCURVE_S1.);
#7713 = LINE('',#7714,#7715);
#7714 = CARTESIAN_POINT('',(63.7,-4.163799117101E-16,-19.5));
#7715 = VECTOR('',#7716,1.);
#7716 = DIRECTION('',(0.,0.,1.));
#7717 = PCURVE('',#7068,#7718);
#7718 = DEFINITIONAL_REPRESENTATION('',(#7719),#7723);
#7719 = LINE('',#7720,#7721);
#7720 = CARTESIAN_POINT('',(6.28318530718,-0.));
#7721 = VECTOR('',#7722,1.);
#7722 = DIRECTION('',(0.,1.));
#7723 = ( GEOMETRIC_REPRESENTATION_CONTEXT(2) 
PARAMETRIC_REPRESENTATION_CONTEXT() REPRESENTATION_CONTEXT('2D SPACE',''
  ) );
#7724 = PCURVE('',#7068,#7725);
#7725 = DEFINITIONAL_REPRESENTATION('',(#7726),#7730);
#7726 = LINE('',#7727,#7728);
#7727 = CARTESIAN_POINT('',(0.,-0.));
#7728 = VECTOR('',#7729,1.);
#7729 = DIRECTION('',(0.,1.));
#7730 = ( GEOMETRIC_REPRESENTATION_CONTEXT(2) 
PARAMETRIC_REPRESENTATION_CONTEXT() REPRESENTATION_CONTEXT('2D SPACE',''
  ) );
#7731 = ORIENTED_EDGE('',*,*,#7231,.F.);
#7732 = ORIENTED_EDGE('',*,*,#7733,.F.);
#7733 = EDGE_CURVE('',#7185,#7160,#7734,.T.);
#7734 = SURFACE_CURVE('',#7735,(#7740,#7747),.PCURVE_S1.);
#7735 = CIRCLE('',#7736,1.7);
#7736 = AXIS2_PLACEMENT_3D('',#7737,#7738,#7739);
#7737 = CARTESIAN_POINT('',(62.,0.,-16.5));
#7738 = DIRECTION('',(0.,0.,1.));
#7739 = DIRECTION('',(1.,0.,-0.));
#7740 = PCURVE('',#7068,#7741);
#7741 = DEFINITIONAL_REPRESENTATION('',(#7742),#7746);
#7742 = LINE('',#7743,#7744);
#7743 = CARTESIAN_POINT('',(0.,3.));
#7744 = VECTOR('',#7745,1.);
#7745 = DIRECTION('',(1.,0.));
#7746 = ( GEOMETRIC_REPRESENTATION_CONTEXT(2) 
PARAMETRIC_REPRESENTATION_CONTEXT() REPRESENTATION_CONTEXT('2D SPACE',''
  ) );
#7747 = PCURVE('',#7120,#7748);
#7748 = DEFINITIONAL_REPRESENTATION('',(#7749),#7753);
#7749 = CIRCLE('',#7750,1.7);
#7750 = AXIS2_PLACEMENT_2D('',#7751,#7752);
#7751 = CARTESIAN_POINT('',(0.,0.));
#7752 = DIRECTION('',(1.,0.));
#7753 = ( GEOMETRIC_REPRESENTATION_CONTEXT(2) 
PARAMETRIC_REPRESENTATION_CONTEXT() REPRESENTATION_CONTEXT('2D SPACE',''
  ) );
#7754 = ORIENTED_EDGE('',*,*,#7207,.F.);
#7755 = ORIENTED_EDGE('',*,*,#7711,.F.);
#7756 = ORIENTED_EDGE('',*,*,#7051,.T.);
#7757 = ORIENTED_EDGE('',*,*,#7685,.T.);
#7758 = ORIENTED_EDGE('',*,*,#7080,.T.);
#7759 = ADVANCED_FACE('',(#7760),#7120,.T.);
#7760 = FACE_BOUND('',#7761,.T.);
#7761 = EDGE_LOOP('',(#7762,#7763,#7764,#7765));
#7762 = ORIENTED_EDGE('',*,*,#7105,.T.);
#7763 = ORIENTED_EDGE('',*,*,#7159,.T.);
#7764 = ORIENTED_EDGE('',*,*,#7733,.F.);
#7765 = ORIENTED_EDGE('',*,*,#7184,.T.);
#7766 = ADVANCED_FACE('',(#7767),#7275,.F.);
#7767 = FACE_BOUND('',#7768,.F.);
#7768 = EDGE_LOOP('',(#7769,#7790,#7791,#7792,#7793,#7794));
#7769 = ORIENTED_EDGE('',*,*,#7770,.T.);
#7770 = EDGE_CURVE('',#7334,#7257,#7771,.T.);
#7771 = SEAM_CURVE('',#7772,(#7776,#7783),.PCURVE_S1.);
#7772 = LINE('',#7773,#7774);
#7773 = CARTESIAN_POINT('',(1.7,64.,-19.5));
#7774 = VECTOR('',#7775,1.);
#7775 = DIRECTION('',(0.,0.,1.));
#7776 = PCURVE('',#7275,#7777);
#7777 = DEFINITIONAL_REPRESENTATION('',(#7778),#7782);
#7778 = LINE('',#7779,#7780);
#7779 = CARTESIAN_POINT('',(6.28318530718,-0.));
#7780 = VECTOR('',#7781,1.);
#7781 = DIRECTION('',(0.,1.));
#7782 = ( GEOMETRIC_REPRESENTATION_CONTEXT(2) 
PARAMETRIC_REPRESENTATION_CONTEXT() REPRESENTATION_CONTEXT('2D SPACE',''
  ) );
#7783 = PCURVE('',#7275,#7784);
#7784 = DEFINITIONAL_REPRESENTATION('',(#7785),#7789);
#7785 = LINE('',#7786,#7787);
#7786 = CARTESIAN_POINT('',(0.,-0.));
#7787 = VECTOR('',#7788,1.);
#7788 = DIRECTION('',(0.,1.));
#7789 = ( GEOMETRIC_REPRESENTATION_CONTEXT(2) 
PARAMETRIC_REPRESENTATION_CONTEXT() REPRESENTATION_CONTEXT('2D SPACE',''
  ) );
#7790 = ORIENTED_EDGE('',*,*,#7436,.F.);
#7791 = ORIENTED_EDGE('',*,*,#7256,.F.);
#7792 = ORIENTED_EDGE('',*,*,#7770,.F.);
#7793 = ORIENTED_EDGE('',*,*,#7333,.T.);
#7794 = ORIENTED_EDGE('',*,*,#7408,.T.);
#7795 = ( GEOMETRIC_REPRESENTATION_CONTEXT(3) 
GLOBAL_UNCERTAINTY_ASSIGNED_CONTEXT((#7799)) 
GLOBAL_UNIT_ASSIGNED_CONTEXT((#7796,#7797,#7798)) REPRESENTATION_CONTEXT
('Context #1','3D Context with UNIT and UNCERTAINTY') );
#7796 = ( LENGTH_UNIT() NAMED_UNIT(*) SI_UNIT(.MILLI.,.METRE.) );
#7797 = ( NAMED_UNIT(*) PLANE_ANGLE_UNIT() SI_UNIT($,.RADIAN.) );
#7798 = ( NAMED_UNIT(*) SI_UNIT($,.STERADIAN.) SOLID_ANGLE_UNIT() );
#7799 = UNCERTAINTY_MEASURE_WITH_UNIT(LENGTH_MEASURE(2.E-06),#7796,
  'distance_accuracy_value','confusion accuracy');
#7800 = PRODUCT_RELATED_PRODUCT_CATEGORY('part',$,(#7));
ENDSEC;
END-ISO-10303-21;
